kind,level,grade,prompt,answer,tags,source,key,group,sub_group,entry_key,lemma,question_type,audience,options
idiom,L1,四年级上,一点儿也不马虎（四字）,一丝不苟,成语;课文;课内必背,部编四年级上册·课文,idiom-l3-0473,idiom:一丝不苟,课文,idiom:一丝不苟,一丝不苟,recite,all,
idiom,L1,四年级上,下面的写法对不对？,错,成语;课文;课内必背,部编四年级上册·课文,idiom-l3-0473:char_judge,idiom:一丝不苟,char_judge,idiom:一丝不苟,一丝不苟,char_judge,lower,"{""display"": ""一甲不苟""}"
idiom,L1,四年级上,「一丝不苟」的意思是？,一点儿也不马虎,成语;课文;课内必背,部编四年级上册·课文,idiom-l3-0473:meaning_choice,idiom:一丝不苟,meaning_choice,idiom:一丝不苟,一丝不苟,meaning_choice,upper,"{""choices"": [""字写得有气势"", ""得到帮助后更强"", ""精简机构、减少人员"", ""一点儿也不马虎""]}"
idiom,L1,三年级上,从一片落叶知道秋天到了（四字）,一叶知秋,成语;日积月累;课内必背,部编三年级上册·日积月累,idiom-l1-0001,idiom:一叶知秋,日积月累,idiom:一叶知秋,一叶知秋,recite,all,
idiom,L1,三年级上,下面的写法对不对？,对,成语;日积月累;课内必背,部编三年级上册·日积月累,idiom-l1-0001:char_judge,idiom:一叶知秋,char_judge,idiom:一叶知秋,一叶知秋,char_judge,lower,"{""display"": ""一叶知秋""}"
idiom,L1,三年级上,「一叶知秋」的意思是？,从一片落叶知道秋天到了,成语;日积月累;课内必背,部编三年级上册·日积月累,idiom-l1-0001:meaning_choice,idiom:一叶知秋,meaning_choice,idiom:一叶知秋,一叶知秋,meaning_choice,upper,"{""choices"": [""从一片落叶知道秋天到了"", ""精神力气都用尽了"", ""乐音很久还在回响"", ""到处是流离失所的灾民""]}"
idiom,L1,六年级上,一眼望不到边（四字）,一望无际,成语;课文;课内必背,部编六年级上册·课文,idiom-l3-0503,idiom:一望无际,课文,idiom:一望无际,一望无际,recite,all,
idiom,L1,六年级上,下面的写法对不对？,对,成语;课文;课内必背,部编六年级上册·课文,idiom-l3-0503:char_judge,idiom:一望无际,char_judge,idiom:一望无际,一望无际,char_judge,lower,"{""display"": ""一望无际""}"
idiom,L1,六年级上,「一望无际」的意思是？,一眼望不到边,成语;课文;课内必背,部编六年级上册·课文,idiom-l3-0503:meaning_choice,idiom:一望无际,meaning_choice,idiom:一望无际,一望无际,meaning_choice,upper,"{""choices"": [""自己骗自己"", ""铺天盖地而来"", ""头发散乱"", ""一眼望不到边""]}"
idiom,L1,三年级上,样子很庄重认真（四字）,一本正经,成语;课文;课内必背,部编三年级上册·课文,idiom-l3-0505,idiom:一本正经,课文,idiom:一本正经,一本正经,recite,all,
idiom,L1,三年级上,下面的写法对不对？,对,成语;课文;课内必背,部编三年级上册·课文,idiom-l3-0505:char_judge,idiom:一本正经,char_judge,idiom:一本正经,一本正经,char_judge,lower,"{""display"": ""一本正经""}"
idiom,L1,三年级上,「一本正经」的意思是？,样子很庄重认真,成语;课文;课内必背,部编三年级上册·课文,idiom-l3-0505:meaning_choice,idiom:一本正经,meaning_choice,idiom:一本正经,一本正经,meaning_choice,upper,"{""choices"": [""样子很庄重认真"", ""文笔非常出色"", ""情况变了还用老办法"", ""吃东西又猛又急""]}"
idiom,L1,五年级下,说话直截了当，一下子说到要害（四字）,一针见血,成语;课文;课内必背,部编五年级下册·课文,idiom-l3-0534,idiom:一针见血,课文,idiom:一针见血,一针见血,recite,all,
idiom,L1,五年级下,下面的写法对不对？,错,成语;课文;课内必背,部编五年级下册·课文,idiom-l3-0534:char_judge,idiom:一针见血,char_judge,idiom:一针见血,一针见血,char_judge,lower,"{""display"": ""一针见甲""}"
idiom,L1,五年级下,「一针见血」的意思是？,说话直截了当，一下子说到要害,成语;课文;课内必背,部编五年级下册·课文,idiom-l3-0534:meaning_choice,idiom:一针见血,meaning_choice,idiom:一针见血,一针见血,meaning_choice,upper,"{""choices"": [""名声传到国内外"", ""很多人或动物聚在一起"", ""到了山和水的尽头，没有出路"", ""说话直截了当，一下子说到要害""]}"
idiom,L1,六年级下,实在没有别的办法（四字）,万不得已,成语;课文;课内必背,部编六年级下册·课文,idiom-tb-0001,idiom:万不得已,课文,idiom:万不得已,万不得已,recite,all,
idiom,L1,六年级下,下面的写法对不对？,错,成语;课文;课内必背,部编六年级下册·课文,idiom-tb-0001:char_judge,idiom:万不得已,char_judge,idiom:万不得已,万不得已,char_judge,lower,"{""display"": ""万不得己""}"
idiom,L1,六年级下,「万不得已」的意思是？,实在没有别的办法,成语;课文;课内必背,部编六年级下册·课文,idiom-tb-0001:meaning_choice,idiom:万不得已,meaning_choice,idiom:万不得已,万不得已,meaning_choice,upper,"{""choices"": [""没有风浪，也指局势安定"", ""为不必担心的事发愁"", ""实在没有别的办法"", ""完全看不见了""]}"
idiom,L1,一年级下,万物重新生长（四字）,万物复苏,成语;日积月累;课内必背,部编一年级下册·日积月累,idiom-l1-0002,idiom:万物复苏,日积月累,idiom:万物复苏,万物复苏,recite,all,
idiom,L1,一年级下,下面的写法对不对？,错,成语;日积月累;课内必背,部编一年级下册·日积月累,idiom-l1-0002:char_judge,idiom:万物复苏,char_judge,idiom:万物复苏,万物复苏,char_judge,lower,"{""display"": ""万物覆苏""}"
idiom,L1,一年级下,「万物复苏」的意思是？,万物重新生长,成语;日积月累;课内必背,部编一年级下册·日积月累,idiom-l1-0002:meaning_choice,idiom:万物复苏,meaning_choice,idiom:万物复苏,万物复苏,meaning_choice,upper,"{""choices"": [""没有办法可想"", ""万物重新生长"", ""蔺相如在渑池会上维护赵国尊严"", ""很得意、很有精神的样子""]}"
idiom,L1,六年级下,一切都换成了新气象（四字）,万象更新,成语;课文;课内必背,部编六年级下册·课文,idiom-tb-0002,idiom:万象更新,课文,idiom:万象更新,万象更新,recite,all,
idiom,L1,六年级下,下面的写法对不对？,错,成语;课文;课内必背,部编六年级下册·课文,idiom-tb-0002:char_judge,idiom:万象更新,char_judge,idiom:万象更新,万象更新,char_judge,lower,"{""display"": ""万像更新""}"
idiom,L1,六年级下,「万象更新」的意思是？,一切都换成了新气象,成语;课文;课内必背,部编六年级下册·课文,idiom-tb-0002:meaning_choice,idiom:万象更新,meaning_choice,idiom:万象更新,万象更新,meaning_choice,upper,"{""choices"": [""春天回来了，大地苏醒"", ""事故很多的时期"", ""一切都换成了新气象"", ""身材修长美丽""]}"
idiom,L1,二年级下,天空一片晴朗（四字）,万里无云,成语;课文;课内必背,部编二年级下册·课文,idiom-l2-0180,idiom:万里无云,课文,idiom:万里无云,万里无云,recite,all,
idiom,L1,二年级下,下面的写法对不对？,错,成语;课文;课内必背,部编二年级下册·课文,idiom-l2-0180:char_judge,idiom:万里无云,char_judge,idiom:万里无云,万里无云,char_judge,lower,"{""display"": ""万里无甲""}"
idiom,L1,二年级下,「万里无云」的意思是？,天空一片晴朗,成语;课文;课内必背,部编二年级下册·课文,idiom-l2-0180:meaning_choice,idiom:万里无云,meaning_choice,idiom:万里无云,万里无云,meaning_choice,upper,"{""choices"": [""不说话"", ""凶狠或得意地挥舞"", ""字写得有气势"", ""天空一片晴朗""]}"
idiom,L1,四年级上,本领特别大（四字）,三头六臂,成语;日积月累;课内必背,部编四年级上册·日积月累,idiom-tb-0003,idiom:三头六臂,日积月累,idiom:三头六臂,三头六臂,recite,all,
idiom,L1,四年级上,下面的写法对不对？,对,成语;日积月累;课内必背,部编四年级上册·日积月累,idiom-tb-0003:char_judge,idiom:三头六臂,char_judge,idiom:三头六臂,三头六臂,char_judge,lower,"{""display"": ""三头六臂""}"
idiom,L1,四年级上,「三头六臂」的意思是？,本领特别大,成语;日积月累;课内必背,部编四年级上册·日积月累,idiom-tb-0003:meaning_choice,idiom:三头六臂,meaning_choice,idiom:三头六臂,三头六臂,meaning_choice,upper,"{""choices"": [""本领特别大"", ""出了问题赶紧补救还来得及"", ""见识很短浅"", ""没有风浪，也指局势安定""]}"
idiom,L1,二年级上,几句话就说完（四字）,三言两语,成语;日积月累;课内必背,部编二年级上册·日积月累,idiom-l3-0551,idiom:三言两语,日积月累,idiom:三言两语,三言两语,recite,all,
idiom,L1,二年级上,下面的写法对不对？,对,成语;日积月累;课内必背,部编二年级上册·日积月累,idiom-l3-0551:char_judge,idiom:三言两语,char_judge,idiom:三言两语,三言两语,char_judge,lower,"{""display"": ""三言两语""}"
idiom,L1,二年级上,「三言两语」的意思是？,几句话就说完,成语;日积月累;课内必背,部编二年级上册·日积月累,idiom-l3-0551:meaning_choice,idiom:三言两语,meaning_choice,idiom:三言两语,三言两语,meaning_choice,upper,"{""choices"": [""又刮风又下雨"", ""着急或高兴得又抓耳朵又挠腮"", ""几句话就说完"", ""头发白了，脸色却像小孩一样红润""]}"
idiom,L1,四年级上,本领极大，哪儿都能去（四字）,上天入地,成语;日积月累;课内必背,部编四年级上册·日积月累,idiom-tb-0004,idiom:上天入地,日积月累,idiom:上天入地,上天入地,recite,all,
idiom,L1,四年级上,下面的写法对不对？,对,成语;日积月累;课内必背,部编四年级上册·日积月累,idiom-tb-0004:char_judge,idiom:上天入地,char_judge,idiom:上天入地,上天入地,char_judge,lower,"{""display"": ""上天入地""}"
idiom,L1,四年级上,「上天入地」的意思是？,本领极大，哪儿都能去,成语;日积月累;课内必背,部编四年级上册·日积月累,idiom-tb-0004:meaning_choice,idiom:上天入地,meaning_choice,idiom:上天入地,上天入地,meaning_choice,upper,"{""choices"": [""本领极大，哪儿都能去"", ""吓得不知道该怎么办"", ""好上加好"", ""家庭毁了，人也没了""]}"
idiom,L1,六年级下,无法想象，很难理解（四字）,不可思议,成语;课文;课内必背,部编六年级下册·课文,idiom-l3-0090,idiom:不可思议,课文,idiom:不可思议,不可思议,recite,all,
idiom,L1,六年级下,下面的写法对不对？,错,成语;课文;课内必背,部编六年级下册·课文,idiom-l3-0090:char_judge,idiom:不可思议,char_judge,idiom:不可思议,不可思议,char_judge,lower,"{""display"": ""不可甲议""}"
idiom,L1,六年级下,「不可思议」的意思是？,无法想象，很难理解,成语;课文;课内必背,部编六年级下册·课文,idiom-l3-0090:meaning_choice,idiom:不可思议,meaning_choice,idiom:不可思议,不可思议,meaning_choice,upper,"{""choices"": [""无法想象，很难理解"", ""形象生动得像活的一样"", ""天空高远，云很淡"", ""跃跃欲试、准备动手""]}"
idiom,L1,二年级上,不说话（四字）,不言不语,成语;日积月累;课内必背,部编二年级上册·日积月累,idiom-l3-0745,idiom:不言不语,日积月累,idiom:不言不语,不言不语,recite,all,
idiom,L1,二年级上,下面的写法对不对？,错,成语;日积月累;课内必背,部编二年级上册·日积月累,idiom-l3-0745:char_judge,idiom:不言不语,char_judge,idiom:不言不语,不言不语,char_judge,lower,"{""display"": ""不言不悟""}"
idiom,L1,二年级上,「不言不语」的意思是？,不说话,成语;日积月累;课内必背,部编二年级上册·日积月累,idiom-l3-0745:meaning_choice,idiom:不言不语,meaning_choice,idiom:不言不语,不言不语,meaning_choice,upper,"{""choices"": [""用萤火虫的光夜里读书"", ""不说话"", ""人长寿，收成好"", ""声音大得耳朵都要聋了""]}"
idiom,L1,二年级上,这边看看那边看看（四字）,东张西望,成语;课文;课内必背,部编二年级上册·课文,idiom-l3-0762,idiom:东张西望,课文,idiom:东张西望,东张西望,recite,all,
idiom,L1,二年级上,下面的写法对不对？,对,成语;课文;课内必背,部编二年级上册·课文,idiom-l3-0762:char_judge,idiom:东张西望,char_judge,idiom:东张西望,东张西望,char_judge,lower,"{""display"": ""东张西望""}"
idiom,L1,二年级上,「东张西望」的意思是？,这边看看那边看看,成语;课文;课内必背,部编二年级上册·课文,idiom-l3-0762:meaning_choice,idiom:东张西望,meaning_choice,idiom:东张西望,东张西望,meaning_choice,upper,"{""choices"": [""高兴得快要发狂"", ""出了问题赶紧补救还来得及"", ""这边看看那边看看"", ""大体很好，还有一点缺憾""]}"
idiom,L1,五年级上,小学教辅常见成语（四字）,丰衣足食,成语;日积月累;课内必背,部编五年级上册·日积月累,idiom-l1-0003,idiom:丰衣足食,日积月累,idiom:丰衣足食,丰衣足食,recite,all,
idiom,L1,五年级上,下面的写法对不对？,错,成语;日积月累;课内必背,部编五年级上册·日积月累,idiom-l1-0003:char_judge,idiom:丰衣足食,char_judge,idiom:丰衣足食,丰衣足食,char_judge,lower,"{""display"": ""丰甲足食""}"
idiom,L1,五年级上,「丰衣足食」的意思是？,小学教辅常见成语,成语;日积月累;课内必背,部编五年级上册·日积月累,idiom-l1-0003:meaning_choice,idiom:丰衣足食,meaning_choice,idiom:丰衣足食,丰衣足食,meaning_choice,upper,"{""choices"": [""小学教辅常见成语"", ""AABB 结构的成语"", ""AABB 结构的成语"", ""形象生动得像活的一样""]}"
idiom,L1,四年级下,遇到危险也不害怕（四字）,临危不惧,成语;日积月累;课内必背,部编四年级下册·日积月累,idiom-l3-0769,idiom:临危不惧,日积月累,idiom:临危不惧,临危不惧,recite,all,
idiom,L1,四年级下,下面的写法对不对？,错,成语;日积月累;课内必背,部编四年级下册·日积月累,idiom-l3-0769:char_judge,idiom:临危不惧,char_judge,idiom:临危不惧,临危不惧,char_judge,lower,"{""display"": ""临危步惧""}"
idiom,L1,四年级下,「临危不惧」的意思是？,遇到危险也不害怕,成语;日积月累;课内必背,部编四年级下册·日积月累,idiom-l3-0769:meaning_choice,idiom:临危不惧,meaning_choice,idiom:临危不惧,临危不惧,meaning_choice,upper,"{""choices"": [""遇到危险也不害怕"", ""小学教辅常见成语"", ""小学教辅常见成语"", ""小学教辅常见成语""]}"
idiom,L1,三年级下,比谁更美丽出众（四字）,争奇斗艳,成语;课文;课内必背,部编三年级下册·课文,idiom-l3-0786,idiom:争奇斗艳,课文,idiom:争奇斗艳,争奇斗艳,recite,all,
idiom,L1,三年级下,下面的写法对不对？,对,成语;课文;课内必背,部编三年级下册·课文,idiom-l3-0786:char_judge,idiom:争奇斗艳,char_judge,idiom:争奇斗艳,争奇斗艳,char_judge,lower,"{""display"": ""争奇斗艳""}"
idiom,L1,三年级下,「争奇斗艳」的意思是？,比谁更美丽出众,成语;课文;课内必背,部编三年级下册·课文,idiom-l3-0786:meaning_choice,idiom:争奇斗艳,meaning_choice,idiom:争奇斗艳,争奇斗艳,meaning_choice,upper,"{""choices"": [""色彩又多又好看"", ""比谁更美丽出众"", ""描写夏天的成语"", ""描写夏天的成语""]}"
idiom,L1,二年级上,云雾散开，眼前明亮（四字）,云开雾散,成语;日积月累;课内必背,部编二年级上册·日积月累,idiom-l2-0186,idiom:云开雾散,日积月累,idiom:云开雾散,云开雾散,recite,all,
idiom,L1,二年级上,下面的写法对不对？,对,成语;日积月累;课内必背,部编二年级上册·日积月累,idiom-l2-0186:char_judge,idiom:云开雾散,char_judge,idiom:云开雾散,云开雾散,char_judge,lower,"{""display"": ""云开雾散""}"
idiom,L1,二年级上,「云开雾散」的意思是？,云雾散开，眼前明亮,成语;日积月累;课内必背,部编二年级上册·日积月累,idiom-l2-0186:meaning_choice,idiom:云开雾散,meaning_choice,idiom:云开雾散,云开雾散,meaning_choice,upper,"{""choices"": [""在风里飘动"", ""变化很多"", ""到处是流离失所的灾民"", ""云雾散开，眼前明亮""]}"
idiom,L1,三年级上,色彩繁多（四字）,五光十色,成语;课文;课内必背,部编三年级上册·课文,idiom-l3-0563,idiom:五光十色,课文,idiom:五光十色,五光十色,recite,all,
idiom,L1,三年级上,下面的写法对不对？,对,成语;课文;课内必背,部编三年级上册·课文,idiom-l3-0563:char_judge,idiom:五光十色,char_judge,idiom:五光十色,五光十色,char_judge,lower,"{""display"": ""五光十色""}"
idiom,L1,三年级上,「五光十色」的意思是？,色彩繁多,成语;课文;课内必背,部编三年级上册·课文,idiom-l3-0563:meaning_choice,idiom:五光十色,meaning_choice,idiom:五光十色,五光十色,meaning_choice,upper,"{""choices"": [""各自拿出本事"", ""色彩繁多"", ""没有精神"", ""到哪儿都能安下心来""]}"
idiom,L1,四年级下,颜色又多又好看（四字）,五彩斑斓,成语;课文;课内必背,部编四年级下册·课文,idiom-tb-0005,idiom:五彩斑斓,课文,idiom:五彩斑斓,五彩斑斓,recite,all,
idiom,L1,四年级下,下面的写法对不对？,错,成语;课文;课内必背,部编四年级下册·课文,idiom-tb-0005:char_judge,idiom:五彩斑斓,char_judge,idiom:五彩斑斓,五彩斑斓,char_judge,lower,"{""display"": ""五彩甲斓""}"
idiom,L1,四年级下,「五彩斑斓」的意思是？,颜色又多又好看,成语;课文;课内必背,部编四年级下册·课文,idiom-tb-0005:meaning_choice,idiom:五彩斑斓,meaning_choice,idiom:五彩斑斓,五彩斑斓,meaning_choice,upper,"{""choices"": [""描写外貌的成语"", ""描写外貌的成语"", ""颜色又多又好看"", ""知音难遇或乐曲高妙""]}"
idiom,L1,六年级下,全国各地，四面八方（四字）,五湖四海,成语;课文;课内必背,部编六年级下册·课文,idiom-l2-0190,idiom:五湖四海,课文,idiom:五湖四海,五湖四海,recite,all,
idiom,L1,六年级下,下面的写法对不对？,对,成语;课文;课内必背,部编六年级下册·课文,idiom-l2-0190:char_judge,idiom:五湖四海,char_judge,idiom:五湖四海,五湖四海,char_judge,lower,"{""display"": ""五湖四海""}"
idiom,L1,六年级下,「五湖四海」的意思是？,全国各地，四面八方,成语;课文;课内必背,部编六年级下册·课文,idiom-l2-0190:meaning_choice,idiom:五湖四海,meaning_choice,idiom:五湖四海,五湖四海,meaning_choice,upper,"{""choices"": [""与学习有关的成语"", ""与学习有关的成语"", ""全国各地，四面八方"", ""万物重新生长""]}"
idiom,L1,三年级上,描写秋天的成语（四字）,五谷丰登,成语;日积月累;课内必背,部编三年级上册·日积月累,idiom-l1-0004,idiom:五谷丰登,日积月累,idiom:五谷丰登,五谷丰登,recite,all,
idiom,L1,三年级上,下面的写法对不对？,错,成语;日积月累;课内必背,部编三年级上册·日积月累,idiom-l1-0004:char_judge,idiom:五谷丰登,char_judge,idiom:五谷丰登,五谷丰登,char_judge,lower,"{""display"": ""五谷甲登""}"
idiom,L1,三年级上,「五谷丰登」的意思是？,描写秋天的成语,成语;日积月累;课内必背,部编三年级上册·日积月累,idiom-l1-0004:meaning_choice,idiom:五谷丰登,meaning_choice,idiom:五谷丰登,五谷丰登,meaning_choice,upper,"{""choices"": [""描写秋天的成语"", ""描写场面的成语"", ""描写场面的成语"", ""描写场面的成语""]}"
idiom,L1,六年级上,颜色很多（四字）,五颜六色,成语;课文;课内必背,部编六年级上册·课文,idiom-l3-0565,idiom:五颜六色,课文,idiom:五颜六色,五颜六色,recite,all,
idiom,L1,六年级上,下面的写法对不对？,错,成语;课文;课内必背,部编六年级上册·课文,idiom-l3-0565:char_judge,idiom:五颜六色,char_judge,idiom:五颜六色,五颜六色,char_judge,lower,"{""display"": ""五颜六甲""}"
idiom,L1,六年级上,「五颜六色」的意思是？,颜色很多,成语;课文;课内必背,部编六年级上册·课文,idiom-l3-0565:meaning_choice,idiom:五颜六色,meaning_choice,idiom:五颜六色,五颜六色,meaning_choice,upper,"{""choices"": [""颜色很多"", ""国家太平，人民安乐"", ""有些信、有些不信"", ""身体粉碎，也指不惜牺牲""]}"
idiom,L1,三年级下,见识很短浅（四字）,井底之蛙,成语;日积月累;课内必背,部编三年级下册·日积月累,idiom-l1-0005,idiom:井底之蛙,日积月累,idiom:井底之蛙,井底之蛙,recite,all,
idiom,L1,三年级下,下面的写法对不对？,错,成语;日积月累;课内必背,部编三年级下册·日积月累,idiom-l1-0005:char_judge,idiom:井底之蛙,char_judge,idiom:井底之蛙,井底之蛙,char_judge,lower,"{""display"": ""井底甲蛙""}"
idiom,L1,三年级下,「井底之蛙」的意思是？,见识很短浅,成语;日积月累;课内必背,部编三年级下册·日积月累,idiom-l1-0005:meaning_choice,idiom:井底之蛙,meaning_choice,idiom:井底之蛙,井底之蛙,meaning_choice,upper,"{""choices"": [""气势使人敬畏"", ""不想努力，只等现成的"", ""几句话就说完"", ""见识很短浅""]}"
idiom,L1,二年级下,出了问题赶紧补救还来得及（四字）,亡羊补牢,成语;课文;课内必背,部编二年级下册·课文,idiom-l2-0077,idiom:亡羊补牢,课文,idiom:亡羊补牢,亡羊补牢,recite,all,
idiom,L1,二年级下,下面的写法对不对？,对,成语;课文;课内必背,部编二年级下册·课文,idiom-l2-0077:char_judge,idiom:亡羊补牢,char_judge,idiom:亡羊补牢,亡羊补牢,char_judge,lower,"{""display"": ""亡羊补牢""}"
idiom,L1,二年级下,「亡羊补牢」的意思是？,出了问题赶紧补救还来得及,成语;课文;课内必背,部编二年级下册·课文,idiom-l2-0077:meaning_choice,idiom:亡羊补牢,meaning_choice,idiom:亡羊补牢,亡羊补牢,meaning_choice,upper,"{""choices"": [""笑得直不起腰"", ""自己跟自己说话"", ""身体粉碎，也指不惜牺牲"", ""出了问题赶紧补救还来得及""]}"
idiom,L1,五年级下,身材修长美丽（四字）,亭亭玉立,成语;日积月累;课内必背,部编五年级下册·日积月累,idiom-l1-0006,idiom:亭亭玉立,日积月累,idiom:亭亭玉立,亭亭玉立,recite,all,
idiom,L1,五年级下,下面的写法对不对？,错,成语;日积月累;课内必背,部编五年级下册·日积月累,idiom-l1-0006:char_judge,idiom:亭亭玉立,char_judge,idiom:亭亭玉立,亭亭玉立,char_judge,lower,"{""display"": ""甲亭玉立""}"
idiom,L1,五年级下,「亭亭玉立」的意思是？,身材修长美丽,成语;日积月累;课内必背,部编五年级下册·日积月累,idiom-l1-0006:meaning_choice,idiom:亭亭玉立,meaning_choice,idiom:亭亭玉立,亭亭玉立,meaning_choice,upper,"{""choices"": [""非常安静"", ""身材修长美丽"", ""桂花香气飘散"", ""走路不稳，跌跌撞撞""]}"
idiom,L1,四年级上,人声嘈杂得像开了锅（四字）,人声鼎沸,成语;课文;课内必背,部编四年级上册·课文,idiom-l3-0799,idiom:人声鼎沸,课文,idiom:人声鼎沸,人声鼎沸,recite,all,
idiom,L1,四年级上,下面的写法对不对？,对,成语;课文;课内必背,部编四年级上册·课文,idiom-l3-0799:char_judge,idiom:人声鼎沸,char_judge,idiom:人声鼎沸,人声鼎沸,char_judge,lower,"{""display"": ""人声鼎沸""}"
idiom,L1,四年级上,「人声鼎沸」的意思是？,人声嘈杂得像开了锅,成语;课文;课内必背,部编四年级上册·课文,idiom-l3-0799:meaning_choice,idiom:人声鼎沸,meaning_choice,idiom:人声鼎沸,人声鼎沸,meaning_choice,upper,"{""choices"": [""像烟云一样消失了"", ""政事顺利，百姓和睦"", ""舍不得离开"", ""人声嘈杂得像开了锅""]}"
idiom,L1,五年级上,人长寿，收成好（四字）,人寿年丰,成语;日积月累;课内必背,部编五年级上册·日积月累,idiom-l1-0007,idiom:人寿年丰,日积月累,idiom:人寿年丰,人寿年丰,recite,all,
idiom,L1,五年级上,下面的写法对不对？,对,成语;日积月累;课内必背,部编五年级上册·日积月累,idiom-l1-0007:char_judge,idiom:人寿年丰,char_judge,idiom:人寿年丰,人寿年丰,char_judge,lower,"{""display"": ""人寿年丰""}"
idiom,L1,五年级上,「人寿年丰」的意思是？,人长寿，收成好,成语;日积月累;课内必背,部编五年级上册·日积月累,idiom-l1-0007:meaning_choice,idiom:人寿年丰,meaning_choice,idiom:人寿年丰,人寿年丰,meaning_choice,upper,"{""choices"": [""吃东西又猛又急"", ""人长寿，收成好"", ""像是天地特意安排的，非常合适"", ""充满活力""]}"
idiom,L1,五年级上,人非常多（四字）,人山人海,成语;课文;课内必背,部编五年级上册·课文,idiom-l2-0315,idiom:人山人海,课文,idiom:人山人海,人山人海,recite,all,
idiom,L1,五年级上,下面的写法对不对？,错,成语;课文;课内必背,部编五年级上册·课文,idiom-l2-0315:char_judge,idiom:人山人海,char_judge,idiom:人山人海,人山人海,char_judge,lower,"{""display"": ""人山人甲""}"
idiom,L1,五年级上,「人山人海」的意思是？,人非常多,成语;课文;课内必背,部编五年级上册·课文,idiom-l2-0315:meaning_choice,idiom:人山人海,meaning_choice,idiom:人山人海,人山人海,meaning_choice,upper,"{""choices"": [""人非常多"", ""含有动物的成语"", ""含有动物的成语"", ""大体很好，还有一点缺憾""]}"
idiom,L1,四年级下,不慌不忙（四字）,从容不迫,成语;日积月累;课内必背,部编四年级下册·日积月累,idiom-l3-0805,idiom:从容不迫,日积月累,idiom:从容不迫,从容不迫,recite,all,
idiom,L1,四年级下,下面的写法对不对？,错,成语;日积月累;课内必背,部编四年级下册·日积月累,idiom-l3-0805:char_judge,idiom:从容不迫,char_judge,idiom:从容不迫,从容不迫,char_judge,lower,"{""display"": ""从容步迫""}"
idiom,L1,四年级下,「从容不迫」的意思是？,不慌不忙,成语;日积月累;课内必背,部编四年级下册·日积月累,idiom-l3-0805:meaning_choice,idiom:从容不迫,meaning_choice,idiom:从容不迫,从容不迫,meaning_choice,upper,"{""choices"": [""一点儿也不马虎"", ""形容艺术水平的成语"", ""大体很好，还有一点缺憾"", ""不慌不忙""]}"
idiom,L1,六年级上,乐音很久还在回响（四字）,余音绕梁,成语;日积月累;课内必背,部编六年级上册·日积月累,idiom-l1-0008,idiom:余音绕梁,日积月累,idiom:余音绕梁,余音绕梁,recite,all,
idiom,L1,六年级上,下面的写法对不对？,错,成语;日积月累;课内必背,部编六年级上册·日积月累,idiom-l1-0008:char_judge,idiom:余音绕梁,char_judge,idiom:余音绕梁,余音绕梁,char_judge,lower,"{""display"": ""余音绕甲""}"
idiom,L1,六年级上,「余音绕梁」的意思是？,乐音很久还在回响,成语;日积月累;课内必背,部编六年级上册·日积月累,idiom-l1-0008:meaning_choice,idiom:余音绕梁,meaning_choice,idiom:余音绕梁,余音绕梁,meaning_choice,upper,"{""choices"": [""乐音很久还在回响"", ""全国各地，四面八方"", ""十分担心害怕"", ""走路不稳，跌跌撞撞""]}"
idiom,L1,四年级下,靠近山、靠近水（四字）,依山傍水,成语;课文;课内必背,部编四年级下册·课文,idiom-tb-0006,idiom:依山傍水,课文,idiom:依山傍水,依山傍水,recite,all,
idiom,L1,四年级下,下面的写法对不对？,错,成语;课文;课内必背,部编四年级下册·课文,idiom-tb-0006:char_judge,idiom:依山傍水,char_judge,idiom:依山傍水,依山傍水,char_judge,lower,"{""display"": ""依甲傍水""}"
idiom,L1,四年级下,「依山傍水」的意思是？,靠近山、靠近水,成语;课文;课内必背,部编四年级下册·课文,idiom-tb-0006:meaning_choice,idiom:依山傍水,meaning_choice,idiom:依山傍水,依山傍水,meaning_choice,upper,"{""choices"": [""靠近山、靠近水"", ""家庭毁了，人也没了"", ""吃或听得非常有兴趣"", ""人非常多""]}"
idiom,L1,六年级上,精神完全集中（四字）,全神贯注,成语;课文;课内必背,部编六年级上册·课文,idiom-l3-0850,idiom:全神贯注,课文,idiom:全神贯注,全神贯注,recite,all,
idiom,L1,六年级上,下面的写法对不对？,对,成语;课文;课内必背,部编六年级上册·课文,idiom-l3-0850:char_judge,idiom:全神贯注,char_judge,idiom:全神贯注,全神贯注,char_judge,lower,"{""display"": ""全神贯注""}"
idiom,L1,六年级上,「全神贯注」的意思是？,精神完全集中,成语;课文;课内必背,部编六年级上册·课文,idiom-l3-0850:meaning_choice,idiom:全神贯注,meaning_choice,idiom:全神贯注,全神贯注,meaning_choice,upper,"{""choices"": [""用萤火虫的光夜里读书"", ""精神完全集中"", ""蔺相如在渑池会上维护赵国尊严"", ""自己骗自己""]}"
idiom,L1,二年级下,兴趣很浓（四字）,兴致勃勃,成语;课文;课内必背,部编二年级下册·课文,idiom-l3-1860,idiom:兴致勃勃,课文,idiom:兴致勃勃,兴致勃勃,recite,all,
idiom,L1,二年级下,下面的写法对不对？,错,成语;课文;课内必背,部编二年级下册·课文,idiom-l3-1860:char_judge,idiom:兴致勃勃,char_judge,idiom:兴致勃勃,兴致勃勃,char_judge,lower,"{""display"": ""兴致甲勃""}"
idiom,L1,二年级下,「兴致勃勃」的意思是？,兴趣很浓,成语;课文;课内必背,部编二年级下册·课文,idiom-l3-1860:meaning_choice,idiom:兴致勃勃,meaning_choice,idiom:兴致勃勃,兴致勃勃,meaning_choice,upper,"{""choices"": [""家庭毁了，人也没了"", ""兴趣很浓"", ""生活安定，工作愉快"", ""人长寿，收成好""]}"
idiom,L1,五年级上,战争造成的混乱（四字）,兵荒马乱,成语;日积月累;课内必背,部编五年级上册·日积月累,idiom-l1-0009,idiom:兵荒马乱,日积月累,idiom:兵荒马乱,兵荒马乱,recite,all,
idiom,L1,五年级上,下面的写法对不对？,错,成语;日积月累;课内必背,部编五年级上册·日积月累,idiom-l1-0009:char_judge,idiom:兵荒马乱,char_judge,idiom:兵荒马乱,兵荒马乱,char_judge,lower,"{""display"": ""甲荒马乱""}"
idiom,L1,五年级上,「兵荒马乱」的意思是？,战争造成的混乱,成语;日积月累;课内必背,部编五年级上册·日积月累,idiom-l1-0009:meaning_choice,idiom:兵荒马乱,meaning_choice,idiom:兵荒马乱,兵荒马乱,meaning_choice,upper,"{""choices"": [""心里早有了主意"", ""云雾散开，眼前明亮"", ""见识很短浅"", ""战争造成的混乱""]}"
idiom,L1,五年级下,生活在优裕的环境里（四字）,养尊处优,成语;课文;课内必背,部编五年级下册·课文,idiom-l3-0854,idiom:养尊处优,课文,idiom:养尊处优,养尊处优,recite,all,
idiom,L1,五年级下,下面的写法对不对？,对,成语;课文;课内必背,部编五年级下册·课文,idiom-l3-0854:char_judge,idiom:养尊处优,char_judge,idiom:养尊处优,养尊处优,char_judge,lower,"{""display"": ""养尊处优""}"
idiom,L1,五年级下,「养尊处优」的意思是？,生活在优裕的环境里,成语;课文;课内必背,部编五年级下册·课文,idiom-l3-0854:meaning_choice,idiom:养尊处优,meaning_choice,idiom:养尊处优,养尊处优,meaning_choice,upper,"{""choices"": [""生活在优裕的环境里"", ""天地非常广阔"", ""刻苦学习，不敢打瞌睡"", ""急于求成反而把事情弄坏""]}"
idiom,L1,五年级上,内部困难又加上外来威胁（四字）,内忧外患,成语;日积月累;课内必背,部编五年级上册·日积月累,idiom-l1-0010,idiom:内忧外患,日积月累,idiom:内忧外患,内忧外患,recite,all,
idiom,L1,五年级上,下面的写法对不对？,对,成语;日积月累;课内必背,部编五年级上册·日积月累,idiom-l1-0010:char_judge,idiom:内忧外患,char_judge,idiom:内忧外患,内忧外患,char_judge,lower,"{""display"": ""内忧外患""}"
idiom,L1,五年级上,「内忧外患」的意思是？,内部困难又加上外来威胁,成语;日积月累;课内必背,部编五年级上册·日积月累,idiom-l1-0010:meaning_choice,idiom:内忧外患,meaning_choice,idiom:内忧外患,内忧外患,meaning_choice,upper,"{""choices"": [""很少的几句话"", ""内部困难又加上外来威胁"", ""冰和雪化了"", ""胆子很小""]}"
idiom,L1,二年级上,到处是冰和雪（四字）,冰天雪地,成语;日积月累;课内必背,部编二年级上册·日积月累,idiom-l3-0440,idiom:冰天雪地,日积月累,idiom:冰天雪地,冰天雪地,recite,all,
idiom,L1,二年级上,下面的写法对不对？,对,成语;日积月累;课内必背,部编二年级上册·日积月累,idiom-l3-0440:char_judge,idiom:冰天雪地,char_judge,idiom:冰天雪地,冰天雪地,char_judge,lower,"{""display"": ""冰天雪地""}"
idiom,L1,二年级上,「冰天雪地」的意思是？,到处是冰和雪,成语;日积月累;课内必背,部编二年级上册·日积月累,idiom-l3-0440:meaning_choice,idiom:冰天雪地,meaning_choice,idiom:冰天雪地,冰天雪地,meaning_choice,upper,"{""choices"": [""到处是冰和雪"", ""心里早有了主意"", ""不慌不忙"", ""特别容易被人看见""]}"
idiom,L1,五年级下,出主意、想办法（四字）,出谋划策,成语;课文;课内必背,部编五年级下册·课文,idiom-tb-0007,idiom:出谋划策,课文,idiom:出谋划策,出谋划策,recite,all,
idiom,L1,五年级下,下面的写法对不对？,对,成语;课文;课内必背,部编五年级下册·课文,idiom-tb-0007:char_judge,idiom:出谋划策,char_judge,idiom:出谋划策,出谋划策,char_judge,lower,"{""display"": ""出谋划策""}"
idiom,L1,五年级下,「出谋划策」的意思是？,出主意、想办法,成语;课文;课内必背,部编五年级下册·课文,idiom-tb-0007:meaning_choice,idiom:出谋划策,meaning_choice,idiom:出谋划策,出谋划策,meaning_choice,upper,"{""choices"": [""AABB 结构的成语"", ""AABB 结构的成语"", ""AABB 结构的成语"", ""出主意、想办法""]}"
idiom,L1,四年级下,想尽办法读书（四字）,凿壁偷光,成语;日积月累;课内必背,部编四年级下册·日积月累,idiom-l3-0870,idiom:凿壁偷光,日积月累,idiom:凿壁偷光,凿壁偷光,recite,all,
idiom,L1,四年级下,下面的写法对不对？,对,成语;日积月累;课内必背,部编四年级下册·日积月累,idiom-l3-0870:char_judge,idiom:凿壁偷光,char_judge,idiom:凿壁偷光,凿壁偷光,char_judge,lower,"{""display"": ""凿壁偷光""}"
idiom,L1,四年级下,「凿壁偷光」的意思是？,想尽办法读书,成语;日积月累;课内必背,部编四年级下册·日积月累,idiom-l3-0870:meaning_choice,idiom:凿壁偷光,meaning_choice,idiom:凿壁偷光,凿壁偷光,meaning_choice,upper,"{""choices"": [""生活在优裕的环境里"", ""头发散乱"", ""想尽办法读书"", ""身体粉碎，也指不惜牺牲""]}"
idiom,L1,四年级上,什么都伤害不了（四字）,刀枪不入,成语;日积月累;课内必背,部编四年级上册·日积月累,idiom-tb-0008,idiom:刀枪不入,日积月累,idiom:刀枪不入,刀枪不入,recite,all,
idiom,L1,四年级上,下面的写法对不对？,错,成语;日积月累;课内必背,部编四年级上册·日积月累,idiom-tb-0008:char_judge,idiom:刀枪不入,char_judge,idiom:刀枪不入,刀枪不入,char_judge,lower,"{""display"": ""刀枪步入""}"
idiom,L1,四年级上,「刀枪不入」的意思是？,什么都伤害不了,成语;日积月累;课内必背,部编四年级上册·日积月累,idiom-tb-0008:meaning_choice,idiom:刀枪不入,meaning_choice,idiom:刀枪不入,刀枪不入,meaning_choice,upper,"{""choices"": [""AABB 结构的成语"", ""什么都伤害不了"", ""非常安静"", ""名声传到国内外""]}"
idiom,L1,六年级上,想出和别人不一样的办法（四字）,别出心裁,成语;课文;课内必背,部编六年级上册·课文,idiom-l3-0876,idiom:别出心裁,课文,idiom:别出心裁,别出心裁,recite,all,
idiom,L1,六年级上,下面的写法对不对？,对,成语;课文;课内必背,部编六年级上册·课文,idiom-l3-0876:char_judge,idiom:别出心裁,char_judge,idiom:别出心裁,别出心裁,char_judge,lower,"{""display"": ""别出心裁""}"
idiom,L1,六年级上,「别出心裁」的意思是？,想出和别人不一样的办法,成语;课文;课内必背,部编六年级上册·课文,idiom-l3-0876:meaning_choice,idiom:别出心裁,meaning_choice,idiom:别出心裁,别出心裁,meaning_choice,upper,"{""choices"": [""美丽得没有谁能比"", ""想出和别人不一样的办法"", ""头发白了，脸色却像小孩一样红润"", ""想尽办法读书""]}"
idiom,L1,三年级下,情况变了还用老办法（四字）,刻舟求剑,成语;日积月累;课内必背,部编三年级下册·日积月累,idiom-l1-0012,idiom:刻舟求剑,日积月累,idiom:刻舟求剑,刻舟求剑,recite,all,
idiom,L1,三年级下,下面的写法对不对？,错,成语;日积月累;课内必背,部编三年级下册·日积月累,idiom-l1-0012:char_judge,idiom:刻舟求剑,char_judge,idiom:刻舟求剑,刻舟求剑,char_judge,lower,"{""display"": ""刻舟求甲""}"
idiom,L1,三年级下,「刻舟求剑」的意思是？,情况变了还用老办法,成语;日积月累;课内必背,部编三年级下册·日积月累,idiom-l1-0012:meaning_choice,idiom:刻舟求剑,meaning_choice,idiom:刻舟求剑,刻舟求剑,meaning_choice,upper,"{""choices"": [""从细小处看出大趋势"", ""各自拿出本事"", ""声音大得耳朵都要聋了"", ""情况变了还用老办法""]}"
idiom,L1,二年级上,有很多话要说（四字）,千言万语,成语;日积月累;课内必背,部编二年级上册·日积月累,idiom-tb-0009,idiom:千言万语,日积月累,idiom:千言万语,千言万语,recite,all,
idiom,L1,二年级上,下面的写法对不对？,对,成语;日积月累;课内必背,部编二年级上册·日积月累,idiom-tb-0009:char_judge,idiom:千言万语,char_judge,idiom:千言万语,千言万语,char_judge,lower,"{""display"": ""千言万语""}"
idiom,L1,二年级上,「千言万语」的意思是？,有很多话要说,成语;日积月累;课内必背,部编二年级上册·日积月累,idiom-tb-0009:meaning_choice,idiom:千言万语,meaning_choice,idiom:千言万语,千言万语,meaning_choice,upper,"{""choices"": [""描写秋天的成语"", ""描写秋天的成语"", ""有很多话要说"", ""精简机构、减少人员""]}"
idiom,L1,二年级上,有些信、有些不信（四字）,半信半疑,成语;课文;课内必背,部编二年级上册·课文,idiom-l3-0142,idiom:半信半疑,课文,idiom:半信半疑,半信半疑,recite,all,
idiom,L1,二年级上,下面的写法对不对？,对,成语;课文;课内必背,部编二年级上册·课文,idiom-l3-0142:char_judge,idiom:半信半疑,char_judge,idiom:半信半疑,半信半疑,char_judge,lower,"{""display"": ""半信半疑""}"
idiom,L1,二年级上,「半信半疑」的意思是？,有些信、有些不信,成语;课文;课内必背,部编二年级上册·课文,idiom-l3-0142:meaning_choice,idiom:半信半疑,meaning_choice,idiom:半信半疑,半信半疑,meaning_choice,upper,"{""choices"": [""AABC 结构的成语"", ""AABC 结构的成语"", ""有些信、有些不信"", ""比谁更美丽出众""]}"
idiom,L1,四年级下,变化很多（四字）,变化多端,成语;课文;课内必背,部编四年级下册·课文,idiom-l3-0923,idiom:变化多端,课文,idiom:变化多端,变化多端,recite,all,
idiom,L1,四年级下,下面的写法对不对？,错,成语;课文;课内必背,部编四年级下册·课文,idiom-l3-0923:char_judge,idiom:变化多端,char_judge,idiom:变化多端,变化多端,char_judge,lower,"{""display"": ""变甲多端""}"
idiom,L1,四年级下,「变化多端」的意思是？,变化很多,成语;课文;课内必背,部编四年级下册·课文,idiom-l3-0923:meaning_choice,idiom:变化多端,meaning_choice,idiom:变化多端,变化多端,meaning_choice,upper,"{""choices"": [""风景优美"", ""变化很多"", ""无法想象，很难理解"", ""情况变了还用老办法""]}"
idiom,L1,三年级上,嘴里很干（四字）,口干舌燥,成语;日积月累;课内必背,部编三年级上册·日积月累,idiom-tb-0010,idiom:口干舌燥,日积月累,idiom:口干舌燥,口干舌燥,recite,all,
idiom,L1,三年级上,下面的写法对不对？,错,成语;日积月累;课内必背,部编三年级上册·日积月累,idiom-tb-0010:char_judge,idiom:口干舌燥,char_judge,idiom:口干舌燥,口干舌燥,char_judge,lower,"{""display"": ""口千舌燥""}"
idiom,L1,三年级上,「口干舌燥」的意思是？,嘴里很干,成语;日积月累;课内必背,部编三年级上册·日积月累,idiom-tb-0010:meaning_choice,idiom:口干舌燥,meaning_choice,idiom:口干舌燥,口干舌燥,meaning_choice,upper,"{""choices"": [""嘴里很干"", ""非常安静"", ""什么植物都长不出来"", ""完全不一样""]}"
idiom,L1,二年级上,很少的几句话（四字）,只言片语,成语;日积月累;课内必背,部编二年级上册·日积月累,idiom-tb-0011,idiom:只言片语,日积月累,idiom:只言片语,只言片语,recite,all,
idiom,L1,二年级上,下面的写法对不对？,错,成语;日积月累;课内必背,部编二年级上册·日积月累,idiom-tb-0011:char_judge,idiom:只言片语,char_judge,idiom:只言片语,只言片语,char_judge,lower,"{""display"": ""只言片悟""}"
idiom,L1,二年级上,「只言片语」的意思是？,很少的几句话,成语;日积月累;课内必背,部编二年级上册·日积月累,idiom-tb-0011:meaning_choice,idiom:只言片语,meaning_choice,idiom:只言片语,只言片语,meaning_choice,upper,"{""choices"": [""桂花香气飘散"", ""很少的几句话"", ""政事顺利，百姓和睦"", ""高兴得自己都受不住""]}"
idiom,L1,六年级下,看惯了，不觉得奇怪（四字）,司空见惯,成语;课文;课内必背,部编六年级下册·课文,idiom-l3-0934,idiom:司空见惯,课文,idiom:司空见惯,司空见惯,recite,all,
idiom,L1,六年级下,下面的写法对不对？,错,成语;课文;课内必背,部编六年级下册·课文,idiom-l3-0934:char_judge,idiom:司空见惯,char_judge,idiom:司空见惯,司空见惯,char_judge,lower,"{""display"": ""甲空见惯""}"
idiom,L1,六年级下,「司空见惯」的意思是？,看惯了，不觉得奇怪,成语;课文;课内必背,部编六年级下册·课文,idiom-l3-0934:meaning_choice,idiom:司空见惯,meaning_choice,idiom:司空见惯,司空见惯,meaning_choice,upper,"{""choices"": [""与时间有关的成语"", ""与时间有关的成语"", ""与时间有关的成语"", ""看惯了，不觉得奇怪""]}"
idiom,L1,四年级上,各自拿出本事（四字）,各显神通,成语;日积月累;课内必背,部编四年级上册·日积月累,idiom-tb-0012,idiom:各显神通,日积月累,idiom:各显神通,各显神通,recite,all,
idiom,L1,四年级上,下面的写法对不对？,对,成语;日积月累;课内必背,部编四年级上册·日积月累,idiom-tb-0012:char_judge,idiom:各显神通,char_judge,idiom:各显神通,各显神通,char_judge,lower,"{""display"": ""各显神通""}"
idiom,L1,四年级上,「各显神通」的意思是？,各自拿出本事,成语;日积月累;课内必背,部编四年级上册·日积月累,idiom-tb-0012:meaning_choice,idiom:各显神通,meaning_choice,idiom:各显神通,各显神通,meaning_choice,upper,"{""choices"": [""与时间有关的成语"", ""与时间有关的成语"", ""与时间有关的成语"", ""各自拿出本事""]}"
idiom,L1,五年级上,齐心合力（四字）,同心协力,成语;课文;课内必背,部编五年级上册·课文,idiom-l3-0941,idiom:同心协力,课文,idiom:同心协力,同心协力,recite,all,
idiom,L1,五年级上,下面的写法对不对？,对,成语;课文;课内必背,部编五年级上册·课文,idiom-l3-0941:char_judge,idiom:同心协力,char_judge,idiom:同心协力,同心协力,char_judge,lower,"{""display"": ""同心协力""}"
idiom,L1,五年级上,「同心协力」的意思是？,齐心合力,成语;课文;课内必背,部编五年级上册·课文,idiom-l3-0941:meaning_choice,idiom:同心协力,meaning_choice,idiom:同心协力,同心协力,meaning_choice,upper,"{""choices"": [""齐心合力"", ""字写得有气势"", ""天空高远，云很淡"", ""自以为了不起的样子""]}"
idiom,L1,二年级上,名声和实际相符（四字）,名不虚传,成语;课文;课内必背,部编二年级上册·课文,idiom-l3-0948,idiom:名不虚传,课文,idiom:名不虚传,名不虚传,recite,all,
idiom,L1,二年级上,下面的写法对不对？,对,成语;课文;课内必背,部编二年级上册·课文,idiom-l3-0948:char_judge,idiom:名不虚传,char_judge,idiom:名不虚传,名不虚传,char_judge,lower,"{""display"": ""名不虚传""}"
idiom,L1,二年级上,「名不虚传」的意思是？,名声和实际相符,成语;课文;课内必背,部编二年级上册·课文,idiom-l3-0948:meaning_choice,idiom:名不虚传,meaning_choice,idiom:名不虚传,名不虚传,meaning_choice,upper,"{""choices"": [""名声和实际相符"", ""气势使人敬畏"", ""自己的说法或做法互相冲突"", ""不加咀嚼地整吞，比喻不求甚解""]}"
idiom,L1,二年级上,著名的高山和大河（四字）,名山大川,成语;日积月累;课内必背,部编二年级上册·日积月累,idiom-tb-0013,idiom:名山大川,日积月累,idiom:名山大川,名山大川,recite,all,
idiom,L1,二年级上,下面的写法对不对？,对,成语;日积月累;课内必背,部编二年级上册·日积月累,idiom-tb-0013:char_judge,idiom:名山大川,char_judge,idiom:名山大川,名山大川,char_judge,lower,"{""display"": ""名山大川""}"
idiom,L1,二年级上,「名山大川」的意思是？,著名的高山和大河,成语;日积月累;课内必背,部编二年级上册·日积月累,idiom-tb-0013:meaning_choice,idiom:名山大川,meaning_choice,idiom:名山大川,名山大川,meaning_choice,upper,"{""choices"": [""本领特别大"", ""自己骗自己"", ""不加咀嚼地整吞，比喻不求甚解"", ""著名的高山和大河""]}"
idiom,L1,三年级下,名声传到国内外（四字）,名扬中外,成语;课文;课内必背,部编三年级下册·课文,idiom-tb-0014,idiom:名扬中外,课文,idiom:名扬中外,名扬中外,recite,all,
idiom,L1,三年级下,下面的写法对不对？,错,成语;课文;课内必背,部编三年级下册·课文,idiom-tb-0014:char_judge,idiom:名扬中外,char_judge,idiom:名扬中外,名扬中外,char_judge,lower,"{""display"": ""甲扬中外""}"
idiom,L1,三年级下,「名扬中外」的意思是？,名声传到国内外,成语;课文;课内必背,部编三年级下册·课文,idiom-tb-0014:meaning_choice,idiom:名扬中外,meaning_choice,idiom:名扬中外,名扬中外,meaning_choice,upper,"{""choices"": [""很少说话"", ""很少的几句话"", ""名声传到国内外"", ""关键处一点就使整体生动""]}"
idiom,L1,五年级上,费尽心思（四字）,呕心沥血,成语;课文;课内必背,部编五年级上册·课文,idiom-l3-0963,idiom:呕心沥血,课文,idiom:呕心沥血,呕心沥血,recite,all,
idiom,L1,五年级上,下面的写法对不对？,错,成语;课文;课内必背,部编五年级上册·课文,idiom-l3-0963:char_judge,idiom:呕心沥血,char_judge,idiom:呕心沥血,呕心沥血,char_judge,lower,"{""display"": ""呕必沥血""}"
idiom,L1,五年级上,「呕心沥血」的意思是？,费尽心思,成语;课文;课内必背,部编五年级上册·课文,idiom-l3-0963:meaning_choice,idiom:呕心沥血,meaning_choice,idiom:呕心沥血,呕心沥血,meaning_choice,upper,"{""choices"": [""黄莺唱歌、燕子飞舞"", ""能听见邻家鸡狗的叫声，形容住得近"", ""不想努力，只等现成的"", ""费尽心思""]}"
idiom,L1,二年级下,脸色温和愉快（四字）,和颜悦色,成语;课文;课内必背,部编二年级下册·课文,idiom-l3-0335,idiom:和颜悦色,课文,idiom:和颜悦色,和颜悦色,recite,all,
idiom,L1,二年级下,下面的写法对不对？,错,成语;课文;课内必背,部编二年级下册·课文,idiom-l3-0335:char_judge,idiom:和颜悦色,char_judge,idiom:和颜悦色,和颜悦色,char_judge,lower,"{""display"": ""甲颜悦色""}"
idiom,L1,二年级下,「和颜悦色」的意思是？,脸色温和愉快,成语;课文;课内必背,部编二年级下册·课文,idiom-l3-0335:meaning_choice,idiom:和颜悦色,meaning_choice,idiom:和颜悦色,和颜悦色,meaning_choice,upper,"{""choices"": [""人声嘈杂得像开了锅"", ""脸色温和愉快"", ""到哪儿都能安下心来"", ""闪电打雷""]}"
idiom,L1,一年级下,风很轻、雨很细（四字）,和风细雨,成语;日积月累;课内必背,部编一年级下册·日积月累,idiom-l2-0200,idiom:和风细雨,日积月累,idiom:和风细雨,和风细雨,recite,all,
idiom,L1,一年级下,下面的写法对不对？,错,成语;日积月累;课内必背,部编一年级下册·日积月累,idiom-l2-0200:char_judge,idiom:和风细雨,char_judge,idiom:和风细雨,和风细雨,char_judge,lower,"{""display"": ""甲风细雨""}"
idiom,L1,一年级下,「和风细雨」的意思是？,风很轻、雨很细,成语;日积月累;课内必背,部编一年级下册·日积月累,idiom-l2-0200:meaning_choice,idiom:和风细雨,meaning_choice,idiom:和风细雨,和风细雨,meaning_choice,upper,"{""choices"": [""出了问题赶紧补救还来得及"", ""死得有意义、有价值"", ""抬起头、挺起胸，很有精神"", ""风很轻、雨很细""]}"
idiom,L1,五年级上,到处是流离失所的灾民（四字）,哀鸿遍野,成语;日积月累;课内必背,部编五年级上册·日积月累,idiom-l1-0013,idiom:哀鸿遍野,日积月累,idiom:哀鸿遍野,哀鸿遍野,recite,all,
idiom,L1,五年级上,下面的写法对不对？,错,成语;日积月累;课内必背,部编五年级上册·日积月累,idiom-l1-0013:char_judge,idiom:哀鸿遍野,char_judge,idiom:哀鸿遍野,哀鸿遍野,char_judge,lower,"{""display"": ""哀鸿遍甲""}"
idiom,L1,五年级上,「哀鸿遍野」的意思是？,到处是流离失所的灾民,成语;日积月累;课内必背,部编五年级上册·日积月累,idiom-l1-0013:meaning_choice,idiom:哀鸿遍野,meaning_choice,idiom:哀鸿遍野,哀鸿遍野,meaning_choice,upper,"{""choices"": [""桂花香气飘散"", ""一点儿也不马虎"", ""到处是流离失所的灾民"", ""文雅有礼貌""]}"
idiom,L1,二年级下,大声地笑（四字）,哈哈大笑,成语;日积月累;课内必背,部编二年级下册·日积月累,idiom-tb-0015,idiom:哈哈大笑,日积月累,idiom:哈哈大笑,哈哈大笑,recite,all,
idiom,L1,二年级下,下面的写法对不对？,对,成语;日积月累;课内必背,部编二年级下册·日积月累,idiom-tb-0015:char_judge,idiom:哈哈大笑,char_judge,idiom:哈哈大笑,哈哈大笑,char_judge,lower,"{""display"": ""哈哈大笑""}"
idiom,L1,二年级下,「哈哈大笑」的意思是？,大声地笑,成语;日积月累;课内必背,部编二年级下册·日积月累,idiom-tb-0015:meaning_choice,idiom:哈哈大笑,meaning_choice,idiom:哈哈大笑,哈哈大笑,meaning_choice,upper,"{""choices"": [""人长寿，收成好"", ""年老体衰、行动不灵便"", ""大声地笑"", ""受过惊吓后非常害怕""]}"
idiom,L1,五年级下,不知该哭还是该笑（四字）,哭笑不得,成语;课文;课内必背,部编五年级下册·课文,idiom-tb-0016,idiom:哭笑不得,课文,idiom:哭笑不得,哭笑不得,recite,all,
idiom,L1,五年级下,下面的写法对不对？,错,成语;课文;课内必背,部编五年级下册·课文,idiom-tb-0016:char_judge,idiom:哭笑不得,char_judge,idiom:哭笑不得,哭笑不得,char_judge,lower,"{""display"": ""哭笑不甲""}"
idiom,L1,五年级下,「哭笑不得」的意思是？,不知该哭还是该笑,成语;课文;课内必背,部编五年级下册·课文,idiom-tb-0016:meaning_choice,idiom:哭笑不得,meaning_choice,idiom:哭笑不得,哭笑不得,meaning_choice,upper,"{""choices"": [""说话直截了当，一下子说到要害"", ""人非常多"", ""声音大得耳朵都要聋了"", ""不知该哭还是该笑""]}"
idiom,L1,五年级下,高兴得自己都受不住（四字）,喜不自胜,成语;课文;课内必背,部编五年级下册·课文,idiom-tb-0017,idiom:喜不自胜,课文,idiom:喜不自胜,喜不自胜,recite,all,
idiom,L1,五年级下,下面的写法对不对？,对,成语;课文;课内必背,部编五年级下册·课文,idiom-tb-0017:char_judge,idiom:喜不自胜,char_judge,idiom:喜不自胜,喜不自胜,char_judge,lower,"{""display"": ""喜不自胜""}"
idiom,L1,五年级下,「喜不自胜」的意思是？,高兴得自己都受不住,成语;课文;课内必背,部编五年级下册·课文,idiom-tb-0017:meaning_choice,idiom:喜不自胜,meaning_choice,idiom:喜不自胜,喜不自胜,meaning_choice,upper,"{""choices"": [""描写冬天的成语"", ""描写冬天的成语"", ""描写冬天的成语"", ""高兴得自己都受不住""]}"
idiom,L1,六年级下,没想到的好事让人高兴（四字）,喜出望外,成语;课文;课内必背,部编六年级下册·课文,idiom-l3-0346,idiom:喜出望外,课文,idiom:喜出望外,喜出望外,recite,all,
idiom,L1,六年级下,下面的写法对不对？,对,成语;课文;课内必背,部编六年级下册·课文,idiom-l3-0346:char_judge,idiom:喜出望外,char_judge,idiom:喜出望外,喜出望外,char_judge,lower,"{""display"": ""喜出望外""}"
idiom,L1,六年级下,「喜出望外」的意思是？,没想到的好事让人高兴,成语;课文;课内必背,部编六年级下册·课文,idiom-l3-0346:meaning_choice,idiom:喜出望外,meaning_choice,idiom:喜出望外,喜出望外,meaning_choice,upper,"{""choices"": [""没想到的好事让人高兴"", ""百姓生活在极端困苦中"", ""刚哭完又笑了"", ""天空一片晴朗""]}"
idiom,L1,四年级下,用萤火虫的光夜里读书（四字）,囊萤夜读,成语;日积月累;课内必背,部编四年级下册·日积月累,idiom-tb-0018,idiom:囊萤夜读,日积月累,idiom:囊萤夜读,囊萤夜读,recite,all,
idiom,L1,四年级下,下面的写法对不对？,错,成语;日积月累;课内必背,部编四年级下册·日积月累,idiom-tb-0018:char_judge,idiom:囊萤夜读,char_judge,idiom:囊萤夜读,囊萤夜读,char_judge,lower,"{""display"": ""甲萤夜读""}"
idiom,L1,四年级下,「囊萤夜读」的意思是？,用萤火虫的光夜里读书,成语;日积月累;课内必背,部编四年级下册·日积月累,idiom-tb-0018:meaning_choice,idiom:囊萤夜读,meaning_choice,idiom:囊萤夜读,囊萤夜读,meaning_choice,upper,"{""choices"": [""用萤火虫的光夜里读书"", ""描写心情的成语"", ""国家太平，人民安乐"", ""不清楚、弄不明白""]}"
idiom,L1,二年级上,到处都可以当作家（四字）,四海为家,成语;课文;课内必背,部编二年级上册·课文,idiom-tb-0019,idiom:四海为家,课文,idiom:四海为家,四海为家,recite,all,
idiom,L1,二年级上,下面的写法对不对？,对,成语;课文;课内必背,部编二年级上册·课文,idiom-tb-0019:char_judge,idiom:四海为家,char_judge,idiom:四海为家,四海为家,char_judge,lower,"{""display"": ""四海为家""}"
idiom,L1,二年级上,「四海为家」的意思是？,到处都可以当作家,成语;课文;课内必背,部编二年级上册·课文,idiom-tb-0019:meaning_choice,idiom:四海为家,meaning_choice,idiom:四海为家,四海为家,meaning_choice,upper,"{""choices"": [""头摇来摇去，得意或入神"", ""举止文雅"", ""到处都可以当作家"", ""笑得直不起腰""]}"
idiom,L1,二年级下,周围各个方向（四字）,四面八方,成语;课文;课内必背,部编二年级下册·课文；部编六年级上册·课文,idiom-l3-0596,idiom:四面八方,课文,idiom:四面八方,四面八方,recite,all,
idiom,L1,二年级下,下面的写法对不对？,错,成语;课文;课内必背,部编二年级下册·课文；部编六年级上册·课文,idiom-l3-0596:char_judge,idiom:四面八方,char_judge,idiom:四面八方,四面八方,char_judge,lower,"{""display"": ""四甲八方""}"
idiom,L1,二年级下,「四面八方」的意思是？,周围各个方向,成语;课文;课内必背,部编二年级下册·课文；部编六年级上册·课文,idiom-l3-0596:meaning_choice,idiom:四面八方,meaning_choice,idiom:四面八方,四面八方,meaning_choice,upper,"{""choices"": [""非常吃惊"", ""凶狠或得意地挥舞"", ""经历过很多艰苦"", ""周围各个方向""]}"
idiom,L1,六年级上,不加咀嚼地整吞，比喻不求甚解（四字）,囫囵吞枣,成语;课文;课内必背,部编六年级上册·课文,idiom-l3-0991,idiom:囫囵吞枣,课文,idiom:囫囵吞枣,囫囵吞枣,recite,all,
idiom,L1,六年级上,下面的写法对不对？,对,成语;课文;课内必背,部编六年级上册·课文,idiom-l3-0991:char_judge,idiom:囫囵吞枣,char_judge,idiom:囫囵吞枣,囫囵吞枣,char_judge,lower,"{""display"": ""囫囵吞枣""}"
idiom,L1,六年级上,「囫囵吞枣」的意思是？,不加咀嚼地整吞，比喻不求甚解,成语;课文;课内必背,部编六年级上册·课文,idiom-l3-0991:meaning_choice,idiom:囫囵吞枣,meaning_choice,idiom:囫囵吞枣,囫囵吞枣,meaning_choice,upper,"{""choices"": [""嘴里很干"", ""智谋很多"", ""样子很庄重认真"", ""不加咀嚼地整吞，比喻不求甚解""]}"
idiom,L1,五年级上,国家太平，人民安乐（四字）,国泰民安,成语;日积月累;课内必背,部编五年级上册·日积月累,idiom-l1-0014,idiom:国泰民安,日积月累,idiom:国泰民安,国泰民安,recite,all,
idiom,L1,五年级上,下面的写法对不对？,错,成语;日积月累;课内必背,部编五年级上册·日积月累,idiom-l1-0014:char_judge,idiom:国泰民安,char_judge,idiom:国泰民安,国泰民安,char_judge,lower,"{""display"": ""国泰民甲""}"
idiom,L1,五年级上,「国泰民安」的意思是？,国家太平，人民安乐,成语;日积月累;课内必背,部编五年级上册·日积月累,idiom-l1-0014:meaning_choice,idiom:国泰民安,meaning_choice,idiom:国泰民安,国泰民安,meaning_choice,upper,"{""choices"": [""轻快地唱、柔美地舞"", ""颜色很多"", ""刚哭完又笑了"", ""国家太平，人民安乐""]}"
idiom,L1,二年级上,眼界很小（四字）,坐井观天,成语;课文;课内必背,部编二年级上册·课文,idiom-l2-0079,idiom:坐井观天,课文,idiom:坐井观天,坐井观天,recite,all,
idiom,L1,二年级上,下面的写法对不对？,错,成语;课文;课内必背,部编二年级上册·课文,idiom-l2-0079:char_judge,idiom:坐井观天,char_judge,idiom:坐井观天,坐井观天,char_judge,lower,"{""display"": ""坐甲观天""}"
idiom,L1,二年级上,「坐井观天」的意思是？,眼界很小,成语;课文;课内必背,部编二年级上册·课文,idiom-l2-0079:meaning_choice,idiom:坐井观天,meaning_choice,idiom:坐井观天,坐井观天,meaning_choice,upper,"{""choices"": [""桂花香气飘散"", ""一切都换成了新气象"", ""急得不能再等"", ""眼界很小""]}"
idiom,L1,五年级上,费尽心思谋划（多含贬义）（四字）,处心积虑,成语;课文;课内必背,部编五年级上册·课文,idiom-tb-0020,idiom:处心积虑,课文,idiom:处心积虑,处心积虑,recite,all,
idiom,L1,五年级上,下面的写法对不对？,错,成语;课文;课内必背,部编五年级上册·课文,idiom-tb-0020:char_judge,idiom:处心积虑,char_judge,idiom:处心积虑,处心积虑,char_judge,lower,"{""display"": ""甲心积虑""}"
idiom,L1,五年级上,「处心积虑」的意思是？,费尽心思谋划（多含贬义）,成语;课文;课内必背,部编五年级上册·课文,idiom-tb-0020:meaning_choice,idiom:处心积虑,meaning_choice,idiom:处心积虑,处心积虑,meaning_choice,upper,"{""choices"": [""美丽得没有谁能比"", ""非常安静"", ""费尽心思谋划（多含贬义）"", ""文雅有礼貌""]}"
idiom,L1,五年级上,事故很多的时期（四字）,多事之秋,成语;日积月累;课内必背,部编五年级上册·日积月累,idiom-l1-0015,idiom:多事之秋,日积月累,idiom:多事之秋,多事之秋,recite,all,
idiom,L1,五年级上,下面的写法对不对？,对,成语;日积月累;课内必背,部编五年级上册·日积月累,idiom-l1-0015:char_judge,idiom:多事之秋,char_judge,idiom:多事之秋,多事之秋,char_judge,lower,"{""display"": ""多事之秋""}"
idiom,L1,五年级上,「多事之秋」的意思是？,事故很多的时期,成语;日积月累;课内必背,部编五年级上册·日积月累,idiom-l1-0015:meaning_choice,idiom:多事之秋,meaning_choice,idiom:多事之秋,多事之秋,meaning_choice,upper,"{""choices"": [""事故很多的时期"", ""描写秋天的成语"", ""描写秋天的成语"", ""描写秋天的成语""]}"
idiom,L1,五年级上,夜里不用关门，社会安定（四字）,夜不闭户,成语;日积月累;课内必背,部编五年级上册·日积月累,idiom-l1-0016,idiom:夜不闭户,日积月累,idiom:夜不闭户,夜不闭户,recite,all,
idiom,L1,五年级上,下面的写法对不对？,对,成语;日积月累;课内必背,部编五年级上册·日积月累,idiom-l1-0016:char_judge,idiom:夜不闭户,char_judge,idiom:夜不闭户,夜不闭户,char_judge,lower,"{""display"": ""夜不闭户""}"
idiom,L1,五年级上,「夜不闭户」的意思是？,夜里不用关门，社会安定,成语;日积月累;课内必背,部编五年级上册·日积月累,idiom-l1-0016:meaning_choice,idiom:夜不闭户,meaning_choice,idiom:夜不闭户,夜不闭户,meaning_choice,upper,"{""choices"": [""一眼望不到边"", ""描写夏天的成语"", ""夜里不用关门，社会安定"", ""色彩又多又好看""]}"
idiom,L1,三年级上,非常吃惊（四字）,大吃一惊,成语;课文;课内必背,部编三年级上册·课文,idiom-tb-0021,idiom:大吃一惊,课文,idiom:大吃一惊,大吃一惊,recite,all,
idiom,L1,三年级上,下面的写法对不对？,错,成语;课文;课内必背,部编三年级上册·课文,idiom-tb-0021:char_judge,idiom:大吃一惊,char_judge,idiom:大吃一惊,大吃一惊,char_judge,lower,"{""display"": ""太吃一惊""}"
idiom,L1,三年级上,「大吃一惊」的意思是？,非常吃惊,成语;课文;课内必背,部编三年级上册·课文,idiom-tb-0021:meaning_choice,idiom:大吃一惊,meaning_choice,idiom:大吃一惊,大吃一惊,meaning_choice,upper,"{""choices"": [""到处是流离失所的灾民"", ""头发散乱"", ""眼睛手都很快"", ""非常吃惊""]}"
idiom,L1,二年级上,走路很神气、满不在乎（四字）,大摇大摆,成语;课文;课内必背,部编二年级上册·课文,idiom-l3-1029,idiom:大摇大摆,课文,idiom:大摇大摆,大摇大摆,recite,all,
idiom,L1,二年级上,下面的写法对不对？,对,成语;课文;课内必背,部编二年级上册·课文,idiom-l3-1029:char_judge,idiom:大摇大摆,char_judge,idiom:大摇大摆,大摇大摆,char_judge,lower,"{""display"": ""大摇大摆""}"
idiom,L1,二年级上,「大摇大摆」的意思是？,走路很神气、满不在乎,成语;课文;课内必背,部编二年级上册·课文,idiom-l3-1029:meaning_choice,idiom:大摇大摆,meaning_choice,idiom:大摇大摆,大摇大摆,meaning_choice,upper,"{""choices"": [""走路很神气、满不在乎"", ""含有动物的成语"", ""含有动物的成语"", ""含有动物的成语""]}"
idiom,L1,六年级上,自然界最美的声音（四字）,天籁之音,成语;日积月累;课内必背,部编六年级上册·日积月累,idiom-l1-0017,idiom:天籁之音,日积月累,idiom:天籁之音,天籁之音,recite,all,
idiom,L1,六年级上,下面的写法对不对？,对,成语;日积月累;课内必背,部编六年级上册·日积月累,idiom-l1-0017:char_judge,idiom:天籁之音,char_judge,idiom:天籁之音,天籁之音,char_judge,lower,"{""display"": ""天籁之音""}"
idiom,L1,六年级上,「天籁之音」的意思是？,自然界最美的声音,成语;日积月累;课内必背,部编六年级上册·日积月累,idiom-l1-0017:meaning_choice,idiom:天籁之音,meaning_choice,idiom:天籁之音,天籁之音,meaning_choice,upper,"{""choices"": [""书法笔势奔放"", ""得意得忘了自己是谁"", ""自然界最美的声音"", ""像老虎一样盯着，想扑上去""]}"
idiom,L1,五年级下,像是天地特意安排的，非常合适（四字）,天造地设,成语;课文;课内必背,部编五年级下册·课文,idiom-tb-0022,idiom:天造地设,课文,idiom:天造地设,天造地设,recite,all,
idiom,L1,五年级下,下面的写法对不对？,对,成语;课文;课内必背,部编五年级下册·课文,idiom-tb-0022:char_judge,idiom:天造地设,char_judge,idiom:天造地设,天造地设,char_judge,lower,"{""display"": ""天造地设""}"
idiom,L1,五年级下,「天造地设」的意思是？,像是天地特意安排的，非常合适,成语;课文;课内必背,部编五年级下册·课文,idiom-tb-0022:meaning_choice,idiom:天造地设,meaning_choice,idiom:天造地设,天造地设,meaning_choice,upper,"{""choices"": [""描写神态的成语"", ""描写神态的成语"", ""像是天地特意安排的，非常合适"", ""想尽办法读书""]}"
idiom,L1,三年级上,天空高远，云很淡（四字）,天高云淡,成语;日积月累;课内必背,部编三年级上册·日积月累,idiom-l1-0018,idiom:天高云淡,日积月累,idiom:天高云淡,天高云淡,recite,all,
idiom,L1,三年级上,下面的写法对不对？,对,成语;日积月累;课内必背,部编三年级上册·日积月累,idiom-l1-0018:char_judge,idiom:天高云淡,char_judge,idiom:天高云淡,天高云淡,char_judge,lower,"{""display"": ""天高云淡""}"
idiom,L1,三年级上,「天高云淡」的意思是？,天空高远，云很淡,成语;日积月累;课内必背,部编三年级上册·日积月累,idiom-l1-0018:meaning_choice,idiom:天高云淡,meaning_choice,idiom:天高云淡,天高云淡,meaning_choice,upper,"{""choices"": [""天空高远，云很淡"", ""没有办法可想"", ""身材魁梧"", ""特别容易被人看见""]}"
idiom,L1,四年级下,天地非常广阔（四字）,天高地阔,成语;课文;课内必背,部编四年级下册·课文,idiom-tb-0023,idiom:天高地阔,课文,idiom:天高地阔,天高地阔,recite,all,
idiom,L1,四年级下,下面的写法对不对？,错,成语;课文;课内必背,部编四年级下册·课文,idiom-tb-0023:char_judge,idiom:天高地阔,char_judge,idiom:天高地阔,天高地阔,char_judge,lower,"{""display"": ""天甲地阔""}"
idiom,L1,四年级下,「天高地阔」的意思是？,天地非常广阔,成语;课文;课内必背,部编四年级下册·课文,idiom-tb-0023:meaning_choice,idiom:天高地阔,meaning_choice,idiom:天高地阔,天高地阔,meaning_choice,upper,"{""choices"": [""天地非常广阔"", ""说得很动听讨人喜欢"", ""生活安定，工作愉快"", ""刚哭完又笑了""]}"
idiom,L1,五年级上,吓得或急得没了主意（四字）,失魂落魄,成语;课文;课内必背,部编五年级上册·课文,idiom-l3-1045,idiom:失魂落魄,课文,idiom:失魂落魄,失魂落魄,recite,all,
idiom,L1,五年级上,下面的写法对不对？,对,成语;课文;课内必背,部编五年级上册·课文,idiom-l3-1045:char_judge,idiom:失魂落魄,char_judge,idiom:失魂落魄,失魂落魄,char_judge,lower,"{""display"": ""失魂落魄""}"
idiom,L1,五年级上,「失魂落魄」的意思是？,吓得或急得没了主意,成语;课文;课内必背,部编五年级上册·课文,idiom-l3-1045:meaning_choice,idiom:失魂落魄,meaning_choice,idiom:失魂落魄,失魂落魄,meaning_choice,upper,"{""choices"": [""很多人或动物聚在一起"", ""出主意、想办法"", ""吓得或急得没了主意"", ""高兴得眉眼都舒展开""]}"
idiom,L1,六年级下,只剩下一口气，快不行了（四字）,奄奄一息,成语;课文;课内必背,部编六年级下册·课文,idiom-l3-1875,idiom:奄奄一息,课文,idiom:奄奄一息,奄奄一息,recite,all,
idiom,L1,六年级下,下面的写法对不对？,对,成语;课文;课内必背,部编六年级下册·课文,idiom-l3-1875:char_judge,idiom:奄奄一息,char_judge,idiom:奄奄一息,奄奄一息,char_judge,lower,"{""display"": ""奄奄一息""}"
idiom,L1,六年级下,「奄奄一息」的意思是？,只剩下一口气，快不行了,成语;课文;课内必背,部编六年级下册·课文,idiom-l3-1875:meaning_choice,idiom:奄奄一息,meaning_choice,idiom:奄奄一息,奄奄一息,meaning_choice,upper,"{""choices"": [""只剩下一口气，快不行了"", ""只要肯下功夫就能成功"", ""柳树绿、花儿红"", ""着急或高兴得又抓耳朵又挠腮""]}"
idiom,L1,三年级下,一直不停地流（四字）,奔流不息,成语;课文;课内必背,部编三年级下册·课文,idiom-l3-1050,idiom:奔流不息,课文,idiom:奔流不息,奔流不息,recite,all,
idiom,L1,三年级下,下面的写法对不对？,对,成语;课文;课内必背,部编三年级下册·课文,idiom-l3-1050:char_judge,idiom:奔流不息,char_judge,idiom:奔流不息,奔流不息,char_judge,lower,"{""display"": ""奔流不息""}"
idiom,L1,三年级下,「奔流不息」的意思是？,一直不停地流,成语;课文;课内必背,部编三年级下册·课文,idiom-l3-1050:meaning_choice,idiom:奔流不息,meaning_choice,idiom:奔流不息,奔流不息,meaning_choice,upper,"{""choices"": [""一直不停地流"", ""出自寓言故事的成语"", ""没想到的好事让人高兴"", ""特别容易被人看见""]}"
idiom,L1,二年级上,得到帮助后更强（四字）,如虎添翼,成语;日积月累;课内必背,部编二年级上册·日积月累,idiom-l1-0020,idiom:如虎添翼,日积月累,idiom:如虎添翼,如虎添翼,recite,all,
idiom,L1,二年级上,下面的写法对不对？,对,成语;日积月累;课内必背,部编二年级上册·日积月累,idiom-l1-0020:char_judge,idiom:如虎添翼,char_judge,idiom:如虎添翼,如虎添翼,char_judge,lower,"{""display"": ""如虎添翼""}"
idiom,L1,二年级上,「如虎添翼」的意思是？,得到帮助后更强,成语;日积月累;课内必背,部编二年级上册·日积月累,idiom-l1-0020:meaning_choice,idiom:如虎添翼,meaning_choice,idiom:如虎添翼,如虎添翼,meaning_choice,upper,"{""choices"": [""得到帮助后更强"", ""有很多话要说"", ""色彩又多又好看"", ""桂花香气飘散""]}"
idiom,L1,二年级上,做事非常顺手（四字）,如鱼得水,成语;日积月累;课内必背,部编二年级上册·日积月累,idiom-l1-0021,idiom:如鱼得水,日积月累,idiom:如鱼得水,如鱼得水,recite,all,
idiom,L1,二年级上,下面的写法对不对？,对,成语;日积月累;课内必背,部编二年级上册·日积月累,idiom-l1-0021:char_judge,idiom:如鱼得水,char_judge,idiom:如鱼得水,如鱼得水,char_judge,lower,"{""display"": ""如鱼得水""}"
idiom,L1,二年级上,「如鱼得水」的意思是？,做事非常顺手,成语;日积月累;课内必背,部编二年级上册·日积月累,idiom-l1-0021:meaning_choice,idiom:如鱼得水,meaning_choice,idiom:如鱼得水,如鱼得水,meaning_choice,upper,"{""choices"": [""做事非常顺手"", ""借别人的威势吓唬人"", ""身材修长美丽"", ""颜色又多又好看""]}"
idiom,L1,六年级上,文笔非常出色（四字）,妙笔生花,成语;日积月累;课内必背,部编六年级上册·日积月累,idiom-l1-0022,idiom:妙笔生花,日积月累,idiom:妙笔生花,妙笔生花,recite,all,
idiom,L1,六年级上,下面的写法对不对？,对,成语;日积月累;课内必背,部编六年级上册·日积月累,idiom-l1-0022:char_judge,idiom:妙笔生花,char_judge,idiom:妙笔生花,妙笔生花,char_judge,lower,"{""display"": ""妙笔生花""}"
idiom,L1,六年级上,「妙笔生花」的意思是？,文笔非常出色,成语;日积月累;课内必背,部编六年级上册·日积月累,idiom-l1-0022:meaning_choice,idiom:妙笔生花,meaning_choice,idiom:妙笔生花,妙笔生花,meaning_choice,upper,"{""choices"": [""全部显露出来，什么也藏不住"", ""文笔非常出色"", ""名声传到国内外"", ""从细小处看出大趋势""]}"
idiom,L1,五年级下,气势使人敬畏（四字）,威风凛凛,成语;日积月累;课内必背,部编五年级下册·日积月累,idiom-l1-0023,idiom:威风凛凛,日积月累,idiom:威风凛凛,威风凛凛,recite,all,
idiom,L1,五年级下,下面的写法对不对？,错,成语;日积月累;课内必背,部编五年级下册·日积月累,idiom-l1-0023:char_judge,idiom:威风凛凛,char_judge,idiom:威风凛凛,威风凛凛,char_judge,lower,"{""display"": ""威甲凛凛""}"
idiom,L1,五年级下,「威风凛凛」的意思是？,气势使人敬畏,成语;日积月累;课内必背,部编五年级下册·日积月累,idiom-l1-0023:meaning_choice,idiom:威风凛凛,meaning_choice,idiom:威风凛凛,威风凛凛,meaning_choice,upper,"{""choices"": [""像老虎一样盯着，想扑上去"", ""气势使人敬畏"", ""自己跟自己说话"", ""秋天天气清爽""]}"
idiom,L1,三年级下,不想努力，只等现成的（四字）,守株待兔,成语;课文;课内必背,部编三年级下册·课文,idiom-l2-0081,idiom:守株待兔,课文,idiom:守株待兔,守株待兔,recite,all,
idiom,L1,三年级下,下面的写法对不对？,错,成语;课文;课内必背,部编三年级下册·课文,idiom-l2-0081:char_judge,idiom:守株待兔,char_judge,idiom:守株待兔,守株待兔,char_judge,lower,"{""display"": ""守株待甲""}"
idiom,L1,三年级下,「守株待兔」的意思是？,不想努力，只等现成的,成语;课文;课内必背,部编三年级下册·课文,idiom-l2-0081:meaning_choice,idiom:守株待兔,meaning_choice,idiom:守株待兔,守株待兔,meaning_choice,upper,"{""choices"": [""不想努力，只等现成的"", ""不知该哭还是该笑"", ""心里早有了主意"", ""人非常多""]}"
idiom,L1,二年级上,生活安定，工作愉快（四字）,安居乐业,成语;课文;日积月累;课内必背,部编二年级上册·课文；部编五年级上册·日积月累,idiom-l1-0024,idiom:安居乐业,课文,idiom:安居乐业,安居乐业,recite,all,
idiom,L1,二年级上,下面的写法对不对？,对,成语;课文;日积月累;课内必背,部编二年级上册·课文；部编五年级上册·日积月累,idiom-l1-0024:char_judge,idiom:安居乐业,char_judge,idiom:安居乐业,安居乐业,char_judge,lower,"{""display"": ""安居乐业""}"
idiom,L1,二年级上,「安居乐业」的意思是？,生活安定，工作愉快,成语;课文;日积月累;课内必背,部编二年级上册·课文；部编五年级上册·日积月累,idiom-l1-0024:meaning_choice,idiom:安居乐业,meaning_choice,idiom:安居乐业,安居乐业,meaning_choice,upper,"{""choices"": [""全部显露出来，什么也藏不住"", ""几句话就说完"", ""本领比别人高一截"", ""生活安定，工作愉快""]}"
idiom,L1,五年级上,把东西完好无损地归还原主（四字）,完璧归赵,成语;课文;课内必背,部编五年级上册·课文,idiom-l3-0411,idiom:完璧归赵,课文,idiom:完璧归赵,完璧归赵,recite,all,
idiom,L1,五年级上,下面的写法对不对？,对,成语;课文;课内必背,部编五年级上册·课文,idiom-l3-0411:char_judge,idiom:完璧归赵,char_judge,idiom:完璧归赵,完璧归赵,char_judge,lower,"{""display"": ""完璧归赵""}"
idiom,L1,五年级上,「完璧归赵」的意思是？,把东西完好无损地归还原主,成语;课文;课内必背,部编五年级上册·课文,idiom-l3-0411:meaning_choice,idiom:完璧归赵,meaning_choice,idiom:完璧归赵,完璧归赵,meaning_choice,upper,"{""choices"": [""没有风浪，也指局势安定"", ""事情还没发生就知道"", ""家庭毁了，人也没了"", ""把东西完好无损地归还原主""]}"
idiom,L1,二年级上,危害集体的人（四字）,害群之马,成语;日积月累;课内必背,部编二年级上册·日积月累,idiom-l1-0025,idiom:害群之马,日积月累,idiom:害群之马,害群之马,recite,all,
idiom,L1,二年级上,下面的写法对不对？,错,成语;日积月累;课内必背,部编二年级上册·日积月累,idiom-l1-0025:char_judge,idiom:害群之马,char_judge,idiom:害群之马,害群之马,char_judge,lower,"{""display"": ""害甲之马""}"
idiom,L1,二年级上,「害群之马」的意思是？,危害集体的人,成语;日积月累;课内必背,部编二年级上册·日积月累,idiom-l1-0025:meaning_choice,idiom:害群之马,meaning_choice,idiom:害群之马,害群之马,meaning_choice,upper,"{""choices"": [""色彩繁多"", ""危害集体的人"", ""桂花香气飘散"", ""比谁更美丽出众""]}"
idiom,L1,五年级上,家庭毁了，人也没了（四字）,家破人亡,成语;日积月累;课内必背,部编五年级上册·日积月累,idiom-l1-0026,idiom:家破人亡,日积月累,idiom:家破人亡,家破人亡,recite,all,
idiom,L1,五年级上,下面的写法对不对？,错,成语;日积月累;课内必背,部编五年级上册·日积月累,idiom-l1-0026:char_judge,idiom:家破人亡,char_judge,idiom:家破人亡,家破人亡,char_judge,lower,"{""display"": ""家甲人亡""}"
idiom,L1,五年级上,「家破人亡」的意思是？,家庭毁了，人也没了,成语;日积月累;课内必背,部编五年级上册·日积月累,idiom-l1-0026:meaning_choice,idiom:家破人亡,meaning_choice,idiom:家破人亡,家破人亡,meaning_choice,upper,"{""choices"": [""有很多话要说"", ""家庭毁了，人也没了"", ""到处都可以当作家"", ""眼界很小""]}"
idiom,L1,五年级下,脸上很有光彩、很有精神（四字）,容光焕发,成语;日积月累;课内必背,部编五年级下册·日积月累,idiom-l2-0326,idiom:容光焕发,日积月累,idiom:容光焕发,容光焕发,recite,all,
idiom,L1,五年级下,下面的写法对不对？,错,成语;日积月累;课内必背,部编五年级下册·日积月累,idiom-l2-0326:char_judge,idiom:容光焕发,char_judge,idiom:容光焕发,容光焕发,char_judge,lower,"{""display"": ""容光甲发""}"
idiom,L1,五年级下,「容光焕发」的意思是？,脸上很有光彩、很有精神,成语;日积月累;课内必背,部编五年级下册·日积月累,idiom-l2-0326:meaning_choice,idiom:容光焕发,meaning_choice,idiom:容光焕发,容光焕发,meaning_choice,upper,"{""choices"": [""脸上很有光彩、很有精神"", ""借别人的威势吓唬人"", ""气魄很大的话"", ""抬起头、挺起胸，很有精神""]}"
idiom,L1,五年级上,什么植物都长不出来（四字）,寸草不生,成语;课文;课内必背,部编五年级上册·课文,idiom-tb-0024,idiom:寸草不生,课文,idiom:寸草不生,寸草不生,recite,all,
idiom,L1,五年级上,下面的写法对不对？,错,成语;课文;课内必背,部编五年级上册·课文,idiom-tb-0024:char_judge,idiom:寸草不生,char_judge,idiom:寸草不生,寸草不生,char_judge,lower,"{""display"": ""甲草不生""}"
idiom,L1,五年级上,「寸草不生」的意思是？,什么植物都长不出来,成语;课文;课内必背,部编五年级上册·课文,idiom-tb-0024:meaning_choice,idiom:寸草不生,meaning_choice,idiom:寸草不生,寸草不生,meaning_choice,upper,"{""choices"": [""出自寓言故事的成语"", ""出自寓言故事的成语"", ""出自寓言故事的成语"", ""什么植物都长不出来""]}"
idiom,L1,二年级上,很少说话（四字）,少言寡语,成语;日积月累;课内必背,部编二年级上册·日积月累,idiom-tb-0025,idiom:少言寡语,日积月累,idiom:少言寡语,少言寡语,recite,all,
idiom,L1,二年级上,下面的写法对不对？,错,成语;日积月累;课内必背,部编二年级上册·日积月累,idiom-tb-0025:char_judge,idiom:少言寡语,char_judge,idiom:少言寡语,少言寡语,char_judge,lower,"{""display"": ""少言寡悟""}"
idiom,L1,二年级上,「少言寡语」的意思是？,很少说话,成语;日积月累;课内必背,部编二年级上册·日积月累,idiom-tb-0025:meaning_choice,idiom:少言寡语,meaning_choice,idiom:少言寡语,少言寡语,meaning_choice,upper,"{""choices"": [""著名的高山和大河"", ""有些信、有些不信"", ""刚哭完又笑了"", ""很少说话""]}"
idiom,L1,四年级上,拘束、心里不踏实（四字）,局促不安,成语;课文;课内必背,部编四年级上册·课文,idiom-tb-0026,idiom:局促不安,课文,idiom:局促不安,局促不安,recite,all,
idiom,L1,四年级上,下面的写法对不对？,错,成语;课文;课内必背,部编四年级上册·课文,idiom-tb-0026:char_judge,idiom:局促不安,char_judge,idiom:局促不安,局促不安,char_judge,lower,"{""display"": ""局促步安""}"
idiom,L1,四年级上,「局促不安」的意思是？,拘束、心里不踏实,成语;课文;课内必背,部编四年级上册·课文,idiom-tb-0026:meaning_choice,idiom:局促不安,meaning_choice,idiom:局促不安,局促不安,meaning_choice,upper,"{""choices"": [""拘束、心里不踏实"", ""字写得有气势"", ""年老体衰、行动不灵便"", ""比谁更美丽出众""]}"
idiom,L1,二年级上,树林层层翠绿（四字）,层林叠翠,成语;日积月累;课内必背,部编二年级上册·日积月累,idiom-tb-0027,idiom:层林叠翠,日积月累,idiom:层林叠翠,层林叠翠,recite,all,
idiom,L1,二年级上,下面的写法对不对？,错,成语;日积月累;课内必背,部编二年级上册·日积月累,idiom-tb-0027:char_judge,idiom:层林叠翠,char_judge,idiom:层林叠翠,层林叠翠,char_judge,lower,"{""display"": ""层甲叠翠""}"
idiom,L1,二年级上,「层林叠翠」的意思是？,树林层层翠绿,成语;日积月累;课内必背,部编二年级上册·日积月累,idiom-tb-0027:meaning_choice,idiom:层林叠翠,meaning_choice,idiom:层林叠翠,层林叠翠,meaning_choice,upper,"{""choices"": [""不想努力，只等现成的"", ""从一片落叶知道秋天到了"", ""树林层层翠绿"", ""全部显露出来，什么也藏不住""]}"
idiom,L1,三年级上,树林层层变色（四字）,层林尽染,成语;日积月累;课内必背,部编三年级上册·日积月累,idiom-l1-0027,idiom:层林尽染,日积月累,idiom:层林尽染,层林尽染,recite,all,
idiom,L1,三年级上,下面的写法对不对？,错,成语;日积月累;课内必背,部编三年级上册·日积月累,idiom-l1-0027:char_judge,idiom:层林尽染,char_judge,idiom:层林尽染,层林尽染,char_judge,lower,"{""display"": ""甲林尽染""}"
idiom,L1,三年级上,「层林尽染」的意思是？,树林层层变色,成语;日积月累;课内必背,部编三年级上册·日积月累,idiom-l1-0027:meaning_choice,idiom:层林尽染,meaning_choice,idiom:层林尽染,层林尽染,meaning_choice,upper,"{""choices"": [""树林层层变色"", ""兴趣很浓"", ""到处是冰和雪"", ""果实结得很多""]}"
idiom,L1,六年级上,占据高处，向下俯视（四字）,居高临下,成语;课文;课内必背,部编六年级上册·课文,idiom-tb-0028,idiom:居高临下,课文,idiom:居高临下,居高临下,recite,all,
idiom,L1,六年级上,下面的写法对不对？,错,成语;课文;课内必背,部编六年级上册·课文,idiom-tb-0028:char_judge,idiom:居高临下,char_judge,idiom:居高临下,居高临下,char_judge,lower,"{""display"": ""居高临甲""}"
idiom,L1,六年级上,「居高临下」的意思是？,占据高处，向下俯视,成语;课文;课内必背,部编六年级上册·课文,idiom-tb-0028:meaning_choice,idiom:居高临下,meaning_choice,idiom:居高临下,居高临下,meaning_choice,upper,"{""choices"": [""在困难时给人帮助"", ""占据高处，向下俯视"", ""战争造成的混乱"", ""脸色温和愉快""]}"
idiom,L1,四年级上,山塌地裂，声势极大（四字）,山崩地裂,成语;课文;课内必背,部编四年级上册·课文,idiom-tb-0029,idiom:山崩地裂,课文,idiom:山崩地裂,山崩地裂,recite,all,
idiom,L1,四年级上,下面的写法对不对？,错,成语;课文;课内必背,部编四年级上册·课文,idiom-tb-0029:char_judge,idiom:山崩地裂,char_judge,idiom:山崩地裂,山崩地裂,char_judge,lower,"{""display"": ""山甲地裂""}"
idiom,L1,四年级上,「山崩地裂」的意思是？,山塌地裂，声势极大,成语;课文;课内必背,部编四年级上册·课文,idiom-tb-0029:meaning_choice,idiom:山崩地裂,meaning_choice,idiom:山崩地裂,山崩地裂,meaning_choice,upper,"{""choices"": [""柳树绿、花儿红"", ""头发白了，脸色却像小孩一样红润"", ""名声和实际相符"", ""山塌地裂，声势极大""]}"
idiom,L1,一年级上,风景优美（四字）,山清水秀,成语;课文;课内必背,部编一年级上册·课文,idiom-l2-0208,idiom:山清水秀,课文,idiom:山清水秀,山清水秀,recite,all,
idiom,L1,一年级上,下面的写法对不对？,对,成语;课文;课内必背,部编一年级上册·课文,idiom-l2-0208:char_judge,idiom:山清水秀,char_judge,idiom:山清水秀,山清水秀,char_judge,lower,"{""display"": ""山清水秀""}"
idiom,L1,一年级上,「山清水秀」的意思是？,风景优美,成语;课文;课内必背,部编一年级上册·课文,idiom-l2-0208:meaning_choice,idiom:山清水秀,meaning_choice,idiom:山清水秀,山清水秀,meaning_choice,upper,"{""choices"": [""风景优美"", ""自己的说法或做法互相冲突"", ""刚哭完又笑了"", ""眼睛手都很快""]}"
idiom,L1,二年级上,到了山和水的尽头，没有出路（四字）,山穷水尽,成语;日积月累;课内必背,部编二年级上册·日积月累,idiom-l2-0209,idiom:山穷水尽,日积月累,idiom:山穷水尽,山穷水尽,recite,all,
idiom,L1,二年级上,下面的写法对不对？,对,成语;日积月累;课内必背,部编二年级上册·日积月累,idiom-l2-0209:char_judge,idiom:山穷水尽,char_judge,idiom:山穷水尽,山穷水尽,char_judge,lower,"{""display"": ""山穷水尽""}"
idiom,L1,二年级上,「山穷水尽」的意思是？,到了山和水的尽头，没有出路,成语;日积月累;课内必背,部编二年级上册·日积月累,idiom-l2-0209:meaning_choice,idiom:山穷水尽,meaning_choice,idiom:山穷水尽,山穷水尽,meaning_choice,upper,"{""choices"": [""天空蓝得像洗过一样"", ""到了山和水的尽头，没有出路"", ""人长寿，收成好"", ""眼睛明亮、牙齿洁白""]}"
idiom,L1,四年级上,这边看看那边看看（四字）,左顾右盼,成语;课文;课内必背,部编四年级上册·课文,idiom-l3-1122,idiom:左顾右盼,课文,idiom:左顾右盼,左顾右盼,recite,all,
idiom,L1,四年级上,下面的写法对不对？,错,成语;课文;课内必背,部编四年级上册·课文,idiom-l3-1122:char_judge,idiom:左顾右盼,char_judge,idiom:左顾右盼,左顾右盼,char_judge,lower,"{""display"": ""左顾右甲""}"
idiom,L1,四年级上,「左顾右盼」的意思是？,这边看看那边看看,成语;课文;课内必背,部编四年级上册·课文,idiom-l3-1122:meaning_choice,idiom:左顾右盼,meaning_choice,idiom:左顾右盼,左顾右盼,meaning_choice,upper,"{""choices"": [""这边看看那边看看"", ""色彩繁多"", ""风景优美"", ""走路很神气、满不在乎""]}"
idiom,L1,六年级上,人工比自然还精巧（四字）,巧夺天工,成语;日积月累;课内必背,部编六年级上册·日积月累,idiom-l1-0028,idiom:巧夺天工,日积月累,idiom:巧夺天工,巧夺天工,recite,all,
idiom,L1,六年级上,下面的写法对不对？,错,成语;日积月累;课内必背,部编六年级上册·日积月累,idiom-l1-0028:char_judge,idiom:巧夺天工,char_judge,idiom:巧夺天工,巧夺天工,char_judge,lower,"{""display"": ""巧甲天工""}"
idiom,L1,六年级上,「巧夺天工」的意思是？,人工比自然还精巧,成语;日积月累;课内必背,部编六年级上册·日积月累,idiom-l1-0028:meaning_choice,idiom:巧夺天工,meaning_choice,idiom:巧夺天工,巧夺天工,meaning_choice,upper,"{""choices"": [""人工比自然还精巧"", ""描写冬天的成语"", ""描写冬天的成语"", ""描写冬天的成语""]}"
idiom,L1,二年级下,特别容易被人看见（四字）,引人注目,成语;课文;课内必背,部编二年级下册·课文,idiom-l3-1147,idiom:引人注目,课文,idiom:引人注目,引人注目,recite,all,
idiom,L1,二年级下,下面的写法对不对？,对,成语;课文;课内必背,部编二年级下册·课文,idiom-l3-1147:char_judge,idiom:引人注目,char_judge,idiom:引人注目,引人注目,char_judge,lower,"{""display"": ""引人注目""}"
idiom,L1,二年级下,「引人注目」的意思是？,特别容易被人看见,成语;课文;课内必背,部编二年级下册·课文,idiom-l3-1147:meaning_choice,idiom:引人注目,meaning_choice,idiom:引人注目,引人注目,meaning_choice,upper,"{""choices"": [""天空蓝得像洗过一样"", ""疑神疑鬼，自己吓自己"", ""什么都伤害不了"", ""特别容易被人看见""]}"
idiom,L1,六年级上,弄错了对象或事实（四字）,张冠李戴,成语;课文;课内必背,部编六年级上册·课文,idiom-l3-1149,idiom:张冠李戴,课文,idiom:张冠李戴,张冠李戴,recite,all,
idiom,L1,六年级上,下面的写法对不对？,对,成语;课文;课内必背,部编六年级上册·课文,idiom-l3-1149:char_judge,idiom:张冠李戴,char_judge,idiom:张冠李戴,张冠李戴,char_judge,lower,"{""display"": ""张冠李戴""}"
idiom,L1,六年级上,「张冠李戴」的意思是？,弄错了对象或事实,成语;课文;课内必背,部编六年级上册·课文,idiom-l3-1149:meaning_choice,idiom:张冠李戴,meaning_choice,idiom:张冠李戴,张冠李戴,meaning_choice,upper,"{""choices"": [""颜色很多"", ""头摇来摇去，得意或入神"", ""泉水发出叮咚声"", ""弄错了对象或事实""]}"
idiom,L1,三年级上,凶狠或得意地挥舞（四字）,张牙舞爪,成语;日积月累;课内必背,部编三年级上册·日积月累,idiom-l3-1152,idiom:张牙舞爪,日积月累,idiom:张牙舞爪,张牙舞爪,recite,all,
idiom,L1,三年级上,下面的写法对不对？,对,成语;日积月累;课内必背,部编三年级上册·日积月累,idiom-l3-1152:char_judge,idiom:张牙舞爪,char_judge,idiom:张牙舞爪,张牙舞爪,char_judge,lower,"{""display"": ""张牙舞爪""}"
idiom,L1,三年级上,「张牙舞爪」的意思是？,凶狠或得意地挥舞,成语;日积月累;课内必背,部编三年级上册·日积月累,idiom-l3-1152:meaning_choice,idiom:张牙舞爪,meaning_choice,idiom:张牙舞爪,张牙舞爪,meaning_choice,upper,"{""choices"": [""凶狠或得意地挥舞"", ""声势或影响极大"", ""头发白了，脸色却像小孩一样红润"", ""五官清秀好看""]}"
idiom,L1,三年级下,样子各不相同（四字）,形态各异,成语;课文;课内必背,部编三年级下册·课文,idiom-tb-0030,idiom:形态各异,课文,idiom:形态各异,形态各异,recite,all,
idiom,L1,三年级下,下面的写法对不对？,错,成语;课文;课内必背,部编三年级下册·课文,idiom-tb-0030:char_judge,idiom:形态各异,char_judge,idiom:形态各异,形态各异,char_judge,lower,"{""display"": ""甲态各异""}"
idiom,L1,三年级下,「形态各异」的意思是？,样子各不相同,成语;课文;课内必背,部编三年级下册·课文,idiom-tb-0030:meaning_choice,idiom:形态各异,meaning_choice,idiom:形态各异,形态各异,meaning_choice,upper,"{""choices"": [""大声地笑"", ""样子各不相同"", ""看惯了，不觉得奇怪"", ""危害集体的人""]}"
idiom,L1,四年级下,文雅有礼貌（四字）,彬彬有礼,成语;日积月累;课内必背,部编四年级下册·日积月累,idiom-tb-0031,idiom:彬彬有礼,日积月累,idiom:彬彬有礼,彬彬有礼,recite,all,
idiom,L1,四年级下,下面的写法对不对？,对,成语;日积月累;课内必背,部编四年级下册·日积月累,idiom-tb-0031:char_judge,idiom:彬彬有礼,char_judge,idiom:彬彬有礼,彬彬有礼,char_judge,lower,"{""display"": ""彬彬有礼""}"
idiom,L1,四年级下,「彬彬有礼」的意思是？,文雅有礼貌,成语;日积月累;课内必背,部编四年级下册·日积月累,idiom-tb-0031:meaning_choice,idiom:彬彬有礼,meaning_choice,idiom:彬彬有礼,彬彬有礼,meaning_choice,upper,"{""choices"": [""借别人的威势吓唬人"", ""不清楚、弄不明白"", ""靠近山、靠近水"", ""文雅有礼貌""]}"
idiom,L1,五年级上,称心如意、神气十足（四字）,得意扬扬,成语;课文;课内必背,部编五年级上册·课文,idiom-tb-0032,idiom:得意扬扬,课文,idiom:得意扬扬,得意扬扬,recite,all,
idiom,L1,五年级上,下面的写法对不对？,对,成语;课文;课内必背,部编五年级上册·课文,idiom-tb-0032:char_judge,idiom:得意扬扬,char_judge,idiom:得意扬扬,得意扬扬,char_judge,lower,"{""display"": ""得意扬扬""}"
idiom,L1,五年级上,「得意扬扬」的意思是？,称心如意、神气十足,成语;课文;课内必背,部编五年级上册·课文,idiom-tb-0032:meaning_choice,idiom:得意扬扬,meaning_choice,idiom:得意扬扬,得意扬扬,meaning_choice,upper,"{""choices"": [""称心如意、神气十足"", ""各自拿出本事"", ""大得看不到边"", ""描写景物的成语""]}"
idiom,L1,二年级上,微风轻轻吹（四字）,微风习习,成语;日积月累;课内必背,部编二年级上册·日积月累,idiom-tb-0033,idiom:微风习习,日积月累,idiom:微风习习,微风习习,recite,all,
idiom,L1,二年级上,下面的写法对不对？,错,成语;日积月累;课内必背,部编二年级上册·日积月累,idiom-tb-0033:char_judge,idiom:微风习习,char_judge,idiom:微风习习,微风习习,char_judge,lower,"{""display"": ""微风甲习""}"
idiom,L1,二年级上,「微风习习」的意思是？,微风轻轻吹,成语;日积月累;课内必背,部编二年级上册·日积月累,idiom-tb-0033:meaning_choice,idiom:微风习习,meaning_choice,idiom:微风习习,微风习习,meaning_choice,upper,"{""choices"": [""用萤火虫的光夜里读书"", ""微风轻轻吹"", ""与学习有关的成语"", ""与学习有关的成语""]}"
idiom,L1,四年级下,心里急得像火烧（四字）,心急如焚,成语;日积月累;课内必背,部编四年级下册·日积月累,idiom-l3-1176,idiom:心急如焚,日积月累,idiom:心急如焚,心急如焚,recite,all,
idiom,L1,四年级下,下面的写法对不对？,错,成语;日积月累;课内必背,部编四年级下册·日积月累,idiom-l3-1176:char_judge,idiom:心急如焚,char_judge,idiom:心急如焚,心急如焚,char_judge,lower,"{""display"": ""心急如甲""}"
idiom,L1,四年级下,「心急如焚」的意思是？,心里急得像火烧,成语;日积月累;课内必背,部编四年级下册·日积月累,idiom-l3-1176:meaning_choice,idiom:心急如焚,meaning_choice,idiom:心急如焚,心急如焚,meaning_choice,upper,"{""choices"": [""心里急得像火烧"", ""高兴得眉眼都舒展开"", ""描写场面的成语"", ""描写场面的成语""]}"
idiom,L1,六年级上,得意得忘了自己是谁（四字）,忘乎所以,成语;课文;课内必背,部编六年级上册·课文,idiom-l3-1190,idiom:忘乎所以,课文,idiom:忘乎所以,忘乎所以,recite,all,
idiom,L1,六年级上,下面的写法对不对？,对,成语;课文;课内必背,部编六年级上册·课文,idiom-l3-1190:char_judge,idiom:忘乎所以,char_judge,idiom:忘乎所以,忘乎所以,char_judge,lower,"{""display"": ""忘乎所以""}"
idiom,L1,六年级上,「忘乎所以」的意思是？,得意得忘了自己是谁,成语;课文;课内必背,部编六年级上册·课文,idiom-l3-1190:meaning_choice,idiom:忘乎所以,meaning_choice,idiom:忘乎所以,忘乎所以,meaning_choice,upper,"{""choices"": [""出自寓言故事的成语"", ""出自寓言故事的成语"", ""出自寓言故事的成语"", ""得意得忘了自己是谁""]}"
idiom,L1,二年级下,舍不得离开（四字）,恋恋不舍,成语;课文;课内必背,部编二年级下册·课文,idiom-l3-1889,idiom:恋恋不舍,课文,idiom:恋恋不舍,恋恋不舍,recite,all,
idiom,L1,二年级下,下面的写法对不对？,对,成语;课文;课内必背,部编二年级下册·课文,idiom-l3-1889:char_judge,idiom:恋恋不舍,char_judge,idiom:恋恋不舍,恋恋不舍,char_judge,lower,"{""display"": ""恋恋不舍""}"
idiom,L1,二年级下,「恋恋不舍」的意思是？,舍不得离开,成语;课文;课内必背,部编二年级下册·课文,idiom-l3-1889:meaning_choice,idiom:恋恋不舍,meaning_choice,idiom:恋恋不舍,恋恋不舍,meaning_choice,upper,"{""choices"": [""见识很短浅"", ""不说话"", ""舍不得离开"", ""书一直拿在手里，非常爱读""]}"
idiom,L1,三年级上,一下子明白过来（四字）,恍然大悟,成语;课文;课内必背,部编三年级上册·课文,idiom-l3-1200,idiom:恍然大悟,课文,idiom:恍然大悟,恍然大悟,recite,all,
idiom,L1,三年级上,下面的写法对不对？,对,成语;课文;课内必背,部编三年级上册·课文,idiom-l3-1200:char_judge,idiom:恍然大悟,char_judge,idiom:恍然大悟,恍然大悟,char_judge,lower,"{""display"": ""恍然大悟""}"
idiom,L1,三年级上,「恍然大悟」的意思是？,一下子明白过来,成语;课文;课内必背,部编三年级上册·课文,idiom-l3-1200:meaning_choice,idiom:恍然大悟,meaning_choice,idiom:恍然大悟,恍然大悟,meaning_choice,upper,"{""choices"": [""小学教辅常见成语"", ""小学教辅常见成语"", ""身材修长美丽"", ""一下子明白过来""]}"
idiom,L1,四年级下,刻苦学习，不敢打瞌睡（四字）,悬梁刺股,成语;日积月累;课内必背,部编四年级下册·日积月累,idiom-l3-1210,idiom:悬梁刺股,日积月累,idiom:悬梁刺股,悬梁刺股,recite,all,
idiom,L1,四年级下,下面的写法对不对？,错,成语;日积月累;课内必背,部编四年级下册·日积月累,idiom-l3-1210:char_judge,idiom:悬梁刺股,char_judge,idiom:悬梁刺股,悬梁刺股,char_judge,lower,"{""display"": ""悬梁刺甲""}"
idiom,L1,四年级下,「悬梁刺股」的意思是？,刻苦学习，不敢打瞌睡,成语;日积月累;课内必背,部编四年级下册·日积月累,idiom-l3-1210:meaning_choice,idiom:悬梁刺股,meaning_choice,idiom:悬梁刺股,悬梁刺股,meaning_choice,upper,"{""choices"": [""刻苦学习，不敢打瞌睡"", ""能听见邻家鸡狗的叫声，形容住得近"", ""轻快地唱、柔美地舞"", ""大声地笑""]}"
idiom,L1,五年级下,自己控制不住感情（四字）,情不自禁,成语;课文;课内必背,部编五年级下册·课文,idiom-l3-1213,idiom:情不自禁,课文,idiom:情不自禁,情不自禁,recite,all,
idiom,L1,五年级下,下面的写法对不对？,对,成语;课文;课内必背,部编五年级下册·课文,idiom-l3-1213:char_judge,idiom:情不自禁,char_judge,idiom:情不自禁,情不自禁,char_judge,lower,"{""display"": ""情不自禁""}"
idiom,L1,五年级下,「情不自禁」的意思是？,自己控制不住感情,成语;课文;课内必背,部编五年级下册·课文,idiom-l3-1213:meaning_choice,idiom:情不自禁,meaning_choice,idiom:情不自禁,情不自禁,meaning_choice,upper,"{""choices"": [""与学习有关的成语"", ""与学习有关的成语"", ""样子各不相同"", ""自己控制不住感情""]}"
idiom,L1,六年级上,声势或影响极大（四字）,惊天动地,成语;课文;课内必背,部编六年级上册·课文,idiom-l3-1216,idiom:惊天动地,课文,idiom:惊天动地,惊天动地,recite,all,
idiom,L1,六年级上,下面的写法对不对？,对,成语;课文;课内必背,部编六年级上册·课文,idiom-l3-1216:char_judge,idiom:惊天动地,char_judge,idiom:惊天动地,惊天动地,char_judge,lower,"{""display"": ""惊天动地""}"
idiom,L1,六年级上,「惊天动地」的意思是？,声势或影响极大,成语;课文;课内必背,部编六年级上册·课文,idiom-l3-1216:meaning_choice,idiom:惊天动地,meaning_choice,idiom:惊天动地,惊天动地,meaning_choice,upper,"{""choices"": [""声势或影响极大"", ""描写外貌的成语"", ""描写外貌的成语"", ""描写外貌的成语""]}"
idiom,L1,二年级上,受过惊吓后非常害怕（四字）,惊弓之鸟,成语;日积月累;课内必背,部编二年级上册·日积月累,idiom-l1-0029,idiom:惊弓之鸟,日积月累,idiom:惊弓之鸟,惊弓之鸟,recite,all,
idiom,L1,二年级上,下面的写法对不对？,错,成语;日积月累;课内必背,部编二年级上册·日积月累,idiom-l1-0029:char_judge,idiom:惊弓之鸟,char_judge,idiom:惊弓之鸟,惊弓之鸟,char_judge,lower,"{""display"": ""惊甲之鸟""}"
idiom,L1,二年级上,「惊弓之鸟」的意思是？,受过惊吓后非常害怕,成语;日积月累;课内必背,部编二年级上册·日积月累,idiom-l1-0029:meaning_choice,idiom:惊弓之鸟,meaning_choice,idiom:惊弓之鸟,惊弓之鸟,meaning_choice,upper,"{""choices"": [""描写冬天的成语"", ""描写冬天的成语"", ""受过惊吓后非常害怕"", ""弄错了对象或事实""]}"
idiom,L1,四年级下,吓得不知道该怎么办（四字）,惊慌失措,成语;日积月累;课内必背,部编四年级下册·日积月累,idiom-l3-1219,idiom:惊慌失措,日积月累,idiom:惊慌失措,惊慌失措,recite,all,
idiom,L1,四年级下,下面的写法对不对？,对,成语;日积月累;课内必背,部编四年级下册·日积月累,idiom-l3-1219:char_judge,idiom:惊慌失措,char_judge,idiom:惊慌失措,惊慌失措,char_judge,lower,"{""display"": ""惊慌失措""}"
idiom,L1,四年级下,「惊慌失措」的意思是？,吓得不知道该怎么办,成语;日积月累;课内必背,部编四年级下册·日积月累,idiom-l3-1219:meaning_choice,idiom:惊慌失措,meaning_choice,idiom:惊慌失措,惊慌失措,meaning_choice,upper,"{""choices"": [""柳树绿、花儿红"", ""吓得不知道该怎么办"", ""到了山和水的尽头，没有出路"", ""高兴得快要发狂""]}"
idiom,L1,六年级上,描摹得十分逼真（四字）,惟妙惟肖,成语;日积月累;课内必背,部编六年级上册·日积月累,idiom-l1-0030,idiom:惟妙惟肖,日积月累,idiom:惟妙惟肖,惟妙惟肖,recite,all,
idiom,L1,六年级上,下面的写法对不对？,错,成语;日积月累;课内必背,部编六年级上册·日积月累,idiom-l1-0030:char_judge,idiom:惟妙惟肖,char_judge,idiom:惟妙惟肖,惟妙惟肖,char_judge,lower,"{""display"": ""甲妙惟肖""}"
idiom,L1,六年级上,「惟妙惟肖」的意思是？,描摹得十分逼真,成语;日积月累;课内必背,部编六年级上册·日积月累,idiom-l1-0030:meaning_choice,idiom:惟妙惟肖,meaning_choice,idiom:惟妙惟肖,惟妙惟肖,meaning_choice,upper,"{""choices"": [""描摹得十分逼真"", ""与学习有关的成语"", ""与学习有关的成语"", ""与学习有关的成语""]}"
idiom,L1,五年级下,样子慈善和气（四字）,慈眉善目,成语;日积月累;课内必背,部编五年级下册·日积月累,idiom-l1-0031,idiom:慈眉善目,日积月累,idiom:慈眉善目,慈眉善目,recite,all,
idiom,L1,五年级下,下面的写法对不对？,错,成语;日积月累;课内必背,部编五年级下册·日积月累,idiom-l1-0031:char_judge,idiom:慈眉善目,char_judge,idiom:慈眉善目,慈眉善目,char_judge,lower,"{""display"": ""甲眉善目""}"
idiom,L1,五年级下,「慈眉善目」的意思是？,样子慈善和气,成语;日积月累;课内必背,部编五年级下册·日积月累,idiom-l1-0031:meaning_choice,idiom:慈眉善目,meaning_choice,idiom:慈眉善目,慈眉善目,meaning_choice,upper,"{""choices"": [""人声嘈杂得像开了锅"", ""样子慈善和气"", ""特别容易被人看见"", ""见识很短浅""]}"
idiom,L1,三年级上,很多人或动物聚在一起（四字）,成群结队,成语;课文;课内必背,部编三年级上册·课文,idiom-tb-0034,idiom:成群结队,课文,idiom:成群结队,成群结队,recite,all,
idiom,L1,三年级上,下面的写法对不对？,错,成语;课文;课内必背,部编三年级上册·课文,idiom-tb-0034:char_judge,idiom:成群结队,char_judge,idiom:成群结队,成群结队,char_judge,lower,"{""display"": ""成群结甲""}"
idiom,L1,三年级上,「成群结队」的意思是？,很多人或动物聚在一起,成语;课文;课内必背,部编三年级上册·课文,idiom-tb-0034:meaning_choice,idiom:成群结队,meaning_choice,idiom:成群结队,成群结队,meaning_choice,upper,"{""choices"": [""大声地笑"", ""不说话"", ""眼界很小"", ""很多人或动物聚在一起""]}"
idiom,L1,六年级下,完全不一样（四字）,截然不同,成语;课文;课内必背,部编六年级下册·课文,idiom-l3-1235,idiom:截然不同,课文,idiom:截然不同,截然不同,recite,all,
idiom,L1,六年级下,下面的写法对不对？,错,成语;课文;课内必背,部编六年级下册·课文,idiom-l3-1235:char_judge,idiom:截然不同,char_judge,idiom:截然不同,截然不同,char_judge,lower,"{""display"": ""截甲不同""}"
idiom,L1,六年级下,「截然不同」的意思是？,完全不一样,成语;课文;课内必背,部编六年级下册·课文,idiom-l3-1235:meaning_choice,idiom:截然不同,meaning_choice,idiom:截然不同,截然不同,meaning_choice,upper,"{""choices"": [""字写得有气势"", ""黄莺唱歌、燕子飞舞"", ""无法想象，很难理解"", ""完全不一样""]}"
idiom,L1,四年级下,书一直拿在手里，非常爱读（四字）,手不释卷,成语;日积月累;课内必背,部编四年级下册·日积月累,idiom-l3-0114,idiom:手不释卷,日积月累,idiom:手不释卷,手不释卷,recite,all,
idiom,L1,四年级下,下面的写法对不对？,错,成语;日积月累;课内必背,部编四年级下册·日积月累,idiom-l3-0114:char_judge,idiom:手不释卷,char_judge,idiom:手不释卷,手不释卷,char_judge,lower,"{""display"": ""甲不释卷""}"
idiom,L1,四年级下,「手不释卷」的意思是？,书一直拿在手里，非常爱读,成语;日积月累;课内必背,部编四年级下册·日积月累,idiom-l3-0114:meaning_choice,idiom:手不释卷,meaning_choice,idiom:手不释卷,手不释卷,meaning_choice,upper,"{""choices"": [""自然界最美的声音"", ""书一直拿在手里，非常爱读"", ""像烟云一样消失了"", ""云雾散开，眼前明亮""]}"
idiom,L1,三年级上,做事慌张没有条理（四字）,手忙脚乱,成语;日积月累;课文;课内必背,部编三年级上册·日积月累；部编五年级下册·课文,idiom-l3-1238,idiom:手忙脚乱,日积月累,idiom:手忙脚乱,手忙脚乱,recite,all,
idiom,L1,三年级上,下面的写法对不对？,错,成语;日积月累;课文;课内必背,部编三年级上册·日积月累；部编五年级下册·课文,idiom-l3-1238:char_judge,idiom:手忙脚乱,char_judge,idiom:手忙脚乱,手忙脚乱,char_judge,lower,"{""display"": ""手忙脚甲""}"
idiom,L1,三年级上,「手忙脚乱」的意思是？,做事慌张没有条理,成语;日积月累;课文;课内必背,部编三年级上册·日积月累；部编五年级下册·课文,idiom-l3-1238:meaning_choice,idiom:手忙脚乱,meaning_choice,idiom:手忙脚乱,手忙脚乱,meaning_choice,upper,"{""choices"": [""人民没法生活下去"", ""声音大得耳朵都要聋了"", ""情况变了还用老办法"", ""做事慌张没有条理""]}"
idiom,L1,六年级上,本领比别人高一截（四字）,技高一筹,成语;课文;课内必背,部编六年级上册·课文,idiom-tb-0035,idiom:技高一筹,课文,idiom:技高一筹,技高一筹,recite,all,
idiom,L1,六年级上,下面的写法对不对？,错,成语;课文;课内必背,部编六年级上册·课文,idiom-tb-0035:char_judge,idiom:技高一筹,char_judge,idiom:技高一筹,技高一筹,char_judge,lower,"{""display"": ""技高甲筹""}"
idiom,L1,六年级上,「技高一筹」的意思是？,本领比别人高一截,成语;课文;课内必背,部编六年级上册·课文,idiom-tb-0035:meaning_choice,idiom:技高一筹,meaning_choice,idiom:技高一筹,技高一筹,meaning_choice,upper,"{""choices"": [""把东西完好无损地归还原主"", ""个子小但精明强干"", ""蔺相如在渑池会上维护赵国尊严"", ""本领比别人高一截""]}"
idiom,L1,五年级下,着急或高兴得又抓耳朵又挠腮（四字）,抓耳挠腮,成语;课文;课内必背,部编五年级下册·课文,idiom-tb-0036,idiom:抓耳挠腮,课文,idiom:抓耳挠腮,抓耳挠腮,recite,all,
idiom,L1,五年级下,下面的写法对不对？,错,成语;课文;课内必背,部编五年级下册·课文,idiom-tb-0036:char_judge,idiom:抓耳挠腮,char_judge,idiom:抓耳挠腮,抓耳挠腮,char_judge,lower,"{""display"": ""抓甲挠腮""}"
idiom,L1,五年级下,「抓耳挠腮」的意思是？,着急或高兴得又抓耳朵又挠腮,成语;课文;课内必背,部编五年级下册·课文,idiom-tb-0036:meaning_choice,idiom:抓耳挠腮,meaning_choice,idiom:抓耳挠腮,抓耳挠腮,meaning_choice,upper,"{""choices"": [""失去信心，情绪低落"", ""着急或高兴得又抓耳朵又挠腮"", ""齐心合力"", ""万物重新生长""]}"
idiom,L1,三年级上,头发散乱（四字）,披头散发,成语;日积月累;课内必背,部编三年级上册·日积月累,idiom-tb-0037,idiom:披头散发,日积月累,idiom:披头散发,披头散发,recite,all,
idiom,L1,三年级上,下面的写法对不对？,错,成语;日积月累;课内必背,部编三年级上册·日积月累,idiom-tb-0037:char_judge,idiom:披头散发,char_judge,idiom:披头散发,披头散发,char_judge,lower,"{""display"": ""甲头散发""}"
idiom,L1,三年级上,「披头散发」的意思是？,头发散乱,成语;日积月累;课内必背,部编三年级上册·日积月累,idiom-tb-0037:meaning_choice,idiom:披头散发,meaning_choice,idiom:披头散发,披头散发,meaning_choice,upper,"{""choices"": [""描写夏天的成语"", ""描写夏天的成语"", ""描写夏天的成语"", ""头发散乱""]}"
idiom,L1,二年级下,笑得直不起腰（四字）,捧腹大笑,成语;日积月累;课内必背,部编二年级下册·日积月累,idiom-l3-1265,idiom:捧腹大笑,日积月累,idiom:捧腹大笑,捧腹大笑,recite,all,
idiom,L1,二年级下,下面的写法对不对？,错,成语;日积月累;课内必背,部编二年级下册·日积月累,idiom-l3-1265:char_judge,idiom:捧腹大笑,char_judge,idiom:捧腹大笑,捧腹大笑,char_judge,lower,"{""display"": ""捧腹太笑""}"
idiom,L1,二年级下,「捧腹大笑」的意思是？,笑得直不起腰,成语;日积月累;课内必背,部编二年级下册·日积月累,idiom-l3-1265:meaning_choice,idiom:捧腹大笑,meaning_choice,idiom:捧腹大笑,捧腹大笑,meaning_choice,upper,"{""choices"": [""桂花香气飘散"", ""笑得直不起腰"", ""精神完全集中"", ""眼睛明亮、牙齿洁白""]}"
idiom,L1,六年级上,力量非常强大（四字）,排山倒海,成语;课文;课内必背,部编六年级上册·课文,idiom-l2-0227,idiom:排山倒海,课文,idiom:排山倒海,排山倒海,recite,all,
idiom,L1,六年级上,下面的写法对不对？,错,成语;课文;课内必背,部编六年级上册·课文,idiom-l2-0227:char_judge,idiom:排山倒海,char_judge,idiom:排山倒海,排山倒海,char_judge,lower,"{""display"": ""排甲倒海""}"
idiom,L1,六年级上,「排山倒海」的意思是？,力量非常强大,成语;课文;课内必背,部编六年级上册·课文,idiom-l2-0227:meaning_choice,idiom:排山倒海,meaning_choice,idiom:排山倒海,排山倒海,meaning_choice,upper,"{""choices"": [""特别容易被人看见"", ""力量非常强大"", ""实在没有别的办法"", ""一眼望不到边""]}"
idiom,L1,三年级下,自己骗自己（四字）,掩耳盗铃,成语;日积月累;课内必背,部编三年级下册·日积月累,idiom-l1-0032,idiom:掩耳盗铃,日积月累,idiom:掩耳盗铃,掩耳盗铃,recite,all,
idiom,L1,三年级下,下面的写法对不对？,错,成语;日积月累;课内必背,部编三年级下册·日积月累,idiom-l1-0032:char_judge,idiom:掩耳盗铃,char_judge,idiom:掩耳盗铃,掩耳盗铃,char_judge,lower,"{""display"": ""甲耳盗铃""}"
idiom,L1,三年级下,「掩耳盗铃」的意思是？,自己骗自己,成语;日积月累;课内必背,部编三年级下册·日积月累,idiom-l1-0032:meaning_choice,idiom:掩耳盗铃,meaning_choice,idiom:掩耳盗铃,掩耳盗铃,meaning_choice,upper,"{""choices"": [""描写品质的成语"", ""描写品质的成语"", ""费尽心思谋划（多含贬义）"", ""自己骗自己""]}"
idiom,L1,三年级上,十分担心害怕（四字）,提心吊胆,成语;日积月累;课内必背,部编三年级上册·日积月累,idiom-l3-0350,idiom:提心吊胆,日积月累,idiom:提心吊胆,提心吊胆,recite,all,
idiom,L1,三年级上,下面的写法对不对？,对,成语;日积月累;课内必背,部编三年级上册·日积月累,idiom-l3-0350:char_judge,idiom:提心吊胆,char_judge,idiom:提心吊胆,提心吊胆,char_judge,lower,"{""display"": ""提心吊胆""}"
idiom,L1,三年级上,「提心吊胆」的意思是？,十分担心害怕,成语;日积月累;课内必背,部编三年级上册·日积月累,idiom-l3-0350:meaning_choice,idiom:提心吊胆,meaning_choice,idiom:提心吊胆,提心吊胆,meaning_choice,upper,"{""choices"": [""非常吃惊"", ""很想马上试一试"", ""战争造成的混乱"", ""十分担心害怕""]}"
idiom,L1,二年级下,急于求成反而把事情弄坏（四字）,揠苗助长,成语;课文;课内必背,部编二年级下册·课文,idiom-tb-0038,idiom:揠苗助长,课文,idiom:揠苗助长,揠苗助长,recite,all,
idiom,L1,二年级下,下面的写法对不对？,对,成语;课文;课内必背,部编二年级下册·课文,idiom-tb-0038:char_judge,idiom:揠苗助长,char_judge,idiom:揠苗助长,揠苗助长,char_judge,lower,"{""display"": ""揠苗助长""}"
idiom,L1,二年级下,「揠苗助长」的意思是？,急于求成反而把事情弄坏,成语;课文;课内必背,部编二年级下册·课文,idiom-tb-0038:meaning_choice,idiom:揠苗助长,meaning_choice,idiom:揠苗助长,揠苗助长,meaning_choice,upper,"{""choices"": [""桂花香气飘散"", ""树林层层翠绿"", ""吓得或急得没了主意"", ""急于求成反而把事情弄坏""]}"
idiom,L1,三年级上,头摇来摇去，得意或入神（四字）,摇头晃脑,成语;日积月累;课内必背,部编三年级上册·日积月累,idiom-tb-0039,idiom:摇头晃脑,日积月累,idiom:摇头晃脑,摇头晃脑,recite,all,
idiom,L1,三年级上,下面的写法对不对？,错,成语;日积月累;课内必背,部编三年级上册·日积月累,idiom-tb-0039:char_judge,idiom:摇头晃脑,char_judge,idiom:摇头晃脑,摇头晃脑,char_judge,lower,"{""display"": ""摇头晃甲""}"
idiom,L1,三年级上,「摇头晃脑」的意思是？,头摇来摇去，得意或入神,成语;日积月累;课内必背,部编三年级上册·日积月累,idiom-tb-0039:meaning_choice,idiom:摇头晃脑,meaning_choice,idiom:摇头晃脑,摇头晃脑,meaning_choice,upper,"{""choices"": [""头摇来摇去，得意或入神"", ""举止文雅"", ""本领特别大"", ""人工比自然还精巧""]}"
idiom,L1,五年级下,跃跃欲试、准备动手（四字）,摩拳擦掌,成语;课文;课内必背,部编五年级下册·课文,idiom-l3-1277,idiom:摩拳擦掌,课文,idiom:摩拳擦掌,摩拳擦掌,recite,all,
idiom,L1,五年级下,下面的写法对不对？,错,成语;课文;课内必背,部编五年级下册·课文,idiom-l3-1277:char_judge,idiom:摩拳擦掌,char_judge,idiom:摩拳擦掌,摩拳擦掌,char_judge,lower,"{""display"": ""摩甲擦掌""}"
idiom,L1,五年级下,「摩拳擦掌」的意思是？,跃跃欲试、准备动手,成语;课文;课内必背,部编五年级下册·课文,idiom-l3-1277:meaning_choice,idiom:摩拳擦掌,meaning_choice,idiom:摩拳擦掌,摩拳擦掌,meaning_choice,upper,"{""choices"": [""样子各不相同"", ""一直坚持，不放弃"", ""跃跃欲试、准备动手"", ""很少说话""]}"
idiom,L1,五年级上,政事顺利，百姓和睦（四字）,政通人和,成语;日积月累;课内必背,部编五年级上册·日积月累,idiom-l1-0033,idiom:政通人和,日积月累,idiom:政通人和,政通人和,recite,all,
idiom,L1,五年级上,下面的写法对不对？,错,成语;日积月累;课内必背,部编五年级上册·日积月累,idiom-l1-0033:char_judge,idiom:政通人和,char_judge,idiom:政通人和,政通人和,char_judge,lower,"{""display"": ""甲通人和""}"
idiom,L1,五年级上,「政通人和」的意思是？,政事顺利，百姓和睦,成语;日积月累;课内必背,部编五年级上册·日积月累,idiom-l1-0033:meaning_choice,idiom:政通人和,meaning_choice,idiom:政通人和,政通人和,meaning_choice,upper,"{""choices"": [""不知该哭还是该笑"", ""政事顺利，百姓和睦"", ""本领很大，像能驾着云雾飞"", ""样子很庄重认真""]}"
idiom,L1,五年级下,举止文雅（四字）,文质彬彬,成语;日积月累;课内必背,部编五年级下册·日积月累,idiom-l1-0034,idiom:文质彬彬,日积月累,idiom:文质彬彬,文质彬彬,recite,all,
idiom,L1,五年级下,下面的写法对不对？,错,成语;日积月累;课内必背,部编五年级下册·日积月累,idiom-l1-0034:char_judge,idiom:文质彬彬,char_judge,idiom:文质彬彬,文质彬彬,char_judge,lower,"{""display"": ""文甲彬彬""}"
idiom,L1,五年级下,「文质彬彬」的意思是？,举止文雅,成语;日积月累;课内必背,部编五年级下册·日积月累,idiom-l1-0034:meaning_choice,idiom:文质彬彬,meaning_choice,idiom:文质彬彬,文质彬彬,meaning_choice,upper,"{""choices"": [""出主意、想办法"", ""举止文雅"", ""说话办事坚决果断"", ""吃或听得非常有兴趣""]}"
idiom,L1,六年级上,说话办事坚决果断（四字）,斩钉截铁,成语;课文;课内必背,部编六年级上册·课文,idiom-l3-1293,idiom:斩钉截铁,课文,idiom:斩钉截铁,斩钉截铁,recite,all,
idiom,L1,六年级上,下面的写法对不对？,错,成语;课文;课内必背,部编六年级上册·课文,idiom-l3-1293:char_judge,idiom:斩钉截铁,char_judge,idiom:斩钉截铁,斩钉截铁,char_judge,lower,"{""display"": ""甲钉截铁""}"
idiom,L1,六年级上,「斩钉截铁」的意思是？,说话办事坚决果断,成语;课文;课内必背,部编六年级上册·课文,idiom-l3-1293:meaning_choice,idiom:斩钉截铁,meaning_choice,idiom:斩钉截铁,斩钉截铁,meaning_choice,upper,"{""choices"": [""说话办事坚决果断"", ""很多花一起开"", ""完全不一样"", ""不知该哭还是该笑""]}"
idiom,L1,二年级上,完全看不见了（四字）,无影无踪,成语;课文;课内必背,部编二年级上册·课文,idiom-l3-1311,idiom:无影无踪,课文,idiom:无影无踪,无影无踪,recite,all,
idiom,L1,二年级上,下面的写法对不对？,错,成语;课文;课内必背,部编二年级上册·课文,idiom-l3-1311:char_judge,idiom:无影无踪,char_judge,idiom:无影无踪,无影无踪,char_judge,lower,"{""display"": ""无影天踪""}"
idiom,L1,二年级上,「无影无踪」的意思是？,完全看不见了,成语;课文;课内必背,部编二年级上册·课文,idiom-l3-1311:meaning_choice,idiom:无影无踪,meaning_choice,idiom:无影无踪,无影无踪,meaning_choice,upper,"{""choices"": [""完全不一样"", ""死得有意义、有价值"", ""雪片又大又密"", ""完全看不见了""]}"
idiom,L1,三年级下,没有烦恼（四字）,无忧无虑,成语;课文;课内必背,部编三年级下册·课文,idiom-l3-1313,idiom:无忧无虑,课文,idiom:无忧无虑,无忧无虑,recite,all,
idiom,L1,三年级下,下面的写法对不对？,对,成语;课文;课内必背,部编三年级下册·课文,idiom-l3-1313:char_judge,idiom:无忧无虑,char_judge,idiom:无忧无虑,无忧无虑,char_judge,lower,"{""display"": ""无忧无虑""}"
idiom,L1,三年级下,「无忧无虑」的意思是？,没有烦恼,成语;课文;课内必背,部编三年级下册·课文,idiom-l3-1313:meaning_choice,idiom:无忧无虑,meaning_choice,idiom:无忧无虑,无忧无虑,meaning_choice,upper,"{""choices"": [""没有烦恼"", ""很多鸟一起叫"", ""侥幸逃脱的人"", ""气势使人敬畏""]}"
idiom,L1,六年级下,不止一个，还有配对的（四字）,无独有偶,成语;课文;课内必背,部编六年级下册·课文,idiom-tb-0040,idiom:无独有偶,课文,idiom:无独有偶,无独有偶,recite,all,
idiom,L1,六年级下,下面的写法对不对？,错,成语;课文;课内必背,部编六年级下册·课文,idiom-tb-0040:char_judge,idiom:无独有偶,char_judge,idiom:无独有偶,无独有偶,char_judge,lower,"{""display"": ""无甲有偶""}"
idiom,L1,六年级下,「无独有偶」的意思是？,不止一个，还有配对的,成语;课文;课内必背,部编六年级下册·课文,idiom-tb-0040:meaning_choice,idiom:无独有偶,meaning_choice,idiom:无独有偶,无独有偶,meaning_choice,upper,"{""choices"": [""事情还没发生就知道"", ""不说话"", ""天空高远，云很淡"", ""不止一个，还有配对的""]}"
idiom,L1,六年级上,没有尽头（四字）,无穷无尽,成语;课文;课内必背,部编六年级上册·课文,idiom-l3-1323,idiom:无穷无尽,课文,idiom:无穷无尽,无穷无尽,recite,all,
idiom,L1,六年级上,下面的写法对不对？,对,成语;课文;课内必背,部编六年级上册·课文,idiom-l3-1323:char_judge,idiom:无穷无尽,char_judge,idiom:无穷无尽,无穷无尽,char_judge,lower,"{""display"": ""无穷无尽""}"
idiom,L1,六年级上,「无穷无尽」的意思是？,没有尽头,成语;课文;课内必背,部编六年级上册·课文,idiom-l3-1323:meaning_choice,idiom:无穷无尽,meaning_choice,idiom:无穷无尽,无穷无尽,meaning_choice,upper,"{""choices"": [""没有精神"", ""没有尽头"", ""只要肯下功夫就能成功"", ""不止一个，还有配对的""]}"
idiom,L1,四年级下,没有办法可想（四字）,无能为力,成语;课文;课内必背,部编四年级下册·课文,idiom-tb-0041,idiom:无能为力,课文,idiom:无能为力,无能为力,recite,all,
idiom,L1,四年级下,下面的写法对不对？,错,成语;课文;课内必背,部编四年级下册·课文,idiom-tb-0041:char_judge,idiom:无能为力,char_judge,idiom:无能为力,无能为力,char_judge,lower,"{""display"": ""无甲为力""}"
idiom,L1,四年级下,「无能为力」的意思是？,没有办法可想,成语;课文;课内必背,部编四年级下册·课文,idiom-tb-0041:meaning_choice,idiom:无能为力,meaning_choice,idiom:无能为力,无能为力,meaning_choice,upper,"{""choices"": [""拘束、心里不踏实"", ""刻苦学习，不敢打瞌睡"", ""脸上很有光彩、很有精神"", ""没有办法可想""]}"
idiom,L1,二年级上,大得看不到边（四字）,无边无际,成语;课文;课内必背,部编二年级上册·课文,idiom-l3-1328,idiom:无边无际,课文,idiom:无边无际,无边无际,recite,all,
idiom,L1,二年级上,下面的写法对不对？,错,成语;课文;课内必背,部编二年级上册·课文,idiom-l3-1328:char_judge,idiom:无边无际,char_judge,idiom:无边无际,无边无际,char_judge,lower,"{""display"": ""无甲无际""}"
idiom,L1,二年级上,「无边无际」的意思是？,大得看不到边,成语;课文;课内必背,部编二年级上册·课文,idiom-l3-1328:meaning_choice,idiom:无边无际,meaning_choice,idiom:无边无际,无边无际,meaning_choice,upper,"{""choices"": [""描写心情的成语"", ""描写心情的成语"", ""大得看不到边"", ""头摇来摇去，得意或入神""]}"
idiom,L1,六年级上,抬起头、挺起胸，很有精神（四字）,昂首挺胸,成语;课文;课内必背,部编六年级上册·课文,idiom-tb-0042,idiom:昂首挺胸,课文,idiom:昂首挺胸,昂首挺胸,recite,all,
idiom,L1,六年级上,下面的写法对不对？,错,成语;课文;课内必背,部编六年级上册·课文,idiom-tb-0042:char_judge,idiom:昂首挺胸,char_judge,idiom:昂首挺胸,昂首挺胸,char_judge,lower,"{""display"": ""昂甲挺胸""}"
idiom,L1,六年级上,「昂首挺胸」的意思是？,抬起头、挺起胸，很有精神,成语;课文;课内必背,部编六年级上册·课文,idiom-tb-0042:meaning_choice,idiom:昂首挺胸,meaning_choice,idiom:昂首挺胸,昂首挺胸,meaning_choice,upper,"{""choices"": [""ABCC 结构的成语"", ""ABCC 结构的成语"", ""ABCC 结构的成语"", ""抬起头、挺起胸，很有精神""]}"
idiom,L1,五年级下,眼睛明亮、牙齿洁白（四字）,明眸皓齿,成语;日积月累;课内必背,部编五年级下册·日积月累,idiom-l1-0035,idiom:明眸皓齿,日积月累,idiom:明眸皓齿,明眸皓齿,recite,all,
idiom,L1,五年级下,下面的写法对不对？,对,成语;日积月累;课内必背,部编五年级下册·日积月累,idiom-l1-0035:char_judge,idiom:明眸皓齿,char_judge,idiom:明眸皓齿,明眸皓齿,char_judge,lower,"{""display"": ""明眸皓齿""}"
idiom,L1,五年级下,「明眸皓齿」的意思是？,眼睛明亮、牙齿洁白,成语;日积月累;课内必背,部编五年级下册·日积月累,idiom-l1-0035:meaning_choice,idiom:明眸皓齿,meaning_choice,idiom:明眸皓齿,明眸皓齿,meaning_choice,upper,"{""choices"": [""齐心合力"", ""眼睛明亮、牙齿洁白"", ""心里早有了主意"", ""自己的说法或做法互相冲突""]}"
idiom,L1,三年级上,春天开花秋天结果（四字）,春华秋实,成语;日积月累;课内必背,部编三年级上册·日积月累,idiom-l1-0036,idiom:春华秋实,日积月累,idiom:春华秋实,春华秋实,recite,all,
idiom,L1,三年级上,下面的写法对不对？,错,成语;日积月累;课内必背,部编三年级上册·日积月累,idiom-l1-0036:char_judge,idiom:春华秋实,char_judge,idiom:春华秋实,春华秋实,char_judge,lower,"{""display"": ""春华秋甲""}"
idiom,L1,三年级上,「春华秋实」的意思是？,春天开花秋天结果,成语;日积月累;课内必背,部编三年级上册·日积月累,idiom-l1-0036:meaning_choice,idiom:春华秋实,meaning_choice,idiom:春华秋实,春华秋实,meaning_choice,upper,"{""choices"": [""春天开花秋天结果"", ""描写品质的成语"", ""描写品质的成语"", ""人民没法生活下去""]}"
idiom,L1,一年级下,春天回来了，大地苏醒（四字）,春回大地,成语;日积月累;课内必背,部编一年级下册·日积月累,idiom-l1-0037,idiom:春回大地,日积月累,idiom:春回大地,春回大地,recite,all,
idiom,L1,一年级下,下面的写法对不对？,错,成语;日积月累;课内必背,部编一年级下册·日积月累,idiom-l1-0037:char_judge,idiom:春回大地,char_judge,idiom:春回大地,春回大地,char_judge,lower,"{""display"": ""春徊大地""}"
idiom,L1,一年级下,「春回大地」的意思是？,春天回来了，大地苏醒,成语;日积月累;课内必背,部编一年级下册·日积月累,idiom-l1-0037:meaning_choice,idiom:春回大地,meaning_choice,idiom:春回大地,春回大地,meaning_choice,upper,"{""choices"": [""美丽得没有谁能比"", ""疑神疑鬼，自己吓自己"", ""走路不稳，跌跌撞撞"", ""春天回来了，大地苏醒""]}"
idiom,L1,六年级上,全部显露出来，什么也藏不住（四字）,暴露无遗,成语;课文;课内必背,部编六年级上册·课文,idiom-tb-0043,idiom:暴露无遗,课文,idiom:暴露无遗,暴露无遗,recite,all,
idiom,L1,六年级上,下面的写法对不对？,错,成语;课文;课内必背,部编六年级上册·课文,idiom-tb-0043:char_judge,idiom:暴露无遗,char_judge,idiom:暴露无遗,暴露无遗,char_judge,lower,"{""display"": ""暴甲无遗""}"
idiom,L1,六年级上,「暴露无遗」的意思是？,全部显露出来，什么也藏不住,成语;课文;课内必背,部编六年级上册·课文,idiom-tb-0043:meaning_choice,idiom:暴露无遗,meaning_choice,idiom:暴露无遗,暴露无遗,meaning_choice,upper,"{""choices"": [""各自拿出本事"", ""全部显露出来，什么也藏不住"", ""出了问题赶紧补救还来得及"", ""急于求成反而把事情弄坏""]}"
idiom,L1,四年级上,事情还没发生就知道（四字）,未卜先知,成语;日积月累;课内必背,部编四年级上册·日积月累,idiom-tb-0044,idiom:未卜先知,日积月累,idiom:未卜先知,未卜先知,recite,all,
idiom,L1,四年级上,下面的写法对不对？,错,成语;日积月累;课内必背,部编四年级上册·日积月累,idiom-tb-0044:char_judge,idiom:未卜先知,char_judge,idiom:未卜先知,未卜先知,char_judge,lower,"{""display"": ""未甲先知""}"
idiom,L1,四年级上,「未卜先知」的意思是？,事情还没发生就知道,成语;日积月累;课内必背,部编四年级上册·日积月累,idiom-tb-0044:meaning_choice,idiom:未卜先知,meaning_choice,idiom:未卜先知,未卜先知,meaning_choice,upper,"{""choices"": [""铺天盖地而来"", ""事情还没发生就知道"", ""主动认错、请求责罚"", ""一直不停地流""]}"
idiom,L1,三年级下,为不必担心的事发愁（四字）,杞人忧天,成语;日积月累;课内必背,部编三年级下册·日积月累,idiom-l1-0038,idiom:杞人忧天,日积月累,idiom:杞人忧天,杞人忧天,recite,all,
idiom,L1,三年级下,下面的写法对不对？,错,成语;日积月累;课内必背,部编三年级下册·日积月累,idiom-l1-0038:char_judge,idiom:杞人忧天,char_judge,idiom:杞人忧天,杞人忧天,char_judge,lower,"{""display"": ""杞人甲天""}"
idiom,L1,三年级下,「杞人忧天」的意思是？,为不必担心的事发愁,成语;日积月累;课内必背,部编三年级下册·日积月累,idiom-l1-0038:meaning_choice,idiom:杞人忧天,meaning_choice,idiom:杞人忧天,杞人忧天,meaning_choice,upper,"{""choices"": [""为不必担心的事发愁"", ""果实结得很多"", ""文雅有礼貌"", ""家庭毁了，人也没了""]}"
idiom,L1,三年级下,疑神疑鬼，自己吓自己（四字）,杯弓蛇影,成语;日积月累;课内必背,部编三年级下册·日积月累,idiom-l1-0039,idiom:杯弓蛇影,日积月累,idiom:杯弓蛇影,杯弓蛇影,recite,all,
idiom,L1,三年级下,下面的写法对不对？,对,成语;日积月累;课内必背,部编三年级下册·日积月累,idiom-l1-0039:char_judge,idiom:杯弓蛇影,char_judge,idiom:杯弓蛇影,杯弓蛇影,char_judge,lower,"{""display"": ""杯弓蛇影""}"
idiom,L1,三年级下,「杯弓蛇影」的意思是？,疑神疑鬼，自己吓自己,成语;日积月累;课内必背,部编三年级下册·日积月累,idiom-l1-0039:meaning_choice,idiom:杯弓蛇影,meaning_choice,idiom:杯弓蛇影,杯弓蛇影,meaning_choice,upper,"{""choices"": [""受过惊吓后非常害怕"", ""十分担心害怕"", ""人长寿，收成好"", ""疑神疑鬼，自己吓自己""]}"
idiom,L1,三年级上,果实结得很多（四字）,果实累累,成语;日积月累;课内必背,部编三年级上册·日积月累,idiom-l1-0040,idiom:果实累累,日积月累,idiom:果实累累,果实累累,recite,all,
idiom,L1,三年级上,下面的写法对不对？,对,成语;日积月累;课内必背,部编三年级上册·日积月累,idiom-l1-0040:char_judge,idiom:果实累累,char_judge,idiom:果实累累,果实累累,char_judge,lower,"{""display"": ""果实累累""}"
idiom,L1,三年级上,「果实累累」的意思是？,果实结得很多,成语;日积月累;课内必背,部编三年级上册·日积月累,idiom-l1-0040:meaning_choice,idiom:果实累累,meaning_choice,idiom:果实累累,果实累累,meaning_choice,upper,"{""choices"": [""果实结得很多"", ""乱七八糟地摆着"", ""颜色很多"", ""在风里飘动""]}"
idiom,L1,一年级下,柳树绿、花儿红（四字）,柳绿花红,成语;日积月累;课内必背,部编一年级下册·日积月累,idiom-l1-0041,idiom:柳绿花红,日积月累,idiom:柳绿花红,柳绿花红,recite,all,
idiom,L1,一年级下,下面的写法对不对？,错,成语;日积月累;课内必背,部编一年级下册·日积月累,idiom-l1-0041:char_judge,idiom:柳绿花红,char_judge,idiom:柳绿花红,柳绿花红,char_judge,lower,"{""display"": ""甲绿花红""}"
idiom,L1,一年级下,「柳绿花红」的意思是？,柳树绿、花儿红,成语;日积月累;课内必背,部编一年级下册·日积月累,idiom-l1-0041:meaning_choice,idiom:柳绿花红,meaning_choice,idiom:柳绿花红,柳绿花红,meaning_choice,upper,"{""choices"": [""这边看看那边看看"", ""文章或动作很流畅"", ""柳树绿、花儿红"", ""轻快地唱、柔美地舞""]}"
idiom,L1,六年级上,形象生动得像活的一样（四字）,栩栩如生,成语;日积月累;课内必背,部编六年级上册·日积月累,idiom-l1-0042,idiom:栩栩如生,日积月累,idiom:栩栩如生,栩栩如生,recite,all,
idiom,L1,六年级上,下面的写法对不对？,对,成语;日积月累;课内必背,部编六年级上册·日积月累,idiom-l1-0042:char_judge,idiom:栩栩如生,char_judge,idiom:栩栩如生,栩栩如生,char_judge,lower,"{""display"": ""栩栩如生""}"
idiom,L1,六年级上,「栩栩如生」的意思是？,形象生动得像活的一样,成语;日积月累;课内必背,部编六年级上册·日积月累,idiom-l1-0042:meaning_choice,idiom:栩栩如生,meaning_choice,idiom:栩栩如生,栩栩如生,meaning_choice,upper,"{""choices"": [""身材修长美丽"", ""百姓生活在极端困苦中"", ""智谋很多"", ""形象生动得像活的一样""]}"
idiom,L1,六年级上,乱七八糟地摆着（四字）,横七竖八,成语;课文;课内必背,部编六年级上册·课文,idiom-l3-0611,idiom:横七竖八,课文,idiom:横七竖八,横七竖八,recite,all,
idiom,L1,六年级上,下面的写法对不对？,对,成语;课文;课内必背,部编六年级上册·课文,idiom-l3-0611:char_judge,idiom:横七竖八,char_judge,idiom:横七竖八,横七竖八,char_judge,lower,"{""display"": ""横七竖八""}"
idiom,L1,六年级上,「横七竖八」的意思是？,乱七八糟地摆着,成语;课文;课内必背,部编六年级上册·课文,idiom-l3-0611:meaning_choice,idiom:横七竖八,meaning_choice,idiom:横七竖八,横七竖八,meaning_choice,upper,"{""choices"": [""乱七八糟地摆着"", ""文雅有礼貌"", ""一切都换成了新气象"", ""疑神疑鬼，自己吓自己""]}"
idiom,L1,四年级下,高兴得快要发狂（四字）,欣喜若狂,成语;课文;课内必背,部编四年级下册·课文,idiom-tb-0045,idiom:欣喜若狂,课文,idiom:欣喜若狂,欣喜若狂,recite,all,
idiom,L1,四年级下,下面的写法对不对？,对,成语;课文;课内必背,部编四年级下册·课文,idiom-tb-0045:char_judge,idiom:欣喜若狂,char_judge,idiom:欣喜若狂,欣喜若狂,char_judge,lower,"{""display"": ""欣喜若狂""}"
idiom,L1,四年级下,「欣喜若狂」的意思是？,高兴得快要发狂,成语;课文;课内必背,部编四年级下册·课文,idiom-tb-0045:meaning_choice,idiom:欣喜若狂,meaning_choice,idiom:欣喜若狂,欣喜若狂,meaning_choice,upper,"{""choices"": [""高兴得快要发狂"", ""到处都可以当作家"", ""人民没法生活下去"", ""眼界很小""]}"
idiom,L1,六年级下,死得有意义、有价值（四字）,死得其所,成语;课文;课内必背,部编六年级下册·课文,idiom-tb-0046,idiom:死得其所,课文,idiom:死得其所,死得其所,recite,all,
idiom,L1,六年级下,下面的写法对不对？,对,成语;课文;课内必背,部编六年级下册·课文,idiom-tb-0046:char_judge,idiom:死得其所,char_judge,idiom:死得其所,死得其所,char_judge,lower,"{""display"": ""死得其所""}"
idiom,L1,六年级下,「死得其所」的意思是？,死得有意义、有价值,成语;课文;课内必背,部编六年级下册·课文,idiom-tb-0046:meaning_choice,idiom:死得其所,meaning_choice,idiom:死得其所,死得其所,meaning_choice,upper,"{""choices"": [""一下子明白过来"", ""死得有意义、有价值"", ""做多余的事反而坏事"", ""山塌地裂，声势极大""]}"
idiom,L1,五年级上,人民没法生活下去（四字）,民不聊生,成语;日积月累;课内必背,部编五年级上册·日积月累,idiom-l1-0043,idiom:民不聊生,日积月累,idiom:民不聊生,民不聊生,recite,all,
idiom,L1,五年级上,下面的写法对不对？,错,成语;日积月累;课内必背,部编五年级上册·日积月累,idiom-l1-0043:char_judge,idiom:民不聊生,char_judge,idiom:民不聊生,民不聊生,char_judge,lower,"{""display"": ""民不聊甲""}"
idiom,L1,五年级上,「民不聊生」的意思是？,人民没法生活下去,成语;日积月累;课内必背,部编五年级上册·日积月累,idiom-l1-0043:meaning_choice,idiom:民不聊生,meaning_choice,idiom:民不聊生,民不聊生,meaning_choice,upper,"{""choices"": [""春天开花秋天结果"", ""自己跟自己说话"", ""人民没法生活下去"", ""刚哭完又笑了""]}"
idiom,L1,六年级上,气势像高山大河一样雄伟（四字）,气壮山河,成语;课文;课内必背,部编六年级上册·课文,idiom-tb-0047,idiom:气壮山河,课文,idiom:气壮山河,气壮山河,recite,all,
idiom,L1,六年级上,下面的写法对不对？,错,成语;课文;课内必背,部编六年级上册·课文,idiom-tb-0047:char_judge,idiom:气壮山河,char_judge,idiom:气壮山河,气壮山河,char_judge,lower,"{""display"": ""气壮甲河""}"
idiom,L1,六年级上,「气壮山河」的意思是？,气势像高山大河一样雄伟,成语;课文;课内必背,部编六年级上册·课文,idiom-tb-0047:meaning_choice,idiom:气壮山河,meaning_choice,idiom:气壮山河,气壮山河,meaning_choice,upper,"{""choices"": [""气势使人敬畏"", ""头发白了，脸色却像小孩一样红润"", ""气势像高山大河一样雄伟"", ""微风轻轻吹""]}"
idiom,L1,三年级下,没有精神（四字）,没精打采,成语;课文;课内必背,部编三年级下册·课文,idiom-l3-1419,idiom:没精打采,课文,idiom:没精打采,没精打采,recite,all,
idiom,L1,三年级下,下面的写法对不对？,错,成语;课文;课内必背,部编三年级下册·课文,idiom-l3-1419:char_judge,idiom:没精打采,char_judge,idiom:没精打采,没精打采,char_judge,lower,"{""display"": ""没甲打采""}"
idiom,L1,三年级下,「没精打采」的意思是？,没有精神,成语;课文;课内必背,部编三年级下册·课文,idiom-l3-1419:meaning_choice,idiom:没精打采,meaning_choice,idiom:没精打采,没精打采,meaning_choice,upper,"{""choices"": [""家庭毁了，人也没了"", ""完全看不见了"", ""自以为了不起的样子"", ""没有精神""]}"
idiom,L1,六年级上,吃或听得非常有兴趣（四字）,津津有味,成语;课文;课内必背,部编六年级上册·课文,idiom-l3-1909,idiom:津津有味,课文,idiom:津津有味,津津有味,recite,all,
idiom,L1,六年级上,下面的写法对不对？,错,成语;课文;课内必背,部编六年级上册·课文,idiom-l3-1909:char_judge,idiom:津津有味,char_judge,idiom:津津有味,津津有味,char_judge,lower,"{""display"": ""津津友味""}"
idiom,L1,六年级上,「津津有味」的意思是？,吃或听得非常有兴趣,成语;课文;课内必背,部编六年级上册·课文,idiom-l3-1909:meaning_choice,idiom:津津有味,meaning_choice,idiom:津津有味,津津有味,meaning_choice,upper,"{""choices"": [""从一片落叶知道秋天到了"", ""吃或听得非常有兴趣"", ""百姓生活在极端困苦中"", ""天空一片晴朗""]}"
idiom,L1,五年级上,无家可归，四处流浪（四字）,流离失所,成语;日积月累;课内必背,部编五年级上册·日积月累,idiom-l1-0045,idiom:流离失所,日积月累,idiom:流离失所,流离失所,recite,all,
idiom,L1,五年级上,下面的写法对不对？,对,成语;日积月累;课内必背,部编五年级上册·日积月累,idiom-l1-0045:char_judge,idiom:流离失所,char_judge,idiom:流离失所,流离失所,char_judge,lower,"{""display"": ""流离失所""}"
idiom,L1,五年级上,「流离失所」的意思是？,无家可归，四处流浪,成语;日积月累;课内必背,部编五年级上册·日积月累,idiom-l1-0045:meaning_choice,idiom:流离失所,meaning_choice,idiom:流离失所,流离失所,meaning_choice,upper,"{""choices"": [""无家可归，四处流浪"", ""夜里不用关门，社会安定"", ""高兴得自己都受不住"", ""家庭毁了，人也没了""]}"
idiom,L1,四年级上,气势很大、规模很大（四字）,浩浩荡荡,成语;课文;课内必背,部编四年级上册·课文,idiom-l3-0675,idiom:浩浩荡荡,课文,idiom:浩浩荡荡,浩浩荡荡,recite,all,
idiom,L1,四年级上,下面的写法对不对？,对,成语;课文;课内必背,部编四年级上册·课文,idiom-l3-0675:char_judge,idiom:浩浩荡荡,char_judge,idiom:浩浩荡荡,浩浩荡荡,char_judge,lower,"{""display"": ""浩浩荡荡""}"
idiom,L1,四年级上,「浩浩荡荡」的意思是？,气势很大、规模很大,成语;课文;课内必背,部编四年级上册·课文,idiom-l3-0675:meaning_choice,idiom:浩浩荡荡,meaning_choice,idiom:浩浩荡荡,浩浩荡荡,meaning_choice,upper,"{""choices"": [""声势或影响极大"", ""气势很大、规模很大"", ""很少的几句话"", ""春天回来了，大地苏醒""]}"
idiom,L1,五年级上,蔺相如在渑池会上维护赵国尊严（四字）,渑池会面,成语;课文;课内必背,部编五年级上册·课文,idiom-tb-0048,idiom:渑池会面,课文,idiom:渑池会面,渑池会面,recite,all,
idiom,L1,五年级上,下面的写法对不对？,对,成语;课文;课内必背,部编五年级上册·课文,idiom-tb-0048:char_judge,idiom:渑池会面,char_judge,idiom:渑池会面,渑池会面,char_judge,lower,"{""display"": ""渑池会面""}"
idiom,L1,五年级上,「渑池会面」的意思是？,蔺相如在渑池会上维护赵国尊严,成语;课文;课内必背,部编五年级上册·课文,idiom-tb-0048:meaning_choice,idiom:渑池会面,meaning_choice,idiom:渑池会面,渑池会面,meaning_choice,upper,"{""choices"": [""天地非常广阔"", ""一点儿也不马虎"", ""蔺相如在渑池会上维护赵国尊严"", ""急得不能再等""]}"
idiom,L1,三年级下,没有真本事却混在里面（四字）,滥竽充数,成语;日积月累;课内必背,部编三年级下册·日积月累,idiom-l1-0047,idiom:滥竽充数,日积月累,idiom:滥竽充数,滥竽充数,recite,all,
idiom,L1,三年级下,下面的写法对不对？,对,成语;日积月累;课内必背,部编三年级下册·日积月累,idiom-l1-0047:char_judge,idiom:滥竽充数,char_judge,idiom:滥竽充数,滥竽充数,char_judge,lower,"{""display"": ""滥竽充数""}"
idiom,L1,三年级下,「滥竽充数」的意思是？,没有真本事却混在里面,成语;日积月累;课内必背,部编三年级下册·日积月累,idiom-l1-0047:meaning_choice,idiom:滥竽充数,meaning_choice,idiom:滥竽充数,滥竽充数,meaning_choice,upper,"{""choices"": [""不慌不忙"", ""国家太平，人民安乐"", ""万物重新生长"", ""没有真本事却混在里面""]}"
idiom,L1,二年级上,侥幸逃脱的人（四字）,漏网之鱼,成语;日积月累;课内必背,部编二年级上册·日积月累,idiom-l1-0048,idiom:漏网之鱼,日积月累,idiom:漏网之鱼,漏网之鱼,recite,all,
idiom,L1,二年级上,下面的写法对不对？,对,成语;日积月累;课内必背,部编二年级上册·日积月累,idiom-l1-0048:char_judge,idiom:漏网之鱼,char_judge,idiom:漏网之鱼,漏网之鱼,char_judge,lower,"{""display"": ""漏网之鱼""}"
idiom,L1,二年级上,「漏网之鱼」的意思是？,侥幸逃脱的人,成语;日积月累;课内必背,部编二年级上册·日积月累,idiom-l1-0048:meaning_choice,idiom:漏网之鱼,meaning_choice,idiom:漏网之鱼,漏网之鱼,meaning_choice,upper,"{""choices"": [""侥幸逃脱的人"", ""到处是冰和雪"", ""什么都伤害不了"", ""天空一片晴朗""]}"
idiom,L1,四年级上,铺天盖地而来（四字）,漫天卷地,成语;课文;课内必背,部编四年级上册·课文,idiom-tb-0049,idiom:漫天卷地,课文,idiom:漫天卷地,漫天卷地,recite,all,
idiom,L1,四年级上,下面的写法对不对？,错,成语;课文;课内必背,部编四年级上册·课文,idiom-tb-0049:char_judge,idiom:漫天卷地,char_judge,idiom:漫天卷地,漫天卷地,char_judge,lower,"{""display"": ""漫天卷第""}"
idiom,L1,四年级上,「漫天卷地」的意思是？,铺天盖地而来,成语;课文;课内必背,部编四年级上册·课文,idiom-tb-0049:meaning_choice,idiom:漫天卷地,meaning_choice,idiom:漫天卷地,漫天卷地,meaning_choice,upper,"{""choices"": [""铺天盖地而来"", ""费尽心思谋划（多含贬义）"", ""不加咀嚼地整吞，比喻不求甚解"", ""本领极大，哪儿都能去""]}"
idiom,L1,三年级下,失去信心，情绪低落（四字）,灰心丧气,成语;课文;课内必背,部编三年级下册·课文,idiom-l3-0352,idiom:灰心丧气,课文,idiom:灰心丧气,灰心丧气,recite,all,
idiom,L1,三年级下,下面的写法对不对？,对,成语;课文;课内必背,部编三年级下册·课文,idiom-l3-0352:char_judge,idiom:灰心丧气,char_judge,idiom:灰心丧气,灰心丧气,char_judge,lower,"{""display"": ""灰心丧气""}"
idiom,L1,三年级下,「灰心丧气」的意思是？,失去信心，情绪低落,成语;课文;课内必背,部编三年级下册·课文,idiom-l3-0352:meaning_choice,idiom:灰心丧气,meaning_choice,idiom:灰心丧气,灰心丧气,meaning_choice,upper,"{""choices"": [""关键处一点就使整体生动"", ""文雅有礼貌"", ""失去信心，情绪低落"", ""不清楚、弄不明白""]}"
idiom,L1,二年级上,像烟云一样消失了（四字）,烟消云散,成语;日积月累;课内必背,部编二年级上册·日积月累,idiom-tb-0050,idiom:烟消云散,日积月累,idiom:烟消云散,烟消云散,recite,all,
idiom,L1,二年级上,下面的写法对不对？,对,成语;日积月累;课内必背,部编二年级上册·日积月累,idiom-tb-0050:char_judge,idiom:烟消云散,char_judge,idiom:烟消云散,烟消云散,char_judge,lower,"{""display"": ""烟消云散""}"
idiom,L1,二年级上,「烟消云散」的意思是？,像烟云一样消失了,成语;日积月累;课内必背,部编二年级上册·日积月累,idiom-tb-0050:meaning_choice,idiom:烟消云散,meaning_choice,idiom:烟消云散,烟消云散,meaning_choice,upper,"{""choices"": [""乱七八糟地摆着"", ""走路不稳，跌跌撞撞"", ""像烟云一样消失了"", ""为不必担心的事发愁""]}"
idiom,L1,六年级上,情绪非常激动（四字）,热血沸腾,成语;课文;课内必背,部编六年级上册·课文,idiom-tb-0051,idiom:热血沸腾,课文,idiom:热血沸腾,热血沸腾,recite,all,
idiom,L1,六年级上,下面的写法对不对？,对,成语;课文;课内必背,部编六年级上册·课文,idiom-tb-0051:char_judge,idiom:热血沸腾,char_judge,idiom:热血沸腾,热血沸腾,char_judge,lower,"{""display"": ""热血沸腾""}"
idiom,L1,六年级上,「热血沸腾」的意思是？,情绪非常激动,成语;课文;课内必背,部编六年级上册·课文,idiom-tb-0051:meaning_choice,idiom:热血沸腾,meaning_choice,idiom:热血沸腾,热血沸腾,meaning_choice,upper,"{""choices"": [""不止一个，还有配对的"", ""五官清秀好看"", ""遇到危险也不害怕"", ""情绪非常激动""]}"
idiom,L1,四年级下,心里着急、烦躁（四字）,焦躁不安,成语;日积月累;课内必背,部编四年级下册·日积月累,idiom-tb-0052,idiom:焦躁不安,日积月累,idiom:焦躁不安,焦躁不安,recite,all,
idiom,L1,四年级下,下面的写法对不对？,对,成语;日积月累;课内必背,部编四年级下册·日积月累,idiom-tb-0052:char_judge,idiom:焦躁不安,char_judge,idiom:焦躁不安,焦躁不安,char_judge,lower,"{""display"": ""焦躁不安""}"
idiom,L1,四年级下,「焦躁不安」的意思是？,心里着急、烦躁,成语;日积月累;课内必背,部编四年级下册·日积月累,idiom-tb-0052:meaning_choice,idiom:焦躁不安,meaning_choice,idiom:焦躁不安,焦躁不安,meaning_choice,upper,"{""choices"": [""个子小但精明强干"", ""到哪儿都能安下心来"", ""心里着急、烦躁"", ""没有烦恼""]}"
idiom,L1,二年级上,借别人的威势吓唬人（四字）,狐假虎威,成语;课文;课内必背,部编二年级上册·课文,idiom-l2-0083,idiom:狐假虎威,课文,idiom:狐假虎威,狐假虎威,recite,all,
idiom,L1,二年级上,下面的写法对不对？,对,成语;课文;课内必背,部编二年级上册·课文,idiom-l2-0083:char_judge,idiom:狐假虎威,char_judge,idiom:狐假虎威,狐假虎威,char_judge,lower,"{""display"": ""狐假虎威""}"
idiom,L1,二年级上,「狐假虎威」的意思是？,借别人的威势吓唬人,成语;课文;课内必背,部编二年级上册·课文,idiom-l2-0083:meaning_choice,idiom:狐假虎威,meaning_choice,idiom:狐假虎威,狐假虎威,meaning_choice,upper,"{""choices"": [""吃或听得非常有兴趣"", ""想出和别人不一样的办法"", ""借别人的威势吓唬人"", ""闪电打雷""]}"
idiom,L1,二年级上,吃东西又猛又急（四字）,狼吞虎咽,成语;日积月累;课内必背,部编二年级上册·日积月累,idiom-l1-0049,idiom:狼吞虎咽,日积月累,idiom:狼吞虎咽,狼吞虎咽,recite,all,
idiom,L1,二年级上,下面的写法对不对？,对,成语;日积月累;课内必背,部编二年级上册·日积月累,idiom-l1-0049:char_judge,idiom:狼吞虎咽,char_judge,idiom:狼吞虎咽,狼吞虎咽,char_judge,lower,"{""display"": ""狼吞虎咽""}"
idiom,L1,二年级上,「狼吞虎咽」的意思是？,吃东西又猛又急,成语;日积月累;课内必背,部编二年级上册·日积月累,idiom-l1-0049:meaning_choice,idiom:狼吞虎咽,meaning_choice,idiom:狼吞虎咽,狼吞虎咽,meaning_choice,upper,"{""choices"": [""凶狠或得意地挥舞"", ""用萤火虫的光夜里读书"", ""吃东西又猛又急"", ""颜色又多又好看""]}"
idiom,L1,五年级上,按道理就该这样（四字）,理所当然,成语;课文;课内必背,部编五年级上册·课文,idiom-tb-0053,idiom:理所当然,课文,idiom:理所当然,理所当然,recite,all,
idiom,L1,五年级上,下面的写法对不对？,错,成语;课文;课内必背,部编五年级上册·课文,idiom-tb-0053:char_judge,idiom:理所当然,char_judge,idiom:理所当然,理所当然,char_judge,lower,"{""display"": ""理所甲然""}"
idiom,L1,五年级上,「理所当然」的意思是？,按道理就该这样,成语;课文;课内必背,部编五年级上册·课文,idiom-tb-0053:meaning_choice,idiom:理所当然,meaning_choice,idiom:理所当然,理所当然,meaning_choice,upper,"{""choices"": [""按道理就该这样"", ""描写外貌的成语"", ""描写外貌的成语"", ""描写外貌的成语""]}"
idiom,L1,三年级上,美丽得没有谁能比（四字）,瑰丽无比,成语;课文;课内必背,部编三年级上册·课文,idiom-tb-0054,idiom:瑰丽无比,课文,idiom:瑰丽无比,瑰丽无比,recite,all,
idiom,L1,三年级上,下面的写法对不对？,错,成语;课文;课内必背,部编三年级上册·课文,idiom-tb-0054:char_judge,idiom:瑰丽无比,char_judge,idiom:瑰丽无比,瑰丽无比,char_judge,lower,"{""display"": ""甲丽无比""}"
idiom,L1,三年级上,「瑰丽无比」的意思是？,美丽得没有谁能比,成语;课文;课内必背,部编三年级上册·课文,idiom-tb-0054:meaning_choice,idiom:瑰丽无比,meaning_choice,idiom:瑰丽无比,瑰丽无比,meaning_choice,upper,"{""choices"": [""完全不一样"", ""只要肯下功夫就能成功"", ""描写神态的成语"", ""美丽得没有谁能比""]}"
idiom,L1,二年级上,说得很动听讨人喜欢（四字）,甜言蜜语,成语;日积月累;课内必背,部编二年级上册·日积月累,idiom-l3-1483,idiom:甜言蜜语,日积月累,idiom:甜言蜜语,甜言蜜语,recite,all,
idiom,L1,二年级上,下面的写法对不对？,错,成语;日积月累;课内必背,部编二年级上册·日积月累,idiom-l3-1483:char_judge,idiom:甜言蜜语,char_judge,idiom:甜言蜜语,甜言蜜语,char_judge,lower,"{""display"": ""甲言蜜语""}"
idiom,L1,二年级上,「甜言蜜语」的意思是？,说得很动听讨人喜欢,成语;日积月累;课内必背,部编二年级上册·日积月累,idiom-l3-1483:meaning_choice,idiom:甜言蜜语,meaning_choice,idiom:甜言蜜语,甜言蜜语,meaning_choice,upper,"{""choices"": [""周围各个方向"", ""说得很动听讨人喜欢"", ""不说话"", ""几句话就说完""]}"
idiom,L1,二年级下,充满活力（四字）,生机勃勃,成语;课文;课内必背,部编二年级下册·课文,idiom-l3-1917,idiom:生机勃勃,课文,idiom:生机勃勃,生机勃勃,recite,all,
idiom,L1,二年级下,下面的写法对不对？,错,成语;课文;课内必背,部编二年级下册·课文,idiom-l3-1917:char_judge,idiom:生机勃勃,char_judge,idiom:生机勃勃,生机勃勃,char_judge,lower,"{""display"": ""甲机勃勃""}"
idiom,L1,二年级下,「生机勃勃」的意思是？,充满活力,成语;课文;课内必背,部编二年级下册·课文,idiom-l3-1917:meaning_choice,idiom:生机勃勃,meaning_choice,idiom:生机勃勃,生机勃勃,meaning_choice,upper,"{""choices"": [""桂花香气飘散"", ""充满活力"", ""这边看看那边看看"", ""这边看看那边看看""]}"
idiom,L1,五年级上,百姓生活在极端困苦中（四字）,生灵涂炭,成语;日积月累;课内必背,部编五年级上册·日积月累,idiom-l1-0050,idiom:生灵涂炭,日积月累,idiom:生灵涂炭,生灵涂炭,recite,all,
idiom,L1,五年级上,下面的写法对不对？,错,成语;日积月累;课内必背,部编五年级上册·日积月累,idiom-l1-0050:char_judge,idiom:生灵涂炭,char_judge,idiom:生灵涂炭,生灵涂炭,char_judge,lower,"{""display"": ""甲灵涂炭""}"
idiom,L1,五年级上,「生灵涂炭」的意思是？,百姓生活在极端困苦中,成语;日积月累;课内必背,部编五年级上册·日积月累,idiom-l1-0050:meaning_choice,idiom:生灵涂炭,meaning_choice,idiom:生灵涂炭,生灵涂炭,meaning_choice,upper,"{""choices"": [""有些信、有些不信"", ""百姓生活在极端困苦中"", ""很多鸟一起叫"", ""声势或影响极大""]}"
idiom,L1,二年级上,闪电打雷（四字）,电闪雷鸣,成语;日积月累;课内必背,部编二年级上册·日积月累,idiom-l3-1488,idiom:电闪雷鸣,日积月累,idiom:电闪雷鸣,电闪雷鸣,recite,all,
idiom,L1,二年级上,下面的写法对不对？,对,成语;日积月累;课内必背,部编二年级上册·日积月累,idiom-l3-1488:char_judge,idiom:电闪雷鸣,char_judge,idiom:电闪雷鸣,电闪雷鸣,char_judge,lower,"{""display"": ""电闪雷鸣""}"
idiom,L1,二年级上,「电闪雷鸣」的意思是？,闪电打雷,成语;日积月累;课内必背,部编二年级上册·日积月累,idiom-l3-1488:meaning_choice,idiom:电闪雷鸣,meaning_choice,idiom:电闪雷鸣,电闪雷鸣,meaning_choice,upper,"{""choices"": [""名声和实际相符"", ""精神完全集中"", ""闪电打雷"", ""看惯了，不觉得奇怪""]}"
idiom,L1,三年级下,做多余的事反而坏事（四字）,画蛇添足,成语;日积月累;课内必背,部编三年级下册·日积月累,idiom-l1-0051,idiom:画蛇添足,日积月累,idiom:画蛇添足,画蛇添足,recite,all,
idiom,L1,三年级下,下面的写法对不对？,错,成语;日积月累;课内必背,部编三年级下册·日积月累,idiom-l1-0051:char_judge,idiom:画蛇添足,char_judge,idiom:画蛇添足,画蛇添足,char_judge,lower,"{""display"": ""画蛇甲足""}"
idiom,L1,三年级下,「画蛇添足」的意思是？,做多余的事反而坏事,成语;日积月累;课内必背,部编三年级下册·日积月累,idiom-l1-0051:meaning_choice,idiom:画蛇添足,meaning_choice,idiom:画蛇添足,画蛇添足,meaning_choice,upper,"{""choices"": [""做多余的事反而坏事"", ""柳树绿、花儿红"", ""百姓生活在极端困苦中"", ""做事慌张没有条理""]}"
idiom,L1,六年级上,关键处一点就使整体生动（四字）,画龙点睛,成语;日积月累;课内必背,部编六年级上册·日积月累,idiom-l1-0052,idiom:画龙点睛,日积月累,idiom:画龙点睛,画龙点睛,recite,all,
idiom,L1,六年级上,下面的写法对不对？,对,成语;日积月累;课内必背,部编六年级上册·日积月累,idiom-l1-0052:char_judge,idiom:画龙点睛,char_judge,idiom:画龙点睛,画龙点睛,char_judge,lower,"{""display"": ""画龙点睛""}"
idiom,L1,六年级上,「画龙点睛」的意思是？,关键处一点就使整体生动,成语;日积月累;课内必背,部编六年级上册·日积月累,idiom-l1-0052:meaning_choice,idiom:画龙点睛,meaning_choice,idiom:画龙点睛,画龙点睛,meaning_choice,upper,"{""choices"": [""非常吃惊"", ""不止一个，还有配对的"", ""颜色又多又好看"", ""关键处一点就使整体生动""]}"
idiom,L1,一年级下,很多花一起开（四字）,百花齐放,成语;日积月累;课内必背,部编一年级下册·日积月累,idiom-l1-0054,idiom:百花齐放,日积月累,idiom:百花齐放,百花齐放,recite,all,
idiom,L1,一年级下,下面的写法对不对？,错,成语;日积月累;课内必背,部编一年级下册·日积月累,idiom-l1-0054:char_judge,idiom:百花齐放,char_judge,idiom:百花齐放,百花齐放,char_judge,lower,"{""display"": ""百甲齐放""}"
idiom,L1,一年级下,「百花齐放」的意思是？,很多花一起开,成语;日积月累;课内必背,部编一年级下册·日积月累,idiom-l1-0054:meaning_choice,idiom:百花齐放,meaning_choice,idiom:百花齐放,百花齐放,meaning_choice,upper,"{""choices"": [""很多花一起开"", ""含有数字的成语"", ""人声嘈杂得像开了锅"", ""有很多话要说""]}"
idiom,L1,一年级下,很多鸟一起叫（四字）,百鸟争鸣,成语;日积月累;课内必背,部编一年级下册·日积月累,idiom-l1-0055,idiom:百鸟争鸣,日积月累,idiom:百鸟争鸣,百鸟争鸣,recite,all,
idiom,L1,一年级下,下面的写法对不对？,对,成语;日积月累;课内必背,部编一年级下册·日积月累,idiom-l1-0055:char_judge,idiom:百鸟争鸣,char_judge,idiom:百鸟争鸣,百鸟争鸣,char_judge,lower,"{""display"": ""百鸟争鸣""}"
idiom,L1,一年级下,「百鸟争鸣」的意思是？,很多鸟一起叫,成语;日积月累;课内必背,部编一年级下册·日积月累,idiom-l1-0055:meaning_choice,idiom:百鸟争鸣,meaning_choice,idiom:百鸟争鸣,百鸟争鸣,meaning_choice,upper,"{""choices"": [""出自历史故事的成语"", ""出自历史故事的成语"", ""出自历史故事的成语"", ""很多鸟一起叫""]}"
idiom,L1,五年级下,仪表端正、很有气派（四字）,相貌堂堂,成语;日积月累;课内必背,部编五年级下册·日积月累,idiom-l1-0056,idiom:相貌堂堂,日积月累,idiom:相貌堂堂,相貌堂堂,recite,all,
idiom,L1,五年级下,下面的写法对不对？,对,成语;日积月累;课内必背,部编五年级下册·日积月累,idiom-l1-0056:char_judge,idiom:相貌堂堂,char_judge,idiom:相貌堂堂,相貌堂堂,char_judge,lower,"{""display"": ""相貌堂堂""}"
idiom,L1,五年级下,「相貌堂堂」的意思是？,仪表端正、很有气派,成语;日积月累;课内必背,部编五年级下册·日积月累,idiom-l1-0056:meaning_choice,idiom:相貌堂堂,meaning_choice,idiom:相貌堂堂,相貌堂堂,meaning_choice,upper,"{""choices"": [""说话办事坚决果断"", ""很少的几句话"", ""仪表端正、很有气派"", ""没有真本事却混在里面""]}"
idiom,L1,二年级下,高兴得眉眼都舒展开（四字）,眉开眼笑,成语;日积月累;课内必背,部编二年级下册·日积月累,idiom-l2-0331,idiom:眉开眼笑,日积月累,idiom:眉开眼笑,眉开眼笑,recite,all,
idiom,L1,二年级下,下面的写法对不对？,错,成语;日积月累;课内必背,部编二年级下册·日积月累,idiom-l2-0331:char_judge,idiom:眉开眼笑,char_judge,idiom:眉开眼笑,眉开眼笑,char_judge,lower,"{""display"": ""眉开甲笑""}"
idiom,L1,二年级下,「眉开眼笑」的意思是？,高兴得眉眼都舒展开,成语;日积月累;课内必背,部编二年级下册·日积月累,idiom-l2-0331:meaning_choice,idiom:眉开眼笑,meaning_choice,idiom:眉开眼笑,眉开眼笑,meaning_choice,upper,"{""choices"": [""高兴得眉眼都舒展开"", ""失去信心，情绪低落"", ""精神力气都用尽了"", ""周围各个方向""]}"
idiom,L1,五年级下,五官清秀好看（四字）,眉清目秀,成语;日积月累;课内必背,部编五年级下册·日积月累,idiom-l1-0057,idiom:眉清目秀,日积月累,idiom:眉清目秀,眉清目秀,recite,all,
idiom,L1,五年级下,下面的写法对不对？,对,成语;日积月累;课内必背,部编五年级下册·日积月累,idiom-l1-0057:char_judge,idiom:眉清目秀,char_judge,idiom:眉清目秀,眉清目秀,char_judge,lower,"{""display"": ""眉清目秀""}"
idiom,L1,五年级下,「眉清目秀」的意思是？,五官清秀好看,成语;日积月累;课内必背,部编五年级下册·日积月累,idiom-l1-0057:meaning_choice,idiom:眉清目秀,meaning_choice,idiom:眉清目秀,眉清目秀,meaning_choice,upper,"{""choices"": [""很想马上试一试"", ""轻快地唱、柔美地舞"", ""铺天盖地而来"", ""五官清秀好看""]}"
idiom,L1,三年级上,眼睛手都很快（四字）,眼疾手快,成语;日积月累;课内必背,部编三年级上册·日积月累,idiom-tb-0055,idiom:眼疾手快,日积月累,idiom:眼疾手快,眼疾手快,recite,all,
idiom,L1,三年级上,下面的写法对不对？,错,成语;日积月累;课内必背,部编三年级上册·日积月累,idiom-tb-0055:char_judge,idiom:眼疾手快,char_judge,idiom:眼疾手快,眼疾手快,char_judge,lower,"{""display"": ""眼甲手快""}"
idiom,L1,三年级上,「眼疾手快」的意思是？,眼睛手都很快,成语;日积月累;课内必背,部编三年级上册·日积月累,idiom-tb-0055:meaning_choice,idiom:眼疾手快,meaning_choice,idiom:眼疾手快,眼疾手快,meaning_choice,upper,"{""choices"": [""眼睛手都很快"", ""秋风轻轻吹"", ""看惯了，不觉得奇怪"", ""轻快地唱、柔美地舞""]}"
idiom,L1,五年级下,个子小但精明强干（四字）,短小精悍,成语;日积月累;课内必背,部编五年级下册·日积月累,idiom-l3-1523,idiom:短小精悍,日积月累,idiom:短小精悍,短小精悍,recite,all,
idiom,L1,五年级下,下面的写法对不对？,错,成语;日积月累;课内必背,部编五年级下册·日积月累,idiom-l3-1523:char_judge,idiom:短小精悍,char_judge,idiom:短小精悍,短小精悍,char_judge,lower,"{""display"": ""短小甲悍""}"
idiom,L1,五年级下,「短小精悍」的意思是？,个子小但精明强干,成语;日积月累;课内必背,部编五年级下册·日积月累,idiom-l3-1523:meaning_choice,idiom:短小精悍,meaning_choice,idiom:短小精悍,短小精悍,meaning_choice,upper,"{""choices"": [""AABB 结构的成语"", ""AABB 结构的成语"", ""个子小但精明强干"", ""内部困难又加上外来威胁""]}"
idiom,L1,二年级下,刚哭完又笑了（四字）,破涕为笑,成语;日积月累;课内必背,部编二年级下册·日积月累,idiom-l3-1525,idiom:破涕为笑,日积月累,idiom:破涕为笑,破涕为笑,recite,all,
idiom,L1,二年级下,下面的写法对不对？,对,成语;日积月累;课内必背,部编二年级下册·日积月累,idiom-l3-1525:char_judge,idiom:破涕为笑,char_judge,idiom:破涕为笑,破涕为笑,char_judge,lower,"{""display"": ""破涕为笑""}"
idiom,L1,二年级下,「破涕为笑」的意思是？,刚哭完又笑了,成语;日积月累;课内必背,部编二年级下册·日积月累,idiom-l3-1525:meaning_choice,idiom:破涕为笑,meaning_choice,idiom:破涕为笑,破涕为笑,meaning_choice,upper,"{""choices"": [""出自历史故事的成语"", ""出自历史故事的成语"", ""出自历史故事的成语"", ""刚哭完又笑了""]}"
idiom,L1,二年级下,天空蓝得像洗过一样（四字）,碧空如洗,成语;课文;课内必背,部编二年级下册·课文,idiom-l3-1527,idiom:碧空如洗,课文,idiom:碧空如洗,碧空如洗,recite,all,
idiom,L1,二年级下,下面的写法对不对？,错,成语;课文;课内必背,部编二年级下册·课文,idiom-l3-1527:char_judge,idiom:碧空如洗,char_judge,idiom:碧空如洗,碧空如洗,char_judge,lower,"{""display"": ""碧甲如洗""}"
idiom,L1,二年级下,「碧空如洗」的意思是？,天空蓝得像洗过一样,成语;课文;课内必背,部编二年级下册·课文,idiom-l3-1527:meaning_choice,idiom:碧空如洗,meaning_choice,idiom:碧空如洗,碧空如洗,meaning_choice,upper,"{""choices"": [""形容艺术水平的成语"", ""形容艺术水平的成语"", ""天空蓝得像洗过一样"", ""没有风浪，也指局势安定""]}"
idiom,L1,四年级上,计谋非常高明（四字）,神机妙算,成语;日积月累;课文;课内必背,部编四年级上册·日积月累；部编五年级下册·课文,idiom-l3-1531,idiom:神机妙算,日积月累,idiom:神机妙算,神机妙算,recite,all,
idiom,L1,四年级上,下面的写法对不对？,对,成语;日积月累;课文;课内必背,部编四年级上册·日积月累；部编五年级下册·课文,idiom-l3-1531:char_judge,idiom:神机妙算,char_judge,idiom:神机妙算,神机妙算,char_judge,lower,"{""display"": ""神机妙算""}"
idiom,L1,四年级上,「神机妙算」的意思是？,计谋非常高明,成语;日积月累;课文;课内必背,部编四年级上册·日积月累；部编五年级下册·课文,idiom-l3-1531:meaning_choice,idiom:神机妙算,meaning_choice,idiom:神机妙算,神机妙算,meaning_choice,upper,"{""choices"": [""变化很多"", ""计谋非常高明"", ""累得一点力气也没有"", ""精神力气都用尽了""]}"
idiom,L1,五年级上,很得意、很有精神的样子（四字）,神气十足,成语;课文;课内必背,部编五年级上册·课文,idiom-tb-0056,idiom:神气十足,课文,idiom:神气十足,神气十足,recite,all,
idiom,L1,五年级上,下面的写法对不对？,错,成语;课文;课内必背,部编五年级上册·课文,idiom-tb-0056:char_judge,idiom:神气十足,char_judge,idiom:神气十足,神气十足,char_judge,lower,"{""display"": ""神甲十足""}"
idiom,L1,五年级上,「神气十足」的意思是？,很得意、很有精神的样子,成语;课文;课内必背,部编五年级上册·课文,idiom-tb-0056:meaning_choice,idiom:神气十足,meaning_choice,idiom:神气十足,神气十足,meaning_choice,upper,"{""choices"": [""仪表端正、很有气派"", ""自己的说法或做法互相冲突"", ""很得意、很有精神的样子"", ""闪电打雷""]}"
idiom,L1,二年级上,自以为了不起的样子（四字）,神气活现,成语;课文;课内必背,部编二年级上册·课文,idiom-l3-1532,idiom:神气活现,课文,idiom:神气活现,神气活现,recite,all,
idiom,L1,二年级上,下面的写法对不对？,错,成语;课文;课内必背,部编二年级上册·课文,idiom-l3-1532:char_judge,idiom:神气活现,char_judge,idiom:神气活现,神气活现,char_judge,lower,"{""display"": ""神气活甲""}"
idiom,L1,二年级上,「神气活现」的意思是？,自以为了不起的样子,成语;课文;课内必背,部编二年级上册·课文,idiom-l3-1532:meaning_choice,idiom:神气活现,meaning_choice,idiom:神气活现,神气活现,meaning_choice,upper,"{""choices"": [""很得意、很有精神的样子"", ""声势或影响极大"", ""自以为了不起的样子"", ""个子小但精明强干""]}"
idiom,L1,四年级上,办法很多，本领很大（四字）,神通广大,成语;日积月累;课内必背,部编四年级上册·日积月累,idiom-tb-0057,idiom:神通广大,日积月累,idiom:神通广大,神通广大,recite,all,
idiom,L1,四年级上,下面的写法对不对？,错,成语;日积月累;课内必背,部编四年级上册·日积月累,idiom-tb-0057:char_judge,idiom:神通广大,char_judge,idiom:神通广大,神通广大,char_judge,lower,"{""display"": ""神通广太""}"
idiom,L1,四年级上,「神通广大」的意思是？,办法很多，本领很大,成语;日积月累;课内必背,部编四年级上册·日积月累,idiom-tb-0057:meaning_choice,idiom:神通广大,meaning_choice,idiom:神通广大,神通广大,meaning_choice,upper,"{""choices"": [""泉水发出叮咚声"", ""办法很多，本领很大"", ""果实结得很多"", ""夜里不用关门，社会安定""]}"
idiom,L1,三年级上,秋风轻轻吹（四字）,秋风习习,成语;日积月累;课内必背,部编三年级上册·日积月累,idiom-l1-0058,idiom:秋风习习,日积月累,idiom:秋风习习,秋风习习,recite,all,
idiom,L1,三年级上,下面的写法对不对？,错,成语;日积月累;课内必背,部编三年级上册·日积月累,idiom-l1-0058:char_judge,idiom:秋风习习,char_judge,idiom:秋风习习,秋风习习,char_judge,lower,"{""display"": ""秋甲习习""}"
idiom,L1,三年级上,「秋风习习」的意思是？,秋风轻轻吹,成语;日积月累;课内必背,部编三年级上册·日积月累,idiom-l1-0058:meaning_choice,idiom:秋风习习,meaning_choice,idiom:秋风习习,秋风习习,meaning_choice,upper,"{""choices"": [""声势或影响极大"", ""在困难时给人帮助"", ""秋风轻轻吹"", ""出了问题赶紧补救还来得及""]}"
idiom,L1,三年级上,秋天天气清爽（四字）,秋高气爽,成语;日积月累;课内必背,部编三年级上册·日积月累,idiom-l1-0059,idiom:秋高气爽,日积月累,idiom:秋高气爽,秋高气爽,recite,all,
idiom,L1,三年级上,下面的写法对不对？,错,成语;日积月累;课内必背,部编三年级上册·日积月累,idiom-l1-0059:char_judge,idiom:秋高气爽,char_judge,idiom:秋高气爽,秋高气爽,char_judge,lower,"{""display"": ""甲高气爽""}"
idiom,L1,三年级上,「秋高气爽」的意思是？,秋天天气清爽,成语;日积月累;课内必背,部编三年级上册·日积月累,idiom-l1-0059:meaning_choice,idiom:秋高气爽,meaning_choice,idiom:秋高气爽,秋高气爽,meaning_choice,upper,"{""choices"": [""秋天天气清爽"", ""没想到的好事让人高兴"", ""战争造成的混乱"", ""这边看看那边看看""]}"
idiom,L1,四年级下,恭敬地向老师求教（四字）,程门立雪,成语;日积月累;课内必背,部编四年级下册·日积月累,idiom-l3-0449,idiom:程门立雪,日积月累,idiom:程门立雪,程门立雪,recite,all,
idiom,L1,四年级下,下面的写法对不对？,对,成语;日积月累;课内必背,部编四年级下册·日积月累,idiom-l3-0449:char_judge,idiom:程门立雪,char_judge,idiom:程门立雪,程门立雪,char_judge,lower,"{""display"": ""程门立雪""}"
idiom,L1,四年级下,「程门立雪」的意思是？,恭敬地向老师求教,成语;日积月累;课内必背,部编四年级下册·日积月累,idiom-l3-0449:meaning_choice,idiom:程门立雪,meaning_choice,idiom:程门立雪,程门立雪,meaning_choice,upper,"{""choices"": [""恭敬地向老师求教"", ""身材魁梧"", ""颜色很多"", ""很少说话""]}"
idiom,L1,三年级下,小声地私下说话（四字）,窃窃私语,成语;课文;课内必背,部编三年级下册·课文,idiom-l3-1924,idiom:窃窃私语,课文,idiom:窃窃私语,窃窃私语,recite,all,
idiom,L1,三年级下,下面的写法对不对？,对,成语;课文;课内必背,部编三年级下册·课文,idiom-l3-1924:char_judge,idiom:窃窃私语,char_judge,idiom:窃窃私语,窃窃私语,char_judge,lower,"{""display"": ""窃窃私语""}"
idiom,L1,三年级下,「窃窃私语」的意思是？,小声地私下说话,成语;课文;课内必背,部编三年级下册·课文,idiom-l3-1924:meaning_choice,idiom:窃窃私语,meaning_choice,idiom:窃窃私语,窃窃私语,meaning_choice,upper,"{""choices"": [""无家可归，四处流浪"", ""脸上很有光彩、很有精神"", ""胆子很小"", ""小声地私下说话""]}"
idiom,L1,六年级上,书法笔势奔放（四字）,笔走龙蛇,成语;日积月累;课内必背,部编六年级上册·日积月累,idiom-l1-0060,idiom:笔走龙蛇,日积月累,idiom:笔走龙蛇,笔走龙蛇,recite,all,
idiom,L1,六年级上,下面的写法对不对？,错,成语;日积月累;课内必背,部编六年级上册·日积月累,idiom-l1-0060:char_judge,idiom:笔走龙蛇,char_judge,idiom:笔走龙蛇,笔走龙蛇,char_judge,lower,"{""display"": ""甲走龙蛇""}"
idiom,L1,六年级上,「笔走龙蛇」的意思是？,书法笔势奔放,成语;日积月累;课内必背,部编六年级上册·日积月累,idiom-l1-0060:meaning_choice,idiom:笔走龙蛇,meaning_choice,idiom:笔走龙蛇,笔走龙蛇,meaning_choice,upper,"{""choices"": [""失去信心，情绪低落"", ""做多余的事反而坏事"", ""弄错了对象或事实"", ""书法笔势奔放""]}"
idiom,L1,二年级下,累得一点力气也没有（四字）,筋疲力尽,成语;课文;课内必背,部编二年级下册·课文,idiom-tb-0058,idiom:筋疲力尽,课文,idiom:筋疲力尽,筋疲力尽,recite,all,
idiom,L1,二年级下,下面的写法对不对？,对,成语;课文;课内必背,部编二年级下册·课文,idiom-tb-0058:char_judge,idiom:筋疲力尽,char_judge,idiom:筋疲力尽,筋疲力尽,char_judge,lower,"{""display"": ""筋疲力尽""}"
idiom,L1,二年级下,「筋疲力尽」的意思是？,累得一点力气也没有,成语;课文;课内必背,部编二年级下册·课文,idiom-tb-0058:meaning_choice,idiom:筋疲力尽,meaning_choice,idiom:筋疲力尽,筋疲力尽,meaning_choice,upper,"{""choices"": [""好上加好"", ""累得一点力气也没有"", ""找出事物的根由"", ""做多余的事反而坏事""]}"
idiom,L1,六年级上,身体粉碎，也指不惜牺牲（四字）,粉身碎骨,成语;课文;课内必背,部编六年级上册·课文,idiom-tb-0059,idiom:粉身碎骨,课文,idiom:粉身碎骨,粉身碎骨,recite,all,
idiom,L1,六年级上,下面的写法对不对？,错,成语;课文;课内必背,部编六年级上册·课文,idiom-tb-0059:char_judge,idiom:粉身碎骨,char_judge,idiom:粉身碎骨,粉身碎骨,char_judge,lower,"{""display"": ""粉身甲骨""}"
idiom,L1,六年级上,「粉身碎骨」的意思是？,身体粉碎，也指不惜牺牲,成语;课文;课内必背,部编六年级上册·课文,idiom-tb-0059:meaning_choice,idiom:粉身碎骨,meaning_choice,idiom:粉身碎骨,粉身碎骨,meaning_choice,upper,"{""choices"": [""自己的说法或做法互相冲突"", ""春天回来了，大地苏醒"", ""做事慌张没有条理"", ""身体粉碎，也指不惜牺牲""]}"
idiom,L1,六年级下,精简机构、减少人员（四字）,精兵简政,成语;课文;课内必背,部编六年级下册·课文,idiom-tb-0060,idiom:精兵简政,课文,idiom:精兵简政,精兵简政,recite,all,
idiom,L1,六年级下,下面的写法对不对？,对,成语;课文;课内必背,部编六年级下册·课文,idiom-tb-0060:char_judge,idiom:精兵简政,char_judge,idiom:精兵简政,精兵简政,char_judge,lower,"{""display"": ""精兵简政""}"
idiom,L1,六年级下,「精兵简政」的意思是？,精简机构、减少人员,成语;课文;课内必背,部编六年级下册·课文,idiom-tb-0060:meaning_choice,idiom:精兵简政,meaning_choice,idiom:精兵简政,精兵简政,meaning_choice,upper,"{""choices"": [""出自寓言故事的成语"", ""出自寓言故事的成语"", ""精简机构、减少人员"", ""把东西完好无损地归还原主""]}"
idiom,L1,四年级上,精神力气都用尽了（四字）,精疲力竭,成语;课文;课内必背,部编四年级上册·课文,idiom-tb-0061,idiom:精疲力竭,课文,idiom:精疲力竭,精疲力竭,recite,all,
idiom,L1,四年级上,下面的写法对不对？,错,成语;课文;课内必背,部编四年级上册·课文,idiom-tb-0061:char_judge,idiom:精疲力竭,char_judge,idiom:精疲力竭,精疲力竭,char_judge,lower,"{""display"": ""精疲力甲""}"
idiom,L1,四年级上,「精疲力竭」的意思是？,精神力气都用尽了,成语;课文;课内必背,部编四年级上册·课文,idiom-tb-0061:meaning_choice,idiom:精疲力竭,meaning_choice,idiom:精疲力竭,精疲力竭,meaning_choice,upper,"{""choices"": [""精神力气都用尽了"", ""描写品质的成语"", ""描写品质的成语"", ""描写品质的成语""]}"
idiom,L1,三年级上,不清楚、弄不明白（四字）,糊里糊涂,成语;课文;课内必背,部编三年级上册·课文,idiom-tb-0062,idiom:糊里糊涂,课文,idiom:糊里糊涂,糊里糊涂,recite,all,
idiom,L1,三年级上,下面的写法对不对？,错,成语;课文;课内必背,部编三年级上册·课文,idiom-tb-0062:char_judge,idiom:糊里糊涂,char_judge,idiom:糊里糊涂,糊里糊涂,char_judge,lower,"{""display"": ""糊甲糊涂""}"
idiom,L1,三年级上,「糊里糊涂」的意思是？,不清楚、弄不明白,成语;课文;课内必背,部编三年级上册·课文,idiom-tb-0062:meaning_choice,idiom:糊里糊涂,meaning_choice,idiom:糊里糊涂,糊里糊涂,meaning_choice,upper,"{""choices"": [""跃跃欲试、准备动手"", ""描写夏天的成语"", ""不清楚、弄不明白"", ""变化很多""]}"
idiom,L1,三年级上,色彩又多又好看（四字）,绚丽多彩,成语;课文;课内必背,部编三年级上册·课文,idiom-l3-1574,idiom:绚丽多彩,课文,idiom:绚丽多彩,绚丽多彩,recite,all,
idiom,L1,三年级上,下面的写法对不对？,错,成语;课文;课内必背,部编三年级上册·课文,idiom-l3-1574:char_judge,idiom:绚丽多彩,char_judge,idiom:绚丽多彩,绚丽多彩,char_judge,lower,"{""display"": ""绚丽甲彩""}"
idiom,L1,三年级上,「绚丽多彩」的意思是？,色彩又多又好看,成语;课文;课内必背,部编三年级上册·课文,idiom-l3-1574:meaning_choice,idiom:绚丽多彩,meaning_choice,idiom:绚丽多彩,绚丽多彩,meaning_choice,upper,"{""choices"": [""乱七八糟地摆着"", ""很想马上试一试"", ""色彩又多又好看"", ""没有烦恼""]}"
idiom,L1,五年级上,大体很好，还有一点缺憾（四字）,美中不足,成语;课文;课内必背,部编五年级上册·课文,idiom-tb-0063,idiom:美中不足,课文,idiom:美中不足,美中不足,recite,all,
idiom,L1,五年级上,下面的写法对不对？,对,成语;课文;课内必背,部编五年级上册·课文,idiom-tb-0063:char_judge,idiom:美中不足,char_judge,idiom:美中不足,美中不足,char_judge,lower,"{""display"": ""美中不足""}"
idiom,L1,五年级上,「美中不足」的意思是？,大体很好，还有一点缺憾,成语;课文;课内必背,部编五年级上册·课文,idiom-tb-0063:meaning_choice,idiom:美中不足,meaning_choice,idiom:美中不足,美中不足,meaning_choice,upper,"{""choices"": [""大体很好，还有一点缺憾"", ""乐音很久还在回响"", ""抬起头、挺起胸，很有精神"", ""计谋非常高明""]}"
idiom,L1,五年级下,年老体衰、行动不灵便（四字）,老态龙钟,成语;日积月累;课内必背,部编五年级下册·日积月累,idiom-l2-0381,idiom:老态龙钟,日积月累,idiom:老态龙钟,老态龙钟,recite,all,
idiom,L1,五年级下,下面的写法对不对？,对,成语;日积月累;课内必背,部编五年级下册·日积月累,idiom-l2-0381:char_judge,idiom:老态龙钟,char_judge,idiom:老态龙钟,老态龙钟,char_judge,lower,"{""display"": ""老态龙钟""}"
idiom,L1,五年级下,「老态龙钟」的意思是？,年老体衰、行动不灵便,成语;日积月累;课内必背,部编五年级下册·日积月累,idiom-l2-0381:meaning_choice,idiom:老态龙钟,meaning_choice,idiom:老态龙钟,老态龙钟,meaning_choice,upper,"{""choices"": [""描写神态的成语"", ""五官清秀好看"", ""字写得有气势"", ""年老体衰、行动不灵便""]}"
idiom,L1,五年级下,不由得产生敬意（四字）,肃然起敬,成语;课文;课内必背,部编五年级下册·课文,idiom-tb-0064,idiom:肃然起敬,课文,idiom:肃然起敬,肃然起敬,recite,all,
idiom,L1,五年级下,下面的写法对不对？,对,成语;课文;课内必背,部编五年级下册·课文,idiom-tb-0064:char_judge,idiom:肃然起敬,char_judge,idiom:肃然起敬,肃然起敬,char_judge,lower,"{""display"": ""肃然起敬""}"
idiom,L1,五年级下,「肃然起敬」的意思是？,不由得产生敬意,成语;课文;课内必背,部编五年级下册·课文,idiom-tb-0064:meaning_choice,idiom:肃然起敬,meaning_choice,idiom:肃然起敬,肃然起敬,meaning_choice,upper,"{""choices"": [""与学习有关的成语"", ""急于求成反而把事情弄坏"", ""不由得产生敬意"", ""本领很大，像能驾着云雾飞""]}"
idiom,L1,二年级上,胆子很小（四字）,胆小如鼠,成语;日积月累;课内必背,部编二年级上册·日积月累,idiom-l1-0061,idiom:胆小如鼠,日积月累,idiom:胆小如鼠,胆小如鼠,recite,all,
idiom,L1,二年级上,下面的写法对不对？,对,成语;日积月累;课内必背,部编二年级上册·日积月累,idiom-l1-0061:char_judge,idiom:胆小如鼠,char_judge,idiom:胆小如鼠,胆小如鼠,char_judge,lower,"{""display"": ""胆小如鼠""}"
idiom,L1,二年级上,「胆小如鼠」的意思是？,胆子很小,成语;日积月累;课内必背,部编二年级上册·日积月累,idiom-l1-0061:meaning_choice,idiom:胆小如鼠,meaning_choice,idiom:胆小如鼠,胆小如鼠,meaning_choice,upper,"{""choices"": [""心里急得像火烧"", ""胆子很小"", ""人声嘈杂得像开了锅"", ""得意得忘了自己是谁""]}"
idiom,L1,五年级下,心里早有了主意（四字）,胸有成竹,成语;课文;课内必背,部编五年级下册·课文,idiom-l3-1612,idiom:胸有成竹,课文,idiom:胸有成竹,胸有成竹,recite,all,
idiom,L1,五年级下,下面的写法对不对？,对,成语;课文;课内必背,部编五年级下册·课文,idiom-l3-1612:char_judge,idiom:胸有成竹,char_judge,idiom:胸有成竹,胸有成竹,char_judge,lower,"{""display"": ""胸有成竹""}"
idiom,L1,五年级下,「胸有成竹」的意思是？,心里早有了主意,成语;课文;课内必背,部编五年级下册·课文,idiom-l3-1612:meaning_choice,idiom:胸有成竹,meaning_choice,idiom:胸有成竹,胸有成竹,meaning_choice,upper,"{""choices"": [""心里早有了主意"", ""说得很动听讨人喜欢"", ""天空一片晴朗"", ""铺天盖地而来""]}"
idiom,L1,四年级上,本领很大，像能驾着云雾飞（四字）,腾云驾雾,成语;日积月累;课内必背,部编四年级上册·日积月累,idiom-tb-0065,idiom:腾云驾雾,日积月累,idiom:腾云驾雾,腾云驾雾,recite,all,
idiom,L1,四年级上,下面的写法对不对？,错,成语;日积月累;课内必背,部编四年级上册·日积月累,idiom-tb-0065:char_judge,idiom:腾云驾雾,char_judge,idiom:腾云驾雾,腾云驾雾,char_judge,lower,"{""display"": ""腾甲驾雾""}"
idiom,L1,四年级上,「腾云驾雾」的意思是？,本领很大，像能驾着云雾飞,成语;日积月累;课内必背,部编四年级上册·日积月累,idiom-tb-0065:meaning_choice,idiom:腾云驾雾,meaning_choice,idiom:腾云驾雾,腾云驾雾,meaning_choice,upper,"{""choices"": [""各自拿出本事"", ""本领很大，像能驾着云雾飞"", ""智谋很多"", ""树林层层翠绿""]}"
idiom,L1,五年级下,身材魁梧（四字）,膀大腰圆,成语;日积月累;课内必背,部编五年级下册·日积月累,idiom-l1-0062,idiom:膀大腰圆,日积月累,idiom:膀大腰圆,膀大腰圆,recite,all,
idiom,L1,五年级下,下面的写法对不对？,错,成语;日积月累;课内必背,部编五年级下册·日积月累,idiom-l1-0062:char_judge,idiom:膀大腰圆,char_judge,idiom:膀大腰圆,膀大腰圆,char_judge,lower,"{""display"": ""甲大腰圆""}"
idiom,L1,五年级下,「膀大腰圆」的意思是？,身材魁梧,成语;日积月累;课内必背,部编五年级下册·日积月累,idiom-l1-0062:meaning_choice,idiom:膀大腰圆,meaning_choice,idiom:膀大腰圆,膀大腰圆,meaning_choice,upper,"{""choices"": [""描写秋天的成语"", ""描写秋天的成语"", ""身材魁梧"", ""恭敬地向老师求教""]}"
idiom,L1,三年级下,自己的说法或做法互相冲突（四字）,自相矛盾,成语;日积月累;课内必背,部编三年级下册·日积月累,idiom-l1-0063,idiom:自相矛盾,日积月累,idiom:自相矛盾,自相矛盾,recite,all,
idiom,L1,三年级下,下面的写法对不对？,对,成语;日积月累;课内必背,部编三年级下册·日积月累,idiom-l1-0063:char_judge,idiom:自相矛盾,char_judge,idiom:自相矛盾,自相矛盾,char_judge,lower,"{""display"": ""自相矛盾""}"
idiom,L1,三年级下,「自相矛盾」的意思是？,自己的说法或做法互相冲突,成语;日积月累;课内必背,部编三年级下册·日积月累,idiom-l1-0063:meaning_choice,idiom:自相矛盾,meaning_choice,idiom:自相矛盾,自相矛盾,meaning_choice,upper,"{""choices"": [""吓得或急得没了主意"", ""自己的说法或做法互相冲突"", ""抬起头、挺起胸，很有精神"", ""在困难时给人帮助""]}"
idiom,L1,一年级上,自己跟自己说话（四字）,自言自语,成语;课文;课内必背,部编一年级上册·课文；部编二年级下册·课文,idiom-l3-1633,idiom:自言自语,课文,idiom:自言自语,自言自语,recite,all,
idiom,L1,一年级上,下面的写法对不对？,错,成语;课文;课内必背,部编一年级上册·课文；部编二年级下册·课文,idiom-l3-1633:char_judge,idiom:自言自语,char_judge,idiom:自言自语,自言自语,char_judge,lower,"{""display"": ""字言自语""}"
idiom,L1,一年级上,「自言自语」的意思是？,自己跟自己说话,成语;课文;课内必背,部编一年级上册·课文；部编二年级下册·课文,idiom-l3-1633:meaning_choice,idiom:自言自语,meaning_choice,idiom:自言自语,自言自语,meaning_choice,upper,"{""choices"": [""夜里不用关门，社会安定"", ""受过惊吓后非常害怕"", ""风很轻、雨很细"", ""自己跟自己说话""]}"
idiom,L1,四年级上,一会儿看得见一会儿看不见（四字）,若隐若现,成语;课文;课内必背,部编四年级上册·课文,idiom-l3-1656,idiom:若隐若现,课文,idiom:若隐若现,若隐若现,recite,all,
idiom,L1,四年级上,下面的写法对不对？,对,成语;课文;课内必背,部编四年级上册·课文,idiom-l3-1656:char_judge,idiom:若隐若现,char_judge,idiom:若隐若现,若隐若现,char_judge,lower,"{""display"": ""若隐若现""}"
idiom,L1,四年级上,「若隐若现」的意思是？,一会儿看得见一会儿看不见,成语;课文;课内必背,部编四年级上册·课文,idiom-l3-1656:meaning_choice,idiom:若隐若现,meaning_choice,idiom:若隐若现,若隐若现,meaning_choice,upper,"{""choices"": [""一会儿看得见一会儿看不见"", ""嘴里很干"", ""头摇来摇去，得意或入神"", ""人声嘈杂得像开了锅""]}"
idiom,L1,一年级下,黄莺唱歌、燕子飞舞（四字）,莺歌燕舞,成语;日积月累;课内必背,部编一年级下册·日积月累,idiom-l1-0064,idiom:莺歌燕舞,日积月累,idiom:莺歌燕舞,莺歌燕舞,recite,all,
idiom,L1,一年级下,下面的写法对不对？,错,成语;日积月累;课内必背,部编一年级下册·日积月累,idiom-l1-0064:char_judge,idiom:莺歌燕舞,char_judge,idiom:莺歌燕舞,莺歌燕舞,char_judge,lower,"{""display"": ""莺歌甲舞""}"
idiom,L1,一年级下,「莺歌燕舞」的意思是？,黄莺唱歌、燕子飞舞,成语;日积月累;课内必背,部编一年级下册·日积月累,idiom-l1-0064:meaning_choice,idiom:莺歌燕舞,meaning_choice,idiom:莺歌燕舞,莺歌燕舞,meaning_choice,upper,"{""choices"": [""与时间有关的成语"", ""与时间有关的成语"", ""在风里飘动"", ""黄莺唱歌、燕子飞舞""]}"
idiom,L1,六年级上,像老虎一样盯着，想扑上去（四字）,虎视眈眈,成语;课文;课内必背,部编六年级上册·课文,idiom-tb-0066,idiom:虎视眈眈,课文,idiom:虎视眈眈,虎视眈眈,recite,all,
idiom,L1,六年级上,下面的写法对不对？,对,成语;课文;课内必背,部编六年级上册·课文,idiom-tb-0066:char_judge,idiom:虎视眈眈,char_judge,idiom:虎视眈眈,虎视眈眈,char_judge,lower,"{""display"": ""虎视眈眈""}"
idiom,L1,六年级上,「虎视眈眈」的意思是？,像老虎一样盯着，想扑上去,成语;课文;课内必背,部编六年级上册·课文,idiom-tb-0066:meaning_choice,idiom:虎视眈眈,meaning_choice,idiom:虎视眈眈,虎视眈眈,meaning_choice,upper,"{""choices"": [""只要肯下功夫就能成功"", ""称心如意、神气十足"", ""像老虎一样盯着，想扑上去"", ""周围各个方向""]}"
idiom,L1,六年级上,文章或动作很流畅（四字）,行云流水,成语;日积月累;课内必背,部编六年级上册·日积月累,idiom-l1-0065,idiom:行云流水,日积月累,idiom:行云流水,行云流水,recite,all,
idiom,L1,六年级上,下面的写法对不对？,错,成语;日积月累;课内必背,部编六年级上册·日积月累,idiom-l1-0065:char_judge,idiom:行云流水,char_judge,idiom:行云流水,行云流水,char_judge,lower,"{""display"": ""甲云流水""}"
idiom,L1,六年级上,「行云流水」的意思是？,文章或动作很流畅,成语;日积月累;课内必背,部编六年级上册·日积月累,idiom-l1-0065:meaning_choice,idiom:行云流水,meaning_choice,idiom:行云流水,行云流水,meaning_choice,upper,"{""choices"": [""到处是冰和雪"", ""文章或动作很流畅"", ""没有办法可想"", ""冰和雪化了""]}"
idiom,L1,六年级下,从细小处看出大趋势（四字）,见微知著,成语;课文;课内必背,部编六年级下册·课文,idiom-tb-0067,idiom:见微知著,课文,idiom:见微知著,见微知著,recite,all,
idiom,L1,六年级下,下面的写法对不对？,错,成语;课文;课内必背,部编六年级下册·课文,idiom-tb-0067:char_judge,idiom:见微知著,char_judge,idiom:见微知著,见微知著,char_judge,lower,"{""display"": ""见微知甲""}"
idiom,L1,六年级下,「见微知著」的意思是？,从细小处看出大趋势,成语;课文;课内必背,部编六年级下册·课文,idiom-tb-0067:meaning_choice,idiom:见微知著,meaning_choice,idiom:见微知著,见微知著,meaning_choice,upper,"{""choices"": [""从细小处看出大趋势"", ""自己控制不住感情"", ""头发白了，脸色却像小孩一样红润"", ""春天开花秋天结果""]}"
idiom,L1,五年级上,坏主意很多（四字）,诡计多端,成语;课文;课内必背,部编五年级上册·课文,idiom-tb-0068,idiom:诡计多端,课文,idiom:诡计多端,诡计多端,recite,all,
idiom,L1,五年级上,下面的写法对不对？,对,成语;课文;课内必背,部编五年级上册·课文,idiom-tb-0068:char_judge,idiom:诡计多端,char_judge,idiom:诡计多端,诡计多端,char_judge,lower,"{""display"": ""诡计多端""}"
idiom,L1,五年级上,「诡计多端」的意思是？,坏主意很多,成语;课文;课内必背,部编五年级上册·课文,idiom-tb-0068:meaning_choice,idiom:诡计多端,meaning_choice,idiom:诡计多端,诡计多端,meaning_choice,upper,"{""choices"": [""无法想象，很难理解"", ""关键处一点就使整体生动"", ""坏主意很多"", ""铺天盖地而来""]}"
idiom,L1,二年级上,气魄很大的话（四字）,豪言壮语,成语;日积月累;课内必背,部编二年级上册·日积月累,idiom-tb-0069,idiom:豪言壮语,日积月累,idiom:豪言壮语,豪言壮语,recite,all,
idiom,L1,二年级上,下面的写法对不对？,对,成语;日积月累;课内必背,部编二年级上册·日积月累,idiom-tb-0069:char_judge,idiom:豪言壮语,char_judge,idiom:豪言壮语,豪言壮语,char_judge,lower,"{""display"": ""豪言壮语""}"
idiom,L1,二年级上,「豪言壮语」的意思是？,气魄很大的话,成语;日积月累;课内必背,部编二年级上册·日积月累,idiom-tb-0069:meaning_choice,idiom:豪言壮语,meaning_choice,idiom:豪言壮语,豪言壮语,meaning_choice,upper,"{""choices"": [""书法笔势奔放"", ""气魄很大的话"", ""做事慌张没有条理"", ""没有尽头""]}"
idiom,L1,五年级上,主动认错、请求责罚（四字）,负荆请罪,成语;课文;课内必背,部编五年级上册·课文,idiom-l3-0417,idiom:负荆请罪,课文,idiom:负荆请罪,负荆请罪,recite,all,
idiom,L1,五年级上,下面的写法对不对？,错,成语;课文;课内必背,部编五年级上册·课文,idiom-l3-0417:char_judge,idiom:负荆请罪,char_judge,idiom:负荆请罪,负荆请罪,char_judge,lower,"{""display"": ""负甲请罪""}"
idiom,L1,五年级上,「负荆请罪」的意思是？,主动认错、请求责罚,成语;课文;课内必背,部编五年级上册·课文,idiom-l3-0417:meaning_choice,idiom:负荆请罪,meaning_choice,idiom:负荆请罪,负荆请罪,meaning_choice,upper,"{""choices"": [""心里着急、烦躁"", ""什么植物都长不出来"", ""主动认错、请求责罚"", ""笑得直不起腰""]}"
idiom,L1,五年级上,智谋很多（四字）,足智多谋,成语;课文;课内必背,部编五年级上册·课文,idiom-l3-1725,idiom:足智多谋,课文,idiom:足智多谋,足智多谋,recite,all,
idiom,L1,五年级上,下面的写法对不对？,对,成语;课文;课内必背,部编五年级上册·课文,idiom-l3-1725:char_judge,idiom:足智多谋,char_judge,idiom:足智多谋,足智多谋,char_judge,lower,"{""display"": ""足智多谋""}"
idiom,L1,五年级上,「足智多谋」的意思是？,智谋很多,成语;课文;课内必背,部编五年级上册·课文,idiom-l3-1725:meaning_choice,idiom:足智多谋,meaning_choice,idiom:足智多谋,足智多谋,meaning_choice,upper,"{""choices"": [""没有办法可想"", ""智谋很多"", ""出自寓言故事的成语"", ""云雾散开，眼前明亮""]}"
idiom,L1,五年级下,很想马上试一试（四字）,跃跃欲试,成语;课文;课内必背,部编五年级下册·课文,idiom-l3-1936,idiom:跃跃欲试,课文,idiom:跃跃欲试,跃跃欲试,recite,all,
idiom,L1,五年级下,下面的写法对不对？,错,成语;课文;课内必背,部编五年级下册·课文,idiom-l3-1936:char_judge,idiom:跃跃欲试,char_judge,idiom:跃跃欲试,跃跃欲试,char_judge,lower,"{""display"": ""跃跃甲试""}"
idiom,L1,五年级下,「跃跃欲试」的意思是？,很想马上试一试,成语;课文;课内必背,部编五年级下册·课文,idiom-l3-1936:meaning_choice,idiom:跃跃欲试,meaning_choice,idiom:跃跃欲试,跃跃欲试,meaning_choice,upper,"{""choices"": [""做事非常顺手"", ""树林层层翠绿"", ""很想马上试一试"", ""什么植物都长不出来""]}"
idiom,L1,五年级上,丢在路上的东西也没人捡走（四字）,路不拾遗,成语;日积月累;课内必背,部编五年级上册·日积月累,idiom-l1-0067,idiom:路不拾遗,日积月累,idiom:路不拾遗,路不拾遗,recite,all,
idiom,L1,五年级上,下面的写法对不对？,错,成语;日积月累;课内必背,部编五年级上册·日积月累,idiom-l1-0067:char_judge,idiom:路不拾遗,char_judge,idiom:路不拾遗,路不拾遗,char_judge,lower,"{""display"": ""甲不拾遗""}"
idiom,L1,五年级上,「路不拾遗」的意思是？,丢在路上的东西也没人捡走,成语;日积月累;课内必背,部编五年级上册·日积月累,idiom-l1-0067:meaning_choice,idiom:路不拾遗,meaning_choice,idiom:路不拾遗,路不拾遗,meaning_choice,upper,"{""choices"": [""实在没有别的办法"", ""拘束、心里不踏实"", ""从一片落叶知道秋天到了"", ""丢在路上的东西也没人捡走""]}"
idiom,L1,五年级下,走路不稳，跌跌撞撞（四字）,踉踉跄跄,成语;课文;课内必背,部编五年级下册·课文,idiom-tb-0070,idiom:踉踉跄跄,课文,idiom:踉踉跄跄,踉踉跄跄,recite,all,
idiom,L1,五年级下,下面的写法对不对？,错,成语;课文;课内必背,部编五年级下册·课文,idiom-tb-0070:char_judge,idiom:踉踉跄跄,char_judge,idiom:踉踉跄跄,踉踉跄跄,char_judge,lower,"{""display"": ""踉踉跄甲""}"
idiom,L1,五年级下,「踉踉跄跄」的意思是？,走路不稳，跌跌撞撞,成语;课文;课内必背,部编五年级下册·课文,idiom-tb-0070:meaning_choice,idiom:踉踉跄跄,meaning_choice,idiom:踉踉跄跄,踉踉跄跄,meaning_choice,upper,"{""choices"": [""描写外貌的成语"", ""描写外貌的成语"", ""描写外貌的成语"", ""走路不稳，跌跌撞撞""]}"
idiom,L1,六年级上,轻快地唱、柔美地舞（四字）,轻歌曼舞,成语;日积月累;课内必背,部编六年级上册·日积月累,idiom-l1-0068,idiom:轻歌曼舞,日积月累,idiom:轻歌曼舞,轻歌曼舞,recite,all,
idiom,L1,六年级上,下面的写法对不对？,对,成语;日积月累;课内必背,部编六年级上册·日积月累,idiom-l1-0068:char_judge,idiom:轻歌曼舞,char_judge,idiom:轻歌曼舞,轻歌曼舞,char_judge,lower,"{""display"": ""轻歌曼舞""}"
idiom,L1,六年级上,「轻歌曼舞」的意思是？,轻快地唱、柔美地舞,成语;日积月累;课内必背,部编六年级上册·日积月累,idiom-l1-0068:meaning_choice,idiom:轻歌曼舞,meaning_choice,idiom:轻歌曼舞,轻歌曼舞,meaning_choice,upper,"{""choices"": [""在困难时给人帮助"", ""身体粉碎，也指不惜牺牲"", ""轻快地唱、柔美地舞"", ""恭敬地向老师求教""]}"
idiom,L1,六年级上,在风里飘动（四字）,迎风招展,成语;课文;课内必背,部编六年级上册·课文,idiom-tb-0071,idiom:迎风招展,课文,idiom:迎风招展,迎风招展,recite,all,
idiom,L1,六年级上,下面的写法对不对？,对,成语;课文;课内必背,部编六年级上册·课文,idiom-tb-0071:char_judge,idiom:迎风招展,char_judge,idiom:迎风招展,迎风招展,char_judge,lower,"{""display"": ""迎风招展""}"
idiom,L1,六年级上,「迎风招展」的意思是？,在风里飘动,成语;课文;课内必背,部编六年级上册·课文,idiom-tb-0071:meaning_choice,idiom:迎风招展,meaning_choice,idiom:迎风招展,迎风招展,meaning_choice,upper,"{""choices"": [""很多花一起开"", ""在风里飘动"", ""什么植物都长不出来"", ""像老虎一样盯着，想扑上去""]}"
idiom,L1,五年级上,急得不能再等（四字）,迫不及待,成语;课文;课内必背,部编五年级上册·课文,idiom-l3-1754,idiom:迫不及待,课文,idiom:迫不及待,迫不及待,recite,all,
idiom,L1,五年级上,下面的写法对不对？,对,成语;课文;课内必背,部编五年级上册·课文,idiom-l3-1754:char_judge,idiom:迫不及待,char_judge,idiom:迫不及待,迫不及待,char_judge,lower,"{""display"": ""迫不及待""}"
idiom,L1,五年级上,「迫不及待」的意思是？,急得不能再等,成语;课文;课内必背,部编五年级上册·课文,idiom-l3-1754:meaning_choice,idiom:迫不及待,meaning_choice,idiom:迫不及待,迫不及待,meaning_choice,upper,"{""choices"": [""气势像高山大河一样雄伟"", ""急得不能再等"", ""颜色又多又好看"", ""兴趣很浓""]}"
idiom,L1,六年级下,找出事物的根由（四字）,追根求源,成语;课文;课内必背,部编六年级下册·课文,idiom-tb-0072,idiom:追根求源,课文,idiom:追根求源,追根求源,recite,all,
idiom,L1,六年级下,下面的写法对不对？,错,成语;课文;课内必背,部编六年级下册·课文,idiom-tb-0072:char_judge,idiom:追根求源,char_judge,idiom:追根求源,追根求源,char_judge,lower,"{""display"": ""追甲求源""}"
idiom,L1,六年级下,「追根求源」的意思是？,找出事物的根由,成语;课文;课内必背,部编六年级下册·课文,idiom-tb-0072:meaning_choice,idiom:追根求源,meaning_choice,idiom:追根求源,追根求源,meaning_choice,upper,"{""choices"": [""知音难遇或乐曲高妙"", ""找出事物的根由"", ""十分担心害怕"", ""在困难时给人帮助""]}"
idiom,L1,三年级下,模仿别人反而把自己的本事忘了（四字）,邯郸学步,成语;日积月累;课内必背,部编三年级下册·日积月累,idiom-l1-0069,idiom:邯郸学步,日积月累,idiom:邯郸学步,邯郸学步,recite,all,
idiom,L1,三年级下,下面的写法对不对？,对,成语;日积月累;课内必背,部编三年级下册·日积月累,idiom-l1-0069:char_judge,idiom:邯郸学步,char_judge,idiom:邯郸学步,邯郸学步,char_judge,lower,"{""display"": ""邯郸学步""}"
idiom,L1,三年级下,「邯郸学步」的意思是？,模仿别人反而把自己的本事忘了,成语;日积月累;课内必背,部编三年级下册·日积月累,idiom-l1-0069:meaning_choice,idiom:邯郸学步,meaning_choice,idiom:邯郸学步,邯郸学步,meaning_choice,upper,"{""choices"": [""死得有意义、有价值"", ""模仿别人反而把自己的本事忘了"", ""拘束、心里不踏实"", ""大体很好，还有一点缺憾""]}"
idiom,L1,三年级上,桂花香气飘散（四字）,金桂飘香,成语;日积月累;课内必背,部编三年级上册·日积月累,idiom-l1-0070,idiom:金桂飘香,日积月累,idiom:金桂飘香,金桂飘香,recite,all,
idiom,L1,三年级上,下面的写法对不对？,错,成语;日积月累;课内必背,部编三年级上册·日积月累,idiom-l1-0070:char_judge,idiom:金桂飘香,char_judge,idiom:金桂飘香,金桂飘香,char_judge,lower,"{""display"": ""金甲飘香""}"
idiom,L1,三年级上,「金桂飘香」的意思是？,桂花香气飘散,成语;日积月累;课内必背,部编三年级上册·日积月累,idiom-l1-0070:meaning_choice,idiom:金桂飘香,meaning_choice,idiom:金桂飘香,金桂飘香,meaning_choice,upper,"{""choices"": [""一直不停地流"", ""树林层层变色"", ""弄错了对象或事实"", ""桂花香气飘散""]}"
idiom,L1,四年级下,只要肯下功夫就能成功（四字）,铁杵成针,成语;日积月累;课内必背,部编四年级下册·日积月累,idiom-l3-1780,idiom:铁杵成针,日积月累,idiom:铁杵成针,铁杵成针,recite,all,
idiom,L1,四年级下,下面的写法对不对？,对,成语;日积月累;课内必背,部编四年级下册·日积月累,idiom-l3-1780:char_judge,idiom:铁杵成针,char_judge,idiom:铁杵成针,铁杵成针,char_judge,lower,"{""display"": ""铁杵成针""}"
idiom,L1,四年级下,「铁杵成针」的意思是？,只要肯下功夫就能成功,成语;日积月累;课内必背,部编四年级下册·日积月累,idiom-l3-1780:meaning_choice,idiom:铁杵成针,meaning_choice,idiom:铁杵成针,铁杵成针,meaning_choice,upper,"{""choices"": [""秋风轻轻吹"", ""只要肯下功夫就能成功"", ""到处是冰和雪"", ""知音难遇或乐曲高妙""]}"
idiom,L1,二年级下,好上加好（四字）,锦上添花,成语;日积月累;课内必背,部编二年级下册·日积月累,idiom-l2-0291,idiom:锦上添花,日积月累,idiom:锦上添花,锦上添花,recite,all,
idiom,L1,二年级下,下面的写法对不对？,错,成语;日积月累;课内必背,部编二年级下册·日积月累,idiom-l2-0291:char_judge,idiom:锦上添花,char_judge,idiom:锦上添花,锦上添花,char_judge,lower,"{""display"": ""锦甲添花""}"
idiom,L1,二年级下,「锦上添花」的意思是？,好上加好,成语;日积月累;课内必背,部编二年级下册·日积月累,idiom-l2-0291:meaning_choice,idiom:锦上添花,meaning_choice,idiom:锦上添花,锦上添花,meaning_choice,upper,"{""choices"": [""好上加好"", ""人工比自然还精巧"", ""这边看看那边看看"", ""这边看看那边看看""]}"
idiom,L1,六年级下,一直坚持，不放弃（四字）,锲而不舍,成语;课文;课内必背,部编六年级下册·课文,idiom-l3-1788,idiom:锲而不舍,课文,idiom:锲而不舍,锲而不舍,recite,all,
idiom,L1,六年级下,下面的写法对不对？,对,成语;课文;课内必背,部编六年级下册·课文,idiom-l3-1788:char_judge,idiom:锲而不舍,char_judge,idiom:锲而不舍,锲而不舍,char_judge,lower,"{""display"": ""锲而不舍""}"
idiom,L1,六年级下,「锲而不舍」的意思是？,一直坚持，不放弃,成语;课文;课内必背,部编六年级下册·课文,idiom-l3-1788:meaning_choice,idiom:锲而不舍,meaning_choice,idiom:锲而不舍,锲而不舍,meaning_choice,upper,"{""choices"": [""没有尽头"", ""知音难遇或乐曲高妙"", ""身材魁梧"", ""一直坚持，不放弃""]}"
idiom,L1,四年级上,到哪儿都能安下心来（四字）,随遇而安,成语;课文;课内必背,部编四年级上册·课文,idiom-tb-0073,idiom:随遇而安,课文,idiom:随遇而安,随遇而安,recite,all,
idiom,L1,四年级上,下面的写法对不对？,对,成语;课文;课内必背,部编四年级上册·课文,idiom-tb-0073:char_judge,idiom:随遇而安,char_judge,idiom:随遇而安,随遇而安,char_judge,lower,"{""display"": ""随遇而安""}"
idiom,L1,四年级上,「随遇而安」的意思是？,到哪儿都能安下心来,成语;课文;课内必背,部编四年级上册·课文,idiom-tb-0073:meaning_choice,idiom:随遇而安,meaning_choice,idiom:随遇而安,随遇而安,meaning_choice,upper,"{""choices"": [""到哪儿都能安下心来"", ""五官清秀好看"", ""黄莺唱歌、燕子飞舞"", ""从细小处看出大趋势""]}"
idiom,L1,二年级下,在困难时给人帮助（四字）,雪中送炭,成语;日积月累;课内必背,部编二年级下册·日积月累,idiom-l3-0450,idiom:雪中送炭,日积月累,idiom:雪中送炭,雪中送炭,recite,all,
idiom,L1,二年级下,下面的写法对不对？,错,成语;日积月累;课内必背,部编二年级下册·日积月累,idiom-l3-0450:char_judge,idiom:雪中送炭,char_judge,idiom:雪中送炭,雪中送炭,char_judge,lower,"{""display"": ""雪中送甲""}"
idiom,L1,二年级下,「雪中送炭」的意思是？,在困难时给人帮助,成语;日积月累;课内必背,部编二年级下册·日积月累,idiom-l3-0450:meaning_choice,idiom:雪中送炭,meaning_choice,idiom:雪中送炭,雪中送炭,meaning_choice,upper,"{""choices"": [""在困难时给人帮助"", ""抬起头、挺起胸，很有精神"", ""得到帮助后更强"", ""春天开花秋天结果""]}"
idiom,L1,五年级上,声音大得耳朵都要聋了（四字）,震耳欲聋,成语;课文;课内必背,部编五年级上册·课文,idiom-l3-1813,idiom:震耳欲聋,课文,idiom:震耳欲聋,震耳欲聋,recite,all,
idiom,L1,五年级上,下面的写法对不对？,错,成语;课文;课内必背,部编五年级上册·课文,idiom-l3-1813:char_judge,idiom:震耳欲聋,char_judge,idiom:震耳欲聋,震耳欲聋,char_judge,lower,"{""display"": ""震耳欲甲""}"
idiom,L1,五年级上,「震耳欲聋」的意思是？,声音大得耳朵都要聋了,成语;课文;课内必背,部编五年级上册·课文,idiom-l3-1813:meaning_choice,idiom:震耳欲聋,meaning_choice,idiom:震耳欲聋,震耳欲聋,meaning_choice,upper,"{""choices"": [""模仿别人反而把自己的本事忘了"", ""找出事物的根由"", ""描写心情的成语"", ""声音大得耳朵都要聋了""]}"
idiom,L1,三年级上,脸和耳朵都红了（四字）,面红耳赤,成语;日积月累;课内必背,部编三年级上册·日积月累,idiom-l3-1819,idiom:面红耳赤,日积月累,idiom:面红耳赤,面红耳赤,recite,all,
idiom,L1,三年级上,下面的写法对不对？,对,成语;日积月累;课内必背,部编三年级上册·日积月累,idiom-l3-1819:char_judge,idiom:面红耳赤,char_judge,idiom:面红耳赤,面红耳赤,char_judge,lower,"{""display"": ""面红耳赤""}"
idiom,L1,三年级上,「面红耳赤」的意思是？,脸和耳朵都红了,成语;日积月累;课内必背,部编三年级上册·日积月累,idiom-l3-1819:meaning_choice,idiom:面红耳赤,meaning_choice,idiom:面红耳赤,面红耳赤,meaning_choice,upper,"{""choices"": [""ABCC 结构的成语"", ""脸和耳朵都红了"", ""百姓生活在极端困苦中"", ""没有尽头""]}"
idiom,L1,四年级上,没有风浪，也指局势安定（四字）,风平浪静,成语;课文;课内必背,部编四年级上册·课文,idiom-l2-0304,idiom:风平浪静,课文,idiom:风平浪静,风平浪静,recite,all,
idiom,L1,四年级上,下面的写法对不对？,错,成语;课文;课内必背,部编四年级上册·课文,idiom-l2-0304:char_judge,idiom:风平浪静,char_judge,idiom:风平浪静,风平浪静,char_judge,lower,"{""display"": ""风平浪甲""}"
idiom,L1,四年级上,「风平浪静」的意思是？,没有风浪，也指局势安定,成语;课文;课内必背,部编四年级上册·课文,idiom-l2-0304:meaning_choice,idiom:风平浪静,meaning_choice,idiom:风平浪静,风平浪静,meaning_choice,upper,"{""choices"": [""刻苦学习，不敢打瞌睡"", ""像烟云一样消失了"", ""没有风浪，也指局势安定"", ""与时间有关的成语""]}"
idiom,L1,二年级上,又刮风又下雨（四字）,风雨交加,成语;日积月累;课内必背,部编二年级上册·日积月累,idiom-tb-0074,idiom:风雨交加,日积月累,idiom:风雨交加,风雨交加,recite,all,
idiom,L1,二年级上,下面的写法对不对？,对,成语;日积月累;课内必背,部编二年级上册·日积月累,idiom-tb-0074:char_judge,idiom:风雨交加,char_judge,idiom:风雨交加,风雨交加,char_judge,lower,"{""display"": ""风雨交加""}"
idiom,L1,二年级上,「风雨交加」的意思是？,又刮风又下雨,成语;日积月累;课内必背,部编二年级上册·日积月累,idiom-tb-0074:meaning_choice,idiom:风雨交加,meaning_choice,idiom:风雨交加,风雨交加,meaning_choice,upper,"{""choices"": [""树林层层变色"", ""微风轻轻吹"", ""头发白了，脸色却像小孩一样红润"", ""又刮风又下雨""]}"
idiom,L1,六年级上,经历过很多艰苦（四字）,饱经风霜,成语;课文;课内必背,部编六年级上册·课文,idiom-l3-0454,idiom:饱经风霜,课文,idiom:饱经风霜,饱经风霜,recite,all,
idiom,L1,六年级上,下面的写法对不对？,错,成语;课文;课内必背,部编六年级上册·课文,idiom-l3-0454:char_judge,idiom:饱经风霜,char_judge,idiom:饱经风霜,饱经风霜,char_judge,lower,"{""display"": ""饱经甲霜""}"
idiom,L1,六年级上,「饱经风霜」的意思是？,经历过很多艰苦,成语;课文;课内必背,部编六年级上册·课文,idiom-l3-0454:meaning_choice,idiom:饱经风霜,meaning_choice,idiom:饱经风霜,饱经风霜,meaning_choice,upper,"{""choices"": [""到哪儿都能安下心来"", ""丢在路上的东西也没人捡走"", ""经历过很多艰苦"", ""果实结得很多""]}"
idiom,L1,六年级上,知音难遇或乐曲高妙（四字）,高山流水,成语;日积月累;课内必背,部编六年级上册·日积月累,idiom-l1-0071,idiom:高山流水,日积月累,idiom:高山流水,高山流水,recite,all,
idiom,L1,六年级上,下面的写法对不对？,对,成语;日积月累;课内必背,部编六年级上册·日积月累,idiom-l1-0071:char_judge,idiom:高山流水,char_judge,idiom:高山流水,高山流水,char_judge,lower,"{""display"": ""高山流水""}"
idiom,L1,六年级上,「高山流水」的意思是？,知音难遇或乐曲高妙,成语;日积月累;课内必背,部编六年级上册·日积月累,idiom-l1-0071:meaning_choice,idiom:高山流水,meaning_choice,idiom:高山流水,高山流水,meaning_choice,upper,"{""choices"": [""知音难遇或乐曲高妙"", ""描写心情的成语"", ""没有办法可想"", ""很多鸟一起叫""]}"
idiom,L1,一年级下,鸟儿叫、花儿香（四字）,鸟语花香,成语;日积月累;课内必背,部编一年级下册·日积月累,idiom-l2-0313,idiom:鸟语花香,日积月累,idiom:鸟语花香,鸟语花香,recite,all,
idiom,L1,一年级下,下面的写法对不对？,对,成语;日积月累;课内必背,部编一年级下册·日积月累,idiom-l2-0313:char_judge,idiom:鸟语花香,char_judge,idiom:鸟语花香,鸟语花香,char_judge,lower,"{""display"": ""鸟语花香""}"
idiom,L1,一年级下,「鸟语花香」的意思是？,鸟儿叫、花儿香,成语;日积月累;课内必背,部编一年级下册·日积月累,idiom-l2-0313:meaning_choice,idiom:鸟语花香,meaning_choice,idiom:鸟语花香,鸟语花香,meaning_choice,upper,"{""choices"": [""鸟儿叫、花儿香"", ""含有数字的成语"", ""含有数字的成语"", ""含有数字的成语""]}"
idiom,L1,四年级下,能听见邻家鸡狗的叫声，形容住得近（四字）,鸡犬相闻,成语;课文;课内必背,部编四年级下册·课文,idiom-tb-0075,idiom:鸡犬相闻,课文,idiom:鸡犬相闻,鸡犬相闻,recite,all,
idiom,L1,四年级下,下面的写法对不对？,对,成语;课文;课内必背,部编四年级下册·课文,idiom-tb-0075:char_judge,idiom:鸡犬相闻,char_judge,idiom:鸡犬相闻,鸡犬相闻,char_judge,lower,"{""display"": ""鸡犬相闻""}"
idiom,L1,四年级下,「鸡犬相闻」的意思是？,能听见邻家鸡狗的叫声，形容住得近,成语;课文;课内必背,部编四年级下册·课文,idiom-tb-0075:meaning_choice,idiom:鸡犬相闻,meaning_choice,idiom:鸡犬相闻,鸡犬相闻,meaning_choice,upper,"{""choices"": [""从细小处看出大趋势"", ""能听见邻家鸡狗的叫声，形容住得近"", ""鸡叫狗叫形容喧闹"", ""生活安定，工作愉快""]}"
idiom,L1,二年级上,鸡叫狗叫形容喧闹（四字）,鸡鸣狗吠,成语;日积月累;课内必背,部编二年级上册·日积月累,idiom-l1-0072,idiom:鸡鸣狗吠,日积月累,idiom:鸡鸣狗吠,鸡鸣狗吠,recite,all,
idiom,L1,二年级上,下面的写法对不对？,对,成语;日积月累;课内必背,部编二年级上册·日积月累,idiom-l1-0072:char_judge,idiom:鸡鸣狗吠,char_judge,idiom:鸡鸣狗吠,鸡鸣狗吠,char_judge,lower,"{""display"": ""鸡鸣狗吠""}"
idiom,L1,二年级上,「鸡鸣狗吠」的意思是？,鸡叫狗叫形容喧闹,成语;日积月累;课内必背,部编二年级上册·日积月累,idiom-l1-0072:meaning_choice,idiom:鸡鸣狗吠,meaning_choice,idiom:鸡鸣狗吠,鸡鸣狗吠,meaning_choice,upper,"{""choices"": [""气势像高山大河一样雄伟"", ""样子很庄重认真"", ""春天回来了，大地苏醒"", ""鸡叫狗叫形容喧闹""]}"
idiom,L1,三年级上,非常安静（四字）,鸦雀无声,成语;课文;课内必背,部编三年级上册·课文,idiom-l3-1847,idiom:鸦雀无声,课文,idiom:鸦雀无声,鸦雀无声,recite,all,
idiom,L1,三年级上,下面的写法对不对？,错,成语;课文;课内必背,部编三年级上册·课文,idiom-l3-1847:char_judge,idiom:鸦雀无声,char_judge,idiom:鸦雀无声,鸦雀无声,char_judge,lower,"{""display"": ""鸦甲无声""}"
idiom,L1,三年级上,「鸦雀无声」的意思是？,非常安静,成语;课文;课内必背,部编三年级上册·课文,idiom-l3-1847:meaning_choice,idiom:鸦雀无声,meaning_choice,idiom:鸦雀无声,鸦雀无声,meaning_choice,upper,"{""choices"": [""很少的几句话"", ""吓得或急得没了主意"", ""非常安静"", ""自己的说法或做法互相冲突""]}"
idiom,L1,二年级上,雪片又大又密（四字）,鹅毛大雪,成语;日积月累;课内必背,部编二年级上册·日积月累,idiom-l3-0455,idiom:鹅毛大雪,日积月累,idiom:鹅毛大雪,鹅毛大雪,recite,all,
idiom,L1,二年级上,下面的写法对不对？,错,成语;日积月累;课内必背,部编二年级上册·日积月累,idiom-l3-0455:char_judge,idiom:鹅毛大雪,char_judge,idiom:鹅毛大雪,鹅毛大雪,char_judge,lower,"{""display"": ""鹅毛大甲""}"
idiom,L1,二年级上,「鹅毛大雪」的意思是？,雪片又大又密,成语;日积月累;课内必背,部编二年级上册·日积月累,idiom-l3-0455:meaning_choice,idiom:鹅毛大雪,meaning_choice,idiom:鹅毛大雪,鹅毛大雪,meaning_choice,upper,"{""choices"": [""ABCC 结构的成语"", ""ABCC 结构的成语"", ""ABCC 结构的成语"", ""雪片又大又密""]}"
idiom,L1,五年级下,头发白了，脸色却像小孩一样红润（四字）,鹤发童颜,成语;日积月累;课内必背,部编五年级下册·日积月累,idiom-l1-0073,idiom:鹤发童颜,日积月累,idiom:鹤发童颜,鹤发童颜,recite,all,
idiom,L1,五年级下,下面的写法对不对？,错,成语;日积月累;课内必背,部编五年级下册·日积月累,idiom-l1-0073:char_judge,idiom:鹤发童颜,char_judge,idiom:鹤发童颜,鹤发童颜,char_judge,lower,"{""display"": ""甲发童颜""}"
idiom,L1,五年级下,「鹤发童颜」的意思是？,头发白了，脸色却像小孩一样红润,成语;日积月累;课内必背,部编五年级下册·日积月累,idiom-l1-0073:meaning_choice,idiom:鹤发童颜,meaning_choice,idiom:鹤发童颜,鹤发童颜,meaning_choice,upper,"{""choices"": [""头发白了，脸色却像小孩一样红润"", ""全部显露出来，什么也藏不住"", ""心里急得像火烧"", ""吃东西又猛又急""]}"
idiom,L1,六年级上,正宗高雅的音乐（四字）,黄钟大吕,成语;日积月累;课内必背,部编六年级上册·日积月累,idiom-l1-0074,idiom:黄钟大吕,日积月累,idiom:黄钟大吕,黄钟大吕,recite,all,
idiom,L1,六年级上,下面的写法对不对？,对,成语;日积月累;课内必背,部编六年级上册·日积月累,idiom-l1-0074:char_judge,idiom:黄钟大吕,char_judge,idiom:黄钟大吕,黄钟大吕,char_judge,lower,"{""display"": ""黄钟大吕""}"
idiom,L1,六年级上,「黄钟大吕」的意思是？,正宗高雅的音乐,成语;日积月累;课内必背,部编六年级上册·日积月累,idiom-l1-0074:meaning_choice,idiom:黄钟大吕,meaning_choice,idiom:黄钟大吕,黄钟大吕,meaning_choice,upper,"{""choices"": [""这边看看那边看看"", ""这边看看那边看看"", ""色彩又多又好看"", ""正宗高雅的音乐""]}"
idiom,L1,二年级上,字写得有气势（四字）,龙飞凤舞,成语;日积月累;课内必背,部编二年级上册·日积月累,idiom-l1-0075,idiom:龙飞凤舞,日积月累,idiom:龙飞凤舞,龙飞凤舞,recite,all,
idiom,L1,二年级上,下面的写法对不对？,错,成语;日积月累;课内必背,部编二年级上册·日积月累,idiom-l1-0075:char_judge,idiom:龙飞凤舞,char_judge,idiom:龙飞凤舞,龙飞凤舞,char_judge,lower,"{""display"": ""甲飞凤舞""}"
idiom,L1,二年级上,「龙飞凤舞」的意思是？,字写得有气势,成语;日积月累;课内必背,部编二年级上册·日积月累,idiom-l1-0075:meaning_choice,idiom:龙飞凤舞,meaning_choice,idiom:龙飞凤舞,龙飞凤舞,meaning_choice,upper,"{""choices"": [""很得意、很有精神的样子"", ""字写得有气势"", ""描写秋天的成语"", ""描写秋天的成语""]}"
idiom,L2,,出自寓言故事的成语（四字）,买椟还珠,成语;寓言;课内拓展,小学成语培优全书·教辅常见,idiom-l2-0076,idiom:买椟还珠,recite,idiom:买椟还珠,买椟还珠,recite,all,
idiom,L2,,下面的写法对不对？,错,成语;寓言;课内拓展,小学成语培优全书·教辅常见,idiom-l2-0076:char_judge,idiom:买椟还珠,char_judge,idiom:买椟还珠,买椟还珠,char_judge,lower,"{""display"": ""甲椟还珠""}"
idiom,L2,,「买椟还珠」的意思是？,出自寓言故事的成语,成语;寓言;课内拓展,小学成语培优全书·教辅常见,idiom-l2-0076:meaning_choice,idiom:买椟还珠,meaning_choice,idiom:买椟还珠,买椟还珠,meaning_choice,upper,"{""choices"": [""力量非常强大"", ""很想马上试一试"", ""人声嘈杂得像开了锅"", ""出自寓言故事的成语""]}"
idiom,L2,,出自寓言故事的成语（四字）,南辕北辙,成语;寓言;课内拓展,小学成语培优全书·教辅常见,idiom-l2-0078,idiom:南辕北辙,recite,idiom:南辕北辙,南辕北辙,recite,all,
idiom,L2,,下面的写法对不对？,错,成语;寓言;课内拓展,小学成语培优全书·教辅常见,idiom-l2-0078:char_judge,idiom:南辕北辙,char_judge,idiom:南辕北辙,南辕北辙,char_judge,lower,"{""display"": ""南辕北甲""}"
idiom,L2,,「南辕北辙」的意思是？,出自寓言故事的成语,成语;寓言;课内拓展,小学成语培优全书·教辅常见,idiom-l2-0078:meaning_choice,idiom:南辕北辙,meaning_choice,idiom:南辕北辙,南辕北辙,meaning_choice,upper,"{""choices"": [""一直不停地流"", ""一会儿看得见一会儿看不见"", ""小声地私下说话"", ""出自寓言故事的成语""]}"
idiom,L2,,出自寓言故事的成语（四字）,塞翁失马,成语;寓言;课内拓展,小学成语培优全书·教辅常见,idiom-l2-0080,idiom:塞翁失马,recite,idiom:塞翁失马,塞翁失马,recite,all,
idiom,L2,,下面的写法对不对？,对,成语;寓言;课内拓展,小学成语培优全书·教辅常见,idiom-l2-0080:char_judge,idiom:塞翁失马,char_judge,idiom:塞翁失马,塞翁失马,char_judge,lower,"{""display"": ""塞翁失马""}"
idiom,L2,,「塞翁失马」的意思是？,出自寓言故事的成语,成语;寓言;课内拓展,小学成语培优全书·教辅常见,idiom-l2-0080:meaning_choice,idiom:塞翁失马,meaning_choice,idiom:塞翁失马,塞翁失马,meaning_choice,upper,"{""choices"": [""脸和耳朵都红了"", ""一下子明白过来"", ""气势很大、规模很大"", ""出自寓言故事的成语""]}"
idiom,L2,,出自寓言故事的成语（四字）,拔苗助长,成语;寓言;课内拓展,小学成语培优全书·教辅常见,idiom-l2-0082,idiom:拔苗助长,recite,idiom:拔苗助长,拔苗助长,recite,all,
idiom,L2,,下面的写法对不对？,对,成语;寓言;课内拓展,小学成语培优全书·教辅常见,idiom-l2-0082:char_judge,idiom:拔苗助长,char_judge,idiom:拔苗助长,拔苗助长,char_judge,lower,"{""display"": ""拔苗助长""}"
idiom,L2,,「拔苗助长」的意思是？,出自寓言故事的成语,成语;寓言;课内拓展,小学成语培优全书·教辅常见,idiom-l2-0082:meaning_choice,idiom:拔苗助长,meaning_choice,idiom:拔苗助长,拔苗助长,meaning_choice,upper,"{""choices"": [""不加咀嚼地整吞，比喻不求甚解"", ""着急或高兴得又抓耳朵又挠腮"", ""出自寓言故事的成语"", ""高兴得快要发狂""]}"
idiom,L2,,出自寓言故事的成语（四字）,精卫填海,成语;寓言;课内拓展,小学成语培优全书·教辅常见,idiom-l2-0084,idiom:精卫填海,recite,idiom:精卫填海,精卫填海,recite,all,
idiom,L2,,下面的写法对不对？,对,成语;寓言;课内拓展,小学成语培优全书·教辅常见,idiom-l2-0084:char_judge,idiom:精卫填海,char_judge,idiom:精卫填海,精卫填海,char_judge,lower,"{""display"": ""精卫填海""}"
idiom,L2,,「精卫填海」的意思是？,出自寓言故事的成语,成语;寓言;课内拓展,小学成语培优全书·教辅常见,idiom-l2-0084:meaning_choice,idiom:精卫填海,meaning_choice,idiom:精卫填海,精卫填海,meaning_choice,upper,"{""choices"": [""关键处一点就使整体生动"", ""出自寓言故事的成语"", ""大声地笑"", ""情绪非常激动""]}"
idiom,L2,,出自寓言故事的成语（四字）,黔驴技穷,成语;寓言;课内拓展,小学成语培优全书·教辅常见,idiom-l2-0085,idiom:黔驴技穷,recite,idiom:黔驴技穷,黔驴技穷,recite,all,
idiom,L2,,下面的写法对不对？,错,成语;寓言;课内拓展,小学成语培优全书·教辅常见,idiom-l2-0085:char_judge,idiom:黔驴技穷,char_judge,idiom:黔驴技穷,黔驴技穷,char_judge,lower,"{""display"": ""黔驴甲穷""}"
idiom,L2,,「黔驴技穷」的意思是？,出自寓言故事的成语,成语;寓言;课内拓展,小学成语培优全书·教辅常见,idiom-l2-0085:meaning_choice,idiom:黔驴技穷,meaning_choice,idiom:黔驴技穷,黔驴技穷,meaning_choice,upper,"{""choices"": [""出自寓言故事的成语"", ""恭敬地向老师求教"", ""冰和雪化了"", ""桂花香气飘散""]}"
idiom,L3,,与学习有关的成语（四字）,一笔勾销,成语;学习;小升初高频,小学成语培优全书·教辅常见,idiom-l3-0086,idiom:一笔勾销,recite,idiom:一笔勾销,一笔勾销,recite,all,
idiom,L3,,下面的写法对不对？,错,成语;学习;小升初高频,小学成语培优全书·教辅常见,idiom-l3-0086:char_judge,idiom:一笔勾销,char_judge,idiom:一笔勾销,一笔勾销,char_judge,lower,"{""display"": ""甲笔勾销""}"
idiom,L3,,「一笔勾销」的意思是？,与学习有关的成语,成语;学习;小升初高频,小学成语培优全书·教辅常见,idiom-l3-0086:meaning_choice,idiom:一笔勾销,meaning_choice,idiom:一笔勾销,一笔勾销,meaning_choice,upper,"{""choices"": [""把东西完好无损地归还原主"", ""与学习有关的成语"", ""舍不得离开"", ""借别人的威势吓唬人""]}"
idiom,L3,,与学习有关的成语（四字）,三思而行,成语;学习;小升初高频,小学成语培优全书·教辅常见,idiom-l3-0087,idiom:三思而行,recite,idiom:三思而行,三思而行,recite,all,
idiom,L3,,下面的写法对不对？,错,成语;学习;小升初高频,小学成语培优全书·教辅常见,idiom-l3-0087:char_judge,idiom:三思而行,char_judge,idiom:三思而行,三思而行,char_judge,lower,"{""display"": ""三甲而行""}"
idiom,L3,,「三思而行」的意思是？,与学习有关的成语,成语;学习;小升初高频,小学成语培优全书·教辅常见,idiom-l3-0087:meaning_choice,idiom:三思而行,meaning_choice,idiom:三思而行,三思而行,meaning_choice,upper,"{""choices"": [""胆子很小"", ""十分担心害怕"", ""与学习有关的成语"", ""树林层层翠绿""]}"
idiom,L3,,与学习有关的成语（四字）,下笔成章,成语;学习;小升初高频,小学成语培优全书·教辅常见,idiom-l3-0088,idiom:下笔成章,recite,idiom:下笔成章,下笔成章,recite,all,
idiom,L3,,下面的写法对不对？,对,成语;学习;小升初高频,小学成语培优全书·教辅常见,idiom-l3-0088:char_judge,idiom:下笔成章,char_judge,idiom:下笔成章,下笔成章,char_judge,lower,"{""display"": ""下笔成章""}"
idiom,L3,,「下笔成章」的意思是？,与学习有关的成语,成语;学习;小升初高频,小学成语培优全书·教辅常见,idiom-l3-0088:meaning_choice,idiom:下笔成章,meaning_choice,idiom:下笔成章,下笔成章,meaning_choice,upper,"{""choices"": [""没有烦恼"", ""样子很庄重认真"", ""桂花香气飘散"", ""与学习有关的成语""]}"
idiom,L3,,与学习有关的成语（四字）,不假思索,成语;学习;小升初高频,小学成语培优全书·教辅常见,idiom-l3-0089,idiom:不假思索,recite,idiom:不假思索,不假思索,recite,all,
idiom,L3,,下面的写法对不对？,对,成语;学习;小升初高频,小学成语培优全书·教辅常见,idiom-l3-0089:char_judge,idiom:不假思索,char_judge,idiom:不假思索,不假思索,char_judge,lower,"{""display"": ""不假思索""}"
idiom,L3,,「不假思索」的意思是？,与学习有关的成语,成语;学习;小升初高频,小学成语培优全书·教辅常见,idiom-l3-0089:meaning_choice,idiom:不假思索,meaning_choice,idiom:不假思索,不假思索,meaning_choice,upper,"{""choices"": [""天地非常广阔"", ""实在没有别的办法"", ""与学习有关的成语"", ""微风轻轻吹""]}"
idiom,L3,,与学习有关的成语（四字）,不学无术,成语;学习;小升初高频,小学成语培优全书·教辅常见,idiom-l3-0091,idiom:不学无术,recite,idiom:不学无术,不学无术,recite,all,
idiom,L3,,下面的写法对不对？,错,成语;学习;小升初高频,小学成语培优全书·教辅常见,idiom-l3-0091:char_judge,idiom:不学无术,char_judge,idiom:不学无术,不学无术,char_judge,lower,"{""display"": ""步学无术""}"
idiom,L3,,「不学无术」的意思是？,与学习有关的成语,成语;学习;小升初高频,小学成语培优全书·教辅常见,idiom-l3-0091:meaning_choice,idiom:不学无术,meaning_choice,idiom:不学无术,不学无术,meaning_choice,upper,"{""choices"": [""果实结得很多"", ""人长寿，收成好"", ""与学习有关的成语"", ""生活安定，工作愉快""]}"
idiom,L3,,与学习有关的成语（四字）,不耻下问,成语;学习;小升初高频,小学成语培优全书·教辅常见,idiom-l3-0092,idiom:不耻下问,recite,idiom:不耻下问,不耻下问,recite,all,
idiom,L3,,下面的写法对不对？,错,成语;学习;小升初高频,小学成语培优全书·教辅常见,idiom-l3-0092:char_judge,idiom:不耻下问,char_judge,idiom:不耻下问,不耻下问,char_judge,lower,"{""display"": ""步耻下问""}"
idiom,L3,,「不耻下问」的意思是？,与学习有关的成语,成语;学习;小升初高频,小学成语培优全书·教辅常见,idiom-l3-0092:meaning_choice,idiom:不耻下问,meaning_choice,idiom:不耻下问,不耻下问,meaning_choice,upper,"{""choices"": [""与学习有关的成语"", ""想尽办法读书"", ""气势使人敬畏"", ""颜色又多又好看""]}"
idiom,L3,,与学习有关的成语（四字）,不闻不问,成语;学习;小升初高频,小学成语培优全书·教辅常见,idiom-l3-0093,idiom:不闻不问,recite,idiom:不闻不问,不闻不问,recite,all,
idiom,L3,,下面的写法对不对？,对,成语;学习;小升初高频,小学成语培优全书·教辅常见,idiom-l3-0093:char_judge,idiom:不闻不问,char_judge,idiom:不闻不问,不闻不问,char_judge,lower,"{""display"": ""不闻不问""}"
idiom,L3,,「不闻不问」的意思是？,与学习有关的成语,成语;学习;小升初高频,小学成语培优全书·教辅常见,idiom-l3-0093:meaning_choice,idiom:不闻不问,meaning_choice,idiom:不闻不问,不闻不问,meaning_choice,upper,"{""choices"": [""刚哭完又笑了"", ""与学习有关的成语"", ""吃东西又猛又急"", ""家庭毁了，人也没了""]}"
idiom,L3,,与学习有关的成语（四字）,业精于勤,成语;学习;小升初高频,小学成语培优全书·教辅常见,idiom-l3-0094,idiom:业精于勤,recite,idiom:业精于勤,业精于勤,recite,all,
idiom,L3,,下面的写法对不对？,对,成语;学习;小升初高频,小学成语培优全书·教辅常见,idiom-l3-0094:char_judge,idiom:业精于勤,char_judge,idiom:业精于勤,业精于勤,char_judge,lower,"{""display"": ""业精于勤""}"
idiom,L3,,「业精于勤」的意思是？,与学习有关的成语,成语;学习;小升初高频,小学成语培优全书·教辅常见,idiom-l3-0094:meaning_choice,idiom:业精于勤,meaning_choice,idiom:业精于勤,业精于勤,meaning_choice,upper,"{""choices"": [""完全不一样"", ""与学习有关的成语"", ""AABC 结构的成语"", ""AABC 结构的成语""]}"
idiom,L3,,与学习有关的成语（四字）,乐不思蜀,成语;学习;小升初高频,小学成语培优全书·教辅常见,idiom-l3-0095,idiom:乐不思蜀,recite,idiom:乐不思蜀,乐不思蜀,recite,all,
idiom,L3,,下面的写法对不对？,对,成语;学习;小升初高频,小学成语培优全书·教辅常见,idiom-l3-0095:char_judge,idiom:乐不思蜀,char_judge,idiom:乐不思蜀,乐不思蜀,char_judge,lower,"{""display"": ""乐不思蜀""}"
idiom,L3,,「乐不思蜀」的意思是？,与学习有关的成语,成语;学习;小升初高频,小学成语培优全书·教辅常见,idiom-l3-0095:meaning_choice,idiom:乐不思蜀,meaning_choice,idiom:乐不思蜀,乐不思蜀,meaning_choice,upper,"{""choices"": [""累得一点力气也没有"", ""春天开花秋天结果"", ""与学习有关的成语"", ""气势使人敬畏""]}"
idiom,L3,,与学习有关的成语（四字）,习以为常,成语;学习;小升初高频,小学成语培优全书·教辅常见,idiom-l3-0096,idiom:习以为常,recite,idiom:习以为常,习以为常,recite,all,
idiom,L3,,下面的写法对不对？,对,成语;学习;小升初高频,小学成语培优全书·教辅常见,idiom-l3-0096:char_judge,idiom:习以为常,char_judge,idiom:习以为常,习以为常,char_judge,lower,"{""display"": ""习以为常""}"
idiom,L3,,「习以为常」的意思是？,与学习有关的成语,成语;学习;小升初高频,小学成语培优全书·教辅常见,idiom-l3-0096:meaning_choice,idiom:习以为常,meaning_choice,idiom:习以为常,习以为常,meaning_choice,upper,"{""choices"": [""说话办事坚决果断"", ""自己跟自己说话"", ""与学习有关的成语"", ""跃跃欲试、准备动手""]}"
idiom,L3,,与学习有关的成语（四字）,书山有路,成语;学习;小升初高频,小学成语培优全书·教辅常见,idiom-l3-0097,idiom:书山有路,recite,idiom:书山有路,书山有路,recite,all,
idiom,L3,,下面的写法对不对？,对,成语;学习;小升初高频,小学成语培优全书·教辅常见,idiom-l3-0097:char_judge,idiom:书山有路,char_judge,idiom:书山有路,书山有路,char_judge,lower,"{""display"": ""书山有路""}"
idiom,L3,,「书山有路」的意思是？,与学习有关的成语,成语;学习;小升初高频,小学成语培优全书·教辅常见,idiom-l3-0097:meaning_choice,idiom:书山有路,meaning_choice,idiom:书山有路,书山有路,meaning_choice,upper,"{""choices"": [""侥幸逃脱的人"", ""与学习有关的成语"", ""自己控制不住感情"", ""特别容易被人看见""]}"
idiom,L3,,与学习有关的成语（四字）,勤俭节约,成语;学习;小升初高频,小学成语培优全书·教辅常见,idiom-l3-0098,idiom:勤俭节约,recite,idiom:勤俭节约,勤俭节约,recite,all,
idiom,L3,,下面的写法对不对？,对,成语;学习;小升初高频,小学成语培优全书·教辅常见,idiom-l3-0098:char_judge,idiom:勤俭节约,char_judge,idiom:勤俭节约,勤俭节约,char_judge,lower,"{""display"": ""勤俭节约""}"
idiom,L3,,「勤俭节约」的意思是？,与学习有关的成语,成语;学习;小升初高频,小学成语培优全书·教辅常见,idiom-l3-0098:meaning_choice,idiom:勤俭节约,meaning_choice,idiom:勤俭节约,勤俭节约,meaning_choice,upper,"{""choices"": [""自己骗自己"", ""与学习有关的成语"", ""非常安静"", ""借别人的威势吓唬人""]}"
idiom,L3,,与学习有关的成语（四字）,勤学好问,成语;学习;小升初高频,小学成语培优全书·教辅常见,idiom-l3-0099,idiom:勤学好问,recite,idiom:勤学好问,勤学好问,recite,all,
idiom,L3,,下面的写法对不对？,对,成语;学习;小升初高频,小学成语培优全书·教辅常见,idiom-l3-0099:char_judge,idiom:勤学好问,char_judge,idiom:勤学好问,勤学好问,char_judge,lower,"{""display"": ""勤学好问""}"
idiom,L3,,「勤学好问」的意思是？,与学习有关的成语,成语;学习;小升初高频,小学成语培优全书·教辅常见,idiom-l3-0099:meaning_choice,idiom:勤学好问,meaning_choice,idiom:勤学好问,勤学好问,meaning_choice,upper,"{""choices"": [""含有动物的成语"", ""模仿别人反而把自己的本事忘了"", ""与学习有关的成语"", ""非常安静""]}"
idiom,L3,,与学习有关的成语（四字）,勤学苦练,成语;学习;小升初高频,小学成语培优全书·教辅常见,idiom-l3-0100,idiom:勤学苦练,recite,idiom:勤学苦练,勤学苦练,recite,all,
idiom,L3,,下面的写法对不对？,对,成语;学习;小升初高频,小学成语培优全书·教辅常见,idiom-l3-0100:char_judge,idiom:勤学苦练,char_judge,idiom:勤学苦练,勤学苦练,char_judge,lower,"{""display"": ""勤学苦练""}"
idiom,L3,,「勤学苦练」的意思是？,与学习有关的成语,成语;学习;小升初高频,小学成语培优全书·教辅常见,idiom-l3-0100:meaning_choice,idiom:勤学苦练,meaning_choice,idiom:勤学苦练,勤学苦练,meaning_choice,upper,"{""choices"": [""与学习有关的成语"", ""吃东西又猛又急"", ""无家可归，四处流浪"", ""借别人的威势吓唬人""]}"
idiom,L3,,与学习有关的成语（四字）,勤能补拙,成语;学习;小升初高频,小学成语培优全书·教辅常见,idiom-l3-0101,idiom:勤能补拙,recite,idiom:勤能补拙,勤能补拙,recite,all,
idiom,L3,,下面的写法对不对？,错,成语;学习;小升初高频,小学成语培优全书·教辅常见,idiom-l3-0101:char_judge,idiom:勤能补拙,char_judge,idiom:勤能补拙,勤能补拙,char_judge,lower,"{""display"": ""甲能补拙""}"
idiom,L3,,「勤能补拙」的意思是？,与学习有关的成语,成语;学习;小升初高频,小学成语培优全书·教辅常见,idiom-l3-0101:meaning_choice,idiom:勤能补拙,meaning_choice,idiom:勤能补拙,勤能补拙,meaning_choice,upper,"{""choices"": [""到处是流离失所的灾民"", ""不知该哭还是该笑"", ""与学习有关的成语"", ""借别人的威势吓唬人""]}"
idiom,L3,,与学习有关的成语（四字）,匪夷所思,成语;学习;小升初高频,小学成语培优全书·教辅常见,idiom-l3-0102,idiom:匪夷所思,recite,idiom:匪夷所思,匪夷所思,recite,all,
idiom,L3,,下面的写法对不对？,对,成语;学习;小升初高频,小学成语培优全书·教辅常见,idiom-l3-0102:char_judge,idiom:匪夷所思,char_judge,idiom:匪夷所思,匪夷所思,char_judge,lower,"{""display"": ""匪夷所思""}"
idiom,L3,,「匪夷所思」的意思是？,与学习有关的成语,成语;学习;小升初高频,小学成语培优全书·教辅常见,idiom-l3-0102:meaning_choice,idiom:匪夷所思,meaning_choice,idiom:匪夷所思,匪夷所思,meaning_choice,upper,"{""choices"": [""风很轻、雨很细"", ""嘴里很干"", ""像烟云一样消失了"", ""与学习有关的成语""]}"
idiom,L3,,与学习有关的成语（四字）,博览群书,成语;学习;小升初高频,小学成语培优全书·教辅常见,idiom-l3-0103,idiom:博览群书,recite,idiom:博览群书,博览群书,recite,all,
idiom,L3,,下面的写法对不对？,错,成语;学习;小升初高频,小学成语培优全书·教辅常见,idiom-l3-0103:char_judge,idiom:博览群书,char_judge,idiom:博览群书,博览群书,char_judge,lower,"{""display"": ""甲览群书""}"
idiom,L3,,「博览群书」的意思是？,与学习有关的成语,成语;学习;小升初高频,小学成语培优全书·教辅常见,idiom-l3-0103:meaning_choice,idiom:博览群书,meaning_choice,idiom:博览群书,博览群书,meaning_choice,upper,"{""choices"": [""与学习有关的成语"", ""走路很神气、满不在乎"", ""非常安静"", ""吃或听得非常有兴趣""]}"
idiom,L3,,与学习有关的成语（四字）,卷土重来,成语;学习;小升初高频,小学成语培优全书·教辅常见,idiom-l3-0104,idiom:卷土重来,recite,idiom:卷土重来,卷土重来,recite,all,
idiom,L3,,下面的写法对不对？,错,成语;学习;小升初高频,小学成语培优全书·教辅常见,idiom-l3-0104:char_judge,idiom:卷土重来,char_judge,idiom:卷土重来,卷土重来,char_judge,lower,"{""display"": ""卷土重甲""}"
idiom,L3,,「卷土重来」的意思是？,与学习有关的成语,成语;学习;小升初高频,小学成语培优全书·教辅常见,idiom-l3-0104:meaning_choice,idiom:卷土重来,meaning_choice,idiom:卷土重来,卷土重来,meaning_choice,upper,"{""choices"": [""描写冬天的成语"", ""家庭毁了，人也没了"", ""山塌地裂，声势极大"", ""与学习有关的成语""]}"
idiom,L3,,与学习有关的成语（四字）,天道酬勤,成语;学习;小升初高频,小学成语培优全书·教辅常见,idiom-l3-0105,idiom:天道酬勤,recite,idiom:天道酬勤,天道酬勤,recite,all,
idiom,L3,,下面的写法对不对？,错,成语;学习;小升初高频,小学成语培优全书·教辅常见,idiom-l3-0105:char_judge,idiom:天道酬勤,char_judge,idiom:天道酬勤,天道酬勤,char_judge,lower,"{""display"": ""天到酬勤""}"
idiom,L3,,「天道酬勤」的意思是？,与学习有关的成语,成语;学习;小升初高频,小学成语培优全书·教辅常见,idiom-l3-0105:meaning_choice,idiom:天道酬勤,meaning_choice,idiom:天道酬勤,天道酬勤,meaning_choice,upper,"{""choices"": [""完全看不见了"", ""与学习有关的成语"", ""文章或动作很流畅"", ""乱七八糟地摆着""]}"
idiom,L3,,与学习有关的成语（四字）,奋笔疾书,成语;学习;小升初高频,小学成语培优全书·教辅常见,idiom-l3-0106,idiom:奋笔疾书,recite,idiom:奋笔疾书,奋笔疾书,recite,all,
idiom,L3,,下面的写法对不对？,错,成语;学习;小升初高频,小学成语培优全书·教辅常见,idiom-l3-0106:char_judge,idiom:奋笔疾书,char_judge,idiom:奋笔疾书,奋笔疾书,char_judge,lower,"{""display"": ""奋笔疾甲""}"
idiom,L3,,「奋笔疾书」的意思是？,与学习有关的成语,成语;学习;小升初高频,小学成语培优全书·教辅常见,idiom-l3-0106:meaning_choice,idiom:奋笔疾书,meaning_choice,idiom:奋笔疾书,奋笔疾书,meaning_choice,upper,"{""choices"": [""颜色又多又好看"", ""心里着急、烦躁"", ""与学习有关的成语"", ""蔺相如在渑池会上维护赵国尊严""]}"
idiom,L3,,与学习有关的成语（四字）,学以致用,成语;学习;小升初高频,小学成语培优全书·教辅常见,idiom-l3-0107,idiom:学以致用,recite,idiom:学以致用,学以致用,recite,all,
idiom,L3,,下面的写法对不对？,错,成语;学习;小升初高频,小学成语培优全书·教辅常见,idiom-l3-0107:char_judge,idiom:学以致用,char_judge,idiom:学以致用,学以致用,char_judge,lower,"{""display"": ""学甲致用""}"
idiom,L3,,「学以致用」的意思是？,与学习有关的成语,成语;学习;小升初高频,小学成语培优全书·教辅常见,idiom-l3-0107:meaning_choice,idiom:学以致用,meaning_choice,idiom:学以致用,学以致用,meaning_choice,upper,"{""choices"": [""知音难遇或乐曲高妙"", ""蔺相如在渑池会上维护赵国尊严"", ""大声地笑"", ""与学习有关的成语""]}"
idiom,L3,,与学习有关的成语（四字）,学富五车,成语;学习;小升初高频,小学成语培优全书·教辅常见,idiom-l3-0108,idiom:学富五车,recite,idiom:学富五车,学富五车,recite,all,
idiom,L3,,下面的写法对不对？,错,成语;学习;小升初高频,小学成语培优全书·教辅常见,idiom-l3-0108:char_judge,idiom:学富五车,char_judge,idiom:学富五车,学富五车,char_judge,lower,"{""display"": ""学甲五车""}"
idiom,L3,,「学富五车」的意思是？,与学习有关的成语,成语;学习;小升初高频,小学成语培优全书·教辅常见,idiom-l3-0108:meaning_choice,idiom:学富五车,meaning_choice,idiom:学富五车,学富五车,meaning_choice,upper,"{""choices"": [""与学习有关的成语"", ""脸和耳朵都红了"", ""不想努力，只等现成的"", ""知音难遇或乐曲高妙""]}"
idiom,L3,,与学习有关的成语（四字）,学无止境,成语;学习;小升初高频,小学成语培优全书·教辅常见,idiom-l3-0109,idiom:学无止境,recite,idiom:学无止境,学无止境,recite,all,
idiom,L3,,下面的写法对不对？,错,成语;学习;小升初高频,小学成语培优全书·教辅常见,idiom-l3-0109:char_judge,idiom:学无止境,char_judge,idiom:学无止境,学无止境,char_judge,lower,"{""display"": ""学无甲境""}"
idiom,L3,,「学无止境」的意思是？,与学习有关的成语,成语;学习;小升初高频,小学成语培优全书·教辅常见,idiom-l3-0109:meaning_choice,idiom:学无止境,meaning_choice,idiom:学无止境,学无止境,meaning_choice,upper,"{""choices"": [""自己的说法或做法互相冲突"", ""颜色很多"", ""与学习有关的成语"", ""本领比别人高一截""]}"
idiom,L3,,与学习有关的成语（四字）,学海无涯,成语;学习;小升初高频,小学成语培优全书·教辅常见,idiom-l3-0110,idiom:学海无涯,recite,idiom:学海无涯,学海无涯,recite,all,
idiom,L3,,下面的写法对不对？,对,成语;学习;小升初高频,小学成语培优全书·教辅常见,idiom-l3-0110:char_judge,idiom:学海无涯,char_judge,idiom:学海无涯,学海无涯,char_judge,lower,"{""display"": ""学海无涯""}"
idiom,L3,,「学海无涯」的意思是？,与学习有关的成语,成语;学习;小升初高频,小学成语培优全书·教辅常见,idiom-l3-0110:meaning_choice,idiom:学海无涯,meaning_choice,idiom:学海无涯,学海无涯,meaning_choice,upper,"{""choices"": [""与学习有关的成语"", ""出自寓言故事的成语"", ""出自寓言故事的成语"", ""出自寓言故事的成语""]}"
idiom,L3,,与学习有关的成语（四字）,学而不厌,成语;学习;小升初高频,小学成语培优全书·教辅常见,idiom-l3-0111,idiom:学而不厌,recite,idiom:学而不厌,学而不厌,recite,all,
idiom,L3,,下面的写法对不对？,错,成语;学习;小升初高频,小学成语培优全书·教辅常见,idiom-l3-0111:char_judge,idiom:学而不厌,char_judge,idiom:学而不厌,学而不厌,char_judge,lower,"{""display"": ""学而不甲""}"
idiom,L3,,「学而不厌」的意思是？,与学习有关的成语,成语;学习;小升初高频,小学成语培优全书·教辅常见,idiom-l3-0111:meaning_choice,idiom:学而不厌,meaning_choice,idiom:学而不厌,学而不厌,meaning_choice,upper,"{""choices"": [""与学习有关的成语"", ""树林层层翠绿"", ""吃东西又猛又急"", ""有很多话要说""]}"
idiom,L3,,与学习有关的成语（四字）,居安思危,成语;学习;小升初高频,小学成语培优全书·教辅常见,idiom-l3-0112,idiom:居安思危,recite,idiom:居安思危,居安思危,recite,all,
idiom,L3,,下面的写法对不对？,错,成语;学习;小升初高频,小学成语培优全书·教辅常见,idiom-l3-0112:char_judge,idiom:居安思危,char_judge,idiom:居安思危,居安思危,char_judge,lower,"{""display"": ""甲安思危""}"
idiom,L3,,「居安思危」的意思是？,与学习有关的成语,成语;学习;小升初高频,小学成语培优全书·教辅常见,idiom-l3-0112:meaning_choice,idiom:居安思危,meaning_choice,idiom:居安思危,居安思危,meaning_choice,upper,"{""choices"": [""与时间有关的成语"", ""与时间有关的成语"", ""与时间有关的成语"", ""与学习有关的成语""]}"
idiom,L3,,与学习有关的成语（四字）,开卷有益,成语;学习;小升初高频,小学成语培优全书·教辅常见,idiom-l3-0113,idiom:开卷有益,recite,idiom:开卷有益,开卷有益,recite,all,
idiom,L3,,下面的写法对不对？,对,成语;学习;小升初高频,小学成语培优全书·教辅常见,idiom-l3-0113:char_judge,idiom:开卷有益,char_judge,idiom:开卷有益,开卷有益,char_judge,lower,"{""display"": ""开卷有益""}"
idiom,L3,,「开卷有益」的意思是？,与学习有关的成语,成语;学习;小升初高频,小学成语培优全书·教辅常见,idiom-l3-0113:meaning_choice,idiom:开卷有益,meaning_choice,idiom:开卷有益,开卷有益,meaning_choice,upper,"{""choices"": [""气势像高山大河一样雄伟"", ""到处都可以当作家"", ""受过惊吓后非常害怕"", ""与学习有关的成语""]}"
idiom,L3,,与学习有关的成语（四字）,才疏学浅,成语;学习;小升初高频,小学成语培优全书·教辅常见,idiom-l3-0115,idiom:才疏学浅,recite,idiom:才疏学浅,才疏学浅,recite,all,
idiom,L3,,下面的写法对不对？,错,成语;学习;小升初高频,小学成语培优全书·教辅常见,idiom-l3-0115:char_judge,idiom:才疏学浅,char_judge,idiom:才疏学浅,才疏学浅,char_judge,lower,"{""display"": ""才甲学浅""}"
idiom,L3,,「才疏学浅」的意思是？,与学习有关的成语,成语;学习;小升初高频,小学成语培优全书·教辅常见,idiom-l3-0115:meaning_choice,idiom:才疏学浅,meaning_choice,idiom:才疏学浅,才疏学浅,meaning_choice,upper,"{""choices"": [""想尽办法读书"", ""微风轻轻吹"", ""山塌地裂，声势极大"", ""与学习有关的成语""]}"
idiom,L3,,与学习有关的成语（四字）,投笔从戎,成语;学习;小升初高频,小学成语培优全书·教辅常见,idiom-l3-0116,idiom:投笔从戎,recite,idiom:投笔从戎,投笔从戎,recite,all,
idiom,L3,,下面的写法对不对？,错,成语;学习;小升初高频,小学成语培优全书·教辅常见,idiom-l3-0116:char_judge,idiom:投笔从戎,char_judge,idiom:投笔从戎,投笔从戎,char_judge,lower,"{""display"": ""投笔从甲""}"
idiom,L3,,「投笔从戎」的意思是？,与学习有关的成语,成语;学习;小升初高频,小学成语培优全书·教辅常见,idiom-l3-0116:meaning_choice,idiom:投笔从戎,meaning_choice,idiom:投笔从戎,投笔从戎,meaning_choice,upper,"{""choices"": [""身材魁梧"", ""把东西完好无损地归还原主"", ""吓得或急得没了主意"", ""与学习有关的成语""]}"
idiom,L3,,与学习有关的成语（四字）,挖空心思,成语;学习;小升初高频,小学成语培优全书·教辅常见,idiom-l3-0117,idiom:挖空心思,recite,idiom:挖空心思,挖空心思,recite,all,
idiom,L3,,下面的写法对不对？,错,成语;学习;小升初高频,小学成语培优全书·教辅常见,idiom-l3-0117:char_judge,idiom:挖空心思,char_judge,idiom:挖空心思,挖空心思,char_judge,lower,"{""display"": ""挖空必思""}"
idiom,L3,,「挖空心思」的意思是？,与学习有关的成语,成语;学习;小升初高频,小学成语培优全书·教辅常见,idiom-l3-0117:meaning_choice,idiom:挖空心思,meaning_choice,idiom:挖空心思,挖空心思,meaning_choice,upper,"{""choices"": [""与学习有关的成语"", ""在困难时给人帮助"", ""计谋非常高明"", ""ABCC 结构的成语""]}"
idiom,L3,,与学习有关的成语（四字）,敏而好学,成语;学习;小升初高频,小学成语培优全书·教辅常见,idiom-l3-0118,idiom:敏而好学,recite,idiom:敏而好学,敏而好学,recite,all,
idiom,L3,,下面的写法对不对？,错,成语;学习;小升初高频,小学成语培优全书·教辅常见,idiom-l3-0118:char_judge,idiom:敏而好学,char_judge,idiom:敏而好学,敏而好学,char_judge,lower,"{""display"": ""敏甲好学""}"
idiom,L3,,「敏而好学」的意思是？,与学习有关的成语,成语;学习;小升初高频,小学成语培优全书·教辅常见,idiom-l3-0118:meaning_choice,idiom:敏而好学,meaning_choice,idiom:敏而好学,敏而好学,meaning_choice,upper,"{""choices"": [""与学习有关的成语"", ""跃跃欲试、准备动手"", ""不加咀嚼地整吞，比喻不求甚解"", ""到哪儿都能安下心来""]}"
idiom,L3,,与学习有关的成语（四字）,教学相长,成语;学习;小升初高频,小学成语培优全书·教辅常见,idiom-l3-0119,idiom:教学相长,recite,idiom:教学相长,教学相长,recite,all,
idiom,L3,,下面的写法对不对？,错,成语;学习;小升初高频,小学成语培优全书·教辅常见,idiom-l3-0119:char_judge,idiom:教学相长,char_judge,idiom:教学相长,教学相长,char_judge,lower,"{""display"": ""教学相甲""}"
idiom,L3,,「教学相长」的意思是？,与学习有关的成语,成语;学习;小升初高频,小学成语培优全书·教辅常见,idiom-l3-0119:meaning_choice,idiom:教学相长,meaning_choice,idiom:教学相长,教学相长,meaning_choice,upper,"{""choices"": [""与学习有关的成语"", ""完全不一样"", ""万物重新生长"", ""见识很短浅""]}"
idiom,L3,,与学习有关的成语（四字）,朝思暮想,成语;学习;小升初高频,小学成语培优全书·教辅常见,idiom-l3-0120,idiom:朝思暮想,recite,idiom:朝思暮想,朝思暮想,recite,all,
idiom,L3,,下面的写法对不对？,对,成语;学习;小升初高频,小学成语培优全书·教辅常见,idiom-l3-0120:char_judge,idiom:朝思暮想,char_judge,idiom:朝思暮想,朝思暮想,char_judge,lower,"{""display"": ""朝思暮想""}"
idiom,L3,,「朝思暮想」的意思是？,与学习有关的成语,成语;学习;小升初高频,小学成语培优全书·教辅常见,idiom-l3-0120:meaning_choice,idiom:朝思暮想,meaning_choice,idiom:朝思暮想,朝思暮想,meaning_choice,upper,"{""choices"": [""坏主意很多"", ""文笔非常出色"", ""不慌不忙"", ""与学习有关的成语""]}"
idiom,L3,,与学习有关的成语（四字）,深思熟虑,成语;学习;小升初高频,小学成语培优全书·教辅常见,idiom-l3-0121,idiom:深思熟虑,recite,idiom:深思熟虑,深思熟虑,recite,all,
idiom,L3,,下面的写法对不对？,对,成语;学习;小升初高频,小学成语培优全书·教辅常见,idiom-l3-0121:char_judge,idiom:深思熟虑,char_judge,idiom:深思熟虑,深思熟虑,char_judge,lower,"{""display"": ""深思熟虑""}"
idiom,L3,,「深思熟虑」的意思是？,与学习有关的成语,成语;学习;小升初高频,小学成语培优全书·教辅常见,idiom-l3-0121:meaning_choice,idiom:深思熟虑,meaning_choice,idiom:深思熟虑,深思熟虑,meaning_choice,upper,"{""choices"": [""用萤火虫的光夜里读书"", ""与学习有关的成语"", ""小学教辅常见成语"", ""小学教辅常见成语""]}"
idiom,L3,,与学习有关的成语（四字）,百思不解,成语;学习;小升初高频,小学成语培优全书·教辅常见,idiom-l3-0122,idiom:百思不解,recite,idiom:百思不解,百思不解,recite,all,
idiom,L3,,下面的写法对不对？,对,成语;学习;小升初高频,小学成语培优全书·教辅常见,idiom-l3-0122:char_judge,idiom:百思不解,char_judge,idiom:百思不解,百思不解,char_judge,lower,"{""display"": ""百思不解""}"
idiom,L3,,「百思不解」的意思是？,与学习有关的成语,成语;学习;小升初高频,小学成语培优全书·教辅常见,idiom-l3-0122:meaning_choice,idiom:百思不解,meaning_choice,idiom:百思不解,百思不解,meaning_choice,upper,"{""choices"": [""出主意、想办法"", ""与学习有关的成语"", ""人工比自然还精巧"", ""齐心合力""]}"
idiom,L3,,与学习有关的成语（四字）,百读不厌,成语;学习;小升初高频,小学成语培优全书·教辅常见,idiom-l3-0123,idiom:百读不厌,recite,idiom:百读不厌,百读不厌,recite,all,
idiom,L3,,下面的写法对不对？,对,成语;学习;小升初高频,小学成语培优全书·教辅常见,idiom-l3-0123:char_judge,idiom:百读不厌,char_judge,idiom:百读不厌,百读不厌,char_judge,lower,"{""display"": ""百读不厌""}"
idiom,L3,,「百读不厌」的意思是？,与学习有关的成语,成语;学习;小升初高频,小学成语培优全书·教辅常见,idiom-l3-0123:meaning_choice,idiom:百读不厌,meaning_choice,idiom:百读不厌,百读不厌,meaning_choice,upper,"{""choices"": [""闪电打雷"", ""从一片落叶知道秋天到了"", ""与学习有关的成语"", ""齐心合力""]}"
idiom,L3,,与学习有关的成语（四字）,真才实学,成语;学习;小升初高频,小学成语培优全书·教辅常见,idiom-l3-0124,idiom:真才实学,recite,idiom:真才实学,真才实学,recite,all,
idiom,L3,,下面的写法对不对？,错,成语;学习;小升初高频,小学成语培优全书·教辅常见,idiom-l3-0124:char_judge,idiom:真才实学,char_judge,idiom:真才实学,真才实学,char_judge,lower,"{""display"": ""真才实甲""}"
idiom,L3,,「真才实学」的意思是？,与学习有关的成语,成语;学习;小升初高频,小学成语培优全书·教辅常见,idiom-l3-0124:meaning_choice,idiom:真才实学,meaning_choice,idiom:真才实学,真才实学,meaning_choice,upper,"{""choices"": [""眼睛明亮、牙齿洁白"", ""出主意、想办法"", ""抬起头、挺起胸，很有精神"", ""与学习有关的成语""]}"
idiom,L3,,与学习有关的成语（四字）,睹物思人,成语;学习;小升初高频,小学成语培优全书·教辅常见,idiom-l3-0125,idiom:睹物思人,recite,idiom:睹物思人,睹物思人,recite,all,
idiom,L3,,下面的写法对不对？,错,成语;学习;小升初高频,小学成语培优全书·教辅常见,idiom-l3-0125:char_judge,idiom:睹物思人,char_judge,idiom:睹物思人,睹物思人,char_judge,lower,"{""display"": ""睹物思入""}"
idiom,L3,,「睹物思人」的意思是？,与学习有关的成语,成语;学习;小升初高频,小学成语培优全书·教辅常见,idiom-l3-0125:meaning_choice,idiom:睹物思人,meaning_choice,idiom:睹物思人,睹物思人,meaning_choice,upper,"{""choices"": [""只剩下一口气，快不行了"", ""与学习有关的成语"", ""春天开花秋天结果"", ""颜色很多""]}"
idiom,L3,,与学习有关的成语（四字）,知书达理,成语;学习;小升初高频,小学成语培优全书·教辅常见,idiom-l3-0126,idiom:知书达理,recite,idiom:知书达理,知书达理,recite,all,
idiom,L3,,下面的写法对不对？,对,成语;学习;小升初高频,小学成语培优全书·教辅常见,idiom-l3-0126:char_judge,idiom:知书达理,char_judge,idiom:知书达理,知书达理,char_judge,lower,"{""display"": ""知书达理""}"
idiom,L3,,「知书达理」的意思是？,与学习有关的成语,成语;学习;小升初高频,小学成语培优全书·教辅常见,idiom-l3-0126:meaning_choice,idiom:知书达理,meaning_choice,idiom:知书达理,知书达理,meaning_choice,upper,"{""choices"": [""与学习有关的成语"", ""描写冬天的成语"", ""描写冬天的成语"", ""描写冬天的成语""]}"
idiom,L3,,与学习有关的成语（四字）,胡思乱想,成语;学习;小升初高频,小学成语培优全书·教辅常见,idiom-l3-0127,idiom:胡思乱想,recite,idiom:胡思乱想,胡思乱想,recite,all,
idiom,L3,,下面的写法对不对？,对,成语;学习;小升初高频,小学成语培优全书·教辅常见,idiom-l3-0127:char_judge,idiom:胡思乱想,char_judge,idiom:胡思乱想,胡思乱想,char_judge,lower,"{""display"": ""胡思乱想""}"
idiom,L3,,「胡思乱想」的意思是？,与学习有关的成语,成语;学习;小升初高频,小学成语培优全书·教辅常见,idiom-l3-0127:meaning_choice,idiom:胡思乱想,meaning_choice,idiom:胡思乱想,胡思乱想,meaning_choice,upper,"{""choices"": [""描摹得十分逼真"", ""高兴得快要发狂"", ""战争造成的混乱"", ""与学习有关的成语""]}"
idiom,L3,,与学习有关的成语（四字）,问心无愧,成语;学习;小升初高频,小学成语培优全书·教辅常见,idiom-l3-0128,idiom:问心无愧,recite,idiom:问心无愧,问心无愧,recite,all,
idiom,L3,,下面的写法对不对？,对,成语;学习;小升初高频,小学成语培优全书·教辅常见,idiom-l3-0128:char_judge,idiom:问心无愧,char_judge,idiom:问心无愧,问心无愧,char_judge,lower,"{""display"": ""问心无愧""}"
idiom,L3,,「问心无愧」的意思是？,与学习有关的成语,成语;学习;小升初高频,小学成语培优全书·教辅常见,idiom-l3-0128:meaning_choice,idiom:问心无愧,meaning_choice,idiom:问心无愧,问心无愧,meaning_choice,upper,"{""choices"": [""ABCC 结构的成语"", ""ABCC 结构的成语"", ""书一直拿在手里，非常爱读"", ""与学习有关的成语""]}"
idiom,L3,,与学习有关的成语（四字）,集思广益,成语;学习;小升初高频,小学成语培优全书·教辅常见,idiom-l3-0129,idiom:集思广益,recite,idiom:集思广益,集思广益,recite,all,
idiom,L3,,下面的写法对不对？,错,成语;学习;小升初高频,小学成语培优全书·教辅常见,idiom-l3-0129:char_judge,idiom:集思广益,char_judge,idiom:集思广益,集思广益,char_judge,lower,"{""display"": ""集思广甲""}"
idiom,L3,,「集思广益」的意思是？,与学习有关的成语,成语;学习;小升初高频,小学成语培优全书·教辅常见,idiom-l3-0129:meaning_choice,idiom:集思广益,meaning_choice,idiom:集思广益,集思广益,meaning_choice,upper,"{""choices"": [""不知该哭还是该笑"", ""与学习有关的成语"", ""自己跟自己说话"", ""自然界最美的声音""]}"
idiom,L3,,与学习有关的成语（四字）,顾名思义,成语;学习;小升初高频,小学成语培优全书·教辅常见,idiom-l3-0130,idiom:顾名思义,recite,idiom:顾名思义,顾名思义,recite,all,
idiom,L3,,下面的写法对不对？,错,成语;学习;小升初高频,小学成语培优全书·教辅常见,idiom-l3-0130:char_judge,idiom:顾名思义,char_judge,idiom:顾名思义,顾名思义,char_judge,lower,"{""display"": ""顾甲思义""}"
idiom,L3,,「顾名思义」的意思是？,与学习有关的成语,成语;学习;小升初高频,小学成语培优全书·教辅常见,idiom-l3-0130:meaning_choice,idiom:顾名思义,meaning_choice,idiom:顾名思义,顾名思义,meaning_choice,upper,"{""choices"": [""自己骗自己"", ""只要肯下功夫就能成功"", ""靠近山、靠近水"", ""与学习有关的成语""]}"
idiom,L3,,与学习有关的成语（四字）,风卷残云,成语;学习;小升初高频,小学成语培优全书·教辅常见,idiom-l3-0131,idiom:风卷残云,recite,idiom:风卷残云,风卷残云,recite,all,
idiom,L3,,下面的写法对不对？,对,成语;学习;小升初高频,小学成语培优全书·教辅常见,idiom-l3-0131:char_judge,idiom:风卷残云,char_judge,idiom:风卷残云,风卷残云,char_judge,lower,"{""display"": ""风卷残云""}"
idiom,L3,,「风卷残云」的意思是？,与学习有关的成语,成语;学习;小升初高频,小学成语培优全书·教辅常见,idiom-l3-0131:meaning_choice,idiom:风卷残云,meaning_choice,idiom:风卷残云,风卷残云,meaning_choice,upper,"{""choices"": [""与学习有关的成语"", ""文笔非常出色"", ""知音难遇或乐曲高妙"", ""美丽得没有谁能比""]}"
idiom,L3,,描写品质的成语（四字）,与人为善,成语;品质;小升初高频,小学成语培优全书·教辅常见,idiom-l3-0132,idiom:与人为善,recite,idiom:与人为善,与人为善,recite,all,
idiom,L3,,下面的写法对不对？,错,成语;品质;小升初高频,小学成语培优全书·教辅常见,idiom-l3-0132:char_judge,idiom:与人为善,char_judge,idiom:与人为善,与人为善,char_judge,lower,"{""display"": ""与人甲善""}"
idiom,L3,,「与人为善」的意思是？,描写品质的成语,成语;品质;小升初高频,小学成语培优全书·教辅常见,idiom-l3-0132:meaning_choice,idiom:与人为善,meaning_choice,idiom:与人为善,与人为善,meaning_choice,upper,"{""choices"": [""坏主意很多"", ""描写品质的成语"", ""好上加好"", ""人长寿，收成好""]}"
idiom,L3,,描写品质的成语（四字）,信口开河,成语;品质;小升初高频,小学成语培优全书·教辅常见,idiom-l3-0133,idiom:信口开河,recite,idiom:信口开河,信口开河,recite,all,
idiom,L3,,下面的写法对不对？,对,成语;品质;小升初高频,小学成语培优全书·教辅常见,idiom-l3-0133:char_judge,idiom:信口开河,char_judge,idiom:信口开河,信口开河,char_judge,lower,"{""display"": ""信口开河""}"
idiom,L3,,「信口开河」的意思是？,描写品质的成语,成语;品质;小升初高频,小学成语培优全书·教辅常见,idiom-l3-0133:meaning_choice,idiom:信口开河,meaning_choice,idiom:信口开河,信口开河,meaning_choice,upper,"{""choices"": [""描写品质的成语"", ""精神力气都用尽了"", ""情绪非常激动"", ""声势或影响极大""]}"
idiom,L3,,描写品质的成语（四字）,信口雌黄,成语;品质;小升初高频,小学成语培优全书·教辅常见,idiom-l3-0134,idiom:信口雌黄,recite,idiom:信口雌黄,信口雌黄,recite,all,
idiom,L3,,下面的写法对不对？,错,成语;品质;小升初高频,小学成语培优全书·教辅常见,idiom-l3-0134:char_judge,idiom:信口雌黄,char_judge,idiom:信口雌黄,信口雌黄,char_judge,lower,"{""display"": ""信口雌甲""}"
idiom,L3,,「信口雌黄」的意思是？,描写品质的成语,成语;品质;小升初高频,小学成语培优全书·教辅常见,idiom-l3-0134:meaning_choice,idiom:信口雌黄,meaning_choice,idiom:信口雌黄,信口雌黄,meaning_choice,upper,"{""choices"": [""柳树绿、花儿红"", ""走路不稳，跌跌撞撞"", ""描写品质的成语"", ""特别容易被人看见""]}"
idiom,L3,,描写品质的成语（四字）,信手拈来,成语;品质;小升初高频,小学成语培优全书·教辅常见,idiom-l3-0135,idiom:信手拈来,recite,idiom:信手拈来,信手拈来,recite,all,
idiom,L3,,下面的写法对不对？,对,成语;品质;小升初高频,小学成语培优全书·教辅常见,idiom-l3-0135:char_judge,idiom:信手拈来,char_judge,idiom:信手拈来,信手拈来,char_judge,lower,"{""display"": ""信手拈来""}"
idiom,L3,,「信手拈来」的意思是？,描写品质的成语,成语;品质;小升初高频,小学成语培优全书·教辅常见,idiom-l3-0135:meaning_choice,idiom:信手拈来,meaning_choice,idiom:信手拈来,信手拈来,meaning_choice,upper,"{""choices"": [""像烟云一样消失了"", ""气势很大、规模很大"", ""描写景物的成语"", ""描写品质的成语""]}"
idiom,L3,,描写品质的成语（四字）,假公济私,成语;品质;小升初高频,小学成语培优全书·教辅常见,idiom-l3-0136,idiom:假公济私,recite,idiom:假公济私,假公济私,recite,all,
idiom,L3,,下面的写法对不对？,错,成语;品质;小升初高频,小学成语培优全书·教辅常见,idiom-l3-0136:char_judge,idiom:假公济私,char_judge,idiom:假公济私,假公济私,char_judge,lower,"{""display"": ""假公甲私""}"
idiom,L3,,「假公济私」的意思是？,描写品质的成语,成语;品质;小升初高频,小学成语培优全书·教辅常见,idiom-l3-0136:meaning_choice,idiom:假公济私,meaning_choice,idiom:假公济私,假公济私,meaning_choice,upper,"{""choices"": [""精简机构、减少人员"", ""描写品质的成语"", ""全部显露出来，什么也藏不住"", ""得到帮助后更强""]}"
idiom,L3,,描写品质的成语（四字）,克己奉公,成语;品质;小升初高频,小学成语培优全书·教辅常见,idiom-l3-0137,idiom:克己奉公,recite,idiom:克己奉公,克己奉公,recite,all,
idiom,L3,,下面的写法对不对？,对,成语;品质;小升初高频,小学成语培优全书·教辅常见,idiom-l3-0137:char_judge,idiom:克己奉公,char_judge,idiom:克己奉公,克己奉公,char_judge,lower,"{""display"": ""克己奉公""}"
idiom,L3,,「克己奉公」的意思是？,描写品质的成语,成语;品质;小升初高频,小学成语培优全书·教辅常见,idiom-l3-0137:meaning_choice,idiom:克己奉公,meaning_choice,idiom:克己奉公,克己奉公,meaning_choice,upper,"{""choices"": [""脸上很有光彩、很有精神"", ""天空蓝得像洗过一样"", ""描写品质的成语"", ""柳树绿、花儿红""]}"
idiom,L3,,描写品质的成语（四字）,公而忘私,成语;品质;小升初高频,小学成语培优全书·教辅常见,idiom-l3-0138,idiom:公而忘私,recite,idiom:公而忘私,公而忘私,recite,all,
idiom,L3,,下面的写法对不对？,对,成语;品质;小升初高频,小学成语培优全书·教辅常见,idiom-l3-0138:char_judge,idiom:公而忘私,char_judge,idiom:公而忘私,公而忘私,char_judge,lower,"{""display"": ""公而忘私""}"
idiom,L3,,「公而忘私」的意思是？,描写品质的成语,成语;品质;小升初高频,小学成语培优全书·教辅常见,idiom-l3-0138:meaning_choice,idiom:公而忘私,meaning_choice,idiom:公而忘私,公而忘私,meaning_choice,upper,"{""choices"": [""在困难时给人帮助"", ""没有精神"", ""描写品质的成语"", ""没想到的好事让人高兴""]}"
idiom,L3,,描写品质的成语（四字）,勇往直前,成语;品质;小升初高频,小学成语培优全书·教辅常见,idiom-l3-0139,idiom:勇往直前,recite,idiom:勇往直前,勇往直前,recite,all,
idiom,L3,,下面的写法对不对？,对,成语;品质;小升初高频,小学成语培优全书·教辅常见,idiom-l3-0139:char_judge,idiom:勇往直前,char_judge,idiom:勇往直前,勇往直前,char_judge,lower,"{""display"": ""勇往直前""}"
idiom,L3,,「勇往直前」的意思是？,描写品质的成语,成语;品质;小升初高频,小学成语培优全书·教辅常见,idiom-l3-0139:meaning_choice,idiom:勇往直前,meaning_choice,idiom:勇往直前,勇往直前,meaning_choice,upper,"{""choices"": [""颜色又多又好看"", ""办法很多，本领很大"", ""描写品质的成语"", ""急于求成反而把事情弄坏""]}"
idiom,L3,,描写品质的成语（四字）,勇敢无畏,成语;品质;小升初高频,小学成语培优全书·教辅常见,idiom-l3-0140,idiom:勇敢无畏,recite,idiom:勇敢无畏,勇敢无畏,recite,all,
idiom,L3,,下面的写法对不对？,错,成语;品质;小升初高频,小学成语培优全书·教辅常见,idiom-l3-0140:char_judge,idiom:勇敢无畏,char_judge,idiom:勇敢无畏,勇敢无畏,char_judge,lower,"{""display"": ""甲敢无畏""}"
idiom,L3,,「勇敢无畏」的意思是？,描写品质的成语,成语;品质;小升初高频,小学成语培优全书·教辅常见,idiom-l3-0140:meaning_choice,idiom:勇敢无畏,meaning_choice,idiom:勇敢无畏,勇敢无畏,meaning_choice,upper,"{""choices"": [""描写品质的成语"", ""生活安定，工作愉快"", ""弄错了对象或事实"", ""气势使人敬畏""]}"
idiom,L3,,描写品质的成语（四字）,匹夫之勇,成语;品质;小升初高频,小学成语培优全书·教辅常见,idiom-l3-0141,idiom:匹夫之勇,recite,idiom:匹夫之勇,匹夫之勇,recite,all,
idiom,L3,,下面的写法对不对？,错,成语;品质;小升初高频,小学成语培优全书·教辅常见,idiom-l3-0141:char_judge,idiom:匹夫之勇,char_judge,idiom:匹夫之勇,匹夫之勇,char_judge,lower,"{""display"": ""匹夫之甲""}"
idiom,L3,,「匹夫之勇」的意思是？,描写品质的成语,成语;品质;小升初高频,小学成语培优全书·教辅常见,idiom-l3-0141:meaning_choice,idiom:匹夫之勇,meaning_choice,idiom:匹夫之勇,匹夫之勇,meaning_choice,upper,"{""choices"": [""无法想象，很难理解"", ""国家太平，人民安乐"", ""一点儿也不马虎"", ""描写品质的成语""]}"
idiom,L3,,描写品质的成语（四字）,叶公好龙,成语;品质;小升初高频,小学成语培优全书·教辅常见,idiom-l3-0143,idiom:叶公好龙,recite,idiom:叶公好龙,叶公好龙,recite,all,
idiom,L3,,下面的写法对不对？,错,成语;品质;小升初高频,小学成语培优全书·教辅常见,idiom-l3-0143:char_judge,idiom:叶公好龙,char_judge,idiom:叶公好龙,叶公好龙,char_judge,lower,"{""display"": ""叶公甲龙""}"
idiom,L3,,「叶公好龙」的意思是？,描写品质的成语,成语;品质;小升初高频,小学成语培优全书·教辅常见,idiom-l3-0143:meaning_choice,idiom:叶公好龙,meaning_choice,idiom:叶公好龙,叶公好龙,meaning_choice,upper,"{""choices"": [""到处是流离失所的灾民"", ""描写品质的成语"", ""一下子明白过来"", ""一直坚持，不放弃""]}"
idiom,L3,,描写品质的成语（四字）,善始善终,成语;品质;小升初高频,小学成语培优全书·教辅常见,idiom-l3-0144,idiom:善始善终,recite,idiom:善始善终,善始善终,recite,all,
idiom,L3,,下面的写法对不对？,对,成语;品质;小升初高频,小学成语培优全书·教辅常见,idiom-l3-0144:char_judge,idiom:善始善终,char_judge,idiom:善始善终,善始善终,char_judge,lower,"{""display"": ""善始善终""}"
idiom,L3,,「善始善终」的意思是？,描写品质的成语,成语;品质;小升初高频,小学成语培优全书·教辅常见,idiom-l3-0144:meaning_choice,idiom:善始善终,meaning_choice,idiom:善始善终,善始善终,meaning_choice,upper,"{""choices"": [""什么植物都长不出来"", ""气势使人敬畏"", ""到处是冰和雪"", ""描写品质的成语""]}"
idiom,L3,,描写品质的成语（四字）,多愁善感,成语;品质;小升初高频,小学成语培优全书·教辅常见,idiom-l3-0145,idiom:多愁善感,recite,idiom:多愁善感,多愁善感,recite,all,
idiom,L3,,下面的写法对不对？,对,成语;品质;小升初高频,小学成语培优全书·教辅常见,idiom-l3-0145:char_judge,idiom:多愁善感,char_judge,idiom:多愁善感,多愁善感,char_judge,lower,"{""display"": ""多愁善感""}"
idiom,L3,,「多愁善感」的意思是？,描写品质的成语,成语;品质;小升初高频,小学成语培优全书·教辅常见,idiom-l3-0145:meaning_choice,idiom:多愁善感,meaning_choice,idiom:多愁善感,多愁善感,meaning_choice,upper,"{""choices"": [""不慌不忙"", ""描写品质的成语"", ""很少说话"", ""很少的几句话""]}"
idiom,L3,,描写品质的成语（四字）,大公无私,成语;品质;小升初高频,小学成语培优全书·教辅常见,idiom-l3-0146,idiom:大公无私,recite,idiom:大公无私,大公无私,recite,all,
idiom,L3,,下面的写法对不对？,对,成语;品质;小升初高频,小学成语培优全书·教辅常见,idiom-l3-0146:char_judge,idiom:大公无私,char_judge,idiom:大公无私,大公无私,char_judge,lower,"{""display"": ""大公无私""}"
idiom,L3,,「大公无私」的意思是？,描写品质的成语,成语;品质;小升初高频,小学成语培优全书·教辅常见,idiom-l3-0146:meaning_choice,idiom:大公无私,meaning_choice,idiom:大公无私,大公无私,meaning_choice,upper,"{""choices"": [""描写品质的成语"", ""AABC 结构的成语"", ""AABC 结构的成语"", ""精神力气都用尽了""]}"
idiom,L3,,描写品质的成语（四字）,奉公守法,成语;品质;小升初高频,小学成语培优全书·教辅常见,idiom-l3-0147,idiom:奉公守法,recite,idiom:奉公守法,奉公守法,recite,all,
idiom,L3,,下面的写法对不对？,对,成语;品质;小升初高频,小学成语培优全书·教辅常见,idiom-l3-0147:char_judge,idiom:奉公守法,char_judge,idiom:奉公守法,奉公守法,char_judge,lower,"{""display"": ""奉公守法""}"
idiom,L3,,「奉公守法」的意思是？,描写品质的成语,成语;品质;小升初高频,小学成语培优全书·教辅常见,idiom-l3-0147:meaning_choice,idiom:奉公守法,meaning_choice,idiom:奉公守法,奉公守法,meaning_choice,upper,"{""choices"": [""占据高处，向下俯视"", ""说得很动听讨人喜欢"", ""描写品质的成语"", ""桂花香气飘散""]}"
idiom,L3,,描写品质的成语（四字）,将信将疑,成语;品质;小升初高频,小学成语培优全书·教辅常见,idiom-l3-0148,idiom:将信将疑,recite,idiom:将信将疑,将信将疑,recite,all,
idiom,L3,,下面的写法对不对？,错,成语;品质;小升初高频,小学成语培优全书·教辅常见,idiom-l3-0148:char_judge,idiom:将信将疑,char_judge,idiom:将信将疑,将信将疑,char_judge,lower,"{""display"": ""将信甲疑""}"
idiom,L3,,「将信将疑」的意思是？,描写品质的成语,成语;品质;小升初高频,小学成语培优全书·教辅常见,idiom-l3-0148:meaning_choice,idiom:将信将疑,meaning_choice,idiom:将信将疑,将信将疑,meaning_choice,upper,"{""choices"": [""靠近山、靠近水"", ""抬起头、挺起胸，很有精神"", ""有很多话要说"", ""描写品质的成语""]}"
idiom,L3,,描写品质的成语（四字）,尽善尽美,成语;品质;小升初高频,小学成语培优全书·教辅常见,idiom-l3-0149,idiom:尽善尽美,recite,idiom:尽善尽美,尽善尽美,recite,all,
idiom,L3,,下面的写法对不对？,错,成语;品质;小升初高频,小学成语培优全书·教辅常见,idiom-l3-0149:char_judge,idiom:尽善尽美,char_judge,idiom:尽善尽美,尽善尽美,char_judge,lower,"{""display"": ""尽甲尽美""}"
idiom,L3,,「尽善尽美」的意思是？,描写品质的成语,成语;品质;小升初高频,小学成语培优全书·教辅常见,idiom-l3-0149:meaning_choice,idiom:尽善尽美,meaning_choice,idiom:尽善尽美,尽善尽美,meaning_choice,upper,"{""choices"": [""描写品质的成语"", ""到处是冰和雪"", ""与学习有关的成语"", ""与学习有关的成语""]}"
idiom,L3,,描写品质的成语（四字）,廉洁奉公,成语;品质;小升初高频,小学成语培优全书·教辅常见,idiom-l3-0150,idiom:廉洁奉公,recite,idiom:廉洁奉公,廉洁奉公,recite,all,
idiom,L3,,下面的写法对不对？,错,成语;品质;小升初高频,小学成语培优全书·教辅常见,idiom-l3-0150:char_judge,idiom:廉洁奉公,char_judge,idiom:廉洁奉公,廉洁奉公,char_judge,lower,"{""display"": ""廉甲奉公""}"
idiom,L3,,「廉洁奉公」的意思是？,描写品质的成语,成语;品质;小升初高频,小学成语培优全书·教辅常见,idiom-l3-0150:meaning_choice,idiom:廉洁奉公,meaning_choice,idiom:廉洁奉公,廉洁奉公,meaning_choice,upper,"{""choices"": [""国家太平，人民安乐"", ""描写品质的成语"", ""天地非常广阔"", ""不由得产生敬意""]}"
idiom,L3,,描写品质的成语（四字）,开诚布公,成语;品质;小升初高频,小学成语培优全书·教辅常见,idiom-l3-0151,idiom:开诚布公,recite,idiom:开诚布公,开诚布公,recite,all,
idiom,L3,,下面的写法对不对？,错,成语;品质;小升初高频,小学成语培优全书·教辅常见,idiom-l3-0151:char_judge,idiom:开诚布公,char_judge,idiom:开诚布公,开诚布公,char_judge,lower,"{""display"": ""甲诚布公""}"
idiom,L3,,「开诚布公」的意思是？,描写品质的成语,成语;品质;小升初高频,小学成语培优全书·教辅常见,idiom-l3-0151:meaning_choice,idiom:开诚布公,meaning_choice,idiom:开诚布公,开诚布公,meaning_choice,upper,"{""choices"": [""一会儿看得见一会儿看不见"", ""知音难遇或乐曲高妙"", ""描写品质的成语"", ""没有办法可想""]}"
idiom,L3,,描写品质的成语（四字）,心悦诚服,成语;品质;小升初高频,小学成语培优全书·教辅常见,idiom-l3-0152,idiom:心悦诚服,recite,idiom:心悦诚服,心悦诚服,recite,all,
idiom,L3,,下面的写法对不对？,对,成语;品质;小升初高频,小学成语培优全书·教辅常见,idiom-l3-0152:char_judge,idiom:心悦诚服,char_judge,idiom:心悦诚服,心悦诚服,char_judge,lower,"{""display"": ""心悦诚服""}"
idiom,L3,,「心悦诚服」的意思是？,描写品质的成语,成语;品质;小升初高频,小学成语培优全书·教辅常见,idiom-l3-0152:meaning_choice,idiom:心悦诚服,meaning_choice,idiom:心悦诚服,心悦诚服,meaning_choice,upper,"{""choices"": [""比谁更美丽出众"", ""全部显露出来，什么也藏不住"", ""描写品质的成语"", ""只要肯下功夫就能成功""]}"
idiom,L3,,描写品质的成语（四字）,惩恶扬善,成语;品质;小升初高频,小学成语培优全书·教辅常见,idiom-l3-0153,idiom:惩恶扬善,recite,idiom:惩恶扬善,惩恶扬善,recite,all,
idiom,L3,,下面的写法对不对？,对,成语;品质;小升初高频,小学成语培优全书·教辅常见,idiom-l3-0153:char_judge,idiom:惩恶扬善,char_judge,idiom:惩恶扬善,惩恶扬善,char_judge,lower,"{""display"": ""惩恶扬善""}"
idiom,L3,,「惩恶扬善」的意思是？,描写品质的成语,成语;品质;小升初高频,小学成语培优全书·教辅常见,idiom-l3-0153:meaning_choice,idiom:惩恶扬善,meaning_choice,idiom:惩恶扬善,惩恶扬善,meaning_choice,upper,"{""choices"": [""吃或听得非常有兴趣"", ""描摹得十分逼真"", ""描写品质的成语"", ""精简机构、减少人员""]}"
idiom,L3,,描写品质的成语（四字）,愚公移山,成语;品质;小升初高频,小学成语培优全书·教辅常见,idiom-l3-0154,idiom:愚公移山,recite,idiom:愚公移山,愚公移山,recite,all,
idiom,L3,,下面的写法对不对？,对,成语;品质;小升初高频,小学成语培优全书·教辅常见,idiom-l3-0154:char_judge,idiom:愚公移山,char_judge,idiom:愚公移山,愚公移山,char_judge,lower,"{""display"": ""愚公移山""}"
idiom,L3,,「愚公移山」的意思是？,描写品质的成语,成语;品质;小升初高频,小学成语培优全书·教辅常见,idiom-l3-0154:meaning_choice,idiom:愚公移山,meaning_choice,idiom:愚公移山,愚公移山,meaning_choice,upper,"{""choices"": [""很多鸟一起叫"", ""不清楚、弄不明白"", ""失去信心，情绪低落"", ""描写品质的成语""]}"
idiom,L3,,描写品质的成语（四字）,智勇双全,成语;品质;小升初高频,小学成语培优全书·教辅常见,idiom-l3-0155,idiom:智勇双全,recite,idiom:智勇双全,智勇双全,recite,all,
idiom,L3,,下面的写法对不对？,对,成语;品质;小升初高频,小学成语培优全书·教辅常见,idiom-l3-0155:char_judge,idiom:智勇双全,char_judge,idiom:智勇双全,智勇双全,char_judge,lower,"{""display"": ""智勇双全""}"
idiom,L3,,「智勇双全」的意思是？,描写品质的成语,成语;品质;小升初高频,小学成语培优全书·教辅常见,idiom-l3-0155:meaning_choice,idiom:智勇双全,meaning_choice,idiom:智勇双全,智勇双全,meaning_choice,upper,"{""choices"": [""描写品质的成语"", ""失去信心，情绪低落"", ""树林层层翠绿"", ""兴趣很浓""]}"
idiom,L3,,描写品质的成语（四字）,有勇无谋,成语;品质;小升初高频,小学成语培优全书·教辅常见,idiom-l3-0156,idiom:有勇无谋,recite,idiom:有勇无谋,有勇无谋,recite,all,
idiom,L3,,下面的写法对不对？,错,成语;品质;小升初高频,小学成语培优全书·教辅常见,idiom-l3-0156:char_judge,idiom:有勇无谋,char_judge,idiom:有勇无谋,有勇无谋,char_judge,lower,"{""display"": ""友勇无谋""}"
idiom,L3,,「有勇无谋」的意思是？,描写品质的成语,成语;品质;小升初高频,小学成语培优全书·教辅常见,idiom-l3-0156:meaning_choice,idiom:有勇无谋,meaning_choice,idiom:有勇无谋,有勇无谋,meaning_choice,upper,"{""choices"": [""果实结得很多"", ""十分担心害怕"", ""到处都可以当作家"", ""描写品质的成语""]}"
idiom,L3,,描写品质的成语（四字）,杳无音信,成语;品质;小升初高频,小学成语培优全书·教辅常见,idiom-l3-0157,idiom:杳无音信,recite,idiom:杳无音信,杳无音信,recite,all,
idiom,L3,,下面的写法对不对？,对,成语;品质;小升初高频,小学成语培优全书·教辅常见,idiom-l3-0157:char_judge,idiom:杳无音信,char_judge,idiom:杳无音信,杳无音信,char_judge,lower,"{""display"": ""杳无音信""}"
idiom,L3,,「杳无音信」的意思是？,描写品质的成语,成语;品质;小升初高频,小学成语培优全书·教辅常见,idiom-l3-0157:meaning_choice,idiom:杳无音信,meaning_choice,idiom:杳无音信,杳无音信,meaning_choice,upper,"{""choices"": [""描写品质的成语"", ""眼睛明亮、牙齿洁白"", ""国家太平，人民安乐"", ""做事慌张没有条理""]}"
idiom,L3,,描写品质的成语（四字）,正直无私,成语;品质;小升初高频,小学成语培优全书·教辅常见,idiom-l3-0158,idiom:正直无私,recite,idiom:正直无私,正直无私,recite,all,
idiom,L3,,下面的写法对不对？,错,成语;品质;小升初高频,小学成语培优全书·教辅常见,idiom-l3-0158:char_judge,idiom:正直无私,char_judge,idiom:正直无私,正直无私,char_judge,lower,"{""display"": ""正甲无私""}"
idiom,L3,,「正直无私」的意思是？,描写品质的成语,成语;品质;小升初高频,小学成语培优全书·教辅常见,idiom-l3-0158:meaning_choice,idiom:正直无私,meaning_choice,idiom:正直无私,正直无私,meaning_choice,upper,"{""choices"": [""自己跟自己说话"", ""描写品质的成语"", ""描写冬天的成语"", ""到处是冰和雪""]}"
idiom,L3,,描写品质的成语（四字）,省吃俭用,成语;品质;小升初高频,小学成语培优全书·教辅常见,idiom-l3-0159,idiom:省吃俭用,recite,idiom:省吃俭用,省吃俭用,recite,all,
idiom,L3,,下面的写法对不对？,对,成语;品质;小升初高频,小学成语培优全书·教辅常见,idiom-l3-0159:char_judge,idiom:省吃俭用,char_judge,idiom:省吃俭用,省吃俭用,char_judge,lower,"{""display"": ""省吃俭用""}"
idiom,L3,,「省吃俭用」的意思是？,描写品质的成语,成语;品质;小升初高频,小学成语培优全书·教辅常见,idiom-l3-0159:meaning_choice,idiom:省吃俭用,meaning_choice,idiom:省吃俭用,省吃俭用,meaning_choice,upper,"{""choices"": [""描写景物的成语"", ""描写景物的成语"", ""描写品质的成语"", ""没有尽头""]}"
idiom,L3,,描写品质的成语（四字）,精忠报国,成语;品质;小升初高频,小学成语培优全书·教辅常见,idiom-l3-0160,idiom:精忠报国,recite,idiom:精忠报国,精忠报国,recite,all,
idiom,L3,,下面的写法对不对？,错,成语;品质;小升初高频,小学成语培优全书·教辅常见,idiom-l3-0160:char_judge,idiom:精忠报国,char_judge,idiom:精忠报国,精忠报国,char_judge,lower,"{""display"": ""甲忠报国""}"
idiom,L3,,「精忠报国」的意思是？,描写品质的成语,成语;品质;小升初高频,小学成语培优全书·教辅常见,idiom-l3-0160:meaning_choice,idiom:精忠报国,meaning_choice,idiom:精忠报国,精忠报国,meaning_choice,upper,"{""choices"": [""描写秋天的成语"", ""描写秋天的成语"", ""描写秋天的成语"", ""描写品质的成语""]}"
idiom,L3,,描写品质的成语（四字）,精诚所至,成语;品质;小升初高频,小学成语培优全书·教辅常见,idiom-l3-0161,idiom:精诚所至,recite,idiom:精诚所至,精诚所至,recite,all,
idiom,L3,,下面的写法对不对？,对,成语;品质;小升初高频,小学成语培优全书·教辅常见,idiom-l3-0161:char_judge,idiom:精诚所至,char_judge,idiom:精诚所至,精诚所至,char_judge,lower,"{""display"": ""精诚所至""}"
idiom,L3,,「精诚所至」的意思是？,描写品质的成语,成语;品质;小升初高频,小学成语培优全书·教辅常见,idiom-l3-0161:meaning_choice,idiom:精诚所至,meaning_choice,idiom:精诚所至,精诚所至,meaning_choice,upper,"{""choices"": [""想出和别人不一样的办法"", ""描写品质的成语"", ""拘束、心里不踏实"", ""ABCC 结构的成语""]}"
idiom,L3,,描写品质的成语（四字）,结党营私,成语;品质;小升初高频,小学成语培优全书·教辅常见,idiom-l3-0162,idiom:结党营私,recite,idiom:结党营私,结党营私,recite,all,
idiom,L3,,下面的写法对不对？,对,成语;品质;小升初高频,小学成语培优全书·教辅常见,idiom-l3-0162:char_judge,idiom:结党营私,char_judge,idiom:结党营私,结党营私,char_judge,lower,"{""display"": ""结党营私""}"
idiom,L3,,「结党营私」的意思是？,描写品质的成语,成语;品质;小升初高频,小学成语培优全书·教辅常见,idiom-l3-0162:meaning_choice,idiom:结党营私,meaning_choice,idiom:结党营私,结党营私,meaning_choice,upper,"{""choices"": [""描写品质的成语"", ""风景优美"", ""自己跟自己说话"", ""仪表端正、很有气派""]}"
idiom,L3,,描写品质的成语（四字）,能言善辩,成语;品质;小升初高频,小学成语培优全书·教辅常见,idiom-l3-0163,idiom:能言善辩,recite,idiom:能言善辩,能言善辩,recite,all,
idiom,L3,,下面的写法对不对？,错,成语;品质;小升初高频,小学成语培优全书·教辅常见,idiom-l3-0163:char_judge,idiom:能言善辩,char_judge,idiom:能言善辩,能言善辩,char_judge,lower,"{""display"": ""能信善辩""}"
idiom,L3,,「能言善辩」的意思是？,描写品质的成语,成语;品质;小升初高频,小学成语培优全书·教辅常见,idiom-l3-0163:meaning_choice,idiom:能言善辩,meaning_choice,idiom:能言善辩,能言善辩,meaning_choice,upper,"{""choices"": [""全部显露出来，什么也藏不住"", ""形容艺术水平的成语"", ""没有风浪，也指局势安定"", ""描写品质的成语""]}"
idiom,L3,,描写品质的成语（四字）,自告奋勇,成语;品质;小升初高频,小学成语培优全书·教辅常见,idiom-l3-0164,idiom:自告奋勇,recite,idiom:自告奋勇,自告奋勇,recite,all,
idiom,L3,,下面的写法对不对？,对,成语;品质;小升初高频,小学成语培优全书·教辅常见,idiom-l3-0164:char_judge,idiom:自告奋勇,char_judge,idiom:自告奋勇,自告奋勇,char_judge,lower,"{""display"": ""自告奋勇""}"
idiom,L3,,「自告奋勇」的意思是？,描写品质的成语,成语;品质;小升初高频,小学成语培优全书·教辅常见,idiom-l3-0164:meaning_choice,idiom:自告奋勇,meaning_choice,idiom:自告奋勇,自告奋勇,meaning_choice,upper,"{""choices"": [""描写品质的成语"", ""万物重新生长"", ""描写外貌的成语"", ""本领很大，像能驾着云雾飞""]}"
idiom,L3,,描写品质的成语（四字）,自私自利,成语;品质;小升初高频,小学成语培优全书·教辅常见,idiom-l3-0165,idiom:自私自利,recite,idiom:自私自利,自私自利,recite,all,
idiom,L3,,下面的写法对不对？,错,成语;品质;小升初高频,小学成语培优全书·教辅常见,idiom-l3-0165:char_judge,idiom:自私自利,char_judge,idiom:自私自利,自私自利,char_judge,lower,"{""display"": ""自私自甲""}"
idiom,L3,,「自私自利」的意思是？,描写品质的成语,成语;品质;小升初高频,小学成语培优全书·教辅常见,idiom-l3-0165:meaning_choice,idiom:自私自利,meaning_choice,idiom:自私自利,自私自利,meaning_choice,upper,"{""choices"": [""说话直截了当，一下子说到要害"", ""实在没有别的办法"", ""出自历史故事的成语"", ""描写品质的成语""]}"
idiom,L3,,描写品质的成语（四字）,英勇无畏,成语;品质;小升初高频,小学成语培优全书·教辅常见,idiom-l3-0166,idiom:英勇无畏,recite,idiom:英勇无畏,英勇无畏,recite,all,
idiom,L3,,下面的写法对不对？,对,成语;品质;小升初高频,小学成语培优全书·教辅常见,idiom-l3-0166:char_judge,idiom:英勇无畏,char_judge,idiom:英勇无畏,英勇无畏,char_judge,lower,"{""display"": ""英勇无畏""}"
idiom,L3,,「英勇无畏」的意思是？,描写品质的成语,成语;品质;小升初高频,小学成语培优全书·教辅常见,idiom-l3-0166:meaning_choice,idiom:英勇无畏,meaning_choice,idiom:英勇无畏,英勇无畏,meaning_choice,upper,"{""choices"": [""描写品质的成语"", ""轻快地唱、柔美地舞"", ""颜色又多又好看"", ""急得不能再等""]}"
idiom,L3,,描写品质的成语（四字）,营私舞弊,成语;品质;小升初高频,小学成语培优全书·教辅常见,idiom-l3-0167,idiom:营私舞弊,recite,idiom:营私舞弊,营私舞弊,recite,all,
idiom,L3,,下面的写法对不对？,错,成语;品质;小升初高频,小学成语培优全书·教辅常见,idiom-l3-0167:char_judge,idiom:营私舞弊,char_judge,idiom:营私舞弊,营私舞弊,char_judge,lower,"{""display"": ""营甲舞弊""}"
idiom,L3,,「营私舞弊」的意思是？,描写品质的成语,成语;品质;小升初高频,小学成语培优全书·教辅常见,idiom-l3-0167:meaning_choice,idiom:营私舞弊,meaning_choice,idiom:营私舞弊,营私舞弊,meaning_choice,upper,"{""choices"": [""与时间有关的成语"", ""描写品质的成语"", ""天空一片晴朗"", ""想出和别人不一样的办法""]}"
idiom,L3,,描写品质的成语（四字）,见义勇为,成语;品质;小升初高频,小学成语培优全书·教辅常见,idiom-l3-0168,idiom:见义勇为,recite,idiom:见义勇为,见义勇为,recite,all,
idiom,L3,,下面的写法对不对？,对,成语;品质;小升初高频,小学成语培优全书·教辅常见,idiom-l3-0168:char_judge,idiom:见义勇为,char_judge,idiom:见义勇为,见义勇为,char_judge,lower,"{""display"": ""见义勇为""}"
idiom,L3,,「见义勇为」的意思是？,描写品质的成语,成语;品质;小升初高频,小学成语培优全书·教辅常见,idiom-l3-0168:meaning_choice,idiom:见义勇为,meaning_choice,idiom:见义勇为,见义勇为,meaning_choice,upper,"{""choices"": [""人非常多"", ""一直坚持，不放弃"", ""描写品质的成语"", ""智谋很多""]}"
idiom,L3,,描写品质的成语（四字）,言而有信,成语;品质;小升初高频,小学成语培优全书·教辅常见,idiom-l3-0169,idiom:言而有信,recite,idiom:言而有信,言而有信,recite,all,
idiom,L3,,下面的写法对不对？,对,成语;品质;小升初高频,小学成语培优全书·教辅常见,idiom-l3-0169:char_judge,idiom:言而有信,char_judge,idiom:言而有信,言而有信,char_judge,lower,"{""display"": ""言而有信""}"
idiom,L3,,「言而有信」的意思是？,描写品质的成语,成语;品质;小升初高频,小学成语培优全书·教辅常见,idiom-l3-0169:meaning_choice,idiom:言而有信,meaning_choice,idiom:言而有信,言而有信,meaning_choice,upper,"{""choices"": [""完全看不见了"", ""描写品质的成语"", ""到哪儿都能安下心来"", ""说话直截了当，一下子说到要害""]}"
idiom,L3,,描写品质的成语（四字）,诚实可靠,成语;品质;小升初高频,小学成语培优全书·教辅常见,idiom-l3-0170,idiom:诚实可靠,recite,idiom:诚实可靠,诚实可靠,recite,all,
idiom,L3,,下面的写法对不对？,错,成语;品质;小升初高频,小学成语培优全书·教辅常见,idiom-l3-0170:char_judge,idiom:诚实可靠,char_judge,idiom:诚实可靠,诚实可靠,char_judge,lower,"{""display"": ""甲实可靠""}"
idiom,L3,,「诚实可靠」的意思是？,描写品质的成语,成语;品质;小升初高频,小学成语培优全书·教辅常见,idiom-l3-0170:meaning_choice,idiom:诚实可靠,meaning_choice,idiom:诚实可靠,诚实可靠,meaning_choice,upper,"{""choices"": [""这边看看那边看看"", ""这边看看那边看看"", ""文雅有礼貌"", ""描写品质的成语""]}"
idiom,L3,,描写品质的成语（四字）,诚实守信,成语;品质;小升初高频,小学成语培优全书·教辅常见,idiom-l3-0171,idiom:诚实守信,recite,idiom:诚实守信,诚实守信,recite,all,
idiom,L3,,下面的写法对不对？,错,成语;品质;小升初高频,小学成语培优全书·教辅常见,idiom-l3-0171:char_judge,idiom:诚实守信,char_judge,idiom:诚实守信,诚实守信,char_judge,lower,"{""display"": ""诚甲守信""}"
idiom,L3,,「诚实守信」的意思是？,描写品质的成语,成语;品质;小升初高频,小学成语培优全书·教辅常见,idiom-l3-0171:meaning_choice,idiom:诚实守信,meaning_choice,idiom:诚实守信,诚实守信,meaning_choice,upper,"{""choices"": [""精神力气都用尽了"", ""描写品质的成语"", ""称心如意、神气十足"", ""脸上很有光彩、很有精神""]}"
idiom,L3,,描写品质的成语（四字）,诚心诚意,成语;品质;小升初高频,小学成语培优全书·教辅常见,idiom-l3-0172,idiom:诚心诚意,recite,idiom:诚心诚意,诚心诚意,recite,all,
idiom,L3,,下面的写法对不对？,对,成语;品质;小升初高频,小学成语培优全书·教辅常见,idiom-l3-0172:char_judge,idiom:诚心诚意,char_judge,idiom:诚心诚意,诚心诚意,char_judge,lower,"{""display"": ""诚心诚意""}"
idiom,L3,,「诚心诚意」的意思是？,描写品质的成语,成语;品质;小升初高频,小学成语培优全书·教辅常见,idiom-l3-0172:meaning_choice,idiom:诚心诚意,meaning_choice,idiom:诚心诚意,诚心诚意,meaning_choice,upper,"{""choices"": [""果实结得很多"", ""描写品质的成语"", ""坏主意很多"", ""吓得不知道该怎么办""]}"
idiom,L3,,描写品质的成语（四字）,诚惶诚恐,成语;品质;小升初高频,小学成语培优全书·教辅常见,idiom-l3-0173,idiom:诚惶诚恐,recite,idiom:诚惶诚恐,诚惶诚恐,recite,all,
idiom,L3,,下面的写法对不对？,对,成语;品质;小升初高频,小学成语培优全书·教辅常见,idiom-l3-0173:char_judge,idiom:诚惶诚恐,char_judge,idiom:诚惶诚恐,诚惶诚恐,char_judge,lower,"{""display"": ""诚惶诚恐""}"
idiom,L3,,「诚惶诚恐」的意思是？,描写品质的成语,成语;品质;小升初高频,小学成语培优全书·教辅常见,idiom-l3-0173:meaning_choice,idiom:诚惶诚恐,meaning_choice,idiom:诚惶诚恐,诚惶诚恐,meaning_choice,upper,"{""choices"": [""经历过很多艰苦"", ""没有尽头"", ""描写品质的成语"", ""人声嘈杂得像开了锅""]}"
idiom,L3,,描写品质的成语（四字）,谦虚谨慎,成语;品质;小升初高频,小学成语培优全书·教辅常见,idiom-l3-0174,idiom:谦虚谨慎,recite,idiom:谦虚谨慎,谦虚谨慎,recite,all,
idiom,L3,,下面的写法对不对？,错,成语;品质;小升初高频,小学成语培优全书·教辅常见,idiom-l3-0174:char_judge,idiom:谦虚谨慎,char_judge,idiom:谦虚谨慎,谦虚谨慎,char_judge,lower,"{""display"": ""谦甲谨慎""}"
idiom,L3,,「谦虚谨慎」的意思是？,描写品质的成语,成语;品质;小升初高频,小学成语培优全书·教辅常见,idiom-l3-0174:meaning_choice,idiom:谦虚谨慎,meaning_choice,idiom:谦虚谨慎,谦虚谨慎,meaning_choice,upper,"{""choices"": [""眼睛明亮、牙齿洁白"", ""颜色很多"", ""描写品质的成语"", ""很得意、很有精神的样子""]}"
idiom,L3,,描写品质的成语（四字）,赤胆忠心,成语;品质;小升初高频,小学成语培优全书·教辅常见,idiom-l3-0175,idiom:赤胆忠心,recite,idiom:赤胆忠心,赤胆忠心,recite,all,
idiom,L3,,下面的写法对不对？,错,成语;品质;小升初高频,小学成语培优全书·教辅常见,idiom-l3-0175:char_judge,idiom:赤胆忠心,char_judge,idiom:赤胆忠心,赤胆忠心,char_judge,lower,"{""display"": ""赤胆忠必""}"
idiom,L3,,「赤胆忠心」的意思是？,描写品质的成语,成语;品质;小升初高频,小学成语培优全书·教辅常见,idiom-l3-0175:meaning_choice,idiom:赤胆忠心,meaning_choice,idiom:赤胆忠心,赤胆忠心,meaning_choice,upper,"{""choices"": [""有很多话要说"", ""山塌地裂，声势极大"", ""人声嘈杂得像开了锅"", ""描写品质的成语""]}"
idiom,L3,,描写品质的成语（四字）,铁面无私,成语;品质;小升初高频,小学成语培优全书·教辅常见,idiom-l3-0176,idiom:铁面无私,recite,idiom:铁面无私,铁面无私,recite,all,
idiom,L3,,下面的写法对不对？,错,成语;品质;小升初高频,小学成语培优全书·教辅常见,idiom-l3-0176:char_judge,idiom:铁面无私,char_judge,idiom:铁面无私,铁面无私,char_judge,lower,"{""display"": ""铁甲无私""}"
idiom,L3,,「铁面无私」的意思是？,描写品质的成语,成语;品质;小升初高频,小学成语培优全书·教辅常见,idiom-l3-0176:meaning_choice,idiom:铁面无私,meaning_choice,idiom:铁面无私,铁面无私,meaning_choice,upper,"{""choices"": [""描写品质的成语"", ""急得不能再等"", ""只剩下一口气，快不行了"", ""树林层层翠绿""]}"
idiom,L2,,描写景物的成语（四字）,一帆风顺,成语;写景;课内拓展,小学成语培优全书·教辅常见,idiom-l2-0177,idiom:一帆风顺,recite,idiom:一帆风顺,一帆风顺,recite,all,
idiom,L2,,下面的写法对不对？,对,成语;写景;课内拓展,小学成语培优全书·教辅常见,idiom-l2-0177:char_judge,idiom:一帆风顺,char_judge,idiom:一帆风顺,一帆风顺,char_judge,lower,"{""display"": ""一帆风顺""}"
idiom,L2,,「一帆风顺」的意思是？,描写景物的成语,成语;写景;课内拓展,小学成语培优全书·教辅常见,idiom-l2-0177:meaning_choice,idiom:一帆风顺,meaning_choice,idiom:一帆风顺,一帆风顺,meaning_choice,upper,"{""choices"": [""家庭毁了，人也没了"", ""只剩下一口气，快不行了"", ""嘴里很干"", ""描写景物的成语""]}"
idiom,L2,,描写景物的成语（四字）,一波三折,成语;写景;课内拓展,小学成语培优全书·教辅常见,idiom-l2-0178,idiom:一波三折,recite,idiom:一波三折,一波三折,recite,all,
idiom,L2,,下面的写法对不对？,错,成语;写景;课内拓展,小学成语培优全书·教辅常见,idiom-l2-0178:char_judge,idiom:一波三折,char_judge,idiom:一波三折,一波三折,char_judge,lower,"{""display"": ""一波甲折""}"
idiom,L2,,「一波三折」的意思是？,描写景物的成语,成语;写景;课内拓展,小学成语培优全书·教辅常见,idiom-l2-0178:meaning_choice,idiom:一波三折,meaning_choice,idiom:一波三折,一波三折,meaning_choice,upper,"{""choices"": [""家庭毁了，人也没了"", ""大得看不到边"", ""描写景物的成语"", ""没有烦恼""]}"
idiom,L2,,描写景物的成语（四字）,一潭死水,成语;写景;课内拓展,小学成语培优全书·教辅常见,idiom-l2-0179,idiom:一潭死水,recite,idiom:一潭死水,一潭死水,recite,all,
idiom,L2,,下面的写法对不对？,错,成语;写景;课内拓展,小学成语培优全书·教辅常见,idiom-l2-0179:char_judge,idiom:一潭死水,char_judge,idiom:一潭死水,一潭死水,char_judge,lower,"{""display"": ""一潭死甲""}"
idiom,L2,,「一潭死水」的意思是？,描写景物的成语,成语;写景;课内拓展,小学成语培优全书·教辅常见,idiom-l2-0179:meaning_choice,idiom:一潭死水,meaning_choice,idiom:一潭死水,一潭死水,meaning_choice,upper,"{""choices"": [""果实结得很多"", ""眼睛手都很快"", ""描写景物的成语"", ""非常安静""]}"
idiom,L2,,描写景物的成语（四字）,不知所云,成语;写景;课内拓展,小学成语培优全书·教辅常见,idiom-l2-0181,idiom:不知所云,recite,idiom:不知所云,不知所云,recite,all,
idiom,L2,,下面的写法对不对？,错,成语;写景;课内拓展,小学成语培优全书·教辅常见,idiom-l2-0181:char_judge,idiom:不知所云,char_judge,idiom:不知所云,不知所云,char_judge,lower,"{""display"": ""不知甲云""}"
idiom,L2,,「不知所云」的意思是？,描写景物的成语,成语;写景;课内拓展,小学成语培优全书·教辅常见,idiom-l2-0181:meaning_choice,idiom:不知所云,meaning_choice,idiom:不知所云,不知所云,meaning_choice,upper,"{""choices"": [""描摹得十分逼真"", ""很少说话"", ""描写景物的成语"", ""本领比别人高一截""]}"
idiom,L2,,描写景物的成语（四字）,东山再起,成语;写景;课内拓展,小学成语培优全书·教辅常见,idiom-l2-0182,idiom:东山再起,recite,idiom:东山再起,东山再起,recite,all,
idiom,L2,,下面的写法对不对？,对,成语;写景;课内拓展,小学成语培优全书·教辅常见,idiom-l2-0182:char_judge,idiom:东山再起,char_judge,idiom:东山再起,东山再起,char_judge,lower,"{""display"": ""东山再起""}"
idiom,L2,,「东山再起」的意思是？,描写景物的成语,成语;写景;课内拓展,小学成语培优全书·教辅常见,idiom-l2-0182:meaning_choice,idiom:东山再起,meaning_choice,idiom:东山再起,东山再起,meaning_choice,upper,"{""choices"": [""高兴得眉眼都舒展开"", ""鸟儿叫、花儿香"", ""着急或高兴得又抓耳朵又挠腮"", ""描写景物的成语""]}"
idiom,L2,,描写景物的成语（四字）,两袖清风,成语;写景;课内拓展,小学成语培优全书·教辅常见,idiom-l2-0183,idiom:两袖清风,recite,idiom:两袖清风,两袖清风,recite,all,
idiom,L2,,下面的写法对不对？,对,成语;写景;课内拓展,小学成语培优全书·教辅常见,idiom-l2-0183:char_judge,idiom:两袖清风,char_judge,idiom:两袖清风,两袖清风,char_judge,lower,"{""display"": ""两袖清风""}"
idiom,L2,,「两袖清风」的意思是？,描写景物的成语,成语;写景;课内拓展,小学成语培优全书·教辅常见,idiom-l2-0183:meaning_choice,idiom:两袖清风,meaning_choice,idiom:两袖清风,两袖清风,meaning_choice,upper,"{""choices"": [""描写景物的成语"", ""轻快地唱、柔美地舞"", ""走路很神气、满不在乎"", ""笑得直不起腰""]}"
idiom,L2,,描写景物的成语（四字）,乌云密布,成语;写景;课内拓展,小学成语培优全书·教辅常见,idiom-l2-0184,idiom:乌云密布,recite,idiom:乌云密布,乌云密布,recite,all,
idiom,L2,,下面的写法对不对？,对,成语;写景;课内拓展,小学成语培优全书·教辅常见,idiom-l2-0184:char_judge,idiom:乌云密布,char_judge,idiom:乌云密布,乌云密布,char_judge,lower,"{""display"": ""乌云密布""}"
idiom,L2,,「乌云密布」的意思是？,描写景物的成语,成语;写景;课内拓展,小学成语培优全书·教辅常见,idiom-l2-0184:meaning_choice,idiom:乌云密布,meaning_choice,idiom:乌云密布,乌云密布,meaning_choice,upper,"{""choices"": [""看惯了，不觉得奇怪"", ""眼界很小"", ""树林层层变色"", ""描写景物的成语""]}"
idiom,L2,,描写景物的成语（四字）,九霄云外,成语;写景;课内拓展,小学成语培优全书·教辅常见,idiom-l2-0185,idiom:九霄云外,recite,idiom:九霄云外,九霄云外,recite,all,
idiom,L2,,下面的写法对不对？,错,成语;写景;课内拓展,小学成语培优全书·教辅常见,idiom-l2-0185:char_judge,idiom:九霄云外,char_judge,idiom:九霄云外,九霄云外,char_judge,lower,"{""display"": ""九霄云甲""}"
idiom,L2,,「九霄云外」的意思是？,描写景物的成语,成语;写景;课内拓展,小学成语培优全书·教辅常见,idiom-l2-0185:meaning_choice,idiom:九霄云外,meaning_choice,idiom:九霄云外,九霄云外,meaning_choice,upper,"{""choices"": [""高兴得自己都受不住"", ""这边看看那边看看"", ""这边看看那边看看"", ""描写景物的成语""]}"
idiom,L2,,描写景物的成语（四字）,云消雾散,成语;写景;课内拓展,小学成语培优全书·教辅常见,idiom-l2-0187,idiom:云消雾散,recite,idiom:云消雾散,云消雾散,recite,all,
idiom,L2,,下面的写法对不对？,错,成语;写景;课内拓展,小学成语培优全书·教辅常见,idiom-l2-0187:char_judge,idiom:云消雾散,char_judge,idiom:云消雾散,云消雾散,char_judge,lower,"{""display"": ""云消甲散""}"
idiom,L2,,「云消雾散」的意思是？,描写景物的成语,成语;写景;课内拓展,小学成语培优全书·教辅常见,idiom-l2-0187:meaning_choice,idiom:云消雾散,meaning_choice,idiom:云消雾散,云消雾散,meaning_choice,upper,"{""choices"": [""费尽心思谋划（多含贬义）"", ""描写景物的成语"", ""没有精神"", ""做多余的事反而坏事""]}"
idiom,L2,,描写景物的成语（四字）,云淡风轻,成语;写景;课内拓展,小学成语培优全书·教辅常见,idiom-l2-0188,idiom:云淡风轻,recite,idiom:云淡风轻,云淡风轻,recite,all,
idiom,L2,,下面的写法对不对？,错,成语;写景;课内拓展,小学成语培优全书·教辅常见,idiom-l2-0188:char_judge,idiom:云淡风轻,char_judge,idiom:云淡风轻,云淡风轻,char_judge,lower,"{""display"": ""甲淡风轻""}"
idiom,L2,,「云淡风轻」的意思是？,描写景物的成语,成语;写景;课内拓展,小学成语培优全书·教辅常见,idiom-l2-0188:meaning_choice,idiom:云淡风轻,meaning_choice,idiom:云淡风轻,云淡风轻,meaning_choice,upper,"{""choices"": [""充满活力"", ""高兴得眉眼都舒展开"", ""描写景物的成语"", ""没有尽头""]}"
idiom,L2,,描写景物的成语（四字）,云雾缭绕,成语;写景;课内拓展,小学成语培优全书·教辅常见,idiom-l2-0189,idiom:云雾缭绕,recite,idiom:云雾缭绕,云雾缭绕,recite,all,
idiom,L2,,下面的写法对不对？,错,成语;写景;课内拓展,小学成语培优全书·教辅常见,idiom-l2-0189:char_judge,idiom:云雾缭绕,char_judge,idiom:云雾缭绕,云雾缭绕,char_judge,lower,"{""display"": ""云雾甲绕""}"
idiom,L2,,「云雾缭绕」的意思是？,描写景物的成语,成语;写景;课内拓展,小学成语培优全书·教辅常见,idiom-l2-0189:meaning_choice,idiom:云雾缭绕,meaning_choice,idiom:云雾缭绕,云雾缭绕,meaning_choice,upper,"{""choices"": [""自以为了不起的样子"", ""丢在路上的东西也没人捡走"", ""描写景物的成语"", ""书一直拿在手里，非常爱读""]}"
idiom,L2,,描写景物的成语（四字）,五花八门,成语;写景;课内拓展,小学成语培优全书·教辅常见,idiom-l2-0191,idiom:五花八门,recite,idiom:五花八门,五花八门,recite,all,
idiom,L2,,下面的写法对不对？,对,成语;写景;课内拓展,小学成语培优全书·教辅常见,idiom-l2-0191:char_judge,idiom:五花八门,char_judge,idiom:五花八门,五花八门,char_judge,lower,"{""display"": ""五花八门""}"
idiom,L2,,「五花八门」的意思是？,描写景物的成语,成语;写景;课内拓展,小学成语培优全书·教辅常见,idiom-l2-0191:meaning_choice,idiom:五花八门,meaning_choice,idiom:五花八门,五花八门,meaning_choice,upper,"{""choices"": [""文章或动作很流畅"", ""到哪儿都能安下心来"", ""自然界最美的声音"", ""描写景物的成语""]}"
idiom,L2,,描写景物的成语（四字）,借花献佛,成语;写景;课内拓展,小学成语培优全书·教辅常见,idiom-l2-0192,idiom:借花献佛,recite,idiom:借花献佛,借花献佛,recite,all,
idiom,L2,,下面的写法对不对？,对,成语;写景;课内拓展,小学成语培优全书·教辅常见,idiom-l2-0192:char_judge,idiom:借花献佛,char_judge,idiom:借花献佛,借花献佛,char_judge,lower,"{""display"": ""借花献佛""}"
idiom,L2,,「借花献佛」的意思是？,描写景物的成语,成语;写景;课内拓展,小学成语培优全书·教辅常见,idiom-l2-0192:meaning_choice,idiom:借花献佛,meaning_choice,idiom:借花献佛,借花献佛,meaning_choice,upper,"{""choices"": [""描写景物的成语"", ""从细小处看出大趋势"", ""比谁更美丽出众"", ""描写夏天的成语""]}"
idiom,L2,,描写景物的成语（四字）,倾盆大雨,成语;写景;课内拓展,小学成语培优全书·教辅常见,idiom-l2-0193,idiom:倾盆大雨,recite,idiom:倾盆大雨,倾盆大雨,recite,all,
idiom,L2,,下面的写法对不对？,错,成语;写景;课内拓展,小学成语培优全书·教辅常见,idiom-l2-0193:char_judge,idiom:倾盆大雨,char_judge,idiom:倾盆大雨,倾盆大雨,char_judge,lower,"{""display"": ""倾甲大雨""}"
idiom,L2,,「倾盆大雨」的意思是？,描写景物的成语,成语;写景;课内拓展,小学成语培优全书·教辅常见,idiom-l2-0193:meaning_choice,idiom:倾盆大雨,meaning_choice,idiom:倾盆大雨,倾盆大雨,meaning_choice,upper,"{""choices"": [""走路不稳，跌跌撞撞"", ""描写景物的成语"", ""个子小但精明强干"", ""仪表端正、很有气派""]}"
idiom,L2,,描写景物的成语（四字）,兴风作浪,成语;写景;课内拓展,小学成语培优全书·教辅常见,idiom-l2-0194,idiom:兴风作浪,recite,idiom:兴风作浪,兴风作浪,recite,all,
idiom,L2,,下面的写法对不对？,错,成语;写景;课内拓展,小学成语培优全书·教辅常见,idiom-l2-0194:char_judge,idiom:兴风作浪,char_judge,idiom:兴风作浪,兴风作浪,char_judge,lower,"{""display"": ""兴甲作浪""}"
idiom,L2,,「兴风作浪」的意思是？,描写景物的成语,成语;写景;课内拓展,小学成语培优全书·教辅常见,idiom-l2-0194:meaning_choice,idiom:兴风作浪,meaning_choice,idiom:兴风作浪,兴风作浪,meaning_choice,upper,"{""choices"": [""到了山和水的尽头，没有出路"", ""没有烦恼"", ""描写景物的成语"", ""看惯了，不觉得奇怪""]}"
idiom,L2,,描写景物的成语（四字）,刀山火海,成语;写景;课内拓展,小学成语培优全书·教辅常见,idiom-l2-0195,idiom:刀山火海,recite,idiom:刀山火海,刀山火海,recite,all,
idiom,L2,,下面的写法对不对？,对,成语;写景;课内拓展,小学成语培优全书·教辅常见,idiom-l2-0195:char_judge,idiom:刀山火海,char_judge,idiom:刀山火海,刀山火海,char_judge,lower,"{""display"": ""刀山火海""}"
idiom,L2,,「刀山火海」的意思是？,描写景物的成语,成语;写景;课内拓展,小学成语培优全书·教辅常见,idiom-l2-0195:meaning_choice,idiom:刀山火海,meaning_choice,idiom:刀山火海,刀山火海,meaning_choice,upper,"{""choices"": [""描写景物的成语"", ""像是天地特意安排的，非常合适"", ""心里急得像火烧"", ""生活在优裕的环境里""]}"
idiom,L2,,描写景物的成语（四字）,千山万水,成语;写景;课内拓展,小学成语培优全书·教辅常见,idiom-l2-0196,idiom:千山万水,recite,idiom:千山万水,千山万水,recite,all,
idiom,L2,,下面的写法对不对？,对,成语;写景;课内拓展,小学成语培优全书·教辅常见,idiom-l2-0196:char_judge,idiom:千山万水,char_judge,idiom:千山万水,千山万水,char_judge,lower,"{""display"": ""千山万水""}"
idiom,L2,,「千山万水」的意思是？,描写景物的成语,成语;写景;课内拓展,小学成语培优全书·教辅常见,idiom-l2-0196:meaning_choice,idiom:千山万水,meaning_choice,idiom:千山万水,千山万水,meaning_choice,upper,"{""choices"": [""事故很多的时期"", ""吃东西又猛又急"", ""疑神疑鬼，自己吓自己"", ""描写景物的成语""]}"
idiom,L2,,描写景物的成语（四字）,叱咤风云,成语;写景;课内拓展,小学成语培优全书·教辅常见,idiom-l2-0197,idiom:叱咤风云,recite,idiom:叱咤风云,叱咤风云,recite,all,
idiom,L2,,下面的写法对不对？,对,成语;写景;课内拓展,小学成语培优全书·教辅常见,idiom-l2-0197:char_judge,idiom:叱咤风云,char_judge,idiom:叱咤风云,叱咤风云,char_judge,lower,"{""display"": ""叱咤风云""}"
idiom,L2,,「叱咤风云」的意思是？,描写景物的成语,成语;写景;课内拓展,小学成语培优全书·教辅常见,idiom-l2-0197:meaning_choice,idiom:叱咤风云,meaning_choice,idiom:叱咤风云,叱咤风云,meaning_choice,upper,"{""choices"": [""像老虎一样盯着，想扑上去"", ""想出和别人不一样的办法"", ""描写景物的成语"", ""到了山和水的尽头，没有出路""]}"
idiom,L2,,描写景物的成语（四字）,名落孙山,成语;写景;课内拓展,小学成语培优全书·教辅常见,idiom-l2-0198,idiom:名落孙山,recite,idiom:名落孙山,名落孙山,recite,all,
idiom,L2,,下面的写法对不对？,错,成语;写景;课内拓展,小学成语培优全书·教辅常见,idiom-l2-0198:char_judge,idiom:名落孙山,char_judge,idiom:名落孙山,名落孙山,char_judge,lower,"{""display"": ""名落甲山""}"
idiom,L2,,「名落孙山」的意思是？,描写景物的成语,成语;写景;课内拓展,小学成语培优全书·教辅常见,idiom-l2-0198:meaning_choice,idiom:名落孙山,meaning_choice,idiom:名落孙山,名落孙山,meaning_choice,upper,"{""choices"": [""这边看看那边看看"", ""这边看看那边看看"", ""死得有意义、有价值"", ""描写景物的成语""]}"
idiom,L2,,描写景物的成语（四字）,呼风唤雨,成语;写景;课内拓展,小学成语培优全书·教辅常见,idiom-l2-0199,idiom:呼风唤雨,recite,idiom:呼风唤雨,呼风唤雨,recite,all,
idiom,L2,,下面的写法对不对？,错,成语;写景;课内拓展,小学成语培优全书·教辅常见,idiom-l2-0199:char_judge,idiom:呼风唤雨,char_judge,idiom:呼风唤雨,呼风唤雨,char_judge,lower,"{""display"": ""呼风唤甲""}"
idiom,L2,,「呼风唤雨」的意思是？,描写景物的成语,成语;写景;课内拓展,小学成语培优全书·教辅常见,idiom-l2-0199:meaning_choice,idiom:呼风唤雨,meaning_choice,idiom:呼风唤雨,呼风唤雨,meaning_choice,upper,"{""choices"": [""完全看不见了"", ""头发散乱"", ""描写景物的成语"", ""秋天天气清爽""]}"
idiom,L2,,描写景物的成语（四字）,响彻云霄,成语;写景;课内拓展,小学成语培优全书·教辅常见,idiom-l2-0201,idiom:响彻云霄,recite,idiom:响彻云霄,响彻云霄,recite,all,
idiom,L2,,下面的写法对不对？,错,成语;写景;课内拓展,小学成语培优全书·教辅常见,idiom-l2-0201:char_judge,idiom:响彻云霄,char_judge,idiom:响彻云霄,响彻云霄,char_judge,lower,"{""display"": ""响彻甲霄""}"
idiom,L2,,「响彻云霄」的意思是？,描写景物的成语,成语;写景;课内拓展,小学成语培优全书·教辅常见,idiom-l2-0201:meaning_choice,idiom:响彻云霄,meaning_choice,idiom:响彻云霄,响彻云霄,meaning_choice,upper,"{""choices"": [""什么植物都长不出来"", ""知音难遇或乐曲高妙"", ""描写景物的成语"", ""精神力气都用尽了""]}"
idiom,L2,,描写景物的成语（四字）,堆积如山,成语;写景;课内拓展,小学成语培优全书·教辅常见,idiom-l2-0202,idiom:堆积如山,recite,idiom:堆积如山,堆积如山,recite,all,
idiom,L2,,下面的写法对不对？,错,成语;写景;课内拓展,小学成语培优全书·教辅常见,idiom-l2-0202:char_judge,idiom:堆积如山,char_judge,idiom:堆积如山,堆积如山,char_judge,lower,"{""display"": ""堆积如甲""}"
idiom,L2,,「堆积如山」的意思是？,描写景物的成语,成语;写景;课内拓展,小学成语培优全书·教辅常见,idiom-l2-0202:meaning_choice,idiom:堆积如山,meaning_choice,idiom:堆积如山,堆积如山,meaning_choice,upper,"{""choices"": [""描写景物的成语"", ""描写心情的成语"", ""描写心情的成语"", ""自然界最美的声音""]}"
idiom,L2,,描写景物的成语（四字）,壮志凌云,成语;写景;课内拓展,小学成语培优全书·教辅常见,idiom-l2-0203,idiom:壮志凌云,recite,idiom:壮志凌云,壮志凌云,recite,all,
idiom,L2,,下面的写法对不对？,对,成语;写景;课内拓展,小学成语培优全书·教辅常见,idiom-l2-0203:char_judge,idiom:壮志凌云,char_judge,idiom:壮志凌云,壮志凌云,char_judge,lower,"{""display"": ""壮志凌云""}"
idiom,L2,,「壮志凌云」的意思是？,描写景物的成语,成语;写景;课内拓展,小学成语培优全书·教辅常见,idiom-l2-0203:meaning_choice,idiom:壮志凌云,meaning_choice,idiom:壮志凌云,壮志凌云,meaning_choice,upper,"{""choices"": [""描写景物的成语"", ""描写心情的成语"", ""描写心情的成语"", ""描写心情的成语""]}"
idiom,L2,,描写景物的成语（四字）,大步流星,成语;写景;课内拓展,小学成语培优全书·教辅常见,idiom-l2-0204,idiom:大步流星,recite,idiom:大步流星,大步流星,recite,all,
idiom,L2,,下面的写法对不对？,对,成语;写景;课内拓展,小学成语培优全书·教辅常见,idiom-l2-0204:char_judge,idiom:大步流星,char_judge,idiom:大步流星,大步流星,char_judge,lower,"{""display"": ""大步流星""}"
idiom,L2,,「大步流星」的意思是？,描写景物的成语,成语;写景;课内拓展,小学成语培优全书·教辅常见,idiom-l2-0204:meaning_choice,idiom:大步流星,meaning_choice,idiom:大步流星,大步流星,meaning_choice,upper,"{""choices"": [""不慌不忙"", ""描写景物的成语"", ""实在没有别的办法"", ""天地非常广阔""]}"
idiom,L2,,描写景物的成语（四字）,奇山异水,成语;写景;课内拓展,小学成语培优全书·教辅常见,idiom-l2-0205,idiom:奇山异水,recite,idiom:奇山异水,奇山异水,recite,all,
idiom,L2,,下面的写法对不对？,错,成语;写景;课内拓展,小学成语培优全书·教辅常见,idiom-l2-0205:char_judge,idiom:奇山异水,char_judge,idiom:奇山异水,奇山异水,char_judge,lower,"{""display"": ""奇山甲水""}"
idiom,L2,,「奇山异水」的意思是？,描写景物的成语,成语;写景;课内拓展,小学成语培优全书·教辅常见,idiom-l2-0205:meaning_choice,idiom:奇山异水,meaning_choice,idiom:奇山异水,奇山异水,meaning_choice,upper,"{""choices"": [""气势像高山大河一样雄伟"", ""描写春天的成语"", ""在风里飘动"", ""描写景物的成语""]}"
idiom,L2,,描写景物的成语（四字）,寿比南山,成语;写景;课内拓展,小学成语培优全书·教辅常见,idiom-l2-0206,idiom:寿比南山,recite,idiom:寿比南山,寿比南山,recite,all,
idiom,L2,,下面的写法对不对？,对,成语;写景;课内拓展,小学成语培优全书·教辅常见,idiom-l2-0206:char_judge,idiom:寿比南山,char_judge,idiom:寿比南山,寿比南山,char_judge,lower,"{""display"": ""寿比南山""}"
idiom,L2,,「寿比南山」的意思是？,描写景物的成语,成语;写景;课内拓展,小学成语培优全书·教辅常见,idiom-l2-0206:meaning_choice,idiom:寿比南山,meaning_choice,idiom:寿比南山,寿比南山,meaning_choice,upper,"{""choices"": [""描写场面的成语"", ""描写场面的成语"", ""描写场面的成语"", ""描写景物的成语""]}"
idiom,L2,,描写景物的成语（四字）,山明水秀,成语;写景;课内拓展,小学成语培优全书·教辅常见,idiom-l2-0207,idiom:山明水秀,recite,idiom:山明水秀,山明水秀,recite,all,
idiom,L2,,下面的写法对不对？,错,成语;写景;课内拓展,小学成语培优全书·教辅常见,idiom-l2-0207:char_judge,idiom:山明水秀,char_judge,idiom:山明水秀,山明水秀,char_judge,lower,"{""display"": ""山甲水秀""}"
idiom,L2,,「山明水秀」的意思是？,描写景物的成语,成语;写景;课内拓展,小学成语培优全书·教辅常见,idiom-l2-0207:meaning_choice,idiom:山明水秀,meaning_choice,idiom:山明水秀,山明水秀,meaning_choice,upper,"{""choices"": [""描写景物的成语"", ""坏主意很多"", ""到了山和水的尽头，没有出路"", ""自己的说法或做法互相冲突""]}"
idiom,L2,,描写景物的成语（四字）,山花烂漫,成语;写景;课内拓展,小学成语培优全书·教辅常见,idiom-l2-0210,idiom:山花烂漫,recite,idiom:山花烂漫,山花烂漫,recite,all,
idiom,L2,,下面的写法对不对？,错,成语;写景;课内拓展,小学成语培优全书·教辅常见,idiom-l2-0210:char_judge,idiom:山花烂漫,char_judge,idiom:山花烂漫,山花烂漫,char_judge,lower,"{""display"": ""山花烂甲""}"
idiom,L2,,「山花烂漫」的意思是？,描写景物的成语,成语;写景;课内拓展,小学成语培优全书·教辅常见,idiom-l2-0210:meaning_choice,idiom:山花烂漫,meaning_choice,idiom:山花烂漫,山花烂漫,meaning_choice,upper,"{""choices"": [""政事顺利，百姓和睦"", ""样子慈善和气"", ""描写景物的成语"", ""全部显露出来，什么也藏不住""]}"
idiom,L2,,描写景物的成语（四字）,山高水长,成语;写景;课内拓展,小学成语培优全书·教辅常见,idiom-l2-0211,idiom:山高水长,recite,idiom:山高水长,山高水长,recite,all,
idiom,L2,,下面的写法对不对？,错,成语;写景;课内拓展,小学成语培优全书·教辅常见,idiom-l2-0211:char_judge,idiom:山高水长,char_judge,idiom:山高水长,山高水长,char_judge,lower,"{""display"": ""山高水甲""}"
idiom,L2,,「山高水长」的意思是？,描写景物的成语,成语;写景;课内拓展,小学成语培优全书·教辅常见,idiom-l2-0211:meaning_choice,idiom:山高水长,meaning_choice,idiom:山高水长,山高水长,meaning_choice,upper,"{""choices"": [""描写景物的成语"", ""完全看不见了"", ""文章或动作很流畅"", ""ABCC 结构的成语""]}"
idiom,L2,,描写景物的成语（四字）,峥嵘岁月,成语;写景;课内拓展,小学成语培优全书·教辅常见,idiom-l2-0212,idiom:峥嵘岁月,recite,idiom:峥嵘岁月,峥嵘岁月,recite,all,
idiom,L2,,下面的写法对不对？,错,成语;写景;课内拓展,小学成语培优全书·教辅常见,idiom-l2-0212:char_judge,idiom:峥嵘岁月,char_judge,idiom:峥嵘岁月,峥嵘岁月,char_judge,lower,"{""display"": ""甲嵘岁月""}"
idiom,L2,,「峥嵘岁月」的意思是？,描写景物的成语,成语;写景;课内拓展,小学成语培优全书·教辅常见,idiom-l2-0212:meaning_choice,idiom:峥嵘岁月,meaning_choice,idiom:峥嵘岁月,峥嵘岁月,meaning_choice,upper,"{""choices"": [""充满活力"", ""描写景物的成语"", ""一下子明白过来"", ""气魄很大的话""]}"
idiom,L2,,描写景物的成语（四字）,峰回路转,成语;写景;课内拓展,小学成语培优全书·教辅常见,idiom-l2-0213,idiom:峰回路转,recite,idiom:峰回路转,峰回路转,recite,all,
idiom,L2,,下面的写法对不对？,错,成语;写景;课内拓展,小学成语培优全书·教辅常见,idiom-l2-0213:char_judge,idiom:峰回路转,char_judge,idiom:峰回路转,峰回路转,char_judge,lower,"{""display"": ""甲回路转""}"
idiom,L2,,「峰回路转」的意思是？,描写景物的成语,成语;写景;课内拓展,小学成语培优全书·教辅常见,idiom-l2-0213:meaning_choice,idiom:峰回路转,meaning_choice,idiom:峰回路转,峰回路转,meaning_choice,upper,"{""choices"": [""没有办法可想"", ""万物重新生长"", ""心里早有了主意"", ""描写景物的成语""]}"
idiom,L2,,描写景物的成语（四字）,峰峦叠嶂,成语;写景;课内拓展,小学成语培优全书·教辅常见,idiom-l2-0214,idiom:峰峦叠嶂,recite,idiom:峰峦叠嶂,峰峦叠嶂,recite,all,
idiom,L2,,下面的写法对不对？,错,成语;写景;课内拓展,小学成语培优全书·教辅常见,idiom-l2-0214:char_judge,idiom:峰峦叠嶂,char_judge,idiom:峰峦叠嶂,峰峦叠嶂,char_judge,lower,"{""display"": ""甲峦叠嶂""}"
idiom,L2,,「峰峦叠嶂」的意思是？,描写景物的成语,成语;写景;课内拓展,小学成语培优全书·教辅常见,idiom-l2-0214:meaning_choice,idiom:峰峦叠嶂,meaning_choice,idiom:峰峦叠嶂,峰峦叠嶂,meaning_choice,upper,"{""choices"": [""凶狠或得意地挥舞"", ""描写景物的成语"", ""侥幸逃脱的人"", ""没有精神""]}"
idiom,L2,,描写景物的成语（四字）,崇山峻岭,成语;写景;课内拓展,小学成语培优全书·教辅常见,idiom-l2-0215,idiom:崇山峻岭,recite,idiom:崇山峻岭,崇山峻岭,recite,all,
idiom,L2,,下面的写法对不对？,对,成语;写景;课内拓展,小学成语培优全书·教辅常见,idiom-l2-0215:char_judge,idiom:崇山峻岭,char_judge,idiom:崇山峻岭,崇山峻岭,char_judge,lower,"{""display"": ""崇山峻岭""}"
idiom,L2,,「崇山峻岭」的意思是？,描写景物的成语,成语;写景;课内拓展,小学成语培优全书·教辅常见,idiom-l2-0215:meaning_choice,idiom:崇山峻岭,meaning_choice,idiom:崇山峻岭,崇山峻岭,meaning_choice,upper,"{""choices"": [""描写景物的成语"", ""高兴得自己都受不住"", ""家庭毁了，人也没了"", ""到了山和水的尽头，没有出路""]}"
idiom,L2,,描写景物的成语（四字）,平步青云,成语;写景;课内拓展,小学成语培优全书·教辅常见,idiom-l2-0216,idiom:平步青云,recite,idiom:平步青云,平步青云,recite,all,
idiom,L2,,下面的写法对不对？,对,成语;写景;课内拓展,小学成语培优全书·教辅常见,idiom-l2-0216:char_judge,idiom:平步青云,char_judge,idiom:平步青云,平步青云,char_judge,lower,"{""display"": ""平步青云""}"
idiom,L2,,「平步青云」的意思是？,描写景物的成语,成语;写景;课内拓展,小学成语培优全书·教辅常见,idiom-l2-0216:meaning_choice,idiom:平步青云,meaning_choice,idiom:平步青云,平步青云,meaning_choice,upper,"{""choices"": [""天空高远，云很淡"", ""描写景物的成语"", ""自然界最美的声音"", ""风景优美""]}"
idiom,L2,,描写景物的成语（四字）,开门见山,成语;写景;课内拓展,小学成语培优全书·教辅常见,idiom-l2-0217,idiom:开门见山,recite,idiom:开门见山,开门见山,recite,all,
idiom,L2,,下面的写法对不对？,对,成语;写景;课内拓展,小学成语培优全书·教辅常见,idiom-l2-0217:char_judge,idiom:开门见山,char_judge,idiom:开门见山,开门见山,char_judge,lower,"{""display"": ""开门见山""}"
idiom,L2,,「开门见山」的意思是？,描写景物的成语,成语;写景;课内拓展,小学成语培优全书·教辅常见,idiom-l2-0217:meaning_choice,idiom:开门见山,meaning_choice,idiom:开门见山,开门见山,meaning_choice,upper,"{""choices"": [""描写神态的成语"", ""描写景物的成语"", ""树林层层变色"", ""特别容易被人看见""]}"
idiom,L2,,描写景物的成语（四字）,弱不禁风,成语;写景;课内拓展,小学成语培优全书·教辅常见,idiom-l2-0218,idiom:弱不禁风,recite,idiom:弱不禁风,弱不禁风,recite,all,
idiom,L2,,下面的写法对不对？,对,成语;写景;课内拓展,小学成语培优全书·教辅常见,idiom-l2-0218:char_judge,idiom:弱不禁风,char_judge,idiom:弱不禁风,弱不禁风,char_judge,lower,"{""display"": ""弱不禁风""}"
idiom,L2,,「弱不禁风」的意思是？,描写景物的成语,成语;写景;课内拓展,小学成语培优全书·教辅常见,idiom-l2-0218:meaning_choice,idiom:弱不禁风,meaning_choice,idiom:弱不禁风,弱不禁风,meaning_choice,upper,"{""choices"": [""描写景物的成语"", ""描写品质的成语"", ""描写品质的成语"", ""描写品质的成语""]}"
idiom,L2,,描写景物的成语（四字）,微风拂面,成语;写景;课内拓展,小学成语培优全书·教辅常见,idiom-l2-0219,idiom:微风拂面,recite,idiom:微风拂面,微风拂面,recite,all,
idiom,L2,,下面的写法对不对？,对,成语;写景;课内拓展,小学成语培优全书·教辅常见,idiom-l2-0219:char_judge,idiom:微风拂面,char_judge,idiom:微风拂面,微风拂面,char_judge,lower,"{""display"": ""微风拂面""}"
idiom,L2,,「微风拂面」的意思是？,描写景物的成语,成语;写景;课内拓展,小学成语培优全书·教辅常见,idiom-l2-0219:meaning_choice,idiom:微风拂面,meaning_choice,idiom:微风拂面,微风拂面,meaning_choice,upper,"{""choices"": [""头发散乱"", ""恭敬地向老师求教"", ""微风轻轻吹"", ""描写景物的成语""]}"
idiom,L2,,描写景物的成语（四字）,心花怒放,成语;写景;课内拓展,小学成语培优全书·教辅常见,idiom-l2-0220,idiom:心花怒放,recite,idiom:心花怒放,心花怒放,recite,all,
idiom,L2,,下面的写法对不对？,错,成语;写景;课内拓展,小学成语培优全书·教辅常见,idiom-l2-0220:char_judge,idiom:心花怒放,char_judge,idiom:心花怒放,心花怒放,char_judge,lower,"{""display"": ""心花甲放""}"
idiom,L2,,「心花怒放」的意思是？,描写景物的成语,成语;写景;课内拓展,小学成语培优全书·教辅常见,idiom-l2-0220:meaning_choice,idiom:心花怒放,meaning_choice,idiom:心花怒放,心花怒放,meaning_choice,upper,"{""choices"": [""关键处一点就使整体生动"", ""得意得忘了自己是谁"", ""风很轻、雨很细"", ""描写景物的成语""]}"
idiom,L2,,描写景物的成语（四字）,意气风发,成语;写景;课内拓展,小学成语培优全书·教辅常见,idiom-l2-0221,idiom:意气风发,recite,idiom:意气风发,意气风发,recite,all,
idiom,L2,,下面的写法对不对？,错,成语;写景;课内拓展,小学成语培优全书·教辅常见,idiom-l2-0221:char_judge,idiom:意气风发,char_judge,idiom:意气风发,意气风发,char_judge,lower,"{""display"": ""意甲风发""}"
idiom,L2,,「意气风发」的意思是？,描写景物的成语,成语;写景;课内拓展,小学成语培优全书·教辅常见,idiom-l2-0221:meaning_choice,idiom:意气风发,meaning_choice,idiom:意气风发,意气风发,meaning_choice,upper,"{""choices"": [""描写景物的成语"", ""出自历史故事的成语"", ""出自历史故事的成语"", ""出自历史故事的成语""]}"
idiom,L2,,描写景物的成语（四字）,执法如山,成语;写景;课内拓展,小学成语培优全书·教辅常见,idiom-l2-0222,idiom:执法如山,recite,idiom:执法如山,执法如山,recite,all,
idiom,L2,,下面的写法对不对？,错,成语;写景;课内拓展,小学成语培优全书·教辅常见,idiom-l2-0222:char_judge,idiom:执法如山,char_judge,idiom:执法如山,执法如山,char_judge,lower,"{""display"": ""甲法如山""}"
idiom,L2,,「执法如山」的意思是？,描写景物的成语,成语;写景;课内拓展,小学成语培优全书·教辅常见,idiom-l2-0222:meaning_choice,idiom:执法如山,meaning_choice,idiom:执法如山,执法如山,meaning_choice,upper,"{""choices"": [""大体很好，还有一点缺憾"", ""一切都换成了新气象"", ""描写景物的成语"", ""什么都伤害不了""]}"
idiom,L2,,描写景物的成语（四字）,披星戴月,成语;写景;课内拓展,小学成语培优全书·教辅常见,idiom-l2-0223,idiom:披星戴月,recite,idiom:披星戴月,披星戴月,recite,all,
idiom,L2,,下面的写法对不对？,错,成语;写景;课内拓展,小学成语培优全书·教辅常见,idiom-l2-0223:char_judge,idiom:披星戴月,char_judge,idiom:披星戴月,披星戴月,char_judge,lower,"{""display"": ""甲星戴月""}"
idiom,L2,,「披星戴月」的意思是？,描写景物的成语,成语;写景;课内拓展,小学成语培优全书·教辅常见,idiom-l2-0223:meaning_choice,idiom:披星戴月,meaning_choice,idiom:披星戴月,披星戴月,meaning_choice,upper,"{""choices"": [""很想马上试一试"", ""描写景物的成语"", ""很多鸟一起叫"", ""靠近山、靠近水""]}"
idiom,L2,,描写景物的成语（四字）,拖泥带水,成语;写景;课内拓展,小学成语培优全书·教辅常见,idiom-l2-0224,idiom:拖泥带水,recite,idiom:拖泥带水,拖泥带水,recite,all,
idiom,L2,,下面的写法对不对？,错,成语;写景;课内拓展,小学成语培优全书·教辅常见,idiom-l2-0224:char_judge,idiom:拖泥带水,char_judge,idiom:拖泥带水,拖泥带水,char_judge,lower,"{""display"": ""拖泥甲水""}"
idiom,L2,,「拖泥带水」的意思是？,描写景物的成语,成语;写景;课内拓展,小学成语培优全书·教辅常见,idiom-l2-0224:meaning_choice,idiom:拖泥带水,meaning_choice,idiom:拖泥带水,拖泥带水,meaning_choice,upper,"{""choices"": [""情绪非常激动"", ""兴趣很浓"", ""描写景物的成语"", ""气魄很大的话""]}"
idiom,L2,,描写景物的成语（四字）,拨云见日,成语;写景;课内拓展,小学成语培优全书·教辅常见,idiom-l2-0225,idiom:拨云见日,recite,idiom:拨云见日,拨云见日,recite,all,
idiom,L2,,下面的写法对不对？,对,成语;写景;课内拓展,小学成语培优全书·教辅常见,idiom-l2-0225:char_judge,idiom:拨云见日,char_judge,idiom:拨云见日,拨云见日,char_judge,lower,"{""display"": ""拨云见日""}"
idiom,L2,,「拨云见日」的意思是？,描写景物的成语,成语;写景;课内拓展,小学成语培优全书·教辅常见,idiom-l2-0225:meaning_choice,idiom:拨云见日,meaning_choice,idiom:拨云见日,拨云见日,meaning_choice,upper,"{""choices"": [""主动认错、请求责罚"", ""生活安定，工作愉快"", ""描写景物的成语"", ""没有办法可想""]}"
idiom,L2,,描写景物的成语（四字）,捕风捉影,成语;写景;课内拓展,小学成语培优全书·教辅常见,idiom-l2-0226,idiom:捕风捉影,recite,idiom:捕风捉影,捕风捉影,recite,all,
idiom,L2,,下面的写法对不对？,错,成语;写景;课内拓展,小学成语培优全书·教辅常见,idiom-l2-0226:char_judge,idiom:捕风捉影,char_judge,idiom:捕风捉影,捕风捉影,char_judge,lower,"{""display"": ""甲风捉影""}"
idiom,L2,,「捕风捉影」的意思是？,描写景物的成语,成语;写景;课内拓展,小学成语培优全书·教辅常见,idiom-l2-0226:meaning_choice,idiom:捕风捉影,meaning_choice,idiom:捕风捉影,捕风捉影,meaning_choice,upper,"{""choices"": [""大体很好，还有一点缺憾"", ""雪片又大又密"", ""舍不得离开"", ""描写景物的成语""]}"
idiom,L2,,描写景物的成语（四字）,推波助澜,成语;写景;课内拓展,小学成语培优全书·教辅常见,idiom-l2-0228,idiom:推波助澜,recite,idiom:推波助澜,推波助澜,recite,all,
idiom,L2,,下面的写法对不对？,错,成语;写景;课内拓展,小学成语培优全书·教辅常见,idiom-l2-0228:char_judge,idiom:推波助澜,char_judge,idiom:推波助澜,推波助澜,char_judge,lower,"{""display"": ""推甲助澜""}"
idiom,L2,,「推波助澜」的意思是？,描写景物的成语,成语;写景;课内拓展,小学成语培优全书·教辅常见,idiom-l2-0228:meaning_choice,idiom:推波助澜,meaning_choice,idiom:推波助澜,推波助澜,meaning_choice,upper,"{""choices"": [""描写景物的成语"", ""气势使人敬畏"", ""不加咀嚼地整吞，比喻不求甚解"", ""实在没有别的办法""]}"
idiom,L2,,描写景物的成语（四字）,日新月异,成语;写景;课内拓展,小学成语培优全书·教辅常见,idiom-l2-0229,idiom:日新月异,recite,idiom:日新月异,日新月异,recite,all,
idiom,L2,,下面的写法对不对？,对,成语;写景;课内拓展,小学成语培优全书·教辅常见,idiom-l2-0229:char_judge,idiom:日新月异,char_judge,idiom:日新月异,日新月异,char_judge,lower,"{""display"": ""日新月异""}"
idiom,L2,,「日新月异」的意思是？,描写景物的成语,成语;写景;课内拓展,小学成语培优全书·教辅常见,idiom-l2-0229:meaning_choice,idiom:日新月异,meaning_choice,idiom:日新月异,日新月异,meaning_choice,upper,"{""choices"": [""春天开花秋天结果"", ""描写景物的成语"", ""全国各地，四面八方"", ""气势很大、规模很大""]}"
idiom,L2,,描写景物的成语（四字）,日月如梭,成语;写景;课内拓展,小学成语培优全书·教辅常见,idiom-l2-0230,idiom:日月如梭,recite,idiom:日月如梭,日月如梭,recite,all,
idiom,L2,,下面的写法对不对？,错,成语;写景;课内拓展,小学成语培优全书·教辅常见,idiom-l2-0230:char_judge,idiom:日月如梭,char_judge,idiom:日月如梭,日月如梭,char_judge,lower,"{""display"": ""日月甲梭""}"
idiom,L2,,「日月如梭」的意思是？,描写景物的成语,成语;写景;课内拓展,小学成语培优全书·教辅常见,idiom-l2-0230:meaning_choice,idiom:日月如梭,meaning_choice,idiom:日月如梭,日月如梭,meaning_choice,upper,"{""choices"": [""吃或听得非常有兴趣"", ""一会儿看得见一会儿看不见"", ""描写景物的成语"", ""天空一片晴朗""]}"
idiom,L2,,描写景物的成语（四字）,日积月累,成语;写景;课内拓展,小学成语培优全书·教辅常见,idiom-l2-0231,idiom:日积月累,recite,idiom:日积月累,日积月累,recite,all,
idiom,L2,,下面的写法对不对？,错,成语;写景;课内拓展,小学成语培优全书·教辅常见,idiom-l2-0231:char_judge,idiom:日积月累,char_judge,idiom:日积月累,日积月累,char_judge,lower,"{""display"": ""日积月甲""}"
idiom,L2,,「日积月累」的意思是？,描写景物的成语,成语;写景;课内拓展,小学成语培优全书·教辅常见,idiom-l2-0231:meaning_choice,idiom:日积月累,meaning_choice,idiom:日积月累,日积月累,meaning_choice,upper,"{""choices"": [""ABCC 结构的成语"", ""ABCC 结构的成语"", ""天地非常广阔"", ""描写景物的成语""]}"
idiom,L2,,描写景物的成语（四字）,昙花一现,成语;写景;课内拓展,小学成语培优全书·教辅常见,idiom-l2-0232,idiom:昙花一现,recite,idiom:昙花一现,昙花一现,recite,all,
idiom,L2,,下面的写法对不对？,对,成语;写景;课内拓展,小学成语培优全书·教辅常见,idiom-l2-0232:char_judge,idiom:昙花一现,char_judge,idiom:昙花一现,昙花一现,char_judge,lower,"{""display"": ""昙花一现""}"
idiom,L2,,「昙花一现」的意思是？,描写景物的成语,成语;写景;课内拓展,小学成语培优全书·教辅常见,idiom-l2-0232:meaning_choice,idiom:昙花一现,meaning_choice,idiom:昙花一现,昙花一现,meaning_choice,upper,"{""choices"": [""出自历史故事的成语"", ""出自历史故事的成语"", ""出自历史故事的成语"", ""描写景物的成语""]}"
idiom,L2,,描写景物的成语（四字）,星月交辉,成语;写景;课内拓展,小学成语培优全书·教辅常见,idiom-l2-0233,idiom:星月交辉,recite,idiom:星月交辉,星月交辉,recite,all,
idiom,L2,,下面的写法对不对？,对,成语;写景;课内拓展,小学成语培优全书·教辅常见,idiom-l2-0233:char_judge,idiom:星月交辉,char_judge,idiom:星月交辉,星月交辉,char_judge,lower,"{""display"": ""星月交辉""}"
idiom,L2,,「星月交辉」的意思是？,描写景物的成语,成语;写景;课内拓展,小学成语培优全书·教辅常见,idiom-l2-0233:meaning_choice,idiom:星月交辉,meaning_choice,idiom:星月交辉,星月交辉,meaning_choice,upper,"{""choices"": [""描写景物的成语"", ""美丽得没有谁能比"", ""没有精神"", ""主动认错、请求责罚""]}"
idiom,L2,,描写景物的成语（四字）,星罗棋布,成语;写景;课内拓展,小学成语培优全书·教辅常见,idiom-l2-0234,idiom:星罗棋布,recite,idiom:星罗棋布,星罗棋布,recite,all,
idiom,L2,,下面的写法对不对？,错,成语;写景;课内拓展,小学成语培优全书·教辅常见,idiom-l2-0234:char_judge,idiom:星罗棋布,char_judge,idiom:星罗棋布,星罗棋布,char_judge,lower,"{""display"": ""星罗棋甲""}"
idiom,L2,,「星罗棋布」的意思是？,描写景物的成语,成语;写景;课内拓展,小学成语培优全书·教辅常见,idiom-l2-0234:meaning_choice,idiom:星罗棋布,meaning_choice,idiom:星罗棋布,星罗棋布,meaning_choice,upper,"{""choices"": [""描写景物的成语"", ""家庭毁了，人也没了"", ""笑得直不起腰"", ""非常吃惊""]}"
idiom,L2,,描写景物的成语（四字）,暴风骤雨,成语;写景;课内拓展,小学成语培优全书·教辅常见,idiom-l2-0235,idiom:暴风骤雨,recite,idiom:暴风骤雨,暴风骤雨,recite,all,
idiom,L2,,下面的写法对不对？,对,成语;写景;课内拓展,小学成语培优全书·教辅常见,idiom-l2-0235:char_judge,idiom:暴风骤雨,char_judge,idiom:暴风骤雨,暴风骤雨,char_judge,lower,"{""display"": ""暴风骤雨""}"
idiom,L2,,「暴风骤雨」的意思是？,描写景物的成语,成语;写景;课内拓展,小学成语培优全书·教辅常见,idiom-l2-0235:meaning_choice,idiom:暴风骤雨,meaning_choice,idiom:暴风骤雨,暴风骤雨,meaning_choice,upper,"{""choices"": [""泉水发出叮咚声"", ""蔺相如在渑池会上维护赵国尊严"", ""周围各个方向"", ""描写景物的成语""]}"
idiom,L2,,描写景物的成语（四字）,月光如水,成语;写景;课内拓展,小学成语培优全书·教辅常见,idiom-l2-0236,idiom:月光如水,recite,idiom:月光如水,月光如水,recite,all,
idiom,L2,,下面的写法对不对？,错,成语;写景;课内拓展,小学成语培优全书·教辅常见,idiom-l2-0236:char_judge,idiom:月光如水,char_judge,idiom:月光如水,月光如水,char_judge,lower,"{""display"": ""月甲如水""}"
idiom,L2,,「月光如水」的意思是？,描写景物的成语,成语;写景;课内拓展,小学成语培优全书·教辅常见,idiom-l2-0236:meaning_choice,idiom:月光如水,meaning_choice,idiom:月光如水,月光如水,meaning_choice,upper,"{""choices"": [""描写外貌的成语"", ""描写外貌的成语"", ""描写景物的成语"", ""恭敬地向老师求教""]}"
idiom,L2,,描写景物的成语（四字）,月明星稀,成语;写景;课内拓展,小学成语培优全书·教辅常见,idiom-l2-0237,idiom:月明星稀,recite,idiom:月明星稀,月明星稀,recite,all,
idiom,L2,,下面的写法对不对？,错,成语;写景;课内拓展,小学成语培优全书·教辅常见,idiom-l2-0237:char_judge,idiom:月明星稀,char_judge,idiom:月明星稀,月明星稀,char_judge,lower,"{""display"": ""月明甲稀""}"
idiom,L2,,「月明星稀」的意思是？,描写景物的成语,成语;写景;课内拓展,小学成语培优全书·教辅常见,idiom-l2-0237:meaning_choice,idiom:月明星稀,meaning_choice,idiom:月明星稀,月明星稀,meaning_choice,upper,"{""choices"": [""心里早有了主意"", ""描写景物的成语"", ""人非常多"", ""人长寿，收成好""]}"
idiom,L3,,描写景物的成语（四字）,月白风清,成语;写景;小升初高频,小学成语培优全书·教辅常见,idiom-l2-0238,idiom:月白风清,recite,idiom:月白风清,月白风清,recite,all,
idiom,L3,,下面的写法对不对？,对,成语;写景;小升初高频,小学成语培优全书·教辅常见,idiom-l2-0238:char_judge,idiom:月白风清,char_judge,idiom:月白风清,月白风清,char_judge,lower,"{""display"": ""月白风清""}"
idiom,L3,,「月白风清」的意思是？,描写景物的成语,成语;写景;小升初高频,小学成语培优全书·教辅常见,idiom-l2-0238:meaning_choice,idiom:月白风清,meaning_choice,idiom:月白风清,月白风清,meaning_choice,upper,"{""choices"": [""与时间有关的成语"", ""与时间有关的成语"", ""描写景物的成语"", ""在风里飘动""]}"
idiom,L3,,描写景物的成语（四字）,未雨绸缪,成语;写景;小升初高频,小学成语培优全书·教辅常见,idiom-l2-0239,idiom:未雨绸缪,recite,idiom:未雨绸缪,未雨绸缪,recite,all,
idiom,L3,,下面的写法对不对？,对,成语;写景;小升初高频,小学成语培优全书·教辅常见,idiom-l2-0239:char_judge,idiom:未雨绸缪,char_judge,idiom:未雨绸缪,未雨绸缪,char_judge,lower,"{""display"": ""未雨绸缪""}"
idiom,L3,,「未雨绸缪」的意思是？,描写景物的成语,成语;写景;小升初高频,小学成语培优全书·教辅常见,idiom-l2-0239:meaning_choice,idiom:未雨绸缪,meaning_choice,idiom:未雨绸缪,未雨绸缪,meaning_choice,upper,"{""choices"": [""一直坚持，不放弃"", ""描写景物的成语"", ""胆子很小"", ""眼界很小""]}"
idiom,L3,,描写景物的成语（四字）,杯水车薪,成语;写景;小升初高频,小学成语培优全书·教辅常见,idiom-l2-0240,idiom:杯水车薪,recite,idiom:杯水车薪,杯水车薪,recite,all,
idiom,L3,,下面的写法对不对？,错,成语;写景;小升初高频,小学成语培优全书·教辅常见,idiom-l2-0240:char_judge,idiom:杯水车薪,char_judge,idiom:杯水车薪,杯水车薪,char_judge,lower,"{""display"": ""杯水车甲""}"
idiom,L3,,「杯水车薪」的意思是？,描写景物的成语,成语;写景;小升初高频,小学成语培优全书·教辅常见,idiom-l2-0240:meaning_choice,idiom:杯水车薪,meaning_choice,idiom:杯水车薪,杯水车薪,meaning_choice,upper,"{""choices"": [""百姓生活在极端困苦中"", ""心里着急、烦躁"", ""描写景物的成语"", ""特别容易被人看见""]}"
idiom,L3,,描写景物的成语（四字）,柳暗花明,成语;写景;小升初高频,小学成语培优全书·教辅常见,idiom-l2-0241,idiom:柳暗花明,recite,idiom:柳暗花明,柳暗花明,recite,all,
idiom,L3,,下面的写法对不对？,对,成语;写景;小升初高频,小学成语培优全书·教辅常见,idiom-l2-0241:char_judge,idiom:柳暗花明,char_judge,idiom:柳暗花明,柳暗花明,char_judge,lower,"{""display"": ""柳暗花明""}"
idiom,L3,,「柳暗花明」的意思是？,描写景物的成语,成语;写景;小升初高频,小学成语培优全书·教辅常见,idiom-l2-0241:meaning_choice,idiom:柳暗花明,meaning_choice,idiom:柳暗花明,柳暗花明,meaning_choice,upper,"{""choices"": [""描写冬天的成语"", ""描写冬天的成语"", ""描写冬天的成语"", ""描写景物的成语""]}"
idiom,L3,,描写景物的成语（四字）,歪风邪气,成语;写景;小升初高频,小学成语培优全书·教辅常见,idiom-l2-0242,idiom:歪风邪气,recite,idiom:歪风邪气,歪风邪气,recite,all,
idiom,L3,,下面的写法对不对？,对,成语;写景;小升初高频,小学成语培优全书·教辅常见,idiom-l2-0242:char_judge,idiom:歪风邪气,char_judge,idiom:歪风邪气,歪风邪气,char_judge,lower,"{""display"": ""歪风邪气""}"
idiom,L3,,「歪风邪气」的意思是？,描写景物的成语,成语;写景;小升初高频,小学成语培优全书·教辅常见,idiom-l2-0242:meaning_choice,idiom:歪风邪气,meaning_choice,idiom:歪风邪气,歪风邪气,meaning_choice,upper,"{""choices"": [""好上加好"", ""样子各不相同"", ""计谋非常高明"", ""描写景物的成语""]}"
idiom,L3,,描写景物的成语（四字）,水乳交融,成语;写景;小升初高频,小学成语培优全书·教辅常见,idiom-l2-0243,idiom:水乳交融,recite,idiom:水乳交融,水乳交融,recite,all,
idiom,L3,,下面的写法对不对？,错,成语;写景;小升初高频,小学成语培优全书·教辅常见,idiom-l2-0243:char_judge,idiom:水乳交融,char_judge,idiom:水乳交融,水乳交融,char_judge,lower,"{""display"": ""水甲交融""}"
idiom,L3,,「水乳交融」的意思是？,描写景物的成语,成语;写景;小升初高频,小学成语培优全书·教辅常见,idiom-l2-0243:meaning_choice,idiom:水乳交融,meaning_choice,idiom:水乳交融,水乳交融,meaning_choice,upper,"{""choices"": [""出自历史故事的成语"", ""出自历史故事的成语"", ""出自历史故事的成语"", ""描写景物的成语""]}"
idiom,L3,,描写景物的成语（四字）,水到渠成,成语;写景;小升初高频,小学成语培优全书·教辅常见,idiom-l2-0244,idiom:水到渠成,recite,idiom:水到渠成,水到渠成,recite,all,
idiom,L3,,下面的写法对不对？,对,成语;写景;小升初高频,小学成语培优全书·教辅常见,idiom-l2-0244:char_judge,idiom:水到渠成,char_judge,idiom:水到渠成,水到渠成,char_judge,lower,"{""display"": ""水到渠成""}"
idiom,L3,,「水到渠成」的意思是？,描写景物的成语,成语;写景;小升初高频,小学成语培优全书·教辅常见,idiom-l2-0244:meaning_choice,idiom:水到渠成,meaning_choice,idiom:水到渠成,水到渠成,meaning_choice,upper,"{""choices"": [""柳树绿、花儿红"", ""出主意、想办法"", ""描写景物的成语"", ""充满活力""]}"
idiom,L3,,描写景物的成语（四字）,水天一色,成语;写景;小升初高频,小学成语培优全书·教辅常见,idiom-l2-0245,idiom:水天一色,recite,idiom:水天一色,水天一色,recite,all,
idiom,L3,,下面的写法对不对？,对,成语;写景;小升初高频,小学成语培优全书·教辅常见,idiom-l2-0245:char_judge,idiom:水天一色,char_judge,idiom:水天一色,水天一色,char_judge,lower,"{""display"": ""水天一色""}"
idiom,L3,,「水天一色」的意思是？,描写景物的成语,成语;写景;小升初高频,小学成语培优全书·教辅常见,idiom-l2-0245:meaning_choice,idiom:水天一色,meaning_choice,idiom:水天一色,水天一色,meaning_choice,upper,"{""choices"": [""描写景物的成语"", ""走路不稳，跌跌撞撞"", ""本领极大，哪儿都能去"", ""只要肯下功夫就能成功""]}"
idiom,L3,,描写景物的成语（四字）,水平如镜,成语;写景;小升初高频,小学成语培优全书·教辅常见,idiom-l2-0246,idiom:水平如镜,recite,idiom:水平如镜,水平如镜,recite,all,
idiom,L3,,下面的写法对不对？,错,成语;写景;小升初高频,小学成语培优全书·教辅常见,idiom-l2-0246:char_judge,idiom:水平如镜,char_judge,idiom:水平如镜,水平如镜,char_judge,lower,"{""display"": ""甲平如镜""}"
idiom,L3,,「水平如镜」的意思是？,描写景物的成语,成语;写景;小升初高频,小学成语培优全书·教辅常见,idiom-l2-0246:meaning_choice,idiom:水平如镜,meaning_choice,idiom:水平如镜,水平如镜,meaning_choice,upper,"{""choices"": [""轻快地唱、柔美地舞"", ""刻苦学习，不敢打瞌睡"", ""没有风浪，也指局势安定"", ""描写景物的成语""]}"
idiom,L3,,描写景物的成语（四字）,水泄不通,成语;写景;小升初高频,小学成语培优全书·教辅常见,idiom-l2-0247,idiom:水泄不通,recite,idiom:水泄不通,水泄不通,recite,all,
idiom,L3,,下面的写法对不对？,对,成语;写景;小升初高频,小学成语培优全书·教辅常见,idiom-l2-0247:char_judge,idiom:水泄不通,char_judge,idiom:水泄不通,水泄不通,char_judge,lower,"{""display"": ""水泄不通""}"
idiom,L3,,「水泄不通」的意思是？,描写景物的成语,成语;写景;小升初高频,小学成语培优全书·教辅常见,idiom-l2-0247:meaning_choice,idiom:水泄不通,meaning_choice,idiom:水泄不通,水泄不通,meaning_choice,upper,"{""choices"": [""没有烦恼"", ""乐音很久还在回响"", ""描写夏天的成语"", ""描写景物的成语""]}"
idiom,L3,,描写景物的成语（四字）,水清石出,成语;写景;小升初高频,小学成语培优全书·教辅常见,idiom-l2-0248,idiom:水清石出,recite,idiom:水清石出,水清石出,recite,all,
idiom,L3,,下面的写法对不对？,错,成语;写景;小升初高频,小学成语培优全书·教辅常见,idiom-l2-0248:char_judge,idiom:水清石出,char_judge,idiom:水清石出,水清石出,char_judge,lower,"{""display"": ""水青石出""}"
idiom,L3,,「水清石出」的意思是？,描写景物的成语,成语;写景;小升初高频,小学成语培优全书·教辅常见,idiom-l2-0248:meaning_choice,idiom:水清石出,meaning_choice,idiom:水清石出,水清石出,meaning_choice,upper,"{""choices"": [""正宗高雅的音乐"", ""书一直拿在手里，非常爱读"", ""夜里不用关门，社会安定"", ""描写景物的成语""]}"
idiom,L3,,描写景物的成语（四字）,水滴石穿,成语;写景;小升初高频,小学成语培优全书·教辅常见,idiom-l2-0249,idiom:水滴石穿,recite,idiom:水滴石穿,水滴石穿,recite,all,
idiom,L3,,下面的写法对不对？,错,成语;写景;小升初高频,小学成语培优全书·教辅常见,idiom-l2-0249:char_judge,idiom:水滴石穿,char_judge,idiom:水滴石穿,水滴石穿,char_judge,lower,"{""display"": ""水甲石穿""}"
idiom,L3,,「水滴石穿」的意思是？,描写景物的成语,成语;写景;小升初高频,小学成语培优全书·教辅常见,idiom-l2-0249:meaning_choice,idiom:水滴石穿,meaning_choice,idiom:水滴石穿,水滴石穿,meaning_choice,upper,"{""choices"": [""描写景物的成语"", ""战争造成的混乱"", ""自然界最美的声音"", ""描摹得十分逼真""]}"
idiom,L3,,描写景物的成语（四字）,水落石出,成语;写景;小升初高频,小学成语培优全书·教辅常见,idiom-l2-0250,idiom:水落石出,recite,idiom:水落石出,水落石出,recite,all,
idiom,L3,,下面的写法对不对？,对,成语;写景;小升初高频,小学成语培优全书·教辅常见,idiom-l2-0250:char_judge,idiom:水落石出,char_judge,idiom:水落石出,水落石出,char_judge,lower,"{""display"": ""水落石出""}"
idiom,L3,,「水落石出」的意思是？,描写景物的成语,成语;写景;小升初高频,小学成语培优全书·教辅常见,idiom-l2-0250:meaning_choice,idiom:水落石出,meaning_choice,idiom:水落石出,水落石出,meaning_choice,upper,"{""choices"": [""自己的说法或做法互相冲突"", ""描写景物的成语"", ""不加咀嚼地整吞，比喻不求甚解"", ""恭敬地向老师求教""]}"
idiom,L3,,泉水发出叮咚声（四字）,泉水叮咚,成语;写景;小升初高频,小学成语培优全书·教辅常见,idiom-l1-0044,idiom:泉水叮咚,recite,idiom:泉水叮咚,泉水叮咚,recite,all,
idiom,L3,,下面的写法对不对？,错,成语;写景;小升初高频,小学成语培优全书·教辅常见,idiom-l1-0044:char_judge,idiom:泉水叮咚,char_judge,idiom:泉水叮咚,泉水叮咚,char_judge,lower,"{""display"": ""泉水叮甲""}"
idiom,L3,,「泉水叮咚」的意思是？,泉水发出叮咚声,成语;写景;小升初高频,小学成语培优全书·教辅常见,idiom-l1-0044:meaning_choice,idiom:泉水叮咚,meaning_choice,idiom:泉水叮咚,泉水叮咚,meaning_choice,upper,"{""choices"": [""泉水发出叮咚声"", ""AABC 结构的成语"", ""AABC 结构的成语"", ""AABC 结构的成语""]}"
idiom,L3,,描写景物的成语（四字）,波涛汹涌,成语;写景;小升初高频,小学成语培优全书·教辅常见,idiom-l2-0251,idiom:波涛汹涌,recite,idiom:波涛汹涌,波涛汹涌,recite,all,
idiom,L3,,下面的写法对不对？,对,成语;写景;小升初高频,小学成语培优全书·教辅常见,idiom-l2-0251:char_judge,idiom:波涛汹涌,char_judge,idiom:波涛汹涌,波涛汹涌,char_judge,lower,"{""display"": ""波涛汹涌""}"
idiom,L3,,「波涛汹涌」的意思是？,描写景物的成语,成语;写景;小升初高频,小学成语培优全书·教辅常见,idiom-l2-0251:meaning_choice,idiom:波涛汹涌,meaning_choice,idiom:波涛汹涌,波涛汹涌,meaning_choice,upper,"{""choices"": [""描写景物的成语"", ""很多鸟一起叫"", ""万物重新生长"", ""自以为了不起的样子""]}"
idiom,L3,,描写景物的成语（四字）,波澜不惊,成语;写景;小升初高频,小学成语培优全书·教辅常见,idiom-l2-0252,idiom:波澜不惊,recite,idiom:波澜不惊,波澜不惊,recite,all,
idiom,L3,,下面的写法对不对？,错,成语;写景;小升初高频,小学成语培优全书·教辅常见,idiom-l2-0252:char_judge,idiom:波澜不惊,char_judge,idiom:波澜不惊,波澜不惊,char_judge,lower,"{""display"": ""波澜步惊""}"
idiom,L3,,「波澜不惊」的意思是？,描写景物的成语,成语;写景;小升初高频,小学成语培优全书·教辅常见,idiom-l2-0252:meaning_choice,idiom:波澜不惊,meaning_choice,idiom:波澜不惊,波澜不惊,meaning_choice,upper,"{""choices"": [""描写春天的成语"", ""做事非常顺手"", ""自己骗自己"", ""描写景物的成语""]}"
idiom,L3,,描写景物的成语（四字）,波澜壮阔,成语;写景;小升初高频,小学成语培优全书·教辅常见,idiom-l2-0253,idiom:波澜壮阔,recite,idiom:波澜壮阔,波澜壮阔,recite,all,
idiom,L3,,下面的写法对不对？,错,成语;写景;小升初高频,小学成语培优全书·教辅常见,idiom-l2-0253:char_judge,idiom:波澜壮阔,char_judge,idiom:波澜壮阔,波澜壮阔,char_judge,lower,"{""display"": ""波澜壮甲""}"
idiom,L3,,「波澜壮阔」的意思是？,描写景物的成语,成语;写景;小升初高频,小学成语培优全书·教辅常见,idiom-l2-0253:meaning_choice,idiom:波澜壮阔,meaning_choice,idiom:波澜壮阔,波澜壮阔,meaning_choice,upper,"{""choices"": [""样子很庄重认真"", ""果实结得很多"", ""不由得产生敬意"", ""描写景物的成语""]}"
idiom,L3,,描写景物的成语（四字）,浑水摸鱼,成语;写景;小升初高频,小学成语培优全书·教辅常见,idiom-l2-0254,idiom:浑水摸鱼,recite,idiom:浑水摸鱼,浑水摸鱼,recite,all,
idiom,L3,,下面的写法对不对？,对,成语;写景;小升初高频,小学成语培优全书·教辅常见,idiom-l2-0254:char_judge,idiom:浑水摸鱼,char_judge,idiom:浑水摸鱼,浑水摸鱼,char_judge,lower,"{""display"": ""浑水摸鱼""}"
idiom,L3,,「浑水摸鱼」的意思是？,描写景物的成语,成语;写景;小升初高频,小学成语培优全书·教辅常见,idiom-l2-0254:meaning_choice,idiom:浑水摸鱼,meaning_choice,idiom:浑水摸鱼,浑水摸鱼,meaning_choice,upper,"{""choices"": [""人工比自然还精巧"", ""看惯了，不觉得奇怪"", ""人民没法生活下去"", ""描写景物的成语""]}"
idiom,L3,,描写景物的成语（四字）,清风徐来,成语;写景;小升初高频,小学成语培优全书·教辅常见,idiom-l2-0255,idiom:清风徐来,recite,idiom:清风徐来,清风徐来,recite,all,
idiom,L3,,下面的写法对不对？,对,成语;写景;小升初高频,小学成语培优全书·教辅常见,idiom-l2-0255:char_judge,idiom:清风徐来,char_judge,idiom:清风徐来,清风徐来,char_judge,lower,"{""display"": ""清风徐来""}"
idiom,L3,,「清风徐来」的意思是？,描写景物的成语,成语;写景;小升初高频,小学成语培优全书·教辅常见,idiom-l2-0255:meaning_choice,idiom:清风徐来,meaning_choice,idiom:清风徐来,清风徐来,meaning_choice,upper,"{""choices"": [""弄错了对象或事实"", ""自己的说法或做法互相冲突"", ""描写景物的成语"", ""做事慌张没有条理""]}"
idiom,L3,,描写景物的成语（四字）,湖光山色,成语;写景;小升初高频,小学成语培优全书·教辅常见,idiom-l2-0256,idiom:湖光山色,recite,idiom:湖光山色,湖光山色,recite,all,
idiom,L3,,下面的写法对不对？,对,成语;写景;小升初高频,小学成语培优全书·教辅常见,idiom-l2-0256:char_judge,idiom:湖光山色,char_judge,idiom:湖光山色,湖光山色,char_judge,lower,"{""display"": ""湖光山色""}"
idiom,L3,,「湖光山色」的意思是？,描写景物的成语,成语;写景;小升初高频,小学成语培优全书·教辅常见,idiom-l2-0256:meaning_choice,idiom:湖光山色,meaning_choice,idiom:湖光山色,湖光山色,meaning_choice,upper,"{""choices"": [""不由得产生敬意"", ""描写景物的成语"", ""个子小但精明强干"", ""兴趣很浓""]}"
idiom,L3,,描写景物的成语（四字）,满城风雨,成语;写景;小升初高频,小学成语培优全书·教辅常见,idiom-l2-0257,idiom:满城风雨,recite,idiom:满城风雨,满城风雨,recite,all,
idiom,L3,,下面的写法对不对？,对,成语;写景;小升初高频,小学成语培优全书·教辅常见,idiom-l2-0257:char_judge,idiom:满城风雨,char_judge,idiom:满城风雨,满城风雨,char_judge,lower,"{""display"": ""满城风雨""}"
idiom,L3,,「满城风雨」的意思是？,描写景物的成语,成语;写景;小升初高频,小学成语培优全书·教辅常见,idiom-l2-0257:meaning_choice,idiom:满城风雨,meaning_choice,idiom:满城风雨,满城风雨,meaning_choice,upper,"{""choices"": [""完全不一样"", ""不加咀嚼地整吞，比喻不求甚解"", ""春天回来了，大地苏醒"", ""描写景物的成语""]}"
idiom,L3,,描写景物的成语（四字）,满山遍野,成语;写景;小升初高频,小学成语培优全书·教辅常见,idiom-l2-0258,idiom:满山遍野,recite,idiom:满山遍野,满山遍野,recite,all,
idiom,L3,,下面的写法对不对？,对,成语;写景;小升初高频,小学成语培优全书·教辅常见,idiom-l2-0258:char_judge,idiom:满山遍野,char_judge,idiom:满山遍野,满山遍野,char_judge,lower,"{""display"": ""满山遍野""}"
idiom,L3,,「满山遍野」的意思是？,描写景物的成语,成语;写景;小升初高频,小学成语培优全书·教辅常见,idiom-l2-0258:meaning_choice,idiom:满山遍野,meaning_choice,idiom:满山遍野,满山遍野,meaning_choice,upper,"{""choices"": [""急得不能再等"", ""描写景物的成语"", ""风很轻、雨很细"", ""自然界最美的声音""]}"
idiom,L3,,描写景物的成语（四字）,滴水不漏,成语;写景;小升初高频,小学成语培优全书·教辅常见,idiom-l2-0259,idiom:滴水不漏,recite,idiom:滴水不漏,滴水不漏,recite,all,
idiom,L3,,下面的写法对不对？,错,成语;写景;小升初高频,小学成语培优全书·教辅常见,idiom-l2-0259:char_judge,idiom:滴水不漏,char_judge,idiom:滴水不漏,滴水不漏,char_judge,lower,"{""display"": ""滴水步漏""}"
idiom,L3,,「滴水不漏」的意思是？,描写景物的成语,成语;写景;小升初高频,小学成语培优全书·教辅常见,idiom-l2-0259:meaning_choice,idiom:滴水不漏,meaning_choice,idiom:滴水不漏,滴水不漏,meaning_choice,upper,"{""choices"": [""借别人的威势吓唬人"", ""描写景物的成语"", ""头摇来摇去，得意或入神"", ""舍不得离开""]}"
idiom,L3,,描写景物的成语（四字）,滴水穿石,成语;写景;小升初高频,小学成语培优全书·教辅常见,idiom-l2-0260,idiom:滴水穿石,recite,idiom:滴水穿石,滴水穿石,recite,all,
idiom,L3,,下面的写法对不对？,对,成语;写景;小升初高频,小学成语培优全书·教辅常见,idiom-l2-0260:char_judge,idiom:滴水穿石,char_judge,idiom:滴水穿石,滴水穿石,char_judge,lower,"{""display"": ""滴水穿石""}"
idiom,L3,,「滴水穿石」的意思是？,描写景物的成语,成语;写景;小升初高频,小学成语培优全书·教辅常见,idiom-l2-0260:meaning_choice,idiom:滴水穿石,meaning_choice,idiom:滴水穿石,滴水穿石,meaning_choice,upper,"{""choices"": [""描写秋天的成语"", ""描写秋天的成语"", ""描写景物的成语"", ""名声传到国内外""]}"
idiom,L3,,描写景物的成语（四字）,漫山遍野,成语;写景;小升初高频,小学成语培优全书·教辅常见,idiom-l2-0261,idiom:漫山遍野,recite,idiom:漫山遍野,漫山遍野,recite,all,
idiom,L3,,下面的写法对不对？,对,成语;写景;小升初高频,小学成语培优全书·教辅常见,idiom-l2-0261:char_judge,idiom:漫山遍野,char_judge,idiom:漫山遍野,漫山遍野,char_judge,lower,"{""display"": ""漫山遍野""}"
idiom,L3,,「漫山遍野」的意思是？,描写景物的成语,成语;写景;小升初高频,小学成语培优全书·教辅常见,idiom-l2-0261:meaning_choice,idiom:漫山遍野,meaning_choice,idiom:漫山遍野,漫山遍野,meaning_choice,upper,"{""choices"": [""果实结得很多"", ""描写景物的成语"", ""急于求成反而把事情弄坏"", ""夜里不用关门，社会安定""]}"
idiom,L3,,描写景物的成语（四字）,火树银花,成语;写景;小升初高频,小学成语培优全书·教辅常见,idiom-l2-0262,idiom:火树银花,recite,idiom:火树银花,火树银花,recite,all,
idiom,L3,,下面的写法对不对？,错,成语;写景;小升初高频,小学成语培优全书·教辅常见,idiom-l2-0262:char_judge,idiom:火树银花,char_judge,idiom:火树银花,火树银花,char_judge,lower,"{""display"": ""火树银甲""}"
idiom,L3,,「火树银花」的意思是？,描写景物的成语,成语;写景;小升初高频,小学成语培优全书·教辅常见,idiom-l2-0262:meaning_choice,idiom:火树银花,meaning_choice,idiom:火树银花,火树银花,meaning_choice,upper,"{""choices"": [""果实结得很多"", ""鸡叫狗叫形容喧闹"", ""描写景物的成语"", ""吃或听得非常有兴趣""]}"
idiom,L3,,描写景物的成语（四字）,煽风点火,成语;写景;小升初高频,小学成语培优全书·教辅常见,idiom-l2-0263,idiom:煽风点火,recite,idiom:煽风点火,煽风点火,recite,all,
idiom,L3,,下面的写法对不对？,对,成语;写景;小升初高频,小学成语培优全书·教辅常见,idiom-l2-0263:char_judge,idiom:煽风点火,char_judge,idiom:煽风点火,煽风点火,char_judge,lower,"{""display"": ""煽风点火""}"
idiom,L3,,「煽风点火」的意思是？,描写景物的成语,成语;写景;小升初高频,小学成语培优全书·教辅常见,idiom-l2-0263:meaning_choice,idiom:煽风点火,meaning_choice,idiom:煽风点火,煽风点火,meaning_choice,upper,"{""choices"": [""描写景物的成语"", ""脸上很有光彩、很有精神"", ""果实结得很多"", ""天空高远，云很淡""]}"
idiom,L3,,描写景物的成语（四字）,狂风暴雨,成语;写景;小升初高频,小学成语培优全书·教辅常见,idiom-l2-0264,idiom:狂风暴雨,recite,idiom:狂风暴雨,狂风暴雨,recite,all,
idiom,L3,,下面的写法对不对？,错,成语;写景;小升初高频,小学成语培优全书·教辅常见,idiom-l2-0264:char_judge,idiom:狂风暴雨,char_judge,idiom:狂风暴雨,狂风暴雨,char_judge,lower,"{""display"": ""甲风暴雨""}"
idiom,L3,,「狂风暴雨」的意思是？,描写景物的成语,成语;写景;小升初高频,小学成语培优全书·教辅常见,idiom-l2-0264:meaning_choice,idiom:狂风暴雨,meaning_choice,idiom:狂风暴雨,狂风暴雨,meaning_choice,upper,"{""choices"": [""从一片落叶知道秋天到了"", ""描写景物的成语"", ""吃或听得非常有兴趣"", ""国家太平，人民安乐""]}"
idiom,L3,,描写景物的成语（四字）,甘拜下风,成语;写景;小升初高频,小学成语培优全书·教辅常见,idiom-l2-0265,idiom:甘拜下风,recite,idiom:甘拜下风,甘拜下风,recite,all,
idiom,L3,,下面的写法对不对？,对,成语;写景;小升初高频,小学成语培优全书·教辅常见,idiom-l2-0265:char_judge,idiom:甘拜下风,char_judge,idiom:甘拜下风,甘拜下风,char_judge,lower,"{""display"": ""甘拜下风""}"
idiom,L3,,「甘拜下风」的意思是？,描写景物的成语,成语;写景;小升初高频,小学成语培优全书·教辅常见,idiom-l2-0265:meaning_choice,idiom:甘拜下风,meaning_choice,idiom:甘拜下风,甘拜下风,meaning_choice,upper,"{""choices"": [""描写景物的成语"", ""大声地笑"", ""很多花一起开"", ""刚哭完又笑了""]}"
idiom,L3,,描写景物的成语（四字）,登峰造极,成语;写景;小升初高频,小学成语培优全书·教辅常见,idiom-l2-0266,idiom:登峰造极,recite,idiom:登峰造极,登峰造极,recite,all,
idiom,L3,,下面的写法对不对？,错,成语;写景;小升初高频,小学成语培优全书·教辅常见,idiom-l2-0266:char_judge,idiom:登峰造极,char_judge,idiom:登峰造极,登峰造极,char_judge,lower,"{""display"": ""登甲造极""}"
idiom,L3,,「登峰造极」的意思是？,描写景物的成语,成语;写景;小升初高频,小学成语培优全书·教辅常见,idiom-l2-0266:meaning_choice,idiom:登峰造极,meaning_choice,idiom:登峰造极,登峰造极,meaning_choice,upper,"{""choices"": [""情绪非常激动"", ""描写景物的成语"", ""很多鸟一起叫"", ""一点儿也不马虎""]}"
idiom,L3,,描写景物的成语（四字）,皓月当空,成语;写景;小升初高频,小学成语培优全书·教辅常见,idiom-l2-0267,idiom:皓月当空,recite,idiom:皓月当空,皓月当空,recite,all,
idiom,L3,,下面的写法对不对？,错,成语;写景;小升初高频,小学成语培优全书·教辅常见,idiom-l2-0267:char_judge,idiom:皓月当空,char_judge,idiom:皓月当空,皓月当空,char_judge,lower,"{""display"": ""皓月甲空""}"
idiom,L3,,「皓月当空」的意思是？,描写景物的成语,成语;写景;小升初高频,小学成语培优全书·教辅常见,idiom-l2-0267:meaning_choice,idiom:皓月当空,meaning_choice,idiom:皓月当空,皓月当空,meaning_choice,upper,"{""choices"": [""描写景物的成语"", ""春天回来了，大地苏醒"", ""事故很多的时期"", ""失去信心，情绪低落""]}"
idiom,L3,,描写景物的成语（四字）,眼花缭乱,成语;写景;小升初高频,小学成语培优全书·教辅常见,idiom-l2-0268,idiom:眼花缭乱,recite,idiom:眼花缭乱,眼花缭乱,recite,all,
idiom,L3,,下面的写法对不对？,对,成语;写景;小升初高频,小学成语培优全书·教辅常见,idiom-l2-0268:char_judge,idiom:眼花缭乱,char_judge,idiom:眼花缭乱,眼花缭乱,char_judge,lower,"{""display"": ""眼花缭乱""}"
idiom,L3,,「眼花缭乱」的意思是？,描写景物的成语,成语;写景;小升初高频,小学成语培优全书·教辅常见,idiom-l2-0268:meaning_choice,idiom:眼花缭乱,meaning_choice,idiom:眼花缭乱,眼花缭乱,meaning_choice,upper,"{""choices"": [""描写景物的成语"", ""完全不一样"", ""眼睛手都很快"", ""疑神疑鬼，自己吓自己""]}"
idiom,L3,,描写景物的成语（四字）,碧波荡漾,成语;写景;小升初高频,小学成语培优全书·教辅常见,idiom-l2-0269,idiom:碧波荡漾,recite,idiom:碧波荡漾,碧波荡漾,recite,all,
idiom,L3,,下面的写法对不对？,错,成语;写景;小升初高频,小学成语培优全书·教辅常见,idiom-l2-0269:char_judge,idiom:碧波荡漾,char_judge,idiom:碧波荡漾,碧波荡漾,char_judge,lower,"{""display"": ""碧甲荡漾""}"
idiom,L3,,「碧波荡漾」的意思是？,描写景物的成语,成语;写景;小升初高频,小学成语培优全书·教辅常见,idiom-l2-0269:meaning_choice,idiom:碧波荡漾,meaning_choice,idiom:碧波荡漾,碧波荡漾,meaning_choice,upper,"{""choices"": [""字写得有气势"", ""描写景物的成语"", ""声音大得耳朵都要聋了"", ""小声地私下说话""]}"
idiom,L3,,描写景物的成语（四字）,移风易俗,成语;写景;小升初高频,小学成语培优全书·教辅常见,idiom-l2-0270,idiom:移风易俗,recite,idiom:移风易俗,移风易俗,recite,all,
idiom,L3,,下面的写法对不对？,对,成语;写景;小升初高频,小学成语培优全书·教辅常见,idiom-l2-0270:char_judge,idiom:移风易俗,char_judge,idiom:移风易俗,移风易俗,char_judge,lower,"{""display"": ""移风易俗""}"
idiom,L3,,「移风易俗」的意思是？,描写景物的成语,成语;写景;小升初高频,小学成语培优全书·教辅常见,idiom-l2-0270:meaning_choice,idiom:移风易俗,meaning_choice,idiom:移风易俗,移风易俗,meaning_choice,upper,"{""choices"": [""描写景物的成语"", ""仪表端正、很有气派"", ""跃跃欲试、准备动手"", ""出主意、想办法""]}"
idiom,L3,,描写景物的成语（四字）,稳如泰山,成语;写景;小升初高频,小学成语培优全书·教辅常见,idiom-l2-0271,idiom:稳如泰山,recite,idiom:稳如泰山,稳如泰山,recite,all,
idiom,L3,,下面的写法对不对？,对,成语;写景;小升初高频,小学成语培优全书·教辅常见,idiom-l2-0271:char_judge,idiom:稳如泰山,char_judge,idiom:稳如泰山,稳如泰山,char_judge,lower,"{""display"": ""稳如泰山""}"
idiom,L3,,「稳如泰山」的意思是？,描写景物的成语,成语;写景;小升初高频,小学成语培优全书·教辅常见,idiom-l2-0271:meaning_choice,idiom:稳如泰山,meaning_choice,idiom:稳如泰山,稳如泰山,meaning_choice,upper,"{""choices"": [""一直坚持，不放弃"", ""描写景物的成语"", ""个子小但精明强干"", ""急于求成反而把事情弄坏""]}"
idiom,L3,,描写景物的成语（四字）,繁星满天,成语;写景;小升初高频,小学成语培优全书·教辅常见,idiom-l2-0272,idiom:繁星满天,recite,idiom:繁星满天,繁星满天,recite,all,
idiom,L3,,下面的写法对不对？,错,成语;写景;小升初高频,小学成语培优全书·教辅常见,idiom-l2-0272:char_judge,idiom:繁星满天,char_judge,idiom:繁星满天,繁星满天,char_judge,lower,"{""display"": ""甲星满天""}"
idiom,L3,,「繁星满天」的意思是？,描写景物的成语,成语;写景;小升初高频,小学成语培优全书·教辅常见,idiom-l2-0272:meaning_choice,idiom:繁星满天,meaning_choice,idiom:繁星满天,繁星满天,meaning_choice,upper,"{""choices"": [""秋天天气清爽"", ""得到帮助后更强"", ""描写景物的成语"", ""眼睛手都很快""]}"
idiom,L3,,描写景物的成语（四字）,繁花似锦,成语;写景;小升初高频,小学成语培优全书·教辅常见,idiom-l2-0273,idiom:繁花似锦,recite,idiom:繁花似锦,繁花似锦,recite,all,
idiom,L3,,下面的写法对不对？,错,成语;写景;小升初高频,小学成语培优全书·教辅常见,idiom-l2-0273:char_judge,idiom:繁花似锦,char_judge,idiom:繁花似锦,繁花似锦,char_judge,lower,"{""display"": ""繁花似甲""}"
idiom,L3,,「繁花似锦」的意思是？,描写景物的成语,成语;写景;小升初高频,小学成语培优全书·教辅常见,idiom-l2-0273:meaning_choice,idiom:繁花似锦,meaning_choice,idiom:繁花似锦,繁花似锦,meaning_choice,upper,"{""choices"": [""靠近山、靠近水"", ""描写景物的成语"", ""微风轻轻吹"", ""在困难时给人帮助""]}"
idiom,L3,,描写景物的成语（四字）,细水长流,成语;写景;小升初高频,小学成语培优全书·教辅常见,idiom-l2-0274,idiom:细水长流,recite,idiom:细水长流,细水长流,recite,all,
idiom,L3,,下面的写法对不对？,对,成语;写景;小升初高频,小学成语培优全书·教辅常见,idiom-l2-0274:char_judge,idiom:细水长流,char_judge,idiom:细水长流,细水长流,char_judge,lower,"{""display"": ""细水长流""}"
idiom,L3,,「细水长流」的意思是？,描写景物的成语,成语;写景;小升初高频,小学成语培优全书·教辅常见,idiom-l2-0274:meaning_choice,idiom:细水长流,meaning_choice,idiom:细水长流,细水长流,meaning_choice,upper,"{""choices"": [""家庭毁了，人也没了"", ""描写景物的成语"", ""好上加好"", ""丢在路上的东西也没人捡走""]}"
idiom,L3,,描写景物的成语（四字）,背水一战,成语;写景;小升初高频,小学成语培优全书·教辅常见,idiom-l2-0275,idiom:背水一战,recite,idiom:背水一战,背水一战,recite,all,
idiom,L3,,下面的写法对不对？,错,成语;写景;小升初高频,小学成语培优全书·教辅常见,idiom-l2-0275:char_judge,idiom:背水一战,char_judge,idiom:背水一战,背水一战,char_judge,lower,"{""display"": ""背水一甲""}"
idiom,L3,,「背水一战」的意思是？,描写景物的成语,成语;写景;小升初高频,小学成语培优全书·教辅常见,idiom-l2-0275:meaning_choice,idiom:背水一战,meaning_choice,idiom:背水一战,背水一战,meaning_choice,upper,"{""choices"": [""描写景物的成语"", ""疑神疑鬼，自己吓自己"", ""失去信心，情绪低落"", ""微风轻轻吹""]}"
idiom,L3,,描写景物的成语（四字）,花团锦簇,成语;写景;小升初高频,小学成语培优全书·教辅常见,idiom-l2-0276,idiom:花团锦簇,recite,idiom:花团锦簇,花团锦簇,recite,all,
idiom,L3,,下面的写法对不对？,对,成语;写景;小升初高频,小学成语培优全书·教辅常见,idiom-l2-0276:char_judge,idiom:花团锦簇,char_judge,idiom:花团锦簇,花团锦簇,char_judge,lower,"{""display"": ""花团锦簇""}"
idiom,L3,,「花团锦簇」的意思是？,描写景物的成语,成语;写景;小升初高频,小学成语培优全书·教辅常见,idiom-l2-0276:meaning_choice,idiom:花团锦簇,meaning_choice,idiom:花团锦簇,花团锦簇,meaning_choice,upper,"{""choices"": [""出主意、想办法"", ""微风轻轻吹"", ""描写景物的成语"", ""出自寓言故事的成语""]}"
idiom,L3,,描写景物的成语（四字）,花好月圆,成语;写景;小升初高频,小学成语培优全书·教辅常见,idiom-l2-0277,idiom:花好月圆,recite,idiom:花好月圆,花好月圆,recite,all,
idiom,L3,,下面的写法对不对？,对,成语;写景;小升初高频,小学成语培优全书·教辅常见,idiom-l2-0277:char_judge,idiom:花好月圆,char_judge,idiom:花好月圆,花好月圆,char_judge,lower,"{""display"": ""花好月圆""}"
idiom,L3,,「花好月圆」的意思是？,描写景物的成语,成语;写景;小升初高频,小学成语培优全书·教辅常见,idiom-l2-0277:meaning_choice,idiom:花好月圆,meaning_choice,idiom:花好月圆,花好月圆,meaning_choice,upper,"{""choices"": [""描写景物的成语"", ""字写得有气势"", ""智谋很多"", ""自然界最美的声音""]}"
idiom,L3,,描写景物的成语（四字）,花言巧语,成语;写景;小升初高频,小学成语培优全书·教辅常见,idiom-l2-0278,idiom:花言巧语,recite,idiom:花言巧语,花言巧语,recite,all,
idiom,L3,,下面的写法对不对？,对,成语;写景;小升初高频,小学成语培优全书·教辅常见,idiom-l2-0278:char_judge,idiom:花言巧语,char_judge,idiom:花言巧语,花言巧语,char_judge,lower,"{""display"": ""花言巧语""}"
idiom,L3,,「花言巧语」的意思是？,描写景物的成语,成语;写景;小升初高频,小学成语培优全书·教辅常见,idiom-l2-0278:meaning_choice,idiom:花言巧语,meaning_choice,idiom:花言巧语,花言巧语,meaning_choice,upper,"{""choices"": [""气势像高山大河一样雄伟"", ""描写景物的成语"", ""像烟云一样消失了"", ""从一片落叶知道秋天到了""]}"
idiom,L3,,描写景物的成语（四字）,萍水相逢,成语;写景;小升初高频,小学成语培优全书·教辅常见,idiom-l2-0279,idiom:萍水相逢,recite,idiom:萍水相逢,萍水相逢,recite,all,
idiom,L3,,下面的写法对不对？,错,成语;写景;小升初高频,小学成语培优全书·教辅常见,idiom-l2-0279:char_judge,idiom:萍水相逢,char_judge,idiom:萍水相逢,萍水相逢,char_judge,lower,"{""display"": ""萍水相甲""}"
idiom,L3,,「萍水相逢」的意思是？,描写景物的成语,成语;写景;小升初高频,小学成语培优全书·教辅常见,idiom-l2-0279:meaning_choice,idiom:萍水相逢,meaning_choice,idiom:萍水相逢,萍水相逢,meaning_choice,upper,"{""choices"": [""书法笔势奔放"", ""描写景物的成语"", ""著名的高山和大河"", ""泉水发出叮咚声""]}"
idiom,L3,,描写景物的成语（四字）,落花流水,成语;写景;小升初高频,小学成语培优全书·教辅常见,idiom-l2-0280,idiom:落花流水,recite,idiom:落花流水,落花流水,recite,all,
idiom,L3,,下面的写法对不对？,对,成语;写景;小升初高频,小学成语培优全书·教辅常见,idiom-l2-0280:char_judge,idiom:落花流水,char_judge,idiom:落花流水,落花流水,char_judge,lower,"{""display"": ""落花流水""}"
idiom,L3,,「落花流水」的意思是？,描写景物的成语,成语;写景;小升初高频,小学成语培优全书·教辅常见,idiom-l2-0280:meaning_choice,idiom:落花流水,meaning_choice,idiom:落花流水,落花流水,meaning_choice,upper,"{""choices"": [""树林层层变色"", ""描写景物的成语"", ""为不必担心的事发愁"", ""全部显露出来，什么也藏不住""]}"
idiom,L3,,描写景物的成语（四字）,蜻蜓点水,成语;写景;小升初高频,小学成语培优全书·教辅常见,idiom-l2-0281,idiom:蜻蜓点水,recite,idiom:蜻蜓点水,蜻蜓点水,recite,all,
idiom,L3,,下面的写法对不对？,对,成语;写景;小升初高频,小学成语培优全书·教辅常见,idiom-l2-0281:char_judge,idiom:蜻蜓点水,char_judge,idiom:蜻蜓点水,蜻蜓点水,char_judge,lower,"{""display"": ""蜻蜓点水""}"
idiom,L3,,「蜻蜓点水」的意思是？,描写景物的成语,成语;写景;小升初高频,小学成语培优全书·教辅常见,idiom-l2-0281:meaning_choice,idiom:蜻蜓点水,meaning_choice,idiom:蜻蜓点水,蜻蜓点水,meaning_choice,upper,"{""choices"": [""含有数字的成语"", ""含有数字的成语"", ""含有数字的成语"", ""描写景物的成语""]}"
idiom,L3,,描写景物的成语（四字）,谈笑风生,成语;写景;小升初高频,小学成语培优全书·教辅常见,idiom-l2-0282,idiom:谈笑风生,recite,idiom:谈笑风生,谈笑风生,recite,all,
idiom,L3,,下面的写法对不对？,错,成语;写景;小升初高频,小学成语培优全书·教辅常见,idiom-l2-0282:char_judge,idiom:谈笑风生,char_judge,idiom:谈笑风生,谈笑风生,char_judge,lower,"{""display"": ""谈甲风生""}"
idiom,L3,,「谈笑风生」的意思是？,描写景物的成语,成语;写景;小升初高频,小学成语培优全书·教辅常见,idiom-l2-0282:meaning_choice,idiom:谈笑风生,meaning_choice,idiom:谈笑风生,谈笑风生,meaning_choice,upper,"{""choices"": [""描写景物的成语"", ""没有精神"", ""像老虎一样盯着，想扑上去"", ""比谁更美丽出众""]}"
idiom,L3,,描写景物的成语（四字）,走马观花,成语;写景;小升初高频,小学成语培优全书·教辅常见,idiom-l2-0283,idiom:走马观花,recite,idiom:走马观花,走马观花,recite,all,
idiom,L3,,下面的写法对不对？,对,成语;写景;小升初高频,小学成语培优全书·教辅常见,idiom-l2-0283:char_judge,idiom:走马观花,char_judge,idiom:走马观花,走马观花,char_judge,lower,"{""display"": ""走马观花""}"
idiom,L3,,「走马观花」的意思是？,描写景物的成语,成语;写景;小升初高频,小学成语培优全书·教辅常见,idiom-l2-0283:meaning_choice,idiom:走马观花,meaning_choice,idiom:走马观花,走马观花,meaning_choice,upper,"{""choices"": [""关键处一点就使整体生动"", ""颜色很多"", ""全部显露出来，什么也藏不住"", ""描写景物的成语""]}"
idiom,L3,,描写景物的成语（四字）,跋山涉水,成语;写景;小升初高频,小学成语培优全书·教辅常见,idiom-l2-0284,idiom:跋山涉水,recite,idiom:跋山涉水,跋山涉水,recite,all,
idiom,L3,,下面的写法对不对？,错,成语;写景;小升初高频,小学成语培优全书·教辅常见,idiom-l2-0284:char_judge,idiom:跋山涉水,char_judge,idiom:跋山涉水,跋山涉水,char_judge,lower,"{""display"": ""跋山涉甲""}"
idiom,L3,,「跋山涉水」的意思是？,描写景物的成语,成语;写景;小升初高频,小学成语培优全书·教辅常见,idiom-l2-0284:meaning_choice,idiom:跋山涉水,meaning_choice,idiom:跋山涉水,跋山涉水,meaning_choice,upper,"{""choices"": [""不清楚、弄不明白"", ""柳树绿、花儿红"", ""描写景物的成语"", ""说话直截了当，一下子说到要害""]}"
idiom,L3,,描写景物的成语（四字）,蹉跎岁月,成语;写景;小升初高频,小学成语培优全书·教辅常见,idiom-l2-0285,idiom:蹉跎岁月,recite,idiom:蹉跎岁月,蹉跎岁月,recite,all,
idiom,L3,,下面的写法对不对？,对,成语;写景;小升初高频,小学成语培优全书·教辅常见,idiom-l2-0285:char_judge,idiom:蹉跎岁月,char_judge,idiom:蹉跎岁月,蹉跎岁月,char_judge,lower,"{""display"": ""蹉跎岁月""}"
idiom,L3,,「蹉跎岁月」的意思是？,描写景物的成语,成语;写景;小升初高频,小学成语培优全书·教辅常见,idiom-l2-0285:meaning_choice,idiom:蹉跎岁月,meaning_choice,idiom:蹉跎岁月,蹉跎岁月,meaning_choice,upper,"{""choices"": [""非常安静"", ""国家太平，人民安乐"", ""在困难时给人帮助"", ""描写景物的成语""]}"
idiom,L3,,描写景物的成语（四字）,近水楼台,成语;写景;小升初高频,小学成语培优全书·教辅常见,idiom-l2-0286,idiom:近水楼台,recite,idiom:近水楼台,近水楼台,recite,all,
idiom,L3,,下面的写法对不对？,对,成语;写景;小升初高频,小学成语培优全书·教辅常见,idiom-l2-0286:char_judge,idiom:近水楼台,char_judge,idiom:近水楼台,近水楼台,char_judge,lower,"{""display"": ""近水楼台""}"
idiom,L3,,「近水楼台」的意思是？,描写景物的成语,成语;写景;小升初高频,小学成语培优全书·教辅常见,idiom-l2-0286:meaning_choice,idiom:近水楼台,meaning_choice,idiom:近水楼台,近水楼台,meaning_choice,upper,"{""choices"": [""描写景物的成语"", ""实在没有别的办法"", ""情绪非常激动"", ""AABC 结构的成语""]}"
idiom,L3,,描写景物的成语（四字）,逼上梁山,成语;写景;小升初高频,小学成语培优全书·教辅常见,idiom-l2-0287,idiom:逼上梁山,recite,idiom:逼上梁山,逼上梁山,recite,all,
idiom,L3,,下面的写法对不对？,对,成语;写景;小升初高频,小学成语培优全书·教辅常见,idiom-l2-0287:char_judge,idiom:逼上梁山,char_judge,idiom:逼上梁山,逼上梁山,char_judge,lower,"{""display"": ""逼上梁山""}"
idiom,L3,,「逼上梁山」的意思是？,描写景物的成语,成语;写景;小升初高频,小学成语培优全书·教辅常见,idiom-l2-0287:meaning_choice,idiom:逼上梁山,meaning_choice,idiom:逼上梁山,逼上梁山,meaning_choice,upper,"{""choices"": [""侥幸逃脱的人"", ""描写景物的成语"", ""一下子明白过来"", ""到处是流离失所的灾民""]}"
idiom,L3,,描写景物的成语（四字）,遍地开花,成语;写景;小升初高频,小学成语培优全书·教辅常见,idiom-l2-0288,idiom:遍地开花,recite,idiom:遍地开花,遍地开花,recite,all,
idiom,L3,,下面的写法对不对？,对,成语;写景;小升初高频,小学成语培优全书·教辅常见,idiom-l2-0288:char_judge,idiom:遍地开花,char_judge,idiom:遍地开花,遍地开花,char_judge,lower,"{""display"": ""遍地开花""}"
idiom,L3,,「遍地开花」的意思是？,描写景物的成语,成语;写景;小升初高频,小学成语培优全书·教辅常见,idiom-l2-0288:meaning_choice,idiom:遍地开花,meaning_choice,idiom:遍地开花,遍地开花,meaning_choice,upper,"{""choices"": [""没有精神"", ""有些信、有些不信"", ""描写景物的成语"", ""秋风轻轻吹""]}"
idiom,L3,,描写景物的成语（四字）,重于泰山,成语;写景;小升初高频,小学成语培优全书·教辅常见,idiom-l2-0289,idiom:重于泰山,recite,idiom:重于泰山,重于泰山,recite,all,
idiom,L3,,下面的写法对不对？,对,成语;写景;小升初高频,小学成语培优全书·教辅常见,idiom-l2-0289:char_judge,idiom:重于泰山,char_judge,idiom:重于泰山,重于泰山,char_judge,lower,"{""display"": ""重于泰山""}"
idiom,L3,,「重于泰山」的意思是？,描写景物的成语,成语;写景;小升初高频,小学成语培优全书·教辅常见,idiom-l2-0289:meaning_choice,idiom:重于泰山,meaning_choice,idiom:重于泰山,重于泰山,meaning_choice,upper,"{""choices"": [""描写景物的成语"", ""大声地笑"", ""无家可归，四处流浪"", ""天空一片晴朗""]}"
idiom,L3,,描写景物的成语（四字）,金风送爽,成语;写景;小升初高频,小学成语培优全书·教辅常见,idiom-l2-0290,idiom:金风送爽,recite,idiom:金风送爽,金风送爽,recite,all,
idiom,L3,,下面的写法对不对？,对,成语;写景;小升初高频,小学成语培优全书·教辅常见,idiom-l2-0290:char_judge,idiom:金风送爽,char_judge,idiom:金风送爽,金风送爽,char_judge,lower,"{""display"": ""金风送爽""}"
idiom,L3,,「金风送爽」的意思是？,描写景物的成语,成语;写景;小升初高频,小学成语培优全书·教辅常见,idiom-l2-0290:meaning_choice,idiom:金风送爽,meaning_choice,idiom:金风送爽,金风送爽,meaning_choice,upper,"{""choices"": [""夜里不用关门，社会安定"", ""吓得不知道该怎么办"", ""很多人或动物聚在一起"", ""描写景物的成语""]}"
idiom,L3,,描写景物的成语（四字）,长年累月,成语;写景;小升初高频,小学成语培优全书·教辅常见,idiom-l2-0292,idiom:长年累月,recite,idiom:长年累月,长年累月,recite,all,
idiom,L3,,下面的写法对不对？,对,成语;写景;小升初高频,小学成语培优全书·教辅常见,idiom-l2-0292:char_judge,idiom:长年累月,char_judge,idiom:长年累月,长年累月,char_judge,lower,"{""display"": ""长年累月""}"
idiom,L3,,「长年累月」的意思是？,描写景物的成语,成语;写景;小升初高频,小学成语培优全书·教辅常见,idiom-l2-0292:meaning_choice,idiom:长年累月,meaning_choice,idiom:长年累月,长年累月,meaning_choice,upper,"{""choices"": [""主动认错、请求责罚"", ""什么植物都长不出来"", ""描写景物的成语"", ""气势使人敬畏""]}"
idiom,L3,,描写景物的成语（四字）,闭月羞花,成语;写景;小升初高频,小学成语培优全书·教辅常见,idiom-l2-0293,idiom:闭月羞花,recite,idiom:闭月羞花,闭月羞花,recite,all,
idiom,L3,,下面的写法对不对？,错,成语;写景;小升初高频,小学成语培优全书·教辅常见,idiom-l2-0293:char_judge,idiom:闭月羞花,char_judge,idiom:闭月羞花,闭月羞花,char_judge,lower,"{""display"": ""闭月甲花""}"
idiom,L3,,「闭月羞花」的意思是？,描写景物的成语,成语;写景;小升初高频,小学成语培优全书·教辅常见,idiom-l2-0293:meaning_choice,idiom:闭月羞花,meaning_choice,idiom:闭月羞花,闭月羞花,meaning_choice,upper,"{""choices"": [""战争造成的混乱"", ""笑得直不起腰"", ""描写景物的成语"", ""春天回来了，大地苏醒""]}"
idiom,L3,,描写景物的成语（四字）,闻风而动,成语;写景;小升初高频,小学成语培优全书·教辅常见,idiom-l2-0294,idiom:闻风而动,recite,idiom:闻风而动,闻风而动,recite,all,
idiom,L3,,下面的写法对不对？,对,成语;写景;小升初高频,小学成语培优全书·教辅常见,idiom-l2-0294:char_judge,idiom:闻风而动,char_judge,idiom:闻风而动,闻风而动,char_judge,lower,"{""display"": ""闻风而动""}"
idiom,L3,,「闻风而动」的意思是？,描写景物的成语,成语;写景;小升初高频,小学成语培优全书·教辅常见,idiom-l2-0294:meaning_choice,idiom:闻风而动,meaning_choice,idiom:闻风而动,闻风而动,meaning_choice,upper,"{""choices"": [""描写景物的成语"", ""轻快地唱、柔美地舞"", ""到处都可以当作家"", ""举止文雅""]}"
idiom,L3,,描写景物的成语（四字）,附庸风雅,成语;写景;小升初高频,小学成语培优全书·教辅常见,idiom-l2-0295,idiom:附庸风雅,recite,idiom:附庸风雅,附庸风雅,recite,all,
idiom,L3,,下面的写法对不对？,对,成语;写景;小升初高频,小学成语培优全书·教辅常见,idiom-l2-0295:char_judge,idiom:附庸风雅,char_judge,idiom:附庸风雅,附庸风雅,char_judge,lower,"{""display"": ""附庸风雅""}"
idiom,L3,,「附庸风雅」的意思是？,描写景物的成语,成语;写景;小升初高频,小学成语培优全书·教辅常见,idiom-l2-0295:meaning_choice,idiom:附庸风雅,meaning_choice,idiom:附庸风雅,附庸风雅,meaning_choice,upper,"{""choices"": [""山塌地裂，声势极大"", ""比谁更美丽出众"", ""桂花香气飘散"", ""描写景物的成语""]}"
idiom,L3,,描写景物的成语（四字）,随波逐流,成语;写景;小升初高频,小学成语培优全书·教辅常见,idiom-l2-0296,idiom:随波逐流,recite,idiom:随波逐流,随波逐流,recite,all,
idiom,L3,,下面的写法对不对？,对,成语;写景;小升初高频,小学成语培优全书·教辅常见,idiom-l2-0296:char_judge,idiom:随波逐流,char_judge,idiom:随波逐流,随波逐流,char_judge,lower,"{""display"": ""随波逐流""}"
idiom,L3,,「随波逐流」的意思是？,描写景物的成语,成语;写景;小升初高频,小学成语培优全书·教辅常见,idiom-l2-0296:meaning_choice,idiom:随波逐流,meaning_choice,idiom:随波逐流,随波逐流,meaning_choice,upper,"{""choices"": [""描写景物的成语"", ""声音大得耳朵都要聋了"", ""描写秋天的成语"", ""描写秋天的成语""]}"
idiom,L3,,描写景物的成语（四字）,雷厉风行,成语;写景;小升初高频,小学成语培优全书·教辅常见,idiom-l2-0297,idiom:雷厉风行,recite,idiom:雷厉风行,雷厉风行,recite,all,
idiom,L3,,下面的写法对不对？,对,成语;写景;小升初高频,小学成语培优全书·教辅常见,idiom-l2-0297:char_judge,idiom:雷厉风行,char_judge,idiom:雷厉风行,雷厉风行,char_judge,lower,"{""display"": ""雷厉风行""}"
idiom,L3,,「雷厉风行」的意思是？,描写景物的成语,成语;写景;小升初高频,小学成语培优全书·教辅常见,idiom-l2-0297:meaning_choice,idiom:雷厉风行,meaning_choice,idiom:雷厉风行,雷厉风行,meaning_choice,upper,"{""choices"": [""描写景物的成语"", ""不想努力，只等现成的"", ""心里早有了主意"", ""大得看不到边""]}"
idiom,L3,,描写景物的成语（四字）,青山绿水,成语;写景;小升初高频,小学成语培优全书·教辅常见,idiom-l2-0298,idiom:青山绿水,recite,idiom:青山绿水,青山绿水,recite,all,
idiom,L3,,下面的写法对不对？,对,成语;写景;小升初高频,小学成语培优全书·教辅常见,idiom-l2-0298:char_judge,idiom:青山绿水,char_judge,idiom:青山绿水,青山绿水,char_judge,lower,"{""display"": ""青山绿水""}"
idiom,L3,,「青山绿水」的意思是？,描写景物的成语,成语;写景;小升初高频,小学成语培优全书·教辅常见,idiom-l2-0298:meaning_choice,idiom:青山绿水,meaning_choice,idiom:青山绿水,青山绿水,meaning_choice,upper,"{""choices"": [""举止文雅"", ""气势像高山大河一样雄伟"", ""描写景物的成语"", ""轻快地唱、柔美地舞""]}"
idiom,L3,,描写景物的成语（四字）,顺水推舟,成语;写景;小升初高频,小学成语培优全书·教辅常见,idiom-l2-0299,idiom:顺水推舟,recite,idiom:顺水推舟,顺水推舟,recite,all,
idiom,L3,,下面的写法对不对？,错,成语;写景;小升初高频,小学成语培优全书·教辅常见,idiom-l2-0299:char_judge,idiom:顺水推舟,char_judge,idiom:顺水推舟,顺水推舟,char_judge,lower,"{""display"": ""甲水推舟""}"
idiom,L3,,「顺水推舟」的意思是？,描写景物的成语,成语;写景;小升初高频,小学成语培优全书·教辅常见,idiom-l2-0299:meaning_choice,idiom:顺水推舟,meaning_choice,idiom:顺水推舟,顺水推舟,meaning_choice,upper,"{""choices"": [""描写景物的成语"", ""气势像高山大河一样雄伟"", ""模仿别人反而把自己的本事忘了"", ""树林层层翠绿""]}"
idiom,L3,,描写景物的成语（四字）,风云变幻,成语;写景;小升初高频,小学成语培优全书·教辅常见,idiom-l2-0300,idiom:风云变幻,recite,idiom:风云变幻,风云变幻,recite,all,
idiom,L3,,下面的写法对不对？,对,成语;写景;小升初高频,小学成语培优全书·教辅常见,idiom-l2-0300:char_judge,idiom:风云变幻,char_judge,idiom:风云变幻,风云变幻,char_judge,lower,"{""display"": ""风云变幻""}"
idiom,L3,,「风云变幻」的意思是？,描写景物的成语,成语;写景;小升初高频,小学成语培优全书·教辅常见,idiom-l2-0300:meaning_choice,idiom:风云变幻,meaning_choice,idiom:风云变幻,风云变幻,meaning_choice,upper,"{""choices"": [""没有风浪，也指局势安定"", ""描写景物的成语"", ""到处都可以当作家"", ""找出事物的根由""]}"
idiom,L3,,描写景物的成语（四字）,风吹草动,成语;写景;小升初高频,小学成语培优全书·教辅常见,idiom-l2-0301,idiom:风吹草动,recite,idiom:风吹草动,风吹草动,recite,all,
idiom,L3,,下面的写法对不对？,错,成语;写景;小升初高频,小学成语培优全书·教辅常见,idiom-l2-0301:char_judge,idiom:风吹草动,char_judge,idiom:风吹草动,风吹草动,char_judge,lower,"{""display"": ""风甲草动""}"
idiom,L3,,「风吹草动」的意思是？,描写景物的成语,成语;写景;小升初高频,小学成语培优全书·教辅常见,idiom-l2-0301:meaning_choice,idiom:风吹草动,meaning_choice,idiom:风吹草动,风吹草动,meaning_choice,upper,"{""choices"": [""文章或动作很流畅"", ""描写景物的成语"", ""人民没法生活下去"", ""吃东西又猛又急""]}"
idiom,L3,,描写景物的成语（四字）,风和日丽,成语;写景;小升初高频,小学成语培优全书·教辅常见,idiom-l2-0302,idiom:风和日丽,recite,idiom:风和日丽,风和日丽,recite,all,
idiom,L3,,下面的写法对不对？,错,成语;写景;小升初高频,小学成语培优全书·教辅常见,idiom-l2-0302:char_judge,idiom:风和日丽,char_judge,idiom:风和日丽,风和日丽,char_judge,lower,"{""display"": ""风甲日丽""}"
idiom,L3,,「风和日丽」的意思是？,描写景物的成语,成语;写景;小升初高频,小学成语培优全书·教辅常见,idiom-l2-0302:meaning_choice,idiom:风和日丽,meaning_choice,idiom:风和日丽,风和日丽,meaning_choice,upper,"{""choices"": [""柳树绿、花儿红"", ""果实结得很多"", ""生活安定，工作愉快"", ""描写景物的成语""]}"
idiom,L3,,描写景物的成语（四字）,风声鹤唳,成语;写景;小升初高频,小学成语培优全书·教辅常见,idiom-l2-0303,idiom:风声鹤唳,recite,idiom:风声鹤唳,风声鹤唳,recite,all,
idiom,L3,,下面的写法对不对？,对,成语;写景;小升初高频,小学成语培优全书·教辅常见,idiom-l2-0303:char_judge,idiom:风声鹤唳,char_judge,idiom:风声鹤唳,风声鹤唳,char_judge,lower,"{""display"": ""风声鹤唳""}"
idiom,L3,,「风声鹤唳」的意思是？,描写景物的成语,成语;写景;小升初高频,小学成语培优全书·教辅常见,idiom-l2-0303:meaning_choice,idiom:风声鹤唳,meaning_choice,idiom:风声鹤唳,风声鹤唳,meaning_choice,upper,"{""choices"": [""色彩繁多"", ""按道理就该这样"", ""风很轻、雨很细"", ""描写景物的成语""]}"
idiom,L3,,描写景物的成语（四字）,风景如画,成语;写景;小升初高频,小学成语培优全书·教辅常见,idiom-l2-0305,idiom:风景如画,recite,idiom:风景如画,风景如画,recite,all,
idiom,L3,,下面的写法对不对？,对,成语;写景;小升初高频,小学成语培优全书·教辅常见,idiom-l2-0305:char_judge,idiom:风景如画,char_judge,idiom:风景如画,风景如画,char_judge,lower,"{""display"": ""风景如画""}"
idiom,L3,,「风景如画」的意思是？,描写景物的成语,成语;写景;小升初高频,小学成语培优全书·教辅常见,idiom-l2-0305:meaning_choice,idiom:风景如画,meaning_choice,idiom:风景如画,风景如画,meaning_choice,upper,"{""choices"": [""仪表端正、很有气派"", ""做多余的事反而坏事"", ""描写景物的成语"", ""天地非常广阔""]}"
idiom,L3,,描写景物的成语（四字）,风流人物,成语;写景;小升初高频,小学成语培优全书·教辅常见,idiom-l2-0306,idiom:风流人物,recite,idiom:风流人物,风流人物,recite,all,
idiom,L3,,下面的写法对不对？,对,成语;写景;小升初高频,小学成语培优全书·教辅常见,idiom-l2-0306:char_judge,idiom:风流人物,char_judge,idiom:风流人物,风流人物,char_judge,lower,"{""display"": ""风流人物""}"
idiom,L3,,「风流人物」的意思是？,描写景物的成语,成语;写景;小升初高频,小学成语培优全书·教辅常见,idiom-l2-0306:meaning_choice,idiom:风流人物,meaning_choice,idiom:风流人物,风流人物,meaning_choice,upper,"{""choices"": [""描写景物的成语"", ""头摇来摇去，得意或入神"", ""舍不得离开"", ""急得不能再等""]}"
idiom,L3,,描写景物的成语（四字）,风调雨顺,成语;写景;小升初高频,小学成语培优全书·教辅常见,idiom-l2-0307,idiom:风调雨顺,recite,idiom:风调雨顺,风调雨顺,recite,all,
idiom,L3,,下面的写法对不对？,对,成语;写景;小升初高频,小学成语培优全书·教辅常见,idiom-l2-0307:char_judge,idiom:风调雨顺,char_judge,idiom:风调雨顺,风调雨顺,char_judge,lower,"{""display"": ""风调雨顺""}"
idiom,L3,,「风调雨顺」的意思是？,描写景物的成语,成语;写景;小升初高频,小学成语培优全书·教辅常见,idiom-l2-0307:meaning_choice,idiom:风调雨顺,meaning_choice,idiom:风调雨顺,风调雨顺,meaning_choice,upper,"{""choices"": [""颜色很多"", ""国家太平，人民安乐"", ""人工比自然还精巧"", ""描写景物的成语""]}"
idiom,L3,,描写景物的成语（四字）,风起云涌,成语;写景;小升初高频,小学成语培优全书·教辅常见,idiom-l2-0308,idiom:风起云涌,recite,idiom:风起云涌,风起云涌,recite,all,
idiom,L3,,下面的写法对不对？,错,成语;写景;小升初高频,小学成语培优全书·教辅常见,idiom-l2-0308:char_judge,idiom:风起云涌,char_judge,idiom:风起云涌,风起云涌,char_judge,lower,"{""display"": ""甲起云涌""}"
idiom,L3,,「风起云涌」的意思是？,描写景物的成语,成语;写景;小升初高频,小学成语培优全书·教辅常见,idiom-l2-0308:meaning_choice,idiom:风起云涌,meaning_choice,idiom:风起云涌,风起云涌,meaning_choice,upper,"{""choices"": [""按道理就该这样"", ""描写景物的成语"", ""什么植物都长不出来"", ""天空高远，云很淡""]}"
idiom,L3,,描写景物的成语（四字）,风雨同舟,成语;写景;小升初高频,小学成语培优全书·教辅常见,idiom-l2-0309,idiom:风雨同舟,recite,idiom:风雨同舟,风雨同舟,recite,all,
idiom,L3,,下面的写法对不对？,错,成语;写景;小升初高频,小学成语培优全书·教辅常见,idiom-l2-0309:char_judge,idiom:风雨同舟,char_judge,idiom:风雨同舟,风雨同舟,char_judge,lower,"{""display"": ""风甲同舟""}"
idiom,L3,,「风雨同舟」的意思是？,描写景物的成语,成语;写景;小升初高频,小学成语培优全书·教辅常见,idiom-l2-0309:meaning_choice,idiom:风雨同舟,meaning_choice,idiom:风雨同舟,风雨同舟,meaning_choice,upper,"{""choices"": [""很多人或动物聚在一起"", ""描写景物的成语"", ""大得看不到边"", ""借别人的威势吓唬人""]}"
idiom,L3,,描写景物的成语（四字）,风餐露宿,成语;写景;小升初高频,小学成语培优全书·教辅常见,idiom-l2-0310,idiom:风餐露宿,recite,idiom:风餐露宿,风餐露宿,recite,all,
idiom,L3,,下面的写法对不对？,错,成语;写景;小升初高频,小学成语培优全书·教辅常见,idiom-l2-0310:char_judge,idiom:风餐露宿,char_judge,idiom:风餐露宿,风餐露宿,char_judge,lower,"{""display"": ""风餐露甲""}"
idiom,L3,,「风餐露宿」的意思是？,描写景物的成语,成语;写景;小升初高频,小学成语培优全书·教辅常见,idiom-l2-0310:meaning_choice,idiom:风餐露宿,meaning_choice,idiom:风餐露宿,风餐露宿,meaning_choice,upper,"{""choices"": [""全部显露出来，什么也藏不住"", ""描写景物的成语"", ""一眼望不到边"", ""齐心合力""]}"
idiom,L3,,描写景物的成语（四字）,风驰电掣,成语;写景;小升初高频,小学成语培优全书·教辅常见,idiom-l2-0311,idiom:风驰电掣,recite,idiom:风驰电掣,风驰电掣,recite,all,
idiom,L3,,下面的写法对不对？,错,成语;写景;小升初高频,小学成语培优全书·教辅常见,idiom-l2-0311:char_judge,idiom:风驰电掣,char_judge,idiom:风驰电掣,风驰电掣,char_judge,lower,"{""display"": ""风驰电甲""}"
idiom,L3,,「风驰电掣」的意思是？,描写景物的成语,成语;写景;小升初高频,小学成语培优全书·教辅常见,idiom-l2-0311:meaning_choice,idiom:风驰电掣,meaning_choice,idiom:风驰电掣,风驰电掣,meaning_choice,upper,"{""choices"": [""描写心情的成语"", ""描写景物的成语"", ""人长寿，收成好"", ""很得意、很有精神的样子""]}"
idiom,L3,,描写景物的成语（四字）,饶有风趣,成语;写景;小升初高频,小学成语培优全书·教辅常见,idiom-l2-0312,idiom:饶有风趣,recite,idiom:饶有风趣,饶有风趣,recite,all,
idiom,L3,,下面的写法对不对？,错,成语;写景;小升初高频,小学成语培优全书·教辅常见,idiom-l2-0312:char_judge,idiom:饶有风趣,char_judge,idiom:饶有风趣,饶有风趣,char_judge,lower,"{""display"": ""甲有风趣""}"
idiom,L3,,「饶有风趣」的意思是？,描写景物的成语,成语;写景;小升初高频,小学成语培优全书·教辅常见,idiom-l2-0312:meaning_choice,idiom:饶有风趣,meaning_choice,idiom:饶有风趣,饶有风趣,meaning_choice,upper,"{""choices"": [""描写景物的成语"", ""没有尽头"", ""没有办法可想"", ""出主意、想办法""]}"
idiom,L2,,描写场面的成语（四字）,万家灯火,成语;场面;课内拓展,小学成语培优全书·教辅常见,idiom-l2-0314,idiom:万家灯火,recite,idiom:万家灯火,万家灯火,recite,all,
idiom,L2,,下面的写法对不对？,对,成语;场面;课内拓展,小学成语培优全书·教辅常见,idiom-l2-0314:char_judge,idiom:万家灯火,char_judge,idiom:万家灯火,万家灯火,char_judge,lower,"{""display"": ""万家灯火""}"
idiom,L2,,「万家灯火」的意思是？,描写场面的成语,成语;场面;课内拓展,小学成语培优全书·教辅常见,idiom-l2-0314:meaning_choice,idiom:万家灯火,meaning_choice,idiom:万家灯火,万家灯火,meaning_choice,upper,"{""choices"": [""脸上很有光彩、很有精神"", ""描写场面的成语"", ""想出和别人不一样的办法"", ""天空蓝得像洗过一样""]}"
idiom,L2,,描写场面的成语（四字）,座无虚席,成语;场面;课内拓展,小学成语培优全书·教辅常见,idiom-l2-0316,idiom:座无虚席,recite,idiom:座无虚席,座无虚席,recite,all,
idiom,L2,,下面的写法对不对？,对,成语;场面;课内拓展,小学成语培优全书·教辅常见,idiom-l2-0316:char_judge,idiom:座无虚席,char_judge,idiom:座无虚席,座无虚席,char_judge,lower,"{""display"": ""座无虚席""}"
idiom,L2,,「座无虚席」的意思是？,描写场面的成语,成语;场面;课内拓展,小学成语培优全书·教辅常见,idiom-l2-0316:meaning_choice,idiom:座无虚席,meaning_choice,idiom:座无虚席,座无虚席,meaning_choice,upper,"{""choices"": [""跃跃欲试、准备动手"", ""描写场面的成语"", ""泉水发出叮咚声"", ""丢在路上的东西也没人捡走""]}"
idiom,L2,,描写场面的成语（四字）,摩肩接踵,成语;场面;课内拓展,小学成语培优全书·教辅常见,idiom-l2-0317,idiom:摩肩接踵,recite,idiom:摩肩接踵,摩肩接踵,recite,all,
idiom,L2,,下面的写法对不对？,对,成语;场面;课内拓展,小学成语培优全书·教辅常见,idiom-l2-0317:char_judge,idiom:摩肩接踵,char_judge,idiom:摩肩接踵,摩肩接踵,char_judge,lower,"{""display"": ""摩肩接踵""}"
idiom,L2,,「摩肩接踵」的意思是？,描写场面的成语,成语;场面;课内拓展,小学成语培优全书·教辅常见,idiom-l2-0317:meaning_choice,idiom:摩肩接踵,meaning_choice,idiom:摩肩接踵,摩肩接踵,meaning_choice,upper,"{""choices"": [""描写场面的成语"", ""描写神态的成语"", ""模仿别人反而把自己的本事忘了"", ""想出和别人不一样的办法""]}"
idiom,L2,,描写场面的成语（四字）,灯火辉煌,成语;场面;课内拓展,小学成语培优全书·教辅常见,idiom-l2-0318,idiom:灯火辉煌,recite,idiom:灯火辉煌,灯火辉煌,recite,all,
idiom,L2,,下面的写法对不对？,对,成语;场面;课内拓展,小学成语培优全书·教辅常见,idiom-l2-0318:char_judge,idiom:灯火辉煌,char_judge,idiom:灯火辉煌,灯火辉煌,char_judge,lower,"{""display"": ""灯火辉煌""}"
idiom,L2,,「灯火辉煌」的意思是？,描写场面的成语,成语;场面;课内拓展,小学成语培优全书·教辅常见,idiom-l2-0318:meaning_choice,idiom:灯火辉煌,meaning_choice,idiom:灯火辉煌,灯火辉煌,meaning_choice,upper,"{""choices"": [""事故很多的时期"", ""描写场面的成语"", ""没有办法可想"", ""到哪儿都能安下心来""]}"
idiom,L2,,描写场面的成语（四字）,灯火通明,成语;场面;课内拓展,小学成语培优全书·教辅常见,idiom-l2-0319,idiom:灯火通明,recite,idiom:灯火通明,灯火通明,recite,all,
idiom,L2,,下面的写法对不对？,错,成语;场面;课内拓展,小学成语培优全书·教辅常见,idiom-l2-0319:char_judge,idiom:灯火通明,char_judge,idiom:灯火通明,灯火通明,char_judge,lower,"{""display"": ""甲火通明""}"
idiom,L2,,「灯火通明」的意思是？,描写场面的成语,成语;场面;课内拓展,小学成语培优全书·教辅常见,idiom-l2-0319:meaning_choice,idiom:灯火通明,meaning_choice,idiom:灯火通明,灯火通明,meaning_choice,upper,"{""choices"": [""事情还没发生就知道"", ""年老体衰、行动不灵便"", ""描写场面的成语"", ""国家太平，人民安乐""]}"
idiom,L2,,描写场面的成语（四字）,灯火阑珊,成语;场面;课内拓展,小学成语培优全书·教辅常见,idiom-l2-0320,idiom:灯火阑珊,recite,idiom:灯火阑珊,灯火阑珊,recite,all,
idiom,L2,,下面的写法对不对？,错,成语;场面;课内拓展,小学成语培优全书·教辅常见,idiom-l2-0320:char_judge,idiom:灯火阑珊,char_judge,idiom:灯火阑珊,灯火阑珊,char_judge,lower,"{""display"": ""灯火阑甲""}"
idiom,L2,,「灯火阑珊」的意思是？,描写场面的成语,成语;场面;课内拓展,小学成语培优全书·教辅常见,idiom-l2-0320:meaning_choice,idiom:灯火阑珊,meaning_choice,idiom:灯火阑珊,灯火阑珊,meaning_choice,upper,"{""choices"": [""费尽心思"", ""吃或听得非常有兴趣"", ""描写场面的成语"", ""死得有意义、有价值""]}"
idiom,L2,,描写场面的成语（四字）,热闹异常,成语;场面;课内拓展,小学成语培优全书·教辅常见,idiom-l2-0321,idiom:热闹异常,recite,idiom:热闹异常,热闹异常,recite,all,
idiom,L2,,下面的写法对不对？,错,成语;场面;课内拓展,小学成语培优全书·教辅常见,idiom-l2-0321:char_judge,idiom:热闹异常,char_judge,idiom:热闹异常,热闹异常,char_judge,lower,"{""display"": ""热闹异甲""}"
idiom,L2,,「热闹异常」的意思是？,描写场面的成语,成语;场面;课内拓展,小学成语培优全书·教辅常见,idiom-l2-0321:meaning_choice,idiom:热闹异常,meaning_choice,idiom:热闹异常,热闹异常,meaning_choice,upper,"{""choices"": [""描写场面的成语"", ""头发散乱"", ""不慌不忙"", ""不由得产生敬意""]}"
idiom,L2,,描写场面的成语（四字）,热闹非凡,成语;场面;课内拓展,小学成语培优全书·教辅常见,idiom-l2-0322,idiom:热闹非凡,recite,idiom:热闹非凡,热闹非凡,recite,all,
idiom,L2,,下面的写法对不对？,错,成语;场面;课内拓展,小学成语培优全书·教辅常见,idiom-l2-0322:char_judge,idiom:热闹非凡,char_judge,idiom:热闹非凡,热闹非凡,char_judge,lower,"{""display"": ""热闹甲凡""}"
idiom,L2,,「热闹非凡」的意思是？,描写场面的成语,成语;场面;课内拓展,小学成语培优全书·教辅常见,idiom-l2-0322:meaning_choice,idiom:热闹非凡,meaning_choice,idiom:热闹非凡,热闹非凡,meaning_choice,upper,"{""choices"": [""头发白了，脸色却像小孩一样红润"", ""色彩繁多"", ""描写场面的成语"", ""美丽得没有谁能比""]}"
idiom,L2,,描写场面的成语（四字）,车水马龙,成语;场面;课内拓展,小学成语培优全书·教辅常见,idiom-l2-0323,idiom:车水马龙,recite,idiom:车水马龙,车水马龙,recite,all,
idiom,L2,,下面的写法对不对？,对,成语;场面;课内拓展,小学成语培优全书·教辅常见,idiom-l2-0323:char_judge,idiom:车水马龙,char_judge,idiom:车水马龙,车水马龙,char_judge,lower,"{""display"": ""车水马龙""}"
idiom,L2,,「车水马龙」的意思是？,描写场面的成语,成语;场面;课内拓展,小学成语培优全书·教辅常见,idiom-l2-0323:meaning_choice,idiom:车水马龙,meaning_choice,idiom:车水马龙,车水马龙,meaning_choice,upper,"{""choices"": [""精神力气都用尽了"", ""不知该哭还是该笑"", ""声势或影响极大"", ""描写场面的成语""]}"
idiom,L2,,描写场面的成语（四字）,门庭若市,成语;场面;课内拓展,小学成语培优全书·教辅常见,idiom-l2-0324,idiom:门庭若市,recite,idiom:门庭若市,门庭若市,recite,all,
idiom,L2,,下面的写法对不对？,对,成语;场面;课内拓展,小学成语培优全书·教辅常见,idiom-l2-0324:char_judge,idiom:门庭若市,char_judge,idiom:门庭若市,门庭若市,char_judge,lower,"{""display"": ""门庭若市""}"
idiom,L2,,「门庭若市」的意思是？,描写场面的成语,成语;场面;课内拓展,小学成语培优全书·教辅常见,idiom-l2-0324:meaning_choice,idiom:门庭若市,meaning_choice,idiom:门庭若市,门庭若市,meaning_choice,upper,"{""choices"": [""能听见邻家鸡狗的叫声，形容住得近"", ""脸和耳朵都红了"", ""描写场面的成语"", ""一会儿看得见一会儿看不见""]}"
idiom,L3,,描写外貌的成语（四字）,其貌不扬,成语;外貌;小升初高频,小学成语培优全书·教辅常见,idiom-l2-0325,idiom:其貌不扬,recite,idiom:其貌不扬,其貌不扬,recite,all,
idiom,L3,,下面的写法对不对？,对,成语;外貌;小升初高频,小学成语培优全书·教辅常见,idiom-l2-0325:char_judge,idiom:其貌不扬,char_judge,idiom:其貌不扬,其貌不扬,char_judge,lower,"{""display"": ""其貌不扬""}"
idiom,L3,,「其貌不扬」的意思是？,描写外貌的成语,成语;外貌;小升初高频,小学成语培优全书·教辅常见,idiom-l2-0325:meaning_choice,idiom:其貌不扬,meaning_choice,idiom:其貌不扬,其貌不扬,meaning_choice,upper,"{""choices"": [""无法想象，很难理解"", ""不想努力，只等现成的"", ""侥幸逃脱的人"", ""描写外貌的成语""]}"
idiom,L3,,描写外貌的成语（四字）,愁眉不展,成语;外貌;小升初高频,小学成语培优全书·教辅常见,idiom-l2-0327,idiom:愁眉不展,recite,idiom:愁眉不展,愁眉不展,recite,all,
idiom,L3,,下面的写法对不对？,错,成语;外貌;小升初高频,小学成语培优全书·教辅常见,idiom-l2-0327:char_judge,idiom:愁眉不展,char_judge,idiom:愁眉不展,愁眉不展,char_judge,lower,"{""display"": ""愁眉步展""}"
idiom,L3,,「愁眉不展」的意思是？,描写外貌的成语,成语;外貌;小升初高频,小学成语培优全书·教辅常见,idiom-l2-0327:meaning_choice,idiom:愁眉不展,meaning_choice,idiom:愁眉不展,愁眉不展,meaning_choice,upper,"{""choices"": [""把东西完好无损地归还原主"", ""铺天盖地而来"", ""弄错了对象或事实"", ""描写外貌的成语""]}"
idiom,L3,,描写外貌的成语（四字）,愁眉苦脸,成语;外貌;小升初高频,小学成语培优全书·教辅常见,idiom-l2-0328,idiom:愁眉苦脸,recite,idiom:愁眉苦脸,愁眉苦脸,recite,all,
idiom,L3,,下面的写法对不对？,对,成语;外貌;小升初高频,小学成语培优全书·教辅常见,idiom-l2-0328:char_judge,idiom:愁眉苦脸,char_judge,idiom:愁眉苦脸,愁眉苦脸,char_judge,lower,"{""display"": ""愁眉苦脸""}"
idiom,L3,,「愁眉苦脸」的意思是？,描写外貌的成语,成语;外貌;小升初高频,小学成语培优全书·教辅常见,idiom-l2-0328:meaning_choice,idiom:愁眉苦脸,meaning_choice,idiom:愁眉苦脸,愁眉苦脸,meaning_choice,upper,"{""choices"": [""描写外貌的成语"", ""不想努力，只等现成的"", ""什么植物都长不出来"", ""生活在优裕的环境里""]}"
idiom,L3,,描写外貌的成语（四字）,扬眉吐气,成语;外貌;小升初高频,小学成语培优全书·教辅常见,idiom-l2-0329,idiom:扬眉吐气,recite,idiom:扬眉吐气,扬眉吐气,recite,all,
idiom,L3,,下面的写法对不对？,错,成语;外貌;小升初高频,小学成语培优全书·教辅常见,idiom-l2-0329:char_judge,idiom:扬眉吐气,char_judge,idiom:扬眉吐气,扬眉吐气,char_judge,lower,"{""display"": ""扬甲吐气""}"
idiom,L3,,「扬眉吐气」的意思是？,描写外貌的成语,成语;外貌;小升初高频,小学成语培优全书·教辅常见,idiom-l2-0329:meaning_choice,idiom:扬眉吐气,meaning_choice,idiom:扬眉吐气,扬眉吐气,meaning_choice,upper,"{""choices"": [""用萤火虫的光夜里读书"", ""描写外貌的成语"", ""吓得不知道该怎么办"", ""描写春天的成语""]}"
idiom,L3,,描写外貌的成语（四字）,浓眉大眼,成语;外貌;小升初高频,小学成语培优全书·教辅常见,idiom-l1-0046,idiom:浓眉大眼,recite,idiom:浓眉大眼,浓眉大眼,recite,all,
idiom,L3,,下面的写法对不对？,对,成语;外貌;小升初高频,小学成语培优全书·教辅常见,idiom-l1-0046:char_judge,idiom:浓眉大眼,char_judge,idiom:浓眉大眼,浓眉大眼,char_judge,lower,"{""display"": ""浓眉大眼""}"
idiom,L3,,「浓眉大眼」的意思是？,描写外貌的成语,成语;外貌;小升初高频,小学成语培优全书·教辅常见,idiom-l1-0046:meaning_choice,idiom:浓眉大眼,meaning_choice,idiom:浓眉大眼,浓眉大眼,meaning_choice,upper,"{""choices"": [""周围各个方向"", ""看惯了，不觉得奇怪"", ""描写外貌的成语"", ""树林层层翠绿""]}"
idiom,L3,,描写外貌的成语（四字）,燃眉之急,成语;外貌;小升初高频,小学成语培优全书·教辅常见,idiom-l2-0330,idiom:燃眉之急,recite,idiom:燃眉之急,燃眉之急,recite,all,
idiom,L3,,下面的写法对不对？,错,成语;外貌;小升初高频,小学成语培优全书·教辅常见,idiom-l2-0330:char_judge,idiom:燃眉之急,char_judge,idiom:燃眉之急,燃眉之急,char_judge,lower,"{""display"": ""燃甲之急""}"
idiom,L3,,「燃眉之急」的意思是？,描写外貌的成语,成语;外貌;小升初高频,小学成语培优全书·教辅常见,idiom-l2-0330:meaning_choice,idiom:燃眉之急,meaning_choice,idiom:燃眉之急,燃眉之急,meaning_choice,upper,"{""choices"": [""不止一个，还有配对的"", ""描写外貌的成语"", ""本领极大，哪儿都能去"", ""小学教辅常见成语""]}"
idiom,L3,,描写外貌的成语（四字）,眉飞色舞,成语;外貌;小升初高频,小学成语培优全书·教辅常见,idiom-l2-0332,idiom:眉飞色舞,recite,idiom:眉飞色舞,眉飞色舞,recite,all,
idiom,L3,,下面的写法对不对？,对,成语;外貌;小升初高频,小学成语培优全书·教辅常见,idiom-l2-0332:char_judge,idiom:眉飞色舞,char_judge,idiom:眉飞色舞,眉飞色舞,char_judge,lower,"{""display"": ""眉飞色舞""}"
idiom,L3,,「眉飞色舞」的意思是？,描写外貌的成语,成语;外貌;小升初高频,小学成语培优全书·教辅常见,idiom-l2-0332:meaning_choice,idiom:眉飞色舞,meaning_choice,idiom:眉飞色舞,眉飞色舞,meaning_choice,upper,"{""choices"": [""文雅有礼貌"", ""描写外貌的成语"", ""不加咀嚼地整吞，比喻不求甚解"", ""ABCC 结构的成语""]}"
idiom,L3,,描写外貌的成语（四字）,道貌岸然,成语;外貌;小升初高频,小学成语培优全书·教辅常见,idiom-l2-0333,idiom:道貌岸然,recite,idiom:道貌岸然,道貌岸然,recite,all,
idiom,L3,,下面的写法对不对？,对,成语;外貌;小升初高频,小学成语培优全书·教辅常见,idiom-l2-0333:char_judge,idiom:道貌岸然,char_judge,idiom:道貌岸然,道貌岸然,char_judge,lower,"{""display"": ""道貌岸然""}"
idiom,L3,,「道貌岸然」的意思是？,描写外貌的成语,成语;外貌;小升初高频,小学成语培优全书·教辅常见,idiom-l2-0333:meaning_choice,idiom:道貌岸然,meaning_choice,idiom:道貌岸然,道貌岸然,meaning_choice,upper,"{""choices"": [""没有办法可想"", ""经历过很多艰苦"", ""几句话就说完"", ""描写外貌的成语""]}"
idiom,L3,,描写外貌的成语（四字）,音容笑貌,成语;外貌;小升初高频,小学成语培优全书·教辅常见,idiom-l2-0334,idiom:音容笑貌,recite,idiom:音容笑貌,音容笑貌,recite,all,
idiom,L3,,下面的写法对不对？,对,成语;外貌;小升初高频,小学成语培优全书·教辅常见,idiom-l2-0334:char_judge,idiom:音容笑貌,char_judge,idiom:音容笑貌,音容笑貌,char_judge,lower,"{""display"": ""音容笑貌""}"
idiom,L3,,「音容笑貌」的意思是？,描写外貌的成语,成语;外貌;小升初高频,小学成语培优全书·教辅常见,idiom-l2-0334:meaning_choice,idiom:音容笑貌,meaning_choice,idiom:音容笑貌,音容笑貌,meaning_choice,upper,"{""choices"": [""与时间有关的成语"", ""政事顺利，百姓和睦"", ""小声地私下说话"", ""描写外貌的成语""]}"
idiom,L3,,描写神态的成语（四字）,垂头丧气,成语;神态;小升初高频,小学成语培优全书·教辅常见,idiom-l3-0336,idiom:垂头丧气,recite,idiom:垂头丧气,垂头丧气,recite,all,
idiom,L3,,下面的写法对不对？,对,成语;神态;小升初高频,小学成语培优全书·教辅常见,idiom-l3-0336:char_judge,idiom:垂头丧气,char_judge,idiom:垂头丧气,垂头丧气,char_judge,lower,"{""display"": ""垂头丧气""}"
idiom,L3,,「垂头丧气」的意思是？,描写神态的成语,成语;神态;小升初高频,小学成语培优全书·教辅常见,idiom-l3-0336:meaning_choice,idiom:垂头丧气,meaning_choice,idiom:垂头丧气,垂头丧气,meaning_choice,upper,"{""choices"": [""模仿别人反而把自己的本事忘了"", ""事情还没发生就知道"", ""说话直截了当，一下子说到要害"", ""描写神态的成语""]}"
idiom,L3,,描写神态的成语（四字）,怒发冲冠,成语;神态;小升初高频,小学成语培优全书·教辅常见,idiom-l3-0337,idiom:怒发冲冠,recite,idiom:怒发冲冠,怒发冲冠,recite,all,
idiom,L3,,下面的写法对不对？,对,成语;神态;小升初高频,小学成语培优全书·教辅常见,idiom-l3-0337:char_judge,idiom:怒发冲冠,char_judge,idiom:怒发冲冠,怒发冲冠,char_judge,lower,"{""display"": ""怒发冲冠""}"
idiom,L3,,「怒发冲冠」的意思是？,描写神态的成语,成语;神态;小升初高频,小学成语培优全书·教辅常见,idiom-l3-0337:meaning_choice,idiom:怒发冲冠,meaning_choice,idiom:怒发冲冠,怒发冲冠,meaning_choice,upper,"{""choices"": [""描写神态的成语"", ""在困难时给人帮助"", ""实在没有别的办法"", ""不慌不忙""]}"
idiom,L3,,描写神态的成语（四字）,目不暇接,成语;神态;小升初高频,小学成语培优全书·教辅常见,idiom-l3-0338,idiom:目不暇接,recite,idiom:目不暇接,目不暇接,recite,all,
idiom,L3,,下面的写法对不对？,错,成语;神态;小升初高频,小学成语培优全书·教辅常见,idiom-l3-0338:char_judge,idiom:目不暇接,char_judge,idiom:目不暇接,目不暇接,char_judge,lower,"{""display"": ""甲不暇接""}"
idiom,L3,,「目不暇接」的意思是？,描写神态的成语,成语;神态;小升初高频,小学成语培优全书·教辅常见,idiom-l3-0338:meaning_choice,idiom:目不暇接,meaning_choice,idiom:目不暇接,目不暇接,meaning_choice,upper,"{""choices"": [""与时间有关的成语"", ""描写神态的成语"", ""个子小但精明强干"", ""找出事物的根由""]}"
idiom,L3,,描写神态的成语（四字）,目不识丁,成语;神态;小升初高频,小学成语培优全书·教辅常见,idiom-l3-0339,idiom:目不识丁,recite,idiom:目不识丁,目不识丁,recite,all,
idiom,L3,,下面的写法对不对？,错,成语;神态;小升初高频,小学成语培优全书·教辅常见,idiom-l3-0339:char_judge,idiom:目不识丁,char_judge,idiom:目不识丁,目不识丁,char_judge,lower,"{""display"": ""目不识甲""}"
idiom,L3,,「目不识丁」的意思是？,描写神态的成语,成语;神态;小升初高频,小学成语培优全书·教辅常见,idiom-l3-0339:meaning_choice,idiom:目不识丁,meaning_choice,idiom:目不识丁,目不识丁,meaning_choice,upper,"{""choices"": [""大体很好，还有一点缺憾"", ""急得不能再等"", ""描写神态的成语"", ""充满活力""]}"
idiom,L3,,描写神态的成语（四字）,目不转睛,成语;神态;小升初高频,小学成语培优全书·教辅常见,idiom-l3-0340,idiom:目不转睛,recite,idiom:目不转睛,目不转睛,recite,all,
idiom,L3,,下面的写法对不对？,对,成语;神态;小升初高频,小学成语培优全书·教辅常见,idiom-l3-0340:char_judge,idiom:目不转睛,char_judge,idiom:目不转睛,目不转睛,char_judge,lower,"{""display"": ""目不转睛""}"
idiom,L3,,「目不转睛」的意思是？,描写神态的成语,成语;神态;小升初高频,小学成语培优全书·教辅常见,idiom-l3-0340:meaning_choice,idiom:目不转睛,meaning_choice,idiom:目不转睛,目不转睛,meaning_choice,upper,"{""choices"": [""精神完全集中"", ""描写神态的成语"", ""雪片又大又密"", ""桂花香气飘散""]}"
idiom,L3,,描写神态的成语（四字）,目瞪口呆,成语;神态;小升初高频,小学成语培优全书·教辅常见,idiom-l3-0341,idiom:目瞪口呆,recite,idiom:目瞪口呆,目瞪口呆,recite,all,
idiom,L3,,下面的写法对不对？,对,成语;神态;小升初高频,小学成语培优全书·教辅常见,idiom-l3-0341:char_judge,idiom:目瞪口呆,char_judge,idiom:目瞪口呆,目瞪口呆,char_judge,lower,"{""display"": ""目瞪口呆""}"
idiom,L3,,「目瞪口呆」的意思是？,描写神态的成语,成语;神态;小升初高频,小学成语培优全书·教辅常见,idiom-l3-0341:meaning_choice,idiom:目瞪口呆,meaning_choice,idiom:目瞪口呆,目瞪口呆,meaning_choice,upper,"{""choices"": [""这边看看那边看看"", ""这边看看那边看看"", ""看惯了，不觉得奇怪"", ""描写神态的成语""]}"
idiom,L3,,描写神态的成语（四字）,神采飞扬,成语;神态;小升初高频,小学成语培优全书·教辅常见,idiom-l3-0342,idiom:神采飞扬,recite,idiom:神采飞扬,神采飞扬,recite,all,
idiom,L3,,下面的写法对不对？,对,成语;神态;小升初高频,小学成语培优全书·教辅常见,idiom-l3-0342:char_judge,idiom:神采飞扬,char_judge,idiom:神采飞扬,神采飞扬,char_judge,lower,"{""display"": ""神采飞扬""}"
idiom,L3,,「神采飞扬」的意思是？,描写神态的成语,成语;神态;小升初高频,小学成语培优全书·教辅常见,idiom-l3-0342:meaning_choice,idiom:神采飞扬,meaning_choice,idiom:神采飞扬,神采飞扬,meaning_choice,upper,"{""choices"": [""全部显露出来，什么也藏不住"", ""描写神态的成语"", ""人非常多"", ""脸色温和愉快""]}"
idiom,L3,,描写神态的成语（四字）,趾高气扬,成语;神态;小升初高频,小学成语培优全书·教辅常见,idiom-l3-0343,idiom:趾高气扬,recite,idiom:趾高气扬,趾高气扬,recite,all,
idiom,L3,,下面的写法对不对？,错,成语;神态;小升初高频,小学成语培优全书·教辅常见,idiom-l3-0343:char_judge,idiom:趾高气扬,char_judge,idiom:趾高气扬,趾高气扬,char_judge,lower,"{""display"": ""趾甲气扬""}"
idiom,L3,,「趾高气扬」的意思是？,描写神态的成语,成语;神态;小升初高频,小学成语培优全书·教辅常见,idiom-l3-0343:meaning_choice,idiom:趾高气扬,meaning_choice,idiom:趾高气扬,趾高气扬,meaning_choice,upper,"{""choices"": [""描写神态的成语"", ""出了问题赶紧补救还来得及"", ""吓得或急得没了主意"", ""气势很大、规模很大""]}"
idiom,L3,,描写神态的成语（四字）,过目不忘,成语;神态;小升初高频,小学成语培优全书·教辅常见,idiom-l3-0344,idiom:过目不忘,recite,idiom:过目不忘,过目不忘,recite,all,
idiom,L3,,下面的写法对不对？,错,成语;神态;小升初高频,小学成语培优全书·教辅常见,idiom-l3-0344:char_judge,idiom:过目不忘,char_judge,idiom:过目不忘,过目不忘,char_judge,lower,"{""display"": ""过目步忘""}"
idiom,L3,,「过目不忘」的意思是？,描写神态的成语,成语;神态;小升初高频,小学成语培优全书·教辅常见,idiom-l3-0344:meaning_choice,idiom:过目不忘,meaning_choice,idiom:过目不忘,过目不忘,meaning_choice,upper,"{""choices"": [""描写神态的成语"", ""说得很动听讨人喜欢"", ""山塌地裂，声势极大"", ""到处是冰和雪""]}"
idiom,L3,,描写心情的成语（四字）,兴高采烈,成语;心情;小升初高频,小学成语培优全书·教辅常见,idiom-l3-0345,idiom:兴高采烈,recite,idiom:兴高采烈,兴高采烈,recite,all,
idiom,L3,,下面的写法对不对？,错,成语;心情;小升初高频,小学成语培优全书·教辅常见,idiom-l3-0345:char_judge,idiom:兴高采烈,char_judge,idiom:兴高采烈,兴高采烈,char_judge,lower,"{""display"": ""兴高甲烈""}"
idiom,L3,,「兴高采烈」的意思是？,描写心情的成语,成语;心情;小升初高频,小学成语培优全书·教辅常见,idiom-l3-0345:meaning_choice,idiom:兴高采烈,meaning_choice,idiom:兴高采烈,兴高采烈,meaning_choice,upper,"{""choices"": [""描写冬天的成语"", ""描写冬天的成语"", ""像烟云一样消失了"", ""描写心情的成语""]}"
idiom,L3,,描写心情的成语（四字）,如愿以偿,成语;心情;小升初高频,小学成语培优全书·教辅常见,idiom-l3-0347,idiom:如愿以偿,recite,idiom:如愿以偿,如愿以偿,recite,all,
idiom,L3,,下面的写法对不对？,对,成语;心情;小升初高频,小学成语培优全书·教辅常见,idiom-l3-0347:char_judge,idiom:如愿以偿,char_judge,idiom:如愿以偿,如愿以偿,char_judge,lower,"{""display"": ""如愿以偿""}"
idiom,L3,,「如愿以偿」的意思是？,描写心情的成语,成语;心情;小升初高频,小学成语培优全书·教辅常见,idiom-l3-0347:meaning_choice,idiom:如愿以偿,meaning_choice,idiom:如愿以偿,如愿以偿,meaning_choice,upper,"{""choices"": [""很少的几句话"", ""描写心情的成语"", ""抬起头、挺起胸，很有精神"", ""精简机构、减少人员""]}"
idiom,L3,,描写心情的成语（四字）,心旷神怡,成语;心情;小升初高频,小学成语培优全书·教辅常见,idiom-l3-0348,idiom:心旷神怡,recite,idiom:心旷神怡,心旷神怡,recite,all,
idiom,L3,,下面的写法对不对？,错,成语;心情;小升初高频,小学成语培优全书·教辅常见,idiom-l3-0348:char_judge,idiom:心旷神怡,char_judge,idiom:心旷神怡,心旷神怡,char_judge,lower,"{""display"": ""心甲神怡""}"
idiom,L3,,「心旷神怡」的意思是？,描写心情的成语,成语;心情;小升初高频,小学成语培优全书·教辅常见,idiom-l3-0348:meaning_choice,idiom:心旷神怡,meaning_choice,idiom:心旷神怡,心旷神怡,meaning_choice,upper,"{""choices"": [""描写心情的成语"", ""天空蓝得像洗过一样"", ""心里急得像火烧"", ""力量非常强大""]}"
idiom,L3,,描写心情的成语（四字）,忐忑不安,成语;心情;小升初高频,小学成语培优全书·教辅常见,idiom-l3-0349,idiom:忐忑不安,recite,idiom:忐忑不安,忐忑不安,recite,all,
idiom,L3,,下面的写法对不对？,错,成语;心情;小升初高频,小学成语培优全书·教辅常见,idiom-l3-0349:char_judge,idiom:忐忑不安,char_judge,idiom:忐忑不安,忐忑不安,char_judge,lower,"{""display"": ""甲忑不安""}"
idiom,L3,,「忐忑不安」的意思是？,描写心情的成语,成语;心情;小升初高频,小学成语培优全书·教辅常见,idiom-l3-0349:meaning_choice,idiom:忐忑不安,meaning_choice,idiom:忐忑不安,忐忑不安,meaning_choice,upper,"{""choices"": [""到了山和水的尽头，没有出路"", ""气魄很大的话"", ""描写心情的成语"", ""十分担心害怕""]}"
idiom,L3,,描写心情的成语（四字）,欢天喜地,成语;心情;小升初高频,小学成语培优全书·教辅常见,idiom-l3-0351,idiom:欢天喜地,recite,idiom:欢天喜地,欢天喜地,recite,all,
idiom,L3,,下面的写法对不对？,错,成语;心情;小升初高频,小学成语培优全书·教辅常见,idiom-l3-0351:char_judge,idiom:欢天喜地,char_judge,idiom:欢天喜地,欢天喜地,char_judge,lower,"{""display"": ""欢夭喜地""}"
idiom,L3,,「欢天喜地」的意思是？,描写心情的成语,成语;心情;小升初高频,小学成语培优全书·教辅常见,idiom-l3-0351:meaning_choice,idiom:欢天喜地,meaning_choice,idiom:欢天喜地,欢天喜地,meaning_choice,upper,"{""choices"": [""描写心情的成语"", ""描写场面的成语"", ""描写场面的成语"", ""描写场面的成语""]}"
idiom,L3,,含有动物的成语（四字）,一马当先,成语;动物;小升初高频,小学成语培优全书·教辅常见,idiom-l2-0353,idiom:一马当先,recite,idiom:一马当先,一马当先,recite,all,
idiom,L3,,下面的写法对不对？,对,成语;动物;小升初高频,小学成语培优全书·教辅常见,idiom-l2-0353:char_judge,idiom:一马当先,char_judge,idiom:一马当先,一马当先,char_judge,lower,"{""display"": ""一马当先""}"
idiom,L3,,「一马当先」的意思是？,含有动物的成语,成语;动物;小升初高频,小学成语培优全书·教辅常见,idiom-l2-0353:meaning_choice,idiom:一马当先,meaning_choice,idiom:一马当先,一马当先,meaning_choice,upper,"{""choices"": [""力量非常强大"", ""举止文雅"", ""含有动物的成语"", ""拘束、心里不踏实""]}"
idiom,L3,,含有动物的成语（四字）,不入虎穴,成语;动物;小升初高频,小学成语培优全书·教辅常见,idiom-l2-0354,idiom:不入虎穴,recite,idiom:不入虎穴,不入虎穴,recite,all,
idiom,L3,,下面的写法对不对？,错,成语;动物;小升初高频,小学成语培优全书·教辅常见,idiom-l2-0354:char_judge,idiom:不入虎穴,char_judge,idiom:不入虎穴,不入虎穴,char_judge,lower,"{""display"": ""不人虎穴""}"
idiom,L3,,「不入虎穴」的意思是？,含有动物的成语,成语;动物;小升初高频,小学成语培优全书·教辅常见,idiom-l2-0354:meaning_choice,idiom:不入虎穴,meaning_choice,idiom:不入虎穴,不入虎穴,meaning_choice,upper,"{""choices"": [""办法很多，本领很大"", ""脸和耳朵都红了"", ""冰和雪化了"", ""含有动物的成语""]}"
idiom,L3,,含有动物的成语（四字）,为虎作伥,成语;动物;小升初高频,小学成语培优全书·教辅常见,idiom-l2-0355,idiom:为虎作伥,recite,idiom:为虎作伥,为虎作伥,recite,all,
idiom,L3,,下面的写法对不对？,错,成语;动物;小升初高频,小学成语培优全书·教辅常见,idiom-l2-0355:char_judge,idiom:为虎作伥,char_judge,idiom:为虎作伥,为虎作伥,char_judge,lower,"{""display"": ""为甲作伥""}"
idiom,L3,,「为虎作伥」的意思是？,含有动物的成语,成语;动物;小升初高频,小学成语培优全书·教辅常见,idiom-l2-0355:meaning_choice,idiom:为虎作伥,meaning_choice,idiom:为虎作伥,为虎作伥,meaning_choice,upper,"{""choices"": [""色彩繁多"", ""形象生动得像活的一样"", ""含有动物的成语"", ""出了问题赶紧补救还来得及""]}"
idiom,L3,,含有动物的成语（四字）,九牛二虎,成语;动物;小升初高频,小学成语培优全书·教辅常见,idiom-l2-0356,idiom:九牛二虎,recite,idiom:九牛二虎,九牛二虎,recite,all,
idiom,L3,,下面的写法对不对？,错,成语;动物;小升初高频,小学成语培优全书·教辅常见,idiom-l2-0356:char_judge,idiom:九牛二虎,char_judge,idiom:九牛二虎,九牛二虎,char_judge,lower,"{""display"": ""九牛二甲""}"
idiom,L3,,「九牛二虎」的意思是？,含有动物的成语,成语;动物;小升初高频,小学成语培优全书·教辅常见,idiom-l2-0356:meaning_choice,idiom:九牛二虎,meaning_choice,idiom:九牛二虎,九牛二虎,meaning_choice,upper,"{""choices"": [""自己的说法或做法互相冲突"", ""秋风轻轻吹"", ""把东西完好无损地归还原主"", ""含有动物的成语""]}"
idiom,L3,,含有动物的成语（四字）,凤毛麟角,成语;动物;小升初高频,小学成语培优全书·教辅常见,idiom-l2-0357,idiom:凤毛麟角,recite,idiom:凤毛麟角,凤毛麟角,recite,all,
idiom,L3,,下面的写法对不对？,对,成语;动物;小升初高频,小学成语培优全书·教辅常见,idiom-l2-0357:char_judge,idiom:凤毛麟角,char_judge,idiom:凤毛麟角,凤毛麟角,char_judge,lower,"{""display"": ""凤毛麟角""}"
idiom,L3,,「凤毛麟角」的意思是？,含有动物的成语,成语;动物;小升初高频,小学成语培优全书·教辅常见,idiom-l2-0357:meaning_choice,idiom:凤毛麟角,meaning_choice,idiom:凤毛麟角,凤毛麟角,meaning_choice,upper,"{""choices"": [""力量非常强大"", ""含有动物的成语"", ""一直不停地流"", ""自己骗自己""]}"
idiom,L3,,含有动物的成语（四字）,千军万马,成语;动物;小升初高频,小学成语培优全书·教辅常见,idiom-l2-0358,idiom:千军万马,recite,idiom:千军万马,千军万马,recite,all,
idiom,L3,,下面的写法对不对？,对,成语;动物;小升初高频,小学成语培优全书·教辅常见,idiom-l2-0358:char_judge,idiom:千军万马,char_judge,idiom:千军万马,千军万马,char_judge,lower,"{""display"": ""千军万马""}"
idiom,L3,,「千军万马」的意思是？,含有动物的成语,成语;动物;小升初高频,小学成语培优全书·教辅常见,idiom-l2-0358:meaning_choice,idiom:千军万马,meaning_choice,idiom:千军万马,千军万马,meaning_choice,upper,"{""choices"": [""一眼望不到边"", ""不说话"", ""含有动物的成语"", ""胆子很小""]}"
idiom,L3,,含有动物的成语（四字）,单枪匹马,成语;动物;小升初高频,小学成语培优全书·教辅常见,idiom-l2-0359,idiom:单枪匹马,recite,idiom:单枪匹马,单枪匹马,recite,all,
idiom,L3,,下面的写法对不对？,对,成语;动物;小升初高频,小学成语培优全书·教辅常见,idiom-l2-0359:char_judge,idiom:单枪匹马,char_judge,idiom:单枪匹马,单枪匹马,char_judge,lower,"{""display"": ""单枪匹马""}"
idiom,L3,,「单枪匹马」的意思是？,含有动物的成语,成语;动物;小升初高频,小学成语培优全书·教辅常见,idiom-l2-0359:meaning_choice,idiom:单枪匹马,meaning_choice,idiom:单枪匹马,单枪匹马,meaning_choice,upper,"{""choices"": [""含有动物的成语"", ""高兴得自己都受不住"", ""闪电打雷"", ""声音大得耳朵都要聋了""]}"
idiom,L3,,含有动物的成语（四字）,呆若木鸡,成语;动物;小升初高频,小学成语培优全书·教辅常见,idiom-l2-0360,idiom:呆若木鸡,recite,idiom:呆若木鸡,呆若木鸡,recite,all,
idiom,L3,,下面的写法对不对？,错,成语;动物;小升初高频,小学成语培优全书·教辅常见,idiom-l2-0360:char_judge,idiom:呆若木鸡,char_judge,idiom:呆若木鸡,呆若木鸡,char_judge,lower,"{""display"": ""甲若木鸡""}"
idiom,L3,,「呆若木鸡」的意思是？,含有动物的成语,成语;动物;小升初高频,小学成语培优全书·教辅常见,idiom-l2-0360:meaning_choice,idiom:呆若木鸡,meaning_choice,idiom:呆若木鸡,呆若木鸡,meaning_choice,upper,"{""choices"": [""风景优美"", ""AABC 结构的成语"", ""AABC 结构的成语"", ""含有动物的成语""]}"
idiom,L3,,含有动物的成语（四字）,声名狼藉,成语;动物;小升初高频,小学成语培优全书·教辅常见,idiom-l2-0361,idiom:声名狼藉,recite,idiom:声名狼藉,声名狼藉,recite,all,
idiom,L3,,下面的写法对不对？,错,成语;动物;小升初高频,小学成语培优全书·教辅常见,idiom-l2-0361:char_judge,idiom:声名狼藉,char_judge,idiom:声名狼藉,声名狼藉,char_judge,lower,"{""display"": ""声甲狼藉""}"
idiom,L3,,「声名狼藉」的意思是？,含有动物的成语,成语;动物;小升初高频,小学成语培优全书·教辅常见,idiom-l2-0361:meaning_choice,idiom:声名狼藉,meaning_choice,idiom:声名狼藉,声名狼藉,meaning_choice,upper,"{""choices"": [""精简机构、减少人员"", ""走路不稳，跌跌撞撞"", ""含有动物的成语"", ""很多人或动物聚在一起""]}"
idiom,L3,,含有动物的成语（四字）,引狼入室,成语;动物;小升初高频,小学成语培优全书·教辅常见,idiom-l2-0362,idiom:引狼入室,recite,idiom:引狼入室,引狼入室,recite,all,
idiom,L3,,下面的写法对不对？,对,成语;动物;小升初高频,小学成语培优全书·教辅常见,idiom-l2-0362:char_judge,idiom:引狼入室,char_judge,idiom:引狼入室,引狼入室,char_judge,lower,"{""display"": ""引狼入室""}"
idiom,L3,,「引狼入室」的意思是？,含有动物的成语,成语;动物;小升初高频,小学成语培优全书·教辅常见,idiom-l2-0362:meaning_choice,idiom:引狼入室,meaning_choice,idiom:引狼入室,引狼入室,meaning_choice,upper,"{""choices"": [""身体粉碎，也指不惜牺牲"", ""乐音很久还在回响"", ""在困难时给人帮助"", ""含有动物的成语""]}"
idiom,L3,,含有动物的成语（四字）,快马加鞭,成语;动物;小升初高频,小学成语培优全书·教辅常见,idiom-l2-0363,idiom:快马加鞭,recite,idiom:快马加鞭,快马加鞭,recite,all,
idiom,L3,,下面的写法对不对？,错,成语;动物;小升初高频,小学成语培优全书·教辅常见,idiom-l2-0363:char_judge,idiom:快马加鞭,char_judge,idiom:快马加鞭,快马加鞭,char_judge,lower,"{""display"": ""快马甲鞭""}"
idiom,L3,,「快马加鞭」的意思是？,含有动物的成语,成语;动物;小升初高频,小学成语培优全书·教辅常见,idiom-l2-0363:meaning_choice,idiom:快马加鞭,meaning_choice,idiom:快马加鞭,快马加鞭,meaning_choice,upper,"{""choices"": [""含有动物的成语"", ""像老虎一样盯着，想扑上去"", ""万物重新生长"", ""情况变了还用老办法""]}"
idiom,L3,,含有动物的成语（四字）,悬崖勒马,成语;动物;小升初高频,小学成语培优全书·教辅常见,idiom-l2-0364,idiom:悬崖勒马,recite,idiom:悬崖勒马,悬崖勒马,recite,all,
idiom,L3,,下面的写法对不对？,错,成语;动物;小升初高频,小学成语培优全书·教辅常见,idiom-l2-0364:char_judge,idiom:悬崖勒马,char_judge,idiom:悬崖勒马,悬崖勒马,char_judge,lower,"{""display"": ""悬崖勒甲""}"
idiom,L3,,「悬崖勒马」的意思是？,含有动物的成语,成语;动物;小升初高频,小学成语培优全书·教辅常见,idiom-l2-0364:meaning_choice,idiom:悬崖勒马,meaning_choice,idiom:悬崖勒马,悬崖勒马,meaning_choice,upper,"{""choices"": [""含有数字的成语"", ""含有数字的成语"", ""含有动物的成语"", ""笑得直不起腰""]}"
idiom,L3,,含有动物的成语（四字）,打草惊蛇,成语;动物;小升初高频,小学成语培优全书·教辅常见,idiom-l2-0365,idiom:打草惊蛇,recite,idiom:打草惊蛇,打草惊蛇,recite,all,
idiom,L3,,下面的写法对不对？,错,成语;动物;小升初高频,小学成语培优全书·教辅常见,idiom-l2-0365:char_judge,idiom:打草惊蛇,char_judge,idiom:打草惊蛇,打草惊蛇,char_judge,lower,"{""display"": ""打草甲蛇""}"
idiom,L3,,「打草惊蛇」的意思是？,含有动物的成语,成语;动物;小升初高频,小学成语培优全书·教辅常见,idiom-l2-0365:meaning_choice,idiom:打草惊蛇,meaning_choice,idiom:打草惊蛇,打草惊蛇,meaning_choice,upper,"{""choices"": [""看惯了，不觉得奇怪"", ""含有动物的成语"", ""危害集体的人"", ""几句话就说完""]}"
idiom,L3,,含有动物的成语（四字）,招兵买马,成语;动物;小升初高频,小学成语培优全书·教辅常见,idiom-l2-0366,idiom:招兵买马,recite,idiom:招兵买马,招兵买马,recite,all,
idiom,L3,,下面的写法对不对？,对,成语;动物;小升初高频,小学成语培优全书·教辅常见,idiom-l2-0366:char_judge,idiom:招兵买马,char_judge,idiom:招兵买马,招兵买马,char_judge,lower,"{""display"": ""招兵买马""}"
idiom,L3,,「招兵买马」的意思是？,含有动物的成语,成语;动物;小升初高频,小学成语培优全书·教辅常见,idiom-l2-0366:meaning_choice,idiom:招兵买马,meaning_choice,idiom:招兵买马,招兵买马,meaning_choice,upper,"{""choices"": [""含有动物的成语"", ""弄错了对象或事实"", ""又刮风又下雨"", ""大体很好，还有一点缺憾""]}"
idiom,L3,,含有动物的成语（四字）,攀龙附凤,成语;动物;小升初高频,小学成语培优全书·教辅常见,idiom-l2-0367,idiom:攀龙附凤,recite,idiom:攀龙附凤,攀龙附凤,recite,all,
idiom,L3,,下面的写法对不对？,对,成语;动物;小升初高频,小学成语培优全书·教辅常见,idiom-l2-0367:char_judge,idiom:攀龙附凤,char_judge,idiom:攀龙附凤,攀龙附凤,char_judge,lower,"{""display"": ""攀龙附凤""}"
idiom,L3,,「攀龙附凤」的意思是？,含有动物的成语,成语;动物;小升初高频,小学成语培优全书·教辅常见,idiom-l2-0367:meaning_choice,idiom:攀龙附凤,meaning_choice,idiom:攀龙附凤,攀龙附凤,meaning_choice,upper,"{""choices"": [""吃或听得非常有兴趣"", ""树林层层翠绿"", ""气势很大、规模很大"", ""含有动物的成语""]}"
idiom,L3,,含有动物的成语（四字）,杀鸡取卵,成语;动物;小升初高频,小学成语培优全书·教辅常见,idiom-l2-0368,idiom:杀鸡取卵,recite,idiom:杀鸡取卵,杀鸡取卵,recite,all,
idiom,L3,,下面的写法对不对？,对,成语;动物;小升初高频,小学成语培优全书·教辅常见,idiom-l2-0368:char_judge,idiom:杀鸡取卵,char_judge,idiom:杀鸡取卵,杀鸡取卵,char_judge,lower,"{""display"": ""杀鸡取卵""}"
idiom,L3,,「杀鸡取卵」的意思是？,含有动物的成语,成语;动物;小升初高频,小学成语培优全书·教辅常见,idiom-l2-0368:meaning_choice,idiom:杀鸡取卵,meaning_choice,idiom:杀鸡取卵,杀鸡取卵,meaning_choice,upper,"{""choices"": [""泉水发出叮咚声"", ""含有动物的成语"", ""计谋非常高明"", ""自己控制不住感情""]}"
idiom,L3,,含有动物的成语（四字）,来龙去脉,成语;动物;小升初高频,小学成语培优全书·教辅常见,idiom-l2-0369,idiom:来龙去脉,recite,idiom:来龙去脉,来龙去脉,recite,all,
idiom,L3,,下面的写法对不对？,错,成语;动物;小升初高频,小学成语培优全书·教辅常见,idiom-l2-0369:char_judge,idiom:来龙去脉,char_judge,idiom:来龙去脉,来龙去脉,char_judge,lower,"{""display"": ""甲龙去脉""}"
idiom,L3,,「来龙去脉」的意思是？,含有动物的成语,成语;动物;小升初高频,小学成语培优全书·教辅常见,idiom-l2-0369:meaning_choice,idiom:来龙去脉,meaning_choice,idiom:来龙去脉,来龙去脉,meaning_choice,upper,"{""choices"": [""有些信、有些不信"", ""人工比自然还精巧"", ""含有动物的成语"", ""年老体衰、行动不灵便""]}"
idiom,L3,,含有动物的成语（四字）,沈鱼落雁,成语;动物;小升初高频,小学成语培优全书·教辅常见,idiom-l2-0370,idiom:沈鱼落雁,recite,idiom:沈鱼落雁,沈鱼落雁,recite,all,
idiom,L3,,下面的写法对不对？,对,成语;动物;小升初高频,小学成语培优全书·教辅常见,idiom-l2-0370:char_judge,idiom:沈鱼落雁,char_judge,idiom:沈鱼落雁,沈鱼落雁,char_judge,lower,"{""display"": ""沈鱼落雁""}"
idiom,L3,,「沈鱼落雁」的意思是？,含有动物的成语,成语;动物;小升初高频,小学成语培优全书·教辅常见,idiom-l2-0370:meaning_choice,idiom:沈鱼落雁,meaning_choice,idiom:沈鱼落雁,沈鱼落雁,meaning_choice,upper,"{""choices"": [""含有动物的成语"", ""树林层层变色"", ""政事顺利，百姓和睦"", ""占据高处，向下俯视""]}"
idiom,L3,,含有动物的成语（四字）,沉鱼落雁,成语;动物;小升初高频,小学成语培优全书·教辅常见,idiom-l2-0371,idiom:沉鱼落雁,recite,idiom:沉鱼落雁,沉鱼落雁,recite,all,
idiom,L3,,下面的写法对不对？,对,成语;动物;小升初高频,小学成语培优全书·教辅常见,idiom-l2-0371:char_judge,idiom:沉鱼落雁,char_judge,idiom:沉鱼落雁,沉鱼落雁,char_judge,lower,"{""display"": ""沉鱼落雁""}"
idiom,L3,,「沉鱼落雁」的意思是？,含有动物的成语,成语;动物;小升初高频,小学成语培优全书·教辅常见,idiom-l2-0371:meaning_choice,idiom:沉鱼落雁,meaning_choice,idiom:沉鱼落雁,沉鱼落雁,meaning_choice,upper,"{""choices"": [""含有动物的成语"", ""不由得产生敬意"", ""嘴里很干"", ""五官清秀好看""]}"
idiom,L3,,含有动物的成语（四字）,狗尾续貂,成语;动物;小升初高频,小学成语培优全书·教辅常见,idiom-l2-0372,idiom:狗尾续貂,recite,idiom:狗尾续貂,狗尾续貂,recite,all,
idiom,L3,,下面的写法对不对？,错,成语;动物;小升初高频,小学成语培优全书·教辅常见,idiom-l2-0372:char_judge,idiom:狗尾续貂,char_judge,idiom:狗尾续貂,狗尾续貂,char_judge,lower,"{""display"": ""狗甲续貂""}"
idiom,L3,,「狗尾续貂」的意思是？,含有动物的成语,成语;动物;小升初高频,小学成语培优全书·教辅常见,idiom-l2-0372:meaning_choice,idiom:狗尾续貂,meaning_choice,idiom:狗尾续貂,狗尾续貂,meaning_choice,upper,"{""choices"": [""有些信、有些不信"", ""铺天盖地而来"", ""含有动物的成语"", ""气势使人敬畏""]}"
idiom,L3,,含有动物的成语（四字）,狗急跳墙,成语;动物;小升初高频,小学成语培优全书·教辅常见,idiom-l2-0373,idiom:狗急跳墙,recite,idiom:狗急跳墙,狗急跳墙,recite,all,
idiom,L3,,下面的写法对不对？,错,成语;动物;小升初高频,小学成语培优全书·教辅常见,idiom-l2-0373:char_judge,idiom:狗急跳墙,char_judge,idiom:狗急跳墙,狗急跳墙,char_judge,lower,"{""display"": ""狗急甲墙""}"
idiom,L3,,「狗急跳墙」的意思是？,含有动物的成语,成语;动物;小升初高频,小学成语培优全书·教辅常见,idiom-l2-0373:meaning_choice,idiom:狗急跳墙,meaning_choice,idiom:狗急跳墙,狗急跳墙,meaning_choice,upper,"{""choices"": [""模仿别人反而把自己的本事忘了"", ""经历过很多艰苦"", ""凶狠或得意地挥舞"", ""含有动物的成语""]}"
idiom,L3,,含有动物的成语（四字）,狼心狗肺,成语;动物;小升初高频,小学成语培优全书·教辅常见,idiom-l2-0374,idiom:狼心狗肺,recite,idiom:狼心狗肺,狼心狗肺,recite,all,
idiom,L3,,下面的写法对不对？,对,成语;动物;小升初高频,小学成语培优全书·教辅常见,idiom-l2-0374:char_judge,idiom:狼心狗肺,char_judge,idiom:狼心狗肺,狼心狗肺,char_judge,lower,"{""display"": ""狼心狗肺""}"
idiom,L3,,「狼心狗肺」的意思是？,含有动物的成语,成语;动物;小升初高频,小学成语培优全书·教辅常见,idiom-l2-0374:meaning_choice,idiom:狼心狗肺,meaning_choice,idiom:狼心狗肺,狼心狗肺,meaning_choice,upper,"{""choices"": [""含有动物的成语"", ""秋风轻轻吹"", ""鸡叫狗叫形容喧闹"", ""气魄很大的话""]}"
idiom,L3,,含有动物的成语（四字）,狼狈不堪,成语;动物;小升初高频,小学成语培优全书·教辅常见,idiom-l2-0375,idiom:狼狈不堪,recite,idiom:狼狈不堪,狼狈不堪,recite,all,
idiom,L3,,下面的写法对不对？,错,成语;动物;小升初高频,小学成语培优全书·教辅常见,idiom-l2-0375:char_judge,idiom:狼狈不堪,char_judge,idiom:狼狈不堪,狼狈不堪,char_judge,lower,"{""display"": ""狼甲不堪""}"
idiom,L3,,「狼狈不堪」的意思是？,含有动物的成语,成语;动物;小升初高频,小学成语培优全书·教辅常见,idiom-l2-0375:meaning_choice,idiom:狼狈不堪,meaning_choice,idiom:狼狈不堪,狼狈不堪,meaning_choice,upper,"{""choices"": [""头发白了，脸色却像小孩一样红润"", ""侥幸逃脱的人"", ""出主意、想办法"", ""含有动物的成语""]}"
idiom,L3,,含有动物的成语（四字）,狼狈为奸,成语;动物;小升初高频,小学成语培优全书·教辅常见,idiom-l2-0376,idiom:狼狈为奸,recite,idiom:狼狈为奸,狼狈为奸,recite,all,
idiom,L3,,下面的写法对不对？,对,成语;动物;小升初高频,小学成语培优全书·教辅常见,idiom-l2-0376:char_judge,idiom:狼狈为奸,char_judge,idiom:狼狈为奸,狼狈为奸,char_judge,lower,"{""display"": ""狼狈为奸""}"
idiom,L3,,「狼狈为奸」的意思是？,含有动物的成语,成语;动物;小升初高频,小学成语培优全书·教辅常见,idiom-l2-0376:meaning_choice,idiom:狼狈为奸,meaning_choice,idiom:狼狈为奸,狼狈为奸,meaning_choice,upper,"{""choices"": [""一直坚持，不放弃"", ""气魄很大的话"", ""到了山和水的尽头，没有出路"", ""含有动物的成语""]}"
idiom,L3,,含有动物的成语（四字）,生龙活虎,成语;动物;小升初高频,小学成语培优全书·教辅常见,idiom-l2-0377,idiom:生龙活虎,recite,idiom:生龙活虎,生龙活虎,recite,all,
idiom,L3,,下面的写法对不对？,错,成语;动物;小升初高频,小学成语培优全书·教辅常见,idiom-l2-0377:char_judge,idiom:生龙活虎,char_judge,idiom:生龙活虎,生龙活虎,char_judge,lower,"{""display"": ""生甲活虎""}"
idiom,L3,,「生龙活虎」的意思是？,含有动物的成语,成语;动物;小升初高频,小学成语培优全书·教辅常见,idiom-l2-0377:meaning_choice,idiom:生龙活虎,meaning_choice,idiom:生龙活虎,生龙活虎,meaning_choice,upper,"{""choices"": [""天空一片晴朗"", ""把东西完好无损地归还原主"", ""含有动物的成语"", ""非常安静""]}"
idiom,L3,,含有动物的成语（四字）,笨鸟先飞,成语;动物;小升初高频,小学成语培优全书·教辅常见,idiom-l2-0378,idiom:笨鸟先飞,recite,idiom:笨鸟先飞,笨鸟先飞,recite,all,
idiom,L3,,下面的写法对不对？,错,成语;动物;小升初高频,小学成语培优全书·教辅常见,idiom-l2-0378:char_judge,idiom:笨鸟先飞,char_judge,idiom:笨鸟先飞,笨鸟先飞,char_judge,lower,"{""display"": ""笨鸟先甲""}"
idiom,L3,,「笨鸟先飞」的意思是？,含有动物的成语,成语;动物;小升初高频,小学成语培优全书·教辅常见,idiom-l2-0378:meaning_choice,idiom:笨鸟先飞,meaning_choice,idiom:笨鸟先飞,笨鸟先飞,meaning_choice,upper,"{""choices"": [""含有动物的成语"", ""经历过很多艰苦"", ""疑神疑鬼，自己吓自己"", ""自己控制不住感情""]}"
idiom,L3,,含有动物的成语（四字）,笼中之鸟,成语;动物;小升初高频,小学成语培优全书·教辅常见,idiom-l2-0379,idiom:笼中之鸟,recite,idiom:笼中之鸟,笼中之鸟,recite,all,
idiom,L3,,下面的写法对不对？,错,成语;动物;小升初高频,小学成语培优全书·教辅常见,idiom-l2-0379:char_judge,idiom:笼中之鸟,char_judge,idiom:笼中之鸟,笼中之鸟,char_judge,lower,"{""display"": ""笼中之甲""}"
idiom,L3,,「笼中之鸟」的意思是？,含有动物的成语,成语;动物;小升初高频,小学成语培优全书·教辅常见,idiom-l2-0379:meaning_choice,idiom:笼中之鸟,meaning_choice,idiom:笼中之鸟,笼中之鸟,meaning_choice,upper,"{""choices"": [""含有动物的成语"", ""眼睛明亮、牙齿洁白"", ""描写春天的成语"", ""不慌不忙""]}"
idiom,L3,,含有动物的成语（四字）,缘木求鱼,成语;动物;小升初高频,小学成语培优全书·教辅常见,idiom-l2-0380,idiom:缘木求鱼,recite,idiom:缘木求鱼,缘木求鱼,recite,all,
idiom,L3,,下面的写法对不对？,错,成语;动物;小升初高频,小学成语培优全书·教辅常见,idiom-l2-0380:char_judge,idiom:缘木求鱼,char_judge,idiom:缘木求鱼,缘木求鱼,char_judge,lower,"{""display"": ""甲木求鱼""}"
idiom,L3,,「缘木求鱼」的意思是？,含有动物的成语,成语;动物;小升初高频,小学成语培优全书·教辅常见,idiom-l2-0380:meaning_choice,idiom:缘木求鱼,meaning_choice,idiom:缘木求鱼,缘木求鱼,meaning_choice,upper,"{""choices"": [""含有动物的成语"", ""描写景物的成语"", ""春天回来了，大地苏醒"", ""大声地笑""]}"
idiom,L3,,含有动物的成语（四字）,老马识途,成语;动物;小升初高频,小学成语培优全书·教辅常见,idiom-l2-0382,idiom:老马识途,recite,idiom:老马识途,老马识途,recite,all,
idiom,L3,,下面的写法对不对？,错,成语;动物;小升初高频,小学成语培优全书·教辅常见,idiom-l2-0382:char_judge,idiom:老马识途,char_judge,idiom:老马识途,老马识途,char_judge,lower,"{""display"": ""老甲识途""}"
idiom,L3,,「老马识途」的意思是？,含有动物的成语,成语;动物;小升初高频,小学成语培优全书·教辅常见,idiom-l2-0382:meaning_choice,idiom:老马识途,meaning_choice,idiom:老马识途,老马识途,meaning_choice,upper,"{""choices"": [""五官清秀好看"", ""含有动物的成语"", ""含有数字的成语"", ""含有数字的成语""]}"
idiom,L3,,含有动物的成语（四字）,葬身鱼腹,成语;动物;小升初高频,小学成语培优全书·教辅常见,idiom-l2-0383,idiom:葬身鱼腹,recite,idiom:葬身鱼腹,葬身鱼腹,recite,all,
idiom,L3,,下面的写法对不对？,对,成语;动物;小升初高频,小学成语培优全书·教辅常见,idiom-l2-0383:char_judge,idiom:葬身鱼腹,char_judge,idiom:葬身鱼腹,葬身鱼腹,char_judge,lower,"{""display"": ""葬身鱼腹""}"
idiom,L3,,「葬身鱼腹」的意思是？,含有动物的成语,成语;动物;小升初高频,小学成语培优全书·教辅常见,idiom-l2-0383:meaning_choice,idiom:葬身鱼腹,meaning_choice,idiom:葬身鱼腹,葬身鱼腹,meaning_choice,upper,"{""choices"": [""借别人的威势吓唬人"", ""含有动物的成语"", ""看惯了，不觉得奇怪"", ""心里早有了主意""]}"
idiom,L3,,含有动物的成语（四字）,虎头蛇尾,成语;动物;小升初高频,小学成语培优全书·教辅常见,idiom-l2-0384,idiom:虎头蛇尾,recite,idiom:虎头蛇尾,虎头蛇尾,recite,all,
idiom,L3,,下面的写法对不对？,错,成语;动物;小升初高频,小学成语培优全书·教辅常见,idiom-l2-0384:char_judge,idiom:虎头蛇尾,char_judge,idiom:虎头蛇尾,虎头蛇尾,char_judge,lower,"{""display"": ""甲头蛇尾""}"
idiom,L3,,「虎头蛇尾」的意思是？,含有动物的成语,成语;动物;小升初高频,小学成语培优全书·教辅常见,idiom-l2-0384:meaning_choice,idiom:虎头蛇尾,meaning_choice,idiom:虎头蛇尾,虎头蛇尾,meaning_choice,upper,"{""choices"": [""颜色很多"", ""含有动物的成语"", ""自以为了不起的样子"", ""一下子明白过来""]}"
idiom,L3,,含有动物的成语（四字）,虎背熊腰,成语;动物;小升初高频,小学成语培优全书·教辅常见,idiom-l2-0385,idiom:虎背熊腰,recite,idiom:虎背熊腰,虎背熊腰,recite,all,
idiom,L3,,下面的写法对不对？,错,成语;动物;小升初高频,小学成语培优全书·教辅常见,idiom-l2-0385:char_judge,idiom:虎背熊腰,char_judge,idiom:虎背熊腰,虎背熊腰,char_judge,lower,"{""display"": ""甲背熊腰""}"
idiom,L3,,「虎背熊腰」的意思是？,含有动物的成语,成语;动物;小升初高频,小学成语培优全书·教辅常见,idiom-l2-0385:meaning_choice,idiom:虎背熊腰,meaning_choice,idiom:虎背熊腰,虎背熊腰,meaning_choice,upper,"{""choices"": [""关键处一点就使整体生动"", ""与学习有关的成语"", ""含有动物的成语"", ""本领很大，像能驾着云雾飞""]}"
idiom,L3,,含有动物的成语（四字）,蛇蝎心肠,成语;动物;小升初高频,小学成语培优全书·教辅常见,idiom-l2-0386,idiom:蛇蝎心肠,recite,idiom:蛇蝎心肠,蛇蝎心肠,recite,all,
idiom,L3,,下面的写法对不对？,错,成语;动物;小升初高频,小学成语培优全书·教辅常见,idiom-l2-0386:char_judge,idiom:蛇蝎心肠,char_judge,idiom:蛇蝎心肠,蛇蝎心肠,char_judge,lower,"{""display"": ""蛇蝎必肠""}"
idiom,L3,,「蛇蝎心肠」的意思是？,含有动物的成语,成语;动物;小升初高频,小学成语培优全书·教辅常见,idiom-l2-0386:meaning_choice,idiom:蛇蝎心肠,meaning_choice,idiom:蛇蝎心肠,蛇蝎心肠,meaning_choice,upper,"{""choices"": [""含有动物的成语"", ""急得不能再等"", ""气势很大、规模很大"", ""人声嘈杂得像开了锅""]}"
idiom,L3,,含有动物的成语（四字）,蛛丝马迹,成语;动物;小升初高频,小学成语培优全书·教辅常见,idiom-l2-0387,idiom:蛛丝马迹,recite,idiom:蛛丝马迹,蛛丝马迹,recite,all,
idiom,L3,,下面的写法对不对？,对,成语;动物;小升初高频,小学成语培优全书·教辅常见,idiom-l2-0387:char_judge,idiom:蛛丝马迹,char_judge,idiom:蛛丝马迹,蛛丝马迹,char_judge,lower,"{""display"": ""蛛丝马迹""}"
idiom,L3,,「蛛丝马迹」的意思是？,含有动物的成语,成语;动物;小升初高频,小学成语培优全书·教辅常见,idiom-l2-0387:meaning_choice,idiom:蛛丝马迹,meaning_choice,idiom:蛛丝马迹,蛛丝马迹,meaning_choice,upper,"{""choices"": [""果实结得很多"", ""计谋非常高明"", ""含有动物的成语"", ""不加咀嚼地整吞，比喻不求甚解""]}"
idiom,L3,,含有动物的成语（四字）,蜂拥而至,成语;动物;小升初高频,小学成语培优全书·教辅常见,idiom-l2-0388,idiom:蜂拥而至,recite,idiom:蜂拥而至,蜂拥而至,recite,all,
idiom,L3,,下面的写法对不对？,对,成语;动物;小升初高频,小学成语培优全书·教辅常见,idiom-l2-0388:char_judge,idiom:蜂拥而至,char_judge,idiom:蜂拥而至,蜂拥而至,char_judge,lower,"{""display"": ""蜂拥而至""}"
idiom,L3,,「蜂拥而至」的意思是？,含有动物的成语,成语;动物;小升初高频,小学成语培优全书·教辅常见,idiom-l2-0388:meaning_choice,idiom:蜂拥而至,meaning_choice,idiom:蜂拥而至,蜂拥而至,meaning_choice,upper,"{""choices"": [""含有动物的成语"", ""含有数字的成语"", ""不止一个，还有配对的"", ""自然界最美的声音""]}"
idiom,L3,,含有动物的成语（四字）,螳螂捕蝉,成语;动物;小升初高频,小学成语培优全书·教辅常见,idiom-l2-0389,idiom:螳螂捕蝉,recite,idiom:螳螂捕蝉,螳螂捕蝉,recite,all,
idiom,L3,,下面的写法对不对？,错,成语;动物;小升初高频,小学成语培优全书·教辅常见,idiom-l2-0389:char_judge,idiom:螳螂捕蝉,char_judge,idiom:螳螂捕蝉,螳螂捕蝉,char_judge,lower,"{""display"": ""甲螂捕蝉""}"
idiom,L3,,「螳螂捕蝉」的意思是？,含有动物的成语,成语;动物;小升初高频,小学成语培优全书·教辅常见,idiom-l2-0389:meaning_choice,idiom:螳螂捕蝉,meaning_choice,idiom:螳螂捕蝉,螳螂捕蝉,meaning_choice,upper,"{""choices"": [""嘴里很干"", ""死得有意义、有价值"", ""含有动物的成语"", ""没有真本事却混在里面""]}"
idiom,L3,,含有动物的成语（四字）,金蝉脱壳,成语;动物;小升初高频,小学成语培优全书·教辅常见,idiom-l2-0390,idiom:金蝉脱壳,recite,idiom:金蝉脱壳,金蝉脱壳,recite,all,
idiom,L3,,下面的写法对不对？,对,成语;动物;小升初高频,小学成语培优全书·教辅常见,idiom-l2-0390:char_judge,idiom:金蝉脱壳,char_judge,idiom:金蝉脱壳,金蝉脱壳,char_judge,lower,"{""display"": ""金蝉脱壳""}"
idiom,L3,,「金蝉脱壳」的意思是？,含有动物的成语,成语;动物;小升初高频,小学成语培优全书·教辅常见,idiom-l2-0390:meaning_choice,idiom:金蝉脱壳,meaning_choice,idiom:金蝉脱壳,金蝉脱壳,meaning_choice,upper,"{""choices"": [""一会儿看得见一会儿看不见"", ""样子很庄重认真"", ""侥幸逃脱的人"", ""含有动物的成语""]}"
idiom,L3,,含有动物的成语（四字）,闻鸡起舞,成语;动物;小升初高频,小学成语培优全书·教辅常见,idiom-l2-0391,idiom:闻鸡起舞,recite,idiom:闻鸡起舞,闻鸡起舞,recite,all,
idiom,L3,,下面的写法对不对？,错,成语;动物;小升初高频,小学成语培优全书·教辅常见,idiom-l2-0391:char_judge,idiom:闻鸡起舞,char_judge,idiom:闻鸡起舞,闻鸡起舞,char_judge,lower,"{""display"": ""闻甲起舞""}"
idiom,L3,,「闻鸡起舞」的意思是？,含有动物的成语,成语;动物;小升初高频,小学成语培优全书·教辅常见,idiom-l2-0391:meaning_choice,idiom:闻鸡起舞,meaning_choice,idiom:闻鸡起舞,闻鸡起舞,meaning_choice,upper,"{""choices"": [""人非常多"", ""ABCC 结构的成语"", ""心里早有了主意"", ""含有动物的成语""]}"
idiom,L3,,含有动物的成语（四字）,马不停蹄,成语;动物;小升初高频,小学成语培优全书·教辅常见,idiom-l2-0392,idiom:马不停蹄,recite,idiom:马不停蹄,马不停蹄,recite,all,
idiom,L3,,下面的写法对不对？,错,成语;动物;小升初高频,小学成语培优全书·教辅常见,idiom-l2-0392:char_judge,idiom:马不停蹄,char_judge,idiom:马不停蹄,马不停蹄,char_judge,lower,"{""display"": ""甲不停蹄""}"
idiom,L3,,「马不停蹄」的意思是？,含有动物的成语,成语;动物;小升初高频,小学成语培优全书·教辅常见,idiom-l2-0392:meaning_choice,idiom:马不停蹄,meaning_choice,idiom:马不停蹄,马不停蹄,meaning_choice,upper,"{""choices"": [""很得意、很有精神的样子"", ""什么都伤害不了"", ""周围各个方向"", ""含有动物的成语""]}"
idiom,L3,,含有动物的成语（四字）,马到成功,成语;动物;小升初高频,小学成语培优全书·教辅常见,idiom-l2-0393,idiom:马到成功,recite,idiom:马到成功,马到成功,recite,all,
idiom,L3,,下面的写法对不对？,对,成语;动物;小升初高频,小学成语培优全书·教辅常见,idiom-l2-0393:char_judge,idiom:马到成功,char_judge,idiom:马到成功,马到成功,char_judge,lower,"{""display"": ""马到成功""}"
idiom,L3,,「马到成功」的意思是？,含有动物的成语,成语;动物;小升初高频,小学成语培优全书·教辅常见,idiom-l2-0393:meaning_choice,idiom:马到成功,meaning_choice,idiom:马到成功,马到成功,meaning_choice,upper,"{""choices"": [""一会儿看得见一会儿看不见"", ""含有动物的成语"", ""大声地笑"", ""树林层层变色""]}"
idiom,L3,,含有动物的成语（四字）,马革裹尸,成语;动物;小升初高频,小学成语培优全书·教辅常见,idiom-l2-0394,idiom:马革裹尸,recite,idiom:马革裹尸,马革裹尸,recite,all,
idiom,L3,,下面的写法对不对？,错,成语;动物;小升初高频,小学成语培优全书·教辅常见,idiom-l2-0394:char_judge,idiom:马革裹尸,char_judge,idiom:马革裹尸,马革裹尸,char_judge,lower,"{""display"": ""马革甲尸""}"
idiom,L3,,「马革裹尸」的意思是？,含有动物的成语,成语;动物;小升初高频,小学成语培优全书·教辅常见,idiom-l2-0394:meaning_choice,idiom:马革裹尸,meaning_choice,idiom:马革裹尸,马革裹尸,meaning_choice,upper,"{""choices"": [""含有动物的成语"", ""身材修长美丽"", ""著名的高山和大河"", ""形象生动得像活的一样""]}"
idiom,L3,,含有动物的成语（四字）,鱼目混珠,成语;动物;小升初高频,小学成语培优全书·教辅常见,idiom-l2-0395,idiom:鱼目混珠,recite,idiom:鱼目混珠,鱼目混珠,recite,all,
idiom,L3,,下面的写法对不对？,对,成语;动物;小升初高频,小学成语培优全书·教辅常见,idiom-l2-0395:char_judge,idiom:鱼目混珠,char_judge,idiom:鱼目混珠,鱼目混珠,char_judge,lower,"{""display"": ""鱼目混珠""}"
idiom,L3,,「鱼目混珠」的意思是？,含有动物的成语,成语;动物;小升初高频,小学成语培优全书·教辅常见,idiom-l2-0395:meaning_choice,idiom:鱼目混珠,meaning_choice,idiom:鱼目混珠,鱼目混珠,meaning_choice,upper,"{""choices"": [""不止一个，还有配对的"", ""自己骗自己"", ""含有动物的成语"", ""一点儿也不马虎""]}"
idiom,L3,,含有动物的成语（四字）,鸡毛蒜皮,成语;动物;小升初高频,小学成语培优全书·教辅常见,idiom-l2-0396,idiom:鸡毛蒜皮,recite,idiom:鸡毛蒜皮,鸡毛蒜皮,recite,all,
idiom,L3,,下面的写法对不对？,对,成语;动物;小升初高频,小学成语培优全书·教辅常见,idiom-l2-0396:char_judge,idiom:鸡毛蒜皮,char_judge,idiom:鸡毛蒜皮,鸡毛蒜皮,char_judge,lower,"{""display"": ""鸡毛蒜皮""}"
idiom,L3,,「鸡毛蒜皮」的意思是？,含有动物的成语,成语;动物;小升初高频,小学成语培优全书·教辅常见,idiom-l2-0396:meaning_choice,idiom:鸡毛蒜皮,meaning_choice,idiom:鸡毛蒜皮,鸡毛蒜皮,meaning_choice,upper,"{""choices"": [""没有真本事却混在里面"", ""含有动物的成语"", ""书一直拿在手里，非常爱读"", ""鸡叫狗叫形容喧闹""]}"
idiom,L3,,含有动物的成语（四字）,鸡犬不宁,成语;动物;小升初高频,小学成语培优全书·教辅常见,idiom-l2-0397,idiom:鸡犬不宁,recite,idiom:鸡犬不宁,鸡犬不宁,recite,all,
idiom,L3,,下面的写法对不对？,对,成语;动物;小升初高频,小学成语培优全书·教辅常见,idiom-l2-0397:char_judge,idiom:鸡犬不宁,char_judge,idiom:鸡犬不宁,鸡犬不宁,char_judge,lower,"{""display"": ""鸡犬不宁""}"
idiom,L3,,「鸡犬不宁」的意思是？,含有动物的成语,成语;动物;小升初高频,小学成语培优全书·教辅常见,idiom-l2-0397:meaning_choice,idiom:鸡犬不宁,meaning_choice,idiom:鸡犬不宁,鸡犬不宁,meaning_choice,upper,"{""choices"": [""全国各地，四面八方"", ""心里早有了主意"", ""含有动物的成语"", ""刻苦学习，不敢打瞌睡""]}"
idiom,L3,,含有动物的成语（四字）,鸡零狗碎,成语;动物;小升初高频,小学成语培优全书·教辅常见,idiom-l2-0398,idiom:鸡零狗碎,recite,idiom:鸡零狗碎,鸡零狗碎,recite,all,
idiom,L3,,下面的写法对不对？,错,成语;动物;小升初高频,小学成语培优全书·教辅常见,idiom-l2-0398:char_judge,idiom:鸡零狗碎,char_judge,idiom:鸡零狗碎,鸡零狗碎,char_judge,lower,"{""display"": ""鸡零狗甲""}"
idiom,L3,,「鸡零狗碎」的意思是？,含有动物的成语,成语;动物;小升初高频,小学成语培优全书·教辅常见,idiom-l2-0398:meaning_choice,idiom:鸡零狗碎,meaning_choice,idiom:鸡零狗碎,鸡零狗碎,meaning_choice,upper,"{""choices"": [""含有动物的成语"", ""自己骗自己"", ""与时间有关的成语"", ""与时间有关的成语""]}"
idiom,L3,,含有动物的成语（四字）,鸡飞狗跳,成语;动物;小升初高频,小学成语培优全书·教辅常见,idiom-l2-0399,idiom:鸡飞狗跳,recite,idiom:鸡飞狗跳,鸡飞狗跳,recite,all,
idiom,L3,,下面的写法对不对？,对,成语;动物;小升初高频,小学成语培优全书·教辅常见,idiom-l2-0399:char_judge,idiom:鸡飞狗跳,char_judge,idiom:鸡飞狗跳,鸡飞狗跳,char_judge,lower,"{""display"": ""鸡飞狗跳""}"
idiom,L3,,「鸡飞狗跳」的意思是？,含有动物的成语,成语;动物;小升初高频,小学成语培优全书·教辅常见,idiom-l2-0399:meaning_choice,idiom:鸡飞狗跳,meaning_choice,idiom:鸡飞狗跳,鸡飞狗跳,meaning_choice,upper,"{""choices"": [""含有动物的成语"", ""一下子明白过来"", ""全部显露出来，什么也藏不住"", ""样子很庄重认真""]}"
idiom,L3,,含有动物的成语（四字）,鸡飞蛋打,成语;动物;小升初高频,小学成语培优全书·教辅常见,idiom-l3-0400,idiom:鸡飞蛋打,recite,idiom:鸡飞蛋打,鸡飞蛋打,recite,all,
idiom,L3,,下面的写法对不对？,对,成语;动物;小升初高频,小学成语培优全书·教辅常见,idiom-l3-0400:char_judge,idiom:鸡飞蛋打,char_judge,idiom:鸡飞蛋打,鸡飞蛋打,char_judge,lower,"{""display"": ""鸡飞蛋打""}"
idiom,L3,,「鸡飞蛋打」的意思是？,含有动物的成语,成语;动物;小升初高频,小学成语培优全书·教辅常见,idiom-l3-0400:meaning_choice,idiom:鸡飞蛋打,meaning_choice,idiom:鸡飞蛋打,鸡飞蛋打,meaning_choice,upper,"{""choices"": [""特别容易被人看见"", ""大得看不到边"", ""没有精神"", ""含有动物的成语""]}"
idiom,L3,,含有动物的成语（四字）,鹤立鸡群,成语;动物;小升初高频,小学成语培优全书·教辅常见,idiom-l3-0401,idiom:鹤立鸡群,recite,idiom:鹤立鸡群,鹤立鸡群,recite,all,
idiom,L3,,下面的写法对不对？,对,成语;动物;小升初高频,小学成语培优全书·教辅常见,idiom-l3-0401:char_judge,idiom:鹤立鸡群,char_judge,idiom:鹤立鸡群,鹤立鸡群,char_judge,lower,"{""display"": ""鹤立鸡群""}"
idiom,L3,,「鹤立鸡群」的意思是？,含有动物的成语,成语;动物;小升初高频,小学成语培优全书·教辅常见,idiom-l3-0401:meaning_choice,idiom:鹤立鸡群,meaning_choice,idiom:鹤立鸡群,鹤立鸡群,meaning_choice,upper,"{""choices"": [""这边看看那边看看"", ""色彩繁多"", ""冰和雪化了"", ""含有动物的成语""]}"
idiom,L3,,含有动物的成语（四字）,鼠目寸光,成语;动物;小升初高频,小学成语培优全书·教辅常见,idiom-l3-0402,idiom:鼠目寸光,recite,idiom:鼠目寸光,鼠目寸光,recite,all,
idiom,L3,,下面的写法对不对？,错,成语;动物;小升初高频,小学成语培优全书·教辅常见,idiom-l3-0402:char_judge,idiom:鼠目寸光,char_judge,idiom:鼠目寸光,鼠目寸光,char_judge,lower,"{""display"": ""鼠目甲光""}"
idiom,L3,,「鼠目寸光」的意思是？,含有动物的成语,成语;动物;小升初高频,小学成语培优全书·教辅常见,idiom-l3-0402:meaning_choice,idiom:鼠目寸光,meaning_choice,idiom:鼠目寸光,鼠目寸光,meaning_choice,upper,"{""choices"": [""含有动物的成语"", ""生活在优裕的环境里"", ""ABCC 结构的成语"", ""ABCC 结构的成语""]}"
idiom,L3,,含有动物的成语（四字）,龙争虎斗,成语;动物;小升初高频,小学成语培优全书·教辅常见,idiom-l3-0403,idiom:龙争虎斗,recite,idiom:龙争虎斗,龙争虎斗,recite,all,
idiom,L3,,下面的写法对不对？,错,成语;动物;小升初高频,小学成语培优全书·教辅常见,idiom-l3-0403:char_judge,idiom:龙争虎斗,char_judge,idiom:龙争虎斗,龙争虎斗,char_judge,lower,"{""display"": ""龙争虎甲""}"
idiom,L3,,「龙争虎斗」的意思是？,含有动物的成语,成语;动物;小升初高频,小学成语培优全书·教辅常见,idiom-l3-0403:meaning_choice,idiom:龙争虎斗,meaning_choice,idiom:龙争虎斗,龙争虎斗,meaning_choice,upper,"{""choices"": [""气势像高山大河一样雄伟"", ""闪电打雷"", ""含有动物的成语"", ""受过惊吓后非常害怕""]}"
idiom,L3,,含有动物的成语（四字）,龙腾虎跃,成语;动物;小升初高频,小学成语培优全书·教辅常见,idiom-l3-0404,idiom:龙腾虎跃,recite,idiom:龙腾虎跃,龙腾虎跃,recite,all,
idiom,L3,,下面的写法对不对？,对,成语;动物;小升初高频,小学成语培优全书·教辅常见,idiom-l3-0404:char_judge,idiom:龙腾虎跃,char_judge,idiom:龙腾虎跃,龙腾虎跃,char_judge,lower,"{""display"": ""龙腾虎跃""}"
idiom,L3,,「龙腾虎跃」的意思是？,含有动物的成语,成语;动物;小升初高频,小学成语培优全书·教辅常见,idiom-l3-0404:meaning_choice,idiom:龙腾虎跃,meaning_choice,idiom:龙腾虎跃,龙腾虎跃,meaning_choice,upper,"{""choices"": [""含有动物的成语"", ""非常安静"", ""说话直截了当，一下子说到要害"", ""头发散乱""]}"
idiom,L3,,含有动物的成语（四字）,龙马精神,成语;动物;小升初高频,小学成语培优全书·教辅常见,idiom-l3-0405,idiom:龙马精神,recite,idiom:龙马精神,龙马精神,recite,all,
idiom,L3,,下面的写法对不对？,错,成语;动物;小升初高频,小学成语培优全书·教辅常见,idiom-l3-0405:char_judge,idiom:龙马精神,char_judge,idiom:龙马精神,龙马精神,char_judge,lower,"{""display"": ""龙马甲神""}"
idiom,L3,,「龙马精神」的意思是？,含有动物的成语,成语;动物;小升初高频,小学成语培优全书·教辅常见,idiom-l3-0405:meaning_choice,idiom:龙马精神,meaning_choice,idiom:龙马精神,龙马精神,meaning_choice,upper,"{""choices"": [""万物重新生长"", ""累得一点力气也没有"", ""含有动物的成语"", ""著名的高山和大河""]}"
idiom,L3,,形容艺术水平的成语（四字）,出神入化,成语;艺术;小升初高频,小学成语培优全书·教辅常见,idiom-l2-0406,idiom:出神入化,recite,idiom:出神入化,出神入化,recite,all,
idiom,L3,,下面的写法对不对？,对,成语;艺术;小升初高频,小学成语培优全书·教辅常见,idiom-l2-0406:char_judge,idiom:出神入化,char_judge,idiom:出神入化,出神入化,char_judge,lower,"{""display"": ""出神入化""}"
idiom,L3,,「出神入化」的意思是？,形容艺术水平的成语,成语;艺术;小升初高频,小学成语培优全书·教辅常见,idiom-l2-0406:meaning_choice,idiom:出神入化,meaning_choice,idiom:出神入化,出神入化,meaning_choice,upper,"{""choices"": [""高兴得自己都受不住"", ""形容艺术水平的成语"", ""个子小但精明强干"", ""样子很庄重认真""]}"
idiom,L3,,形容艺术水平的成语（四字）,炉火纯青,成语;艺术;小升初高频,小学成语培优全书·教辅常见,idiom-l2-0407,idiom:炉火纯青,recite,idiom:炉火纯青,炉火纯青,recite,all,
idiom,L3,,下面的写法对不对？,错,成语;艺术;小升初高频,小学成语培优全书·教辅常见,idiom-l2-0407:char_judge,idiom:炉火纯青,char_judge,idiom:炉火纯青,炉火纯青,char_judge,lower,"{""display"": ""炉甲纯青""}"
idiom,L3,,「炉火纯青」的意思是？,形容艺术水平的成语,成语;艺术;小升初高频,小学成语培优全书·教辅常见,idiom-l2-0407:meaning_choice,idiom:炉火纯青,meaning_choice,idiom:炉火纯青,炉火纯青,meaning_choice,upper,"{""choices"": [""走路不稳，跌跌撞撞"", ""称心如意、神气十足"", ""文笔非常出色"", ""形容艺术水平的成语""]}"
idiom,L3,,出自历史故事的成语（四字）,三顾茅庐,成语;历史;小升初高频,小学成语培优全书·教辅常见,idiom-l3-0408,idiom:三顾茅庐,recite,idiom:三顾茅庐,三顾茅庐,recite,all,
idiom,L3,,下面的写法对不对？,对,成语;历史;小升初高频,小学成语培优全书·教辅常见,idiom-l3-0408:char_judge,idiom:三顾茅庐,char_judge,idiom:三顾茅庐,三顾茅庐,char_judge,lower,"{""display"": ""三顾茅庐""}"
idiom,L3,,「三顾茅庐」的意思是？,出自历史故事的成语,成语;历史;小升初高频,小学成语培优全书·教辅常见,idiom-l3-0408:meaning_choice,idiom:三顾茅庐,meaning_choice,idiom:三顾茅庐,三顾茅庐,meaning_choice,upper,"{""choices"": [""计谋非常高明"", ""出自历史故事的成语"", ""没有烦恼"", ""气势像高山大河一样雄伟""]}"
idiom,L3,,出自历史故事的成语（四字）,卧薪尝胆,成语;历史;小升初高频,小学成语培优全书·教辅常见,idiom-l3-0409,idiom:卧薪尝胆,recite,idiom:卧薪尝胆,卧薪尝胆,recite,all,
idiom,L3,,下面的写法对不对？,对,成语;历史;小升初高频,小学成语培优全书·教辅常见,idiom-l3-0409:char_judge,idiom:卧薪尝胆,char_judge,idiom:卧薪尝胆,卧薪尝胆,char_judge,lower,"{""display"": ""卧薪尝胆""}"
idiom,L3,,「卧薪尝胆」的意思是？,出自历史故事的成语,成语;历史;小升初高频,小学成语培优全书·教辅常见,idiom-l3-0409:meaning_choice,idiom:卧薪尝胆,meaning_choice,idiom:卧薪尝胆,卧薪尝胆,meaning_choice,upper,"{""choices"": [""出自历史故事的成语"", ""侥幸逃脱的人"", ""为不必担心的事发愁"", ""十分担心害怕""]}"
idiom,L3,,出自历史故事的成语（四字）,四面楚歌,成语;历史;小升初高频,小学成语培优全书·教辅常见,idiom-l3-0410,idiom:四面楚歌,recite,idiom:四面楚歌,四面楚歌,recite,all,
idiom,L3,,下面的写法对不对？,错,成语;历史;小升初高频,小学成语培优全书·教辅常见,idiom-l3-0410:char_judge,idiom:四面楚歌,char_judge,idiom:四面楚歌,四面楚歌,char_judge,lower,"{""display"": ""四面楚甲""}"
idiom,L3,,「四面楚歌」的意思是？,出自历史故事的成语,成语;历史;小升初高频,小学成语培优全书·教辅常见,idiom-l3-0410:meaning_choice,idiom:四面楚歌,meaning_choice,idiom:四面楚歌,四面楚歌,meaning_choice,upper,"{""choices"": [""出自历史故事的成语"", ""人民没法生活下去"", ""称心如意、神气十足"", ""脸和耳朵都红了""]}"
idiom,L3,,出自历史故事的成语（四字）,指鹿为马,成语;历史;小升初高频,小学成语培优全书·教辅常见,idiom-l3-0412,idiom:指鹿为马,recite,idiom:指鹿为马,指鹿为马,recite,all,
idiom,L3,,下面的写法对不对？,错,成语;历史;小升初高频,小学成语培优全书·教辅常见,idiom-l3-0412:char_judge,idiom:指鹿为马,char_judge,idiom:指鹿为马,指鹿为马,char_judge,lower,"{""display"": ""指鹿甲马""}"
idiom,L3,,「指鹿为马」的意思是？,出自历史故事的成语,成语;历史;小升初高频,小学成语培优全书·教辅常见,idiom-l3-0412:meaning_choice,idiom:指鹿为马,meaning_choice,idiom:指鹿为马,指鹿为马,meaning_choice,upper,"{""choices"": [""吓得或急得没了主意"", ""百姓生活在极端困苦中"", ""出自历史故事的成语"", ""找出事物的根由""]}"
idiom,L3,,出自历史故事的成语（四字）,毛遂自荐,成语;历史;小升初高频,小学成语培优全书·教辅常见,idiom-l3-0413,idiom:毛遂自荐,recite,idiom:毛遂自荐,毛遂自荐,recite,all,
idiom,L3,,下面的写法对不对？,对,成语;历史;小升初高频,小学成语培优全书·教辅常见,idiom-l3-0413:char_judge,idiom:毛遂自荐,char_judge,idiom:毛遂自荐,毛遂自荐,char_judge,lower,"{""display"": ""毛遂自荐""}"
idiom,L3,,「毛遂自荐」的意思是？,出自历史故事的成语,成语;历史;小升初高频,小学成语培优全书·教辅常见,idiom-l3-0413:meaning_choice,idiom:毛遂自荐,meaning_choice,idiom:毛遂自荐,毛遂自荐,meaning_choice,upper,"{""choices"": [""人声嘈杂得像开了锅"", ""天空高远，云很淡"", ""出自历史故事的成语"", ""家庭毁了，人也没了""]}"
idiom,L3,,出自历史故事的成语（四字）,破釜沉舟,成语;历史;小升初高频,小学成语培优全书·教辅常见,idiom-l3-0414,idiom:破釜沉舟,recite,idiom:破釜沉舟,破釜沉舟,recite,all,
idiom,L3,,下面的写法对不对？,错,成语;历史;小升初高频,小学成语培优全书·教辅常见,idiom-l3-0414:char_judge,idiom:破釜沉舟,char_judge,idiom:破釜沉舟,破釜沉舟,char_judge,lower,"{""display"": ""破甲沉舟""}"
idiom,L3,,「破釜沉舟」的意思是？,出自历史故事的成语,成语;历史;小升初高频,小学成语培优全书·教辅常见,idiom-l3-0414:meaning_choice,idiom:破釜沉舟,meaning_choice,idiom:破釜沉舟,破釜沉舟,meaning_choice,upper,"{""choices"": [""主动认错、请求责罚"", ""出自历史故事的成语"", ""很多人或动物聚在一起"", ""人非常多""]}"
idiom,L3,,出自历史故事的成语（四字）,约法三章,成语;历史;小升初高频,小学成语培优全书·教辅常见,idiom-l3-0415,idiom:约法三章,recite,idiom:约法三章,约法三章,recite,all,
idiom,L3,,下面的写法对不对？,错,成语;历史;小升初高频,小学成语培优全书·教辅常见,idiom-l3-0415:char_judge,idiom:约法三章,char_judge,idiom:约法三章,约法三章,char_judge,lower,"{""display"": ""约甲三章""}"
idiom,L3,,「约法三章」的意思是？,出自历史故事的成语,成语;历史;小升初高频,小学成语培优全书·教辅常见,idiom-l3-0415:meaning_choice,idiom:约法三章,meaning_choice,idiom:约法三章,约法三章,meaning_choice,upper,"{""choices"": [""不止一个，还有配对的"", ""出自历史故事的成语"", ""风很轻、雨很细"", ""靠近山、靠近水""]}"
idiom,L3,,出自历史故事的成语（四字）,纸上谈兵,成语;历史;小升初高频,小学成语培优全书·教辅常见,idiom-l3-0416,idiom:纸上谈兵,recite,idiom:纸上谈兵,纸上谈兵,recite,all,
idiom,L3,,下面的写法对不对？,错,成语;历史;小升初高频,小学成语培优全书·教辅常见,idiom-l3-0416:char_judge,idiom:纸上谈兵,char_judge,idiom:纸上谈兵,纸上谈兵,char_judge,lower,"{""display"": ""纸上甲兵""}"
idiom,L3,,「纸上谈兵」的意思是？,出自历史故事的成语,成语;历史;小升初高频,小学成语培优全书·教辅常见,idiom-l3-0416:meaning_choice,idiom:纸上谈兵,meaning_choice,idiom:纸上谈兵,纸上谈兵,meaning_choice,upper,"{""choices"": [""没有办法可想"", ""一直坚持，不放弃"", ""死得有意义、有价值"", ""出自历史故事的成语""]}"
idiom,L3,,出自历史故事的成语（四字）,跃然纸上,成语;历史;小升初高频,小学成语培优全书·教辅常见,idiom-l3-0418,idiom:跃然纸上,recite,idiom:跃然纸上,跃然纸上,recite,all,
idiom,L3,,下面的写法对不对？,错,成语;历史;小升初高频,小学成语培优全书·教辅常见,idiom-l3-0418:char_judge,idiom:跃然纸上,char_judge,idiom:跃然纸上,跃然纸上,char_judge,lower,"{""display"": ""跃甲纸上""}"
idiom,L3,,「跃然纸上」的意思是？,出自历史故事的成语,成语;历史;小升初高频,小学成语培优全书·教辅常见,idiom-l3-0418:meaning_choice,idiom:跃然纸上,meaning_choice,idiom:跃然纸上,跃然纸上,meaning_choice,upper,"{""choices"": [""跃跃欲试、准备动手"", ""出自历史故事的成语"", ""人非常多"", ""含有数字的成语""]}"
idiom,L3,,描写春天的成语（四字）,春光明媚,成语;春天;小升初高频,小学成语培优全书·教辅常见,idiom-l3-0419,idiom:春光明媚,recite,idiom:春光明媚,春光明媚,recite,all,
idiom,L3,,下面的写法对不对？,对,成语;春天;小升初高频,小学成语培优全书·教辅常见,idiom-l3-0419:char_judge,idiom:春光明媚,char_judge,idiom:春光明媚,春光明媚,char_judge,lower,"{""display"": ""春光明媚""}"
idiom,L3,,「春光明媚」的意思是？,描写春天的成语,成语;春天;小升初高频,小学成语培优全书·教辅常见,idiom-l3-0419:meaning_choice,idiom:春光明媚,meaning_choice,idiom:春光明媚,春光明媚,meaning_choice,upper,"{""choices"": [""没有办法可想"", ""色彩又多又好看"", ""吃或听得非常有兴趣"", ""描写春天的成语""]}"
idiom,L3,,描写春天的成语（四字）,春意盎然,成语;春天;小升初高频,小学成语培优全书·教辅常见,idiom-l3-0420,idiom:春意盎然,recite,idiom:春意盎然,春意盎然,recite,all,
idiom,L3,,下面的写法对不对？,错,成语;春天;小升初高频,小学成语培优全书·教辅常见,idiom-l3-0420:char_judge,idiom:春意盎然,char_judge,idiom:春意盎然,春意盎然,char_judge,lower,"{""display"": ""春意盎甲""}"
idiom,L3,,「春意盎然」的意思是？,描写春天的成语,成语;春天;小升初高频,小学成语培优全书·教辅常见,idiom-l3-0420:meaning_choice,idiom:春意盎然,meaning_choice,idiom:春意盎然,春意盎然,meaning_choice,upper,"{""choices"": [""颜色很多"", ""描写春天的成语"", ""描写冬天的成语"", ""万物重新生长""]}"
idiom,L3,,描写春天的成语（四字）,春暖花开,成语;春天;小升初高频,小学成语培优全书·教辅常见,idiom-l3-0421,idiom:春暖花开,recite,idiom:春暖花开,春暖花开,recite,all,
idiom,L3,,下面的写法对不对？,错,成语;春天;小升初高频,小学成语培优全书·教辅常见,idiom-l3-0421:char_judge,idiom:春暖花开,char_judge,idiom:春暖花开,春暖花开,char_judge,lower,"{""display"": ""椿暖花开""}"
idiom,L3,,「春暖花开」的意思是？,描写春天的成语,成语;春天;小升初高频,小学成语培优全书·教辅常见,idiom-l3-0421:meaning_choice,idiom:春暖花开,meaning_choice,idiom:春暖花开,春暖花开,meaning_choice,upper,"{""choices"": [""描写春天的成语"", ""很多花一起开"", ""什么都伤害不了"", ""描写品质的成语""]}"
idiom,L3,,描写春天的成语（四字）,春色满园,成语;春天;小升初高频,小学成语培优全书·教辅常见,idiom-l3-0422,idiom:春色满园,recite,idiom:春色满园,春色满园,recite,all,
idiom,L3,,下面的写法对不对？,对,成语;春天;小升初高频,小学成语培优全书·教辅常见,idiom-l3-0422:char_judge,idiom:春色满园,char_judge,idiom:春色满园,春色满园,char_judge,lower,"{""display"": ""春色满园""}"
idiom,L3,,「春色满园」的意思是？,描写春天的成语,成语;春天;小升初高频,小学成语培优全书·教辅常见,idiom-l3-0422:meaning_choice,idiom:春色满园,meaning_choice,idiom:春色满园,春色满园,meaning_choice,upper,"{""choices"": [""几句话就说完"", ""微风轻轻吹"", ""柳树绿、花儿红"", ""描写春天的成语""]}"
idiom,L3,,描写春天的成语（四字）,春风得意,成语;春天;小升初高频,小学成语培优全书·教辅常见,idiom-l3-0423,idiom:春风得意,recite,idiom:春风得意,春风得意,recite,all,
idiom,L3,,下面的写法对不对？,错,成语;春天;小升初高频,小学成语培优全书·教辅常见,idiom-l3-0423:char_judge,idiom:春风得意,char_judge,idiom:春风得意,春风得意,char_judge,lower,"{""display"": ""春风甲意""}"
idiom,L3,,「春风得意」的意思是？,描写春天的成语,成语;春天;小升初高频,小学成语培优全书·教辅常见,idiom-l3-0423:meaning_choice,idiom:春风得意,meaning_choice,idiom:春风得意,春风得意,meaning_choice,upper,"{""choices"": [""一眼望不到边"", ""人非常多"", ""描写春天的成语"", ""大体很好，还有一点缺憾""]}"
idiom,L3,,描写春天的成语（四字）,杏花春雨,成语;春天;小升初高频,小学成语培优全书·教辅常见,idiom-l3-0424,idiom:杏花春雨,recite,idiom:杏花春雨,杏花春雨,recite,all,
idiom,L3,,下面的写法对不对？,错,成语;春天;小升初高频,小学成语培优全书·教辅常见,idiom-l3-0424:char_judge,idiom:杏花春雨,char_judge,idiom:杏花春雨,杏花春雨,char_judge,lower,"{""display"": ""甲花春雨""}"
idiom,L3,,「杏花春雨」的意思是？,描写春天的成语,成语;春天;小升初高频,小学成语培优全书·教辅常见,idiom-l3-0424:meaning_choice,idiom:杏花春雨,meaning_choice,idiom:杏花春雨,杏花春雨,meaning_choice,upper,"{""choices"": [""无家可归，四处流浪"", ""描写春天的成语"", ""胆子很小"", ""不知该哭还是该笑""]}"
idiom,L3,,描写春天的成语（四字）,桃红柳绿,成语;春天;小升初高频,小学成语培优全书·教辅常见,idiom-l3-0425,idiom:桃红柳绿,recite,idiom:桃红柳绿,桃红柳绿,recite,all,
idiom,L3,,下面的写法对不对？,对,成语;春天;小升初高频,小学成语培优全书·教辅常见,idiom-l3-0425:char_judge,idiom:桃红柳绿,char_judge,idiom:桃红柳绿,桃红柳绿,char_judge,lower,"{""display"": ""桃红柳绿""}"
idiom,L3,,「桃红柳绿」的意思是？,描写春天的成语,成语;春天;小升初高频,小学成语培优全书·教辅常见,idiom-l3-0425:meaning_choice,idiom:桃红柳绿,meaning_choice,idiom:桃红柳绿,桃红柳绿,meaning_choice,upper,"{""choices"": [""自以为了不起的样子"", ""心里急得像火烧"", ""描写春天的成语"", ""有些信、有些不信""]}"
idiom,L3,,描写春天的成语（四字）,满园春色,成语;春天;小升初高频,小学成语培优全书·教辅常见,idiom-l3-0426,idiom:满园春色,recite,idiom:满园春色,满园春色,recite,all,
idiom,L3,,下面的写法对不对？,对,成语;春天;小升初高频,小学成语培优全书·教辅常见,idiom-l3-0426:char_judge,idiom:满园春色,char_judge,idiom:满园春色,满园春色,char_judge,lower,"{""display"": ""满园春色""}"
idiom,L3,,「满园春色」的意思是？,描写春天的成语,成语;春天;小升初高频,小学成语培优全书·教辅常见,idiom-l3-0426:meaning_choice,idiom:满园春色,meaning_choice,idiom:满园春色,满园春色,meaning_choice,upper,"{""choices"": [""描写春天的成语"", ""春天回来了，大地苏醒"", ""含有数字的成语"", ""眼睛手都很快""]}"
idiom,L3,,描写春天的成语（四字）,满面春风,成语;春天;小升初高频,小学成语培优全书·教辅常见,idiom-l3-0427,idiom:满面春风,recite,idiom:满面春风,满面春风,recite,all,
idiom,L3,,下面的写法对不对？,对,成语;春天;小升初高频,小学成语培优全书·教辅常见,idiom-l3-0427:char_judge,idiom:满面春风,char_judge,idiom:满面春风,满面春风,char_judge,lower,"{""display"": ""满面春风""}"
idiom,L3,,「满面春风」的意思是？,描写春天的成语,成语;春天;小升初高频,小学成语培优全书·教辅常见,idiom-l3-0427:meaning_choice,idiom:满面春风,meaning_choice,idiom:满面春风,满面春风,meaning_choice,upper,"{""choices"": [""吃东西又猛又急"", ""描写春天的成语"", ""很想马上试一试"", ""桂花香气飘散""]}"
idiom,L3,,描写春天的成语（四字）,花红柳绿,成语;春天;小升初高频,小学成语培优全书·教辅常见,idiom-l3-0428,idiom:花红柳绿,recite,idiom:花红柳绿,花红柳绿,recite,all,
idiom,L3,,下面的写法对不对？,错,成语;春天;小升初高频,小学成语培优全书·教辅常见,idiom-l3-0428:char_judge,idiom:花红柳绿,char_judge,idiom:花红柳绿,花红柳绿,char_judge,lower,"{""display"": ""甲红柳绿""}"
idiom,L3,,「花红柳绿」的意思是？,描写春天的成语,成语;春天;小升初高频,小学成语培优全书·教辅常见,idiom-l3-0428:meaning_choice,idiom:花红柳绿,meaning_choice,idiom:花红柳绿,花红柳绿,meaning_choice,upper,"{""choices"": [""没想到的好事让人高兴"", ""头摇来摇去，得意或入神"", ""全部显露出来，什么也藏不住"", ""描写春天的成语""]}"
idiom,L3,,描写春天的成语（四字）,草长莺飞,成语;春天;小升初高频,小学成语培优全书·教辅常见,idiom-l3-0429,idiom:草长莺飞,recite,idiom:草长莺飞,草长莺飞,recite,all,
idiom,L3,,下面的写法对不对？,错,成语;春天;小升初高频,小学成语培优全书·教辅常见,idiom-l3-0429:char_judge,idiom:草长莺飞,char_judge,idiom:草长莺飞,草长莺飞,char_judge,lower,"{""display"": ""草长莺甲""}"
idiom,L3,,「草长莺飞」的意思是？,描写春天的成语,成语;春天;小升初高频,小学成语培优全书·教辅常见,idiom-l3-0429:meaning_choice,idiom:草长莺飞,meaning_choice,idiom:草长莺飞,草长莺飞,meaning_choice,upper,"{""choices"": [""急得不能再等"", ""靠近山、靠近水"", ""描写春天的成语"", ""声势或影响极大""]}"
idiom,L3,,描写春天的成语（四字）,雨后春笋,成语;春天;小升初高频,小学成语培优全书·教辅常见,idiom-l3-0430,idiom:雨后春笋,recite,idiom:雨后春笋,雨后春笋,recite,all,
idiom,L3,,下面的写法对不对？,对,成语;春天;小升初高频,小学成语培优全书·教辅常见,idiom-l3-0430:char_judge,idiom:雨后春笋,char_judge,idiom:雨后春笋,雨后春笋,char_judge,lower,"{""display"": ""雨后春笋""}"
idiom,L3,,「雨后春笋」的意思是？,描写春天的成语,成语;春天;小升初高频,小学成语培优全书·教辅常见,idiom-l3-0430:meaning_choice,idiom:雨后春笋,meaning_choice,idiom:雨后春笋,雨后春笋,meaning_choice,upper,"{""choices"": [""吃或听得非常有兴趣"", ""仪表端正、很有气派"", ""文章或动作很流畅"", ""描写春天的成语""]}"
idiom,L3,,描写秋天的成语（四字）,千秋万代,成语;秋天;小升初高频,小学成语培优全书·教辅常见,idiom-l3-0431,idiom:千秋万代,recite,idiom:千秋万代,千秋万代,recite,all,
idiom,L3,,下面的写法对不对？,错,成语;秋天;小升初高频,小学成语培优全书·教辅常见,idiom-l3-0431:char_judge,idiom:千秋万代,char_judge,idiom:千秋万代,千秋万代,char_judge,lower,"{""display"": ""千甲万代""}"
idiom,L3,,「千秋万代」的意思是？,描写秋天的成语,成语;秋天;小升初高频,小学成语培优全书·教辅常见,idiom-l3-0431:meaning_choice,idiom:千秋万代,meaning_choice,idiom:千秋万代,千秋万代,meaning_choice,upper,"{""choices"": [""情绪非常激动"", ""吓得或急得没了主意"", ""描写秋天的成语"", ""累得一点力气也没有""]}"
idiom,L3,,描写秋天的成语（四字）,平分秋色,成语;秋天;小升初高频,小学成语培优全书·教辅常见,idiom-l3-0432,idiom:平分秋色,recite,idiom:平分秋色,平分秋色,recite,all,
idiom,L3,,下面的写法对不对？,错,成语;秋天;小升初高频,小学成语培优全书·教辅常见,idiom-l3-0432:char_judge,idiom:平分秋色,char_judge,idiom:平分秋色,平分秋色,char_judge,lower,"{""display"": ""平分秋甲""}"
idiom,L3,,「平分秋色」的意思是？,描写秋天的成语,成语;秋天;小升初高频,小学成语培优全书·教辅常见,idiom-l3-0432:meaning_choice,idiom:平分秋色,meaning_choice,idiom:平分秋色,平分秋色,meaning_choice,upper,"{""choices"": [""冰和雪化了"", ""描写秋天的成语"", ""描写春天的成语"", ""没有烦恼""]}"
idiom,L3,,描写秋天的成语（四字）,明察秋毫,成语;秋天;小升初高频,小学成语培优全书·教辅常见,idiom-l3-0433,idiom:明察秋毫,recite,idiom:明察秋毫,明察秋毫,recite,all,
idiom,L3,,下面的写法对不对？,错,成语;秋天;小升初高频,小学成语培优全书·教辅常见,idiom-l3-0433:char_judge,idiom:明察秋毫,char_judge,idiom:明察秋毫,明察秋毫,char_judge,lower,"{""display"": ""甲察秋毫""}"
idiom,L3,,「明察秋毫」的意思是？,描写秋天的成语,成语;秋天;小升初高频,小学成语培优全书·教辅常见,idiom-l3-0433:meaning_choice,idiom:明察秋毫,meaning_choice,idiom:明察秋毫,明察秋毫,meaning_choice,upper,"{""choices"": [""美丽得没有谁能比"", ""描写秋天的成语"", ""用萤火虫的光夜里读书"", ""刚哭完又笑了""]}"
idiom,L3,,描写秋天的成语（四字）,秋毫无犯,成语;秋天;小升初高频,小学成语培优全书·教辅常见,idiom-l3-0434,idiom:秋毫无犯,recite,idiom:秋毫无犯,秋毫无犯,recite,all,
idiom,L3,,下面的写法对不对？,错,成语;秋天;小升初高频,小学成语培优全书·教辅常见,idiom-l3-0434:char_judge,idiom:秋毫无犯,char_judge,idiom:秋毫无犯,秋毫无犯,char_judge,lower,"{""display"": ""秋毫天犯""}"
idiom,L3,,「秋毫无犯」的意思是？,描写秋天的成语,成语;秋天;小升初高频,小学成语培优全书·教辅常见,idiom-l3-0434:meaning_choice,idiom:秋毫无犯,meaning_choice,idiom:秋毫无犯,秋毫无犯,meaning_choice,upper,"{""choices"": [""描写秋天的成语"", ""非常安静"", ""像老虎一样盯着，想扑上去"", ""书一直拿在手里，非常爱读""]}"
idiom,L3,,描写秋天的成语（四字）,秋色宜人,成语;秋天;小升初高频,小学成语培优全书·教辅常见,idiom-l3-0435,idiom:秋色宜人,recite,idiom:秋色宜人,秋色宜人,recite,all,
idiom,L3,,下面的写法对不对？,错,成语;秋天;小升初高频,小学成语培优全书·教辅常见,idiom-l3-0435:char_judge,idiom:秋色宜人,char_judge,idiom:秋色宜人,秋色宜人,char_judge,lower,"{""display"": ""甲色宜人""}"
idiom,L3,,「秋色宜人」的意思是？,描写秋天的成语,成语;秋天;小升初高频,小学成语培优全书·教辅常见,idiom-l3-0435:meaning_choice,idiom:秋色宜人,meaning_choice,idiom:秋色宜人,秋色宜人,meaning_choice,upper,"{""choices"": [""急得不能再等"", ""自己骗自己"", ""描写秋天的成语"", ""眼睛明亮、牙齿洁白""]}"
idiom,L3,,描写秋天的成语（四字）,落叶纷飞,成语;秋天;小升初高频,小学成语培优全书·教辅常见,idiom-l3-0436,idiom:落叶纷飞,recite,idiom:落叶纷飞,落叶纷飞,recite,all,
idiom,L3,,下面的写法对不对？,错,成语;秋天;小升初高频,小学成语培优全书·教辅常见,idiom-l3-0436:char_judge,idiom:落叶纷飞,char_judge,idiom:落叶纷飞,落叶纷飞,char_judge,lower,"{""display"": ""落叶甲飞""}"
idiom,L3,,「落叶纷飞」的意思是？,描写秋天的成语,成语;秋天;小升初高频,小学成语培优全书·教辅常见,idiom-l3-0436:meaning_choice,idiom:落叶纷飞,meaning_choice,idiom:落叶纷飞,落叶纷飞,meaning_choice,upper,"{""choices"": [""天空蓝得像洗过一样"", ""描写秋天的成语"", ""说话办事坚决果断"", ""没有真本事却混在里面""]}"
idiom,L3,,描写冬天的成语（四字）,一曝十寒,成语;冬天;小升初高频,小学成语培优全书·教辅常见,idiom-l3-0437,idiom:一曝十寒,recite,idiom:一曝十寒,一曝十寒,recite,all,
idiom,L3,,下面的写法对不对？,错,成语;冬天;小升初高频,小学成语培优全书·教辅常见,idiom-l3-0437:char_judge,idiom:一曝十寒,char_judge,idiom:一曝十寒,一曝十寒,char_judge,lower,"{""display"": ""一曝十甲""}"
idiom,L3,,「一曝十寒」的意思是？,描写冬天的成语,成语;冬天;小升初高频,小学成语培优全书·教辅常见,idiom-l3-0437:meaning_choice,idiom:一曝十寒,meaning_choice,idiom:一曝十寒,一曝十寒,meaning_choice,upper,"{""choices"": [""描写冬天的成语"", ""精神力气都用尽了"", ""名声传到国内外"", ""没有精神""]}"
idiom,L3,,描写冬天的成语（四字）,不寒而栗,成语;冬天;小升初高频,小学成语培优全书·教辅常见,idiom-l3-0438,idiom:不寒而栗,recite,idiom:不寒而栗,不寒而栗,recite,all,
idiom,L3,,下面的写法对不对？,对,成语;冬天;小升初高频,小学成语培优全书·教辅常见,idiom-l3-0438:char_judge,idiom:不寒而栗,char_judge,idiom:不寒而栗,不寒而栗,char_judge,lower,"{""display"": ""不寒而栗""}"
idiom,L3,,「不寒而栗」的意思是？,描写冬天的成语,成语;冬天;小升初高频,小学成语培优全书·教辅常见,idiom-l3-0438:meaning_choice,idiom:不寒而栗,meaning_choice,idiom:不寒而栗,不寒而栗,meaning_choice,upper,"{""choices"": [""描写冬天的成语"", ""自然界最美的声音"", ""无家可归，四处流浪"", ""自己的说法或做法互相冲突""]}"
idiom,L3,,描写冬天的成语（四字）,傲雪凌霜,成语;冬天;小升初高频,小学成语培优全书·教辅常见,idiom-l3-0439,idiom:傲雪凌霜,recite,idiom:傲雪凌霜,傲雪凌霜,recite,all,
idiom,L3,,下面的写法对不对？,对,成语;冬天;小升初高频,小学成语培优全书·教辅常见,idiom-l3-0439:char_judge,idiom:傲雪凌霜,char_judge,idiom:傲雪凌霜,傲雪凌霜,char_judge,lower,"{""display"": ""傲雪凌霜""}"
idiom,L3,,「傲雪凌霜」的意思是？,描写冬天的成语,成语;冬天;小升初高频,小学成语培优全书·教辅常见,idiom-l3-0439:meaning_choice,idiom:傲雪凌霜,meaning_choice,idiom:傲雪凌霜,傲雪凌霜,meaning_choice,upper,"{""choices"": [""眼界很小"", ""头摇来摇去，得意或入神"", ""与学习有关的成语"", ""描写冬天的成语""]}"
idiom,L3,,冰和雪化了（四字）,冰雪融化,成语;冬天;小升初高频,小学成语培优全书·教辅常见,idiom-l1-0011,idiom:冰雪融化,recite,idiom:冰雪融化,冰雪融化,recite,all,
idiom,L3,,下面的写法对不对？,对,成语;冬天;小升初高频,小学成语培优全书·教辅常见,idiom-l1-0011:char_judge,idiom:冰雪融化,char_judge,idiom:冰雪融化,冰雪融化,char_judge,lower,"{""display"": ""冰雪融化""}"
idiom,L3,,「冰雪融化」的意思是？,冰和雪化了,成语;冬天;小升初高频,小学成语培优全书·教辅常见,idiom-l1-0011:meaning_choice,idiom:冰雪融化,meaning_choice,idiom:冰雪融化,冰雪融化,meaning_choice,upper,"{""choices"": [""冰和雪化了"", ""战争造成的混乱"", ""死得有意义、有价值"", ""失去信心，情绪低落""]}"
idiom,L3,,描写冬天的成语（四字）,唇亡齿寒,成语;冬天;小升初高频,小学成语培优全书·教辅常见,idiom-l3-0441,idiom:唇亡齿寒,recite,idiom:唇亡齿寒,唇亡齿寒,recite,all,
idiom,L3,,下面的写法对不对？,对,成语;冬天;小升初高频,小学成语培优全书·教辅常见,idiom-l3-0441:char_judge,idiom:唇亡齿寒,char_judge,idiom:唇亡齿寒,唇亡齿寒,char_judge,lower,"{""display"": ""唇亡齿寒""}"
idiom,L3,,「唇亡齿寒」的意思是？,描写冬天的成语,成语;冬天;小升初高频,小学成语培优全书·教辅常见,idiom-l3-0441:meaning_choice,idiom:唇亡齿寒,meaning_choice,idiom:唇亡齿寒,唇亡齿寒,meaning_choice,upper,"{""choices"": [""秋天天气清爽"", ""一切都换成了新气象"", ""描写冬天的成语"", ""从一片落叶知道秋天到了""]}"
idiom,L3,,描写冬天的成语（四字）,囊萤映雪,成语;冬天;小升初高频,小学成语培优全书·教辅常见,idiom-l3-0442,idiom:囊萤映雪,recite,idiom:囊萤映雪,囊萤映雪,recite,all,
idiom,L3,,下面的写法对不对？,对,成语;冬天;小升初高频,小学成语培优全书·教辅常见,idiom-l3-0442:char_judge,idiom:囊萤映雪,char_judge,idiom:囊萤映雪,囊萤映雪,char_judge,lower,"{""display"": ""囊萤映雪""}"
idiom,L3,,「囊萤映雪」的意思是？,描写冬天的成语,成语;冬天;小升初高频,小学成语培优全书·教辅常见,idiom-l3-0442:meaning_choice,idiom:囊萤映雪,meaning_choice,idiom:囊萤映雪,囊萤映雪,meaning_choice,upper,"{""choices"": [""描摹得十分逼真"", ""自己骗自己"", ""描写冬天的成语"", ""气势使人敬畏""]}"
idiom,L3,,描写冬天的成语（四字）,大雪纷飞,成语;冬天;小升初高频,小学成语培优全书·教辅常见,idiom-l3-0443,idiom:大雪纷飞,recite,idiom:大雪纷飞,大雪纷飞,recite,all,
idiom,L3,,下面的写法对不对？,错,成语;冬天;小升初高频,小学成语培优全书·教辅常见,idiom-l3-0443:char_judge,idiom:大雪纷飞,char_judge,idiom:大雪纷飞,大雪纷飞,char_judge,lower,"{""display"": ""大雪甲飞""}"
idiom,L3,,「大雪纷飞」的意思是？,描写冬天的成语,成语;冬天;小升初高频,小学成语培优全书·教辅常见,idiom-l3-0443:meaning_choice,idiom:大雪纷飞,meaning_choice,idiom:大雪纷飞,大雪纷飞,meaning_choice,upper,"{""choices"": [""描写冬天的成语"", ""说话办事坚决果断"", ""无家可归，四处流浪"", ""本领比别人高一截""]}"
idiom,L3,,描写冬天的成语（四字）,天寒地冻,成语;冬天;小升初高频,小学成语培优全书·教辅常见,idiom-l3-0444,idiom:天寒地冻,recite,idiom:天寒地冻,天寒地冻,recite,all,
idiom,L3,,下面的写法对不对？,错,成语;冬天;小升初高频,小学成语培优全书·教辅常见,idiom-l3-0444:char_judge,idiom:天寒地冻,char_judge,idiom:天寒地冻,天寒地冻,char_judge,lower,"{""display"": ""夭寒地冻""}"
idiom,L3,,「天寒地冻」的意思是？,描写冬天的成语,成语;冬天;小升初高频,小学成语培优全书·教辅常见,idiom-l3-0444:meaning_choice,idiom:天寒地冻,meaning_choice,idiom:天寒地冻,天寒地冻,meaning_choice,upper,"{""choices"": [""果实结得很多"", ""受过惊吓后非常害怕"", ""把东西完好无损地归还原主"", ""描写冬天的成语""]}"
idiom,L3,,描写冬天的成语（四字）,寒气袭人,成语;冬天;小升初高频,小学成语培优全书·教辅常见,idiom-l3-0445,idiom:寒气袭人,recite,idiom:寒气袭人,寒气袭人,recite,all,
idiom,L3,,下面的写法对不对？,对,成语;冬天;小升初高频,小学成语培优全书·教辅常见,idiom-l3-0445:char_judge,idiom:寒气袭人,char_judge,idiom:寒气袭人,寒气袭人,char_judge,lower,"{""display"": ""寒气袭人""}"
idiom,L3,,「寒气袭人」的意思是？,描写冬天的成语,成语;冬天;小升初高频,小学成语培优全书·教辅常见,idiom-l3-0445:meaning_choice,idiom:寒气袭人,meaning_choice,idiom:寒气袭人,寒气袭人,meaning_choice,upper,"{""choices"": [""受过惊吓后非常害怕"", ""说话直截了当，一下子说到要害"", ""描写冬天的成语"", ""气势像高山大河一样雄伟""]}"
idiom,L3,,描写冬天的成语（四字）,寒气逼人,成语;冬天;小升初高频,小学成语培优全书·教辅常见,idiom-l3-0446,idiom:寒气逼人,recite,idiom:寒气逼人,寒气逼人,recite,all,
idiom,L3,,下面的写法对不对？,错,成语;冬天;小升初高频,小学成语培优全书·教辅常见,idiom-l3-0446:char_judge,idiom:寒气逼人,char_judge,idiom:寒气逼人,寒气逼人,char_judge,lower,"{""display"": ""寒气逼入""}"
idiom,L3,,「寒气逼人」的意思是？,描写冬天的成语,成语;冬天;小升初高频,小学成语培优全书·教辅常见,idiom-l3-0446:meaning_choice,idiom:寒气逼人,meaning_choice,idiom:寒气逼人,寒气逼人,meaning_choice,upper,"{""choices"": [""借别人的威势吓唬人"", ""描写冬天的成语"", ""又刮风又下雨"", ""轻快地唱、柔美地舞""]}"
idiom,L3,,描写冬天的成语（四字）,寒风刺骨,成语;冬天;小升初高频,小学成语培优全书·教辅常见,idiom-l3-0447,idiom:寒风刺骨,recite,idiom:寒风刺骨,寒风刺骨,recite,all,
idiom,L3,,下面的写法对不对？,错,成语;冬天;小升初高频,小学成语培优全书·教辅常见,idiom-l3-0447:char_judge,idiom:寒风刺骨,char_judge,idiom:寒风刺骨,寒风刺骨,char_judge,lower,"{""display"": ""寒风甲骨""}"
idiom,L3,,「寒风刺骨」的意思是？,描写冬天的成语,成语;冬天;小升初高频,小学成语培优全书·教辅常见,idiom-l3-0447:meaning_choice,idiom:寒风刺骨,meaning_choice,idiom:寒风刺骨,寒风刺骨,meaning_choice,upper,"{""choices"": [""描写冬天的成语"", ""战争造成的混乱"", ""非常安静"", ""一直坚持，不放弃""]}"
idiom,L3,,描写冬天的成语（四字）,滴水成冰,成语;冬天;小升初高频,小学成语培优全书·教辅常见,idiom-l3-0448,idiom:滴水成冰,recite,idiom:滴水成冰,滴水成冰,recite,all,
idiom,L3,,下面的写法对不对？,对,成语;冬天;小升初高频,小学成语培优全书·教辅常见,idiom-l3-0448:char_judge,idiom:滴水成冰,char_judge,idiom:滴水成冰,滴水成冰,char_judge,lower,"{""display"": ""滴水成冰""}"
idiom,L3,,「滴水成冰」的意思是？,描写冬天的成语,成语;冬天;小升初高频,小学成语培优全书·教辅常见,idiom-l3-0448:meaning_choice,idiom:滴水成冰,meaning_choice,idiom:滴水成冰,滴水成冰,meaning_choice,upper,"{""choices"": [""一直不停地流"", ""描写冬天的成语"", ""文章或动作很流畅"", ""疑神疑鬼，自己吓自己""]}"
idiom,L3,,描写冬天的成语（四字）,雪兆丰年,成语;冬天;小升初高频,小学成语培优全书·教辅常见,idiom-l3-0451,idiom:雪兆丰年,recite,idiom:雪兆丰年,雪兆丰年,recite,all,
idiom,L3,,下面的写法对不对？,错,成语;冬天;小升初高频,小学成语培优全书·教辅常见,idiom-l3-0451:char_judge,idiom:雪兆丰年,char_judge,idiom:雪兆丰年,雪兆丰年,char_judge,lower,"{""display"": ""雪兆甲年""}"
idiom,L3,,「雪兆丰年」的意思是？,描写冬天的成语,成语;冬天;小升初高频,小学成语培优全书·教辅常见,idiom-l3-0451:meaning_choice,idiom:雪兆丰年,meaning_choice,idiom:雪兆丰年,雪兆丰年,meaning_choice,upper,"{""choices"": [""小声地私下说话"", ""走路很神气、满不在乎"", ""描写冬天的成语"", ""人非常多""]}"
idiom,L3,,描写冬天的成语（四字）,风花雪月,成语;冬天;小升初高频,小学成语培优全书·教辅常见,idiom-l3-0452,idiom:风花雪月,recite,idiom:风花雪月,风花雪月,recite,all,
idiom,L3,,下面的写法对不对？,错,成语;冬天;小升初高频,小学成语培优全书·教辅常见,idiom-l3-0452:char_judge,idiom:风花雪月,char_judge,idiom:风花雪月,风花雪月,char_judge,lower,"{""display"": ""风甲雪月""}"
idiom,L3,,「风花雪月」的意思是？,描写冬天的成语,成语;冬天;小升初高频,小学成语培优全书·教辅常见,idiom-l3-0452:meaning_choice,idiom:风花雪月,meaning_choice,idiom:风花雪月,风花雪月,meaning_choice,upper,"{""choices"": [""又刮风又下雨"", ""描写冬天的成语"", ""眼睛明亮、牙齿洁白"", ""什么都伤害不了""]}"
idiom,L3,,描写冬天的成语（四字）,饥寒交迫,成语;冬天;小升初高频,小学成语培优全书·教辅常见,idiom-l3-0453,idiom:饥寒交迫,recite,idiom:饥寒交迫,饥寒交迫,recite,all,
idiom,L3,,下面的写法对不对？,错,成语;冬天;小升初高频,小学成语培优全书·教辅常见,idiom-l3-0453:char_judge,idiom:饥寒交迫,char_judge,idiom:饥寒交迫,饥寒交迫,char_judge,lower,"{""display"": ""饥寒交甲""}"
idiom,L3,,「饥寒交迫」的意思是？,描写冬天的成语,成语;冬天;小升初高频,小学成语培优全书·教辅常见,idiom-l3-0453:meaning_choice,idiom:饥寒交迫,meaning_choice,idiom:饥寒交迫,饥寒交迫,meaning_choice,upper,"{""choices"": [""做多余的事反而坏事"", ""描写冬天的成语"", ""描写秋天的成语"", ""描写秋天的成语""]}"
idiom,L3,,描写夏天的成语（四字）,挥汗如雨,成语;夏天;小升初高频,小学成语培优全书·教辅常见,idiom-l3-0456,idiom:挥汗如雨,recite,idiom:挥汗如雨,挥汗如雨,recite,all,
idiom,L3,,下面的写法对不对？,对,成语;夏天;小升初高频,小学成语培优全书·教辅常见,idiom-l3-0456:char_judge,idiom:挥汗如雨,char_judge,idiom:挥汗如雨,挥汗如雨,char_judge,lower,"{""display"": ""挥汗如雨""}"
idiom,L3,,「挥汗如雨」的意思是？,描写夏天的成语,成语;夏天;小升初高频,小学成语培优全书·教辅常见,idiom-l3-0456:meaning_choice,idiom:挥汗如雨,meaning_choice,idiom:挥汗如雨,挥汗如雨,meaning_choice,upper,"{""choices"": [""描写夏天的成语"", ""人声嘈杂得像开了锅"", ""AABB 结构的成语"", ""占据高处，向下俯视""]}"
idiom,L3,,描写夏天的成语（四字）,暑气逼人,成语;夏天;小升初高频,小学成语培优全书·教辅常见,idiom-l3-0457,idiom:暑气逼人,recite,idiom:暑气逼人,暑气逼人,recite,all,
idiom,L3,,下面的写法对不对？,错,成语;夏天;小升初高频,小学成语培优全书·教辅常见,idiom-l3-0457:char_judge,idiom:暑气逼人,char_judge,idiom:暑气逼人,暑气逼人,char_judge,lower,"{""display"": ""暑气逼入""}"
idiom,L3,,「暑气逼人」的意思是？,描写夏天的成语,成语;夏天;小升初高频,小学成语培优全书·教辅常见,idiom-l3-0457:meaning_choice,idiom:暑气逼人,meaning_choice,idiom:暑气逼人,暑气逼人,meaning_choice,upper,"{""choices"": [""无法想象，很难理解"", ""费尽心思"", ""见识很短浅"", ""描写夏天的成语""]}"
idiom,L3,,描写夏天的成语（四字）,汗流浃背,成语;夏天;小升初高频,小学成语培优全书·教辅常见,idiom-l3-0458,idiom:汗流浃背,recite,idiom:汗流浃背,汗流浃背,recite,all,
idiom,L3,,下面的写法对不对？,错,成语;夏天;小升初高频,小学成语培优全书·教辅常见,idiom-l3-0458:char_judge,idiom:汗流浃背,char_judge,idiom:汗流浃背,汗流浃背,char_judge,lower,"{""display"": ""汗流浃甲""}"
idiom,L3,,「汗流浃背」的意思是？,描写夏天的成语,成语;夏天;小升初高频,小学成语培优全书·教辅常见,idiom-l3-0458:meaning_choice,idiom:汗流浃背,meaning_choice,idiom:汗流浃背,汗流浃背,meaning_choice,upper,"{""choices"": [""齐心合力"", ""描写夏天的成语"", ""高兴得自己都受不住"", ""泉水发出叮咚声""]}"
idiom,L3,,描写夏天的成语（四字）,汗马功劳,成语;夏天;小升初高频,小学成语培优全书·教辅常见,idiom-l3-0459,idiom:汗马功劳,recite,idiom:汗马功劳,汗马功劳,recite,all,
idiom,L3,,下面的写法对不对？,错,成语;夏天;小升初高频,小学成语培优全书·教辅常见,idiom-l3-0459:char_judge,idiom:汗马功劳,char_judge,idiom:汗马功劳,汗马功劳,char_judge,lower,"{""display"": ""汗马功甲""}"
idiom,L3,,「汗马功劳」的意思是？,描写夏天的成语,成语;夏天;小升初高频,小学成语培优全书·教辅常见,idiom-l3-0459:meaning_choice,idiom:汗马功劳,meaning_choice,idiom:汗马功劳,汗马功劳,meaning_choice,upper,"{""choices"": [""描写夏天的成语"", ""遇到危险也不害怕"", ""描写景物的成语"", ""描写景物的成语""]}"
idiom,L3,,描写夏天的成语（四字）,骄阳似火,成语;夏天;小升初高频,小学成语培优全书·教辅常见,idiom-l3-0460,idiom:骄阳似火,recite,idiom:骄阳似火,骄阳似火,recite,all,
idiom,L3,,下面的写法对不对？,对,成语;夏天;小升初高频,小学成语培优全书·教辅常见,idiom-l3-0460:char_judge,idiom:骄阳似火,char_judge,idiom:骄阳似火,骄阳似火,char_judge,lower,"{""display"": ""骄阳似火""}"
idiom,L3,,「骄阳似火」的意思是？,描写夏天的成语,成语;夏天;小升初高频,小学成语培优全书·教辅常见,idiom-l3-0460:meaning_choice,idiom:骄阳似火,meaning_choice,idiom:骄阳似火,骄阳似火,meaning_choice,upper,"{""choices"": [""模仿别人反而把自己的本事忘了"", ""脸上很有光彩、很有精神"", ""天空一片晴朗"", ""描写夏天的成语""]}"
idiom,L3,,与时间有关的成语（四字）,争分夺秒,成语;时间;小升初高频,小学成语培优全书·教辅常见,idiom-l3-0461,idiom:争分夺秒,recite,idiom:争分夺秒,争分夺秒,recite,all,
idiom,L3,,下面的写法对不对？,错,成语;时间;小升初高频,小学成语培优全书·教辅常见,idiom-l3-0461:char_judge,idiom:争分夺秒,char_judge,idiom:争分夺秒,争分夺秒,char_judge,lower,"{""display"": ""甲分夺秒""}"
idiom,L3,,「争分夺秒」的意思是？,与时间有关的成语,成语;时间;小升初高频,小学成语培优全书·教辅常见,idiom-l3-0461:meaning_choice,idiom:争分夺秒,meaning_choice,idiom:争分夺秒,争分夺秒,meaning_choice,upper,"{""choices"": [""与时间有关的成语"", ""说得很动听讨人喜欢"", ""色彩繁多"", ""名声和实际相符""]}"
idiom,L3,,与时间有关的成语（四字）,光阴似箭,成语;时间;小升初高频,小学成语培优全书·教辅常见,idiom-l3-0462,idiom:光阴似箭,recite,idiom:光阴似箭,光阴似箭,recite,all,
idiom,L3,,下面的写法对不对？,对,成语;时间;小升初高频,小学成语培优全书·教辅常见,idiom-l3-0462:char_judge,idiom:光阴似箭,char_judge,idiom:光阴似箭,光阴似箭,char_judge,lower,"{""display"": ""光阴似箭""}"
idiom,L3,,「光阴似箭」的意思是？,与时间有关的成语,成语;时间;小升初高频,小学成语培优全书·教辅常见,idiom-l3-0462:meaning_choice,idiom:光阴似箭,meaning_choice,idiom:光阴似箭,光阴似箭,meaning_choice,upper,"{""choices"": [""舍不得离开"", ""与时间有关的成语"", ""没有尽头"", ""费尽心思谋划（多含贬义）""]}"
idiom,L3,,与时间有关的成语（四字）,光阴荏苒,成语;时间;小升初高频,小学成语培优全书·教辅常见,idiom-l3-0463,idiom:光阴荏苒,recite,idiom:光阴荏苒,光阴荏苒,recite,all,
idiom,L3,,下面的写法对不对？,对,成语;时间;小升初高频,小学成语培优全书·教辅常见,idiom-l3-0463:char_judge,idiom:光阴荏苒,char_judge,idiom:光阴荏苒,光阴荏苒,char_judge,lower,"{""display"": ""光阴荏苒""}"
idiom,L3,,「光阴荏苒」的意思是？,与时间有关的成语,成语;时间;小升初高频,小学成语培优全书·教辅常见,idiom-l3-0463:meaning_choice,idiom:光阴荏苒,meaning_choice,idiom:光阴荏苒,光阴荏苒,meaning_choice,upper,"{""choices"": [""抬起头、挺起胸，很有精神"", ""能听见邻家鸡狗的叫声，形容住得近"", ""与时间有关的成语"", ""自己骗自己""]}"
idiom,L3,,与时间有关的成语（四字）,夜以继日,成语;时间;小升初高频,小学成语培优全书·教辅常见,idiom-l3-0464,idiom:夜以继日,recite,idiom:夜以继日,夜以继日,recite,all,
idiom,L3,,下面的写法对不对？,对,成语;时间;小升初高频,小学成语培优全书·教辅常见,idiom-l3-0464:char_judge,idiom:夜以继日,char_judge,idiom:夜以继日,夜以继日,char_judge,lower,"{""display"": ""夜以继日""}"
idiom,L3,,「夜以继日」的意思是？,与时间有关的成语,成语;时间;小升初高频,小学成语培优全书·教辅常见,idiom-l3-0464:meaning_choice,idiom:夜以继日,meaning_choice,idiom:夜以继日,夜以继日,meaning_choice,upper,"{""choices"": [""家庭毁了，人也没了"", ""与时间有关的成语"", ""文章或动作很流畅"", ""侥幸逃脱的人""]}"
idiom,L3,,与时间有关的成语（四字）,时不再来,成语;时间;小升初高频,小学成语培优全书·教辅常见,idiom-l3-0465,idiom:时不再来,recite,idiom:时不再来,时不再来,recite,all,
idiom,L3,,下面的写法对不对？,错,成语;时间;小升初高频,小学成语培优全书·教辅常见,idiom-l3-0465:char_judge,idiom:时不再来,char_judge,idiom:时不再来,时不再来,char_judge,lower,"{""display"": ""时步再来""}"
idiom,L3,,「时不再来」的意思是？,与时间有关的成语,成语;时间;小升初高频,小学成语培优全书·教辅常见,idiom-l3-0465:meaning_choice,idiom:时不再来,meaning_choice,idiom:时不再来,时不再来,meaning_choice,upper,"{""choices"": [""与时间有关的成语"", ""眼界很小"", ""不清楚、弄不明白"", ""战争造成的混乱""]}"
idiom,L3,,与时间有关的成语（四字）,时不我待,成语;时间;小升初高频,小学成语培优全书·教辅常见,idiom-l3-0466,idiom:时不我待,recite,idiom:时不我待,时不我待,recite,all,
idiom,L3,,下面的写法对不对？,错,成语;时间;小升初高频,小学成语培优全书·教辅常见,idiom-l3-0466:char_judge,idiom:时不我待,char_judge,idiom:时不我待,时不我待,char_judge,lower,"{""display"": ""时不我甲""}"
idiom,L3,,「时不我待」的意思是？,与时间有关的成语,成语;时间;小升初高频,小学成语培优全书·教辅常见,idiom-l3-0466:meaning_choice,idiom:时不我待,meaning_choice,idiom:时不我待,时不我待,meaning_choice,upper,"{""choices"": [""一直坚持，不放弃"", ""费尽心思"", ""与时间有关的成语"", ""春天开花秋天结果""]}"
idiom,L3,,与时间有关的成语（四字）,机不可失,成语;时间;小升初高频,小学成语培优全书·教辅常见,idiom-l3-0467,idiom:机不可失,recite,idiom:机不可失,机不可失,recite,all,
idiom,L3,,下面的写法对不对？,对,成语;时间;小升初高频,小学成语培优全书·教辅常见,idiom-l3-0467:char_judge,idiom:机不可失,char_judge,idiom:机不可失,机不可失,char_judge,lower,"{""display"": ""机不可失""}"
idiom,L3,,「机不可失」的意思是？,与时间有关的成语,成语;时间;小升初高频,小学成语培优全书·教辅常见,idiom-l3-0467:meaning_choice,idiom:机不可失,meaning_choice,idiom:机不可失,机不可失,meaning_choice,upper,"{""choices"": [""样子各不相同"", ""到了山和水的尽头，没有出路"", ""国家太平，人民安乐"", ""与时间有关的成语""]}"
idiom,L3,,与时间有关的成语（四字）,白驹过隙,成语;时间;小升初高频,小学成语培优全书·教辅常见,idiom-l3-0468,idiom:白驹过隙,recite,idiom:白驹过隙,白驹过隙,recite,all,
idiom,L3,,下面的写法对不对？,对,成语;时间;小升初高频,小学成语培优全书·教辅常见,idiom-l3-0468:char_judge,idiom:白驹过隙,char_judge,idiom:白驹过隙,白驹过隙,char_judge,lower,"{""display"": ""白驹过隙""}"
idiom,L3,,「白驹过隙」的意思是？,与时间有关的成语,成语;时间;小升初高频,小学成语培优全书·教辅常见,idiom-l3-0468:meaning_choice,idiom:白驹过隙,meaning_choice,idiom:白驹过隙,白驹过隙,meaning_choice,upper,"{""choices"": [""实在没有别的办法"", ""本领极大，哪儿都能去"", ""与时间有关的成语"", ""样子各不相同""]}"
idiom,L3,,与时间有关的成语（四字）,稍纵即逝,成语;时间;小升初高频,小学成语培优全书·教辅常见,idiom-l3-0469,idiom:稍纵即逝,recite,idiom:稍纵即逝,稍纵即逝,recite,all,
idiom,L3,,下面的写法对不对？,错,成语;时间;小升初高频,小学成语培优全书·教辅常见,idiom-l3-0469:char_judge,idiom:稍纵即逝,char_judge,idiom:稍纵即逝,稍纵即逝,char_judge,lower,"{""display"": ""稍纵既逝""}"
idiom,L3,,「稍纵即逝」的意思是？,与时间有关的成语,成语;时间;小升初高频,小学成语培优全书·教辅常见,idiom-l3-0469:meaning_choice,idiom:稍纵即逝,meaning_choice,idiom:稍纵即逝,稍纵即逝,meaning_choice,upper,"{""choices"": [""大声地笑"", ""说话直截了当，一下子说到要害"", ""说话办事坚决果断"", ""与时间有关的成语""]}"
idiom,L3,,与时间有关的成语（四字）,虚度光阴,成语;时间;小升初高频,小学成语培优全书·教辅常见,idiom-l3-0470,idiom:虚度光阴,recite,idiom:虚度光阴,虚度光阴,recite,all,
idiom,L3,,下面的写法对不对？,对,成语;时间;小升初高频,小学成语培优全书·教辅常见,idiom-l3-0470:char_judge,idiom:虚度光阴,char_judge,idiom:虚度光阴,虚度光阴,char_judge,lower,"{""display"": ""虚度光阴""}"
idiom,L3,,「虚度光阴」的意思是？,与时间有关的成语,成语;时间;小升初高频,小学成语培优全书·教辅常见,idiom-l3-0470:meaning_choice,idiom:虚度光阴,meaning_choice,idiom:虚度光阴,虚度光阴,meaning_choice,upper,"{""choices"": [""没有办法可想"", ""费尽心思"", ""与时间有关的成语"", ""个子小但精明强干""]}"
idiom,L3,,与时间有关的成语（四字）,通宵达旦,成语;时间;小升初高频,小学成语培优全书·教辅常见,idiom-l3-0471,idiom:通宵达旦,recite,idiom:通宵达旦,通宵达旦,recite,all,
idiom,L3,,下面的写法对不对？,错,成语;时间;小升初高频,小学成语培优全书·教辅常见,idiom-l3-0471:char_judge,idiom:通宵达旦,char_judge,idiom:通宵达旦,通宵达旦,char_judge,lower,"{""display"": ""通甲达旦""}"
idiom,L3,,「通宵达旦」的意思是？,与时间有关的成语,成语;时间;小升初高频,小学成语培优全书·教辅常见,idiom-l3-0471:meaning_choice,idiom:通宵达旦,meaning_choice,idiom:通宵达旦,通宵达旦,meaning_choice,upper,"{""choices"": [""与时间有关的成语"", ""变化很多"", ""精神力气都用尽了"", ""自以为了不起的样子""]}"
idiom,L3,,含有数字的成语（四字）,一丘之貉,成语;数字;小升初高频,小学成语培优全书·教辅常见,idiom-l3-0472,idiom:一丘之貉,recite,idiom:一丘之貉,一丘之貉,recite,all,
idiom,L3,,下面的写法对不对？,错,成语;数字;小升初高频,小学成语培优全书·教辅常见,idiom-l3-0472:char_judge,idiom:一丘之貉,char_judge,idiom:一丘之貉,一丘之貉,char_judge,lower,"{""display"": ""一丘甲貉""}"
idiom,L3,,「一丘之貉」的意思是？,含有数字的成语,成语;数字;小升初高频,小学成语培优全书·教辅常见,idiom-l3-0472:meaning_choice,idiom:一丘之貉,meaning_choice,idiom:一丘之貉,一丘之貉,meaning_choice,upper,"{""choices"": [""含有数字的成语"", ""心里早有了主意"", ""按道理就该这样"", ""到处是流离失所的灾民""]}"
idiom,L3,,含有数字的成语（四字）,一举两得,成语;数字;小升初高频,小学成语培优全书·教辅常见,idiom-l3-0474,idiom:一举两得,recite,idiom:一举两得,一举两得,recite,all,
idiom,L3,,下面的写法对不对？,错,成语;数字;小升初高频,小学成语培优全书·教辅常见,idiom-l3-0474:char_judge,idiom:一举两得,char_judge,idiom:一举两得,一举两得,char_judge,lower,"{""display"": ""甲举两得""}"
idiom,L3,,「一举两得」的意思是？,含有数字的成语,成语;数字;小升初高频,小学成语培优全书·教辅常见,idiom-l3-0474:meaning_choice,idiom:一举两得,meaning_choice,idiom:一举两得,一举两得,meaning_choice,upper,"{""choices"": [""含有数字的成语"", ""样子很庄重认真"", ""很多花一起开"", ""轻快地唱、柔美地舞""]}"
idiom,L3,,含有数字的成语（四字）,一了百了,成语;数字;小升初高频,小学成语培优全书·教辅常见,idiom-l3-0475,idiom:一了百了,recite,idiom:一了百了,一了百了,recite,all,
idiom,L3,,下面的写法对不对？,错,成语;数字;小升初高频,小学成语培优全书·教辅常见,idiom-l3-0475:char_judge,idiom:一了百了,char_judge,idiom:一了百了,一了百了,char_judge,lower,"{""display"": ""一甲百了""}"
idiom,L3,,「一了百了」的意思是？,含有数字的成语,成语;数字;小升初高频,小学成语培优全书·教辅常见,idiom-l3-0475:meaning_choice,idiom:一了百了,meaning_choice,idiom:一了百了,一了百了,meaning_choice,upper,"{""choices"": [""在风里飘动"", ""含有数字的成语"", ""吓得不知道该怎么办"", ""自己的说法或做法互相冲突""]}"
idiom,L3,,含有数字的成语（四字）,一事无成,成语;数字;小升初高频,小学成语培优全书·教辅常见,idiom-l3-0476,idiom:一事无成,recite,idiom:一事无成,一事无成,recite,all,
idiom,L3,,下面的写法对不对？,错,成语;数字;小升初高频,小学成语培优全书·教辅常见,idiom-l3-0476:char_judge,idiom:一事无成,char_judge,idiom:一事无成,一事无成,char_judge,lower,"{""display"": ""甲事无成""}"
idiom,L3,,「一事无成」的意思是？,含有数字的成语,成语;数字;小升初高频,小学成语培优全书·教辅常见,idiom-l3-0476:meaning_choice,idiom:一事无成,meaning_choice,idiom:一事无成,一事无成,meaning_choice,upper,"{""choices"": [""疑神疑鬼，自己吓自己"", ""含有数字的成语"", ""乱七八糟地摆着"", ""几句话就说完""]}"
idiom,L3,,含有数字的成语（四字）,一刀两断,成语;数字;小升初高频,小学成语培优全书·教辅常见,idiom-l3-0477,idiom:一刀两断,recite,idiom:一刀两断,一刀两断,recite,all,
idiom,L3,,下面的写法对不对？,对,成语;数字;小升初高频,小学成语培优全书·教辅常见,idiom-l3-0477:char_judge,idiom:一刀两断,char_judge,idiom:一刀两断,一刀两断,char_judge,lower,"{""display"": ""一刀两断""}"
idiom,L3,,「一刀两断」的意思是？,含有数字的成语,成语;数字;小升初高频,小学成语培优全书·教辅常见,idiom-l3-0477:meaning_choice,idiom:一刀两断,meaning_choice,idiom:一刀两断,一刀两断,meaning_choice,upper,"{""choices"": [""眼界很小"", ""闪电打雷"", ""含有数字的成语"", ""声音大得耳朵都要聋了""]}"
idiom,L3,,含有数字的成语（四字）,一刻千金,成语;数字;小升初高频,小学成语培优全书·教辅常见,idiom-l3-0478,idiom:一刻千金,recite,idiom:一刻千金,一刻千金,recite,all,
idiom,L3,,下面的写法对不对？,错,成语;数字;小升初高频,小学成语培优全书·教辅常见,idiom-l3-0478:char_judge,idiom:一刻千金,char_judge,idiom:一刻千金,一刻千金,char_judge,lower,"{""display"": ""一刻干金""}"
idiom,L3,,「一刻千金」的意思是？,含有数字的成语,成语;数字;小升初高频,小学成语培优全书·教辅常见,idiom-l3-0478:meaning_choice,idiom:一刻千金,meaning_choice,idiom:一刻千金,一刻千金,meaning_choice,upper,"{""choices"": [""一下子明白过来"", ""含有数字的成语"", ""又刮风又下雨"", ""内部困难又加上外来威胁""]}"
idiom,L3,,含有数字的成语（四字）,一劳永逸,成语;数字;小升初高频,小学成语培优全书·教辅常见,idiom-l3-0479,idiom:一劳永逸,recite,idiom:一劳永逸,一劳永逸,recite,all,
idiom,L3,,下面的写法对不对？,对,成语;数字;小升初高频,小学成语培优全书·教辅常见,idiom-l3-0479:char_judge,idiom:一劳永逸,char_judge,idiom:一劳永逸,一劳永逸,char_judge,lower,"{""display"": ""一劳永逸""}"
idiom,L3,,「一劳永逸」的意思是？,含有数字的成语,成语;数字;小升初高频,小学成语培优全书·教辅常见,idiom-l3-0479:meaning_choice,idiom:一劳永逸,meaning_choice,idiom:一劳永逸,一劳永逸,meaning_choice,upper,"{""choices"": [""主动认错、请求责罚"", ""含有数字的成语"", ""凶狠或得意地挥舞"", ""个子小但精明强干""]}"
idiom,L3,,含有数字的成语（四字）,一呼百应,成语;数字;小升初高频,小学成语培优全书·教辅常见,idiom-l3-0480,idiom:一呼百应,recite,idiom:一呼百应,一呼百应,recite,all,
idiom,L3,,下面的写法对不对？,错,成语;数字;小升初高频,小学成语培优全书·教辅常见,idiom-l3-0480:char_judge,idiom:一呼百应,char_judge,idiom:一呼百应,一呼百应,char_judge,lower,"{""display"": ""甲呼百应""}"
idiom,L3,,「一呼百应」的意思是？,含有数字的成语,成语;数字;小升初高频,小学成语培优全书·教辅常见,idiom-l3-0480:meaning_choice,idiom:一呼百应,meaning_choice,idiom:一呼百应,一呼百应,meaning_choice,upper,"{""choices"": [""称心如意、神气十足"", ""天空蓝得像洗过一样"", ""含有数字的成语"", ""生活安定，工作愉快""]}"
idiom,L3,,含有数字的成语（四字）,一命呜呼,成语;数字;小升初高频,小学成语培优全书·教辅常见,idiom-l3-0481,idiom:一命呜呼,recite,idiom:一命呜呼,一命呜呼,recite,all,
idiom,L3,,下面的写法对不对？,错,成语;数字;小升初高频,小学成语培优全书·教辅常见,idiom-l3-0481:char_judge,idiom:一命呜呼,char_judge,idiom:一命呜呼,一命呜呼,char_judge,lower,"{""display"": ""一命甲呼""}"
idiom,L3,,「一命呜呼」的意思是？,含有数字的成语,成语;数字;小升初高频,小学成语培优全书·教辅常见,idiom-l3-0481:meaning_choice,idiom:一命呜呼,meaning_choice,idiom:一命呜呼,一命呜呼,meaning_choice,upper,"{""choices"": [""高兴得自己都受不住"", ""眼睛手都很快"", ""含有数字的成语"", ""举止文雅""]}"
idiom,L3,,含有数字的成语（四字）,一哄而散,成语;数字;小升初高频,小学成语培优全书·教辅常见,idiom-l3-0482,idiom:一哄而散,recite,idiom:一哄而散,一哄而散,recite,all,
idiom,L3,,下面的写法对不对？,对,成语;数字;小升初高频,小学成语培优全书·教辅常见,idiom-l3-0482:char_judge,idiom:一哄而散,char_judge,idiom:一哄而散,一哄而散,char_judge,lower,"{""display"": ""一哄而散""}"
idiom,L3,,「一哄而散」的意思是？,含有数字的成语,成语;数字;小升初高频,小学成语培优全书·教辅常见,idiom-l3-0482:meaning_choice,idiom:一哄而散,meaning_choice,idiom:一哄而散,一哄而散,meaning_choice,upper,"{""choices"": [""天空一片晴朗"", ""含有数字的成语"", ""精神力气都用尽了"", ""身体粉碎，也指不惜牺牲""]}"
idiom,L3,,含有数字的成语（四字）,一团和气,成语;数字;小升初高频,小学成语培优全书·教辅常见,idiom-l3-0483,idiom:一团和气,recite,idiom:一团和气,一团和气,recite,all,
idiom,L3,,下面的写法对不对？,错,成语;数字;小升初高频,小学成语培优全书·教辅常见,idiom-l3-0483:char_judge,idiom:一团和气,char_judge,idiom:一团和气,一团和气,char_judge,lower,"{""display"": ""一甲和气""}"
idiom,L3,,「一团和气」的意思是？,含有数字的成语,成语;数字;小升初高频,小学成语培优全书·教辅常见,idiom-l3-0483:meaning_choice,idiom:一团和气,meaning_choice,idiom:一团和气,一团和气,meaning_choice,upper,"{""choices"": [""含有数字的成语"", ""比谁更美丽出众"", ""颜色很多"", ""在风里飘动""]}"
idiom,L3,,含有数字的成语（四字）,一塌糊涂,成语;数字;小升初高频,小学成语培优全书·教辅常见,idiom-l3-0484,idiom:一塌糊涂,recite,idiom:一塌糊涂,一塌糊涂,recite,all,
idiom,L3,,下面的写法对不对？,对,成语;数字;小升初高频,小学成语培优全书·教辅常见,idiom-l3-0484:char_judge,idiom:一塌糊涂,char_judge,idiom:一塌糊涂,一塌糊涂,char_judge,lower,"{""display"": ""一塌糊涂""}"
idiom,L3,,「一塌糊涂」的意思是？,含有数字的成语,成语;数字;小升初高频,小学成语培优全书·教辅常见,idiom-l3-0484:meaning_choice,idiom:一塌糊涂,meaning_choice,idiom:一塌糊涂,一塌糊涂,meaning_choice,upper,"{""choices"": [""各自拿出本事"", ""举止文雅"", ""含有数字的成语"", ""把东西完好无损地归还原主""]}"
idiom,L3,,含有数字的成语（四字）,一如既往,成语;数字;小升初高频,小学成语培优全书·教辅常见,idiom-l3-0485,idiom:一如既往,recite,idiom:一如既往,一如既往,recite,all,
idiom,L3,,下面的写法对不对？,对,成语;数字;小升初高频,小学成语培优全书·教辅常见,idiom-l3-0485:char_judge,idiom:一如既往,char_judge,idiom:一如既往,一如既往,char_judge,lower,"{""display"": ""一如既往""}"
idiom,L3,,「一如既往」的意思是？,含有数字的成语,成语;数字;小升初高频,小学成语培优全书·教辅常见,idiom-l3-0485:meaning_choice,idiom:一如既往,meaning_choice,idiom:一如既往,一如既往,meaning_choice,upper,"{""choices"": [""闪电打雷"", ""含有数字的成语"", ""头发散乱"", ""秋风轻轻吹""]}"
idiom,L3,,含有数字的成语（四字）,一尘不染,成语;数字;小升初高频,小学成语培优全书·教辅常见,idiom-l3-0486,idiom:一尘不染,recite,idiom:一尘不染,一尘不染,recite,all,
idiom,L3,,下面的写法对不对？,对,成语;数字;小升初高频,小学成语培优全书·教辅常见,idiom-l3-0486:char_judge,idiom:一尘不染,char_judge,idiom:一尘不染,一尘不染,char_judge,lower,"{""display"": ""一尘不染""}"
idiom,L3,,「一尘不染」的意思是？,含有数字的成语,成语;数字;小升初高频,小学成语培优全书·教辅常见,idiom-l3-0486:meaning_choice,idiom:一尘不染,meaning_choice,idiom:一尘不染,一尘不染,meaning_choice,upper,"{""choices"": [""急于求成反而把事情弄坏"", ""含有数字的成语"", ""很多花一起开"", ""自以为了不起的样子""]}"
idiom,L3,,含有数字的成语（四字）,一干二净,成语;数字;小升初高频,小学成语培优全书·教辅常见,idiom-l3-0487,idiom:一干二净,recite,idiom:一干二净,一干二净,recite,all,
idiom,L3,,下面的写法对不对？,对,成语;数字;小升初高频,小学成语培优全书·教辅常见,idiom-l3-0487:char_judge,idiom:一干二净,char_judge,idiom:一干二净,一干二净,char_judge,lower,"{""display"": ""一干二净""}"
idiom,L3,,「一干二净」的意思是？,含有数字的成语,成语;数字;小升初高频,小学成语培优全书·教辅常见,idiom-l3-0487:meaning_choice,idiom:一干二净,meaning_choice,idiom:一干二净,一干二净,meaning_choice,upper,"{""choices"": [""树林层层变色"", ""不由得产生敬意"", ""含有数字的成语"", ""眼睛手都很快""]}"
idiom,L3,,含有数字的成语（四字）,一应俱全,成语;数字;小升初高频,小学成语培优全书·教辅常见,idiom-l3-0488,idiom:一应俱全,recite,idiom:一应俱全,一应俱全,recite,all,
idiom,L3,,下面的写法对不对？,错,成语;数字;小升初高频,小学成语培优全书·教辅常见,idiom-l3-0488:char_judge,idiom:一应俱全,char_judge,idiom:一应俱全,一应俱全,char_judge,lower,"{""display"": ""一甲俱全""}"
idiom,L3,,「一应俱全」的意思是？,含有数字的成语,成语;数字;小升初高频,小学成语培优全书·教辅常见,idiom-l3-0488:meaning_choice,idiom:一应俱全,meaning_choice,idiom:一应俱全,一应俱全,meaning_choice,upper,"{""choices"": [""年老体衰、行动不灵便"", ""含有数字的成语"", ""没有办法可想"", ""做多余的事反而坏事""]}"
idiom,L3,,含有数字的成语（四字）,一往无前,成语;数字;小升初高频,小学成语培优全书·教辅常见,idiom-l3-0489,idiom:一往无前,recite,idiom:一往无前,一往无前,recite,all,
idiom,L3,,下面的写法对不对？,对,成语;数字;小升初高频,小学成语培优全书·教辅常见,idiom-l3-0489:char_judge,idiom:一往无前,char_judge,idiom:一往无前,一往无前,char_judge,lower,"{""display"": ""一往无前""}"
idiom,L3,,「一往无前」的意思是？,含有数字的成语,成语;数字;小升初高频,小学成语培优全书·教辅常见,idiom-l3-0489:meaning_choice,idiom:一往无前,meaning_choice,idiom:一往无前,一往无前,meaning_choice,upper,"{""choices"": [""周围各个方向"", ""天空高远，云很淡"", ""家庭毁了，人也没了"", ""含有数字的成语""]}"
idiom,L3,,含有数字的成语（四字）,一心一意,成语;数字;小升初高频,小学成语培优全书·教辅常见,idiom-l3-0490,idiom:一心一意,recite,idiom:一心一意,一心一意,recite,all,
idiom,L3,,下面的写法对不对？,错,成语;数字;小升初高频,小学成语培优全书·教辅常见,idiom-l3-0490:char_judge,idiom:一心一意,char_judge,idiom:一心一意,一心一意,char_judge,lower,"{""display"": ""甲心一意""}"
idiom,L3,,「一心一意」的意思是？,含有数字的成语,成语;数字;小升初高频,小学成语培优全书·教辅常见,idiom-l3-0490:meaning_choice,idiom:一心一意,meaning_choice,idiom:一心一意,一心一意,meaning_choice,upper,"{""choices"": [""鸟儿叫、花儿香"", ""含有数字的成语"", ""泉水发出叮咚声"", ""没想到的好事让人高兴""]}"
idiom,L3,,含有数字的成语（四字）,一心报国,成语;数字;小升初高频,小学成语培优全书·教辅常见,idiom-l3-0491,idiom:一心报国,recite,idiom:一心报国,一心报国,recite,all,
idiom,L3,,下面的写法对不对？,错,成语;数字;小升初高频,小学成语培优全书·教辅常见,idiom-l3-0491:char_judge,idiom:一心报国,char_judge,idiom:一心报国,一心报国,char_judge,lower,"{""display"": ""一必报国""}"
idiom,L3,,「一心报国」的意思是？,含有数字的成语,成语;数字;小升初高频,小学成语培优全书·教辅常见,idiom-l3-0491:meaning_choice,idiom:一心报国,meaning_choice,idiom:一心报国,一心报国,meaning_choice,upper,"{""choices"": [""含有数字的成语"", ""人民没法生活下去"", ""铺天盖地而来"", ""样子各不相同""]}"
idiom,L3,,含有数字的成语（四字）,一意孤行,成语;数字;小升初高频,小学成语培优全书·教辅常见,idiom-l3-0492,idiom:一意孤行,recite,idiom:一意孤行,一意孤行,recite,all,
idiom,L3,,下面的写法对不对？,错,成语;数字;小升初高频,小学成语培优全书·教辅常见,idiom-l3-0492:char_judge,idiom:一意孤行,char_judge,idiom:一意孤行,一意孤行,char_judge,lower,"{""display"": ""甲意孤行""}"
idiom,L3,,「一意孤行」的意思是？,含有数字的成语,成语;数字;小升初高频,小学成语培优全书·教辅常见,idiom-l3-0492:meaning_choice,idiom:一意孤行,meaning_choice,idiom:一意孤行,一意孤行,meaning_choice,upper,"{""choices"": [""到处是流离失所的灾民"", ""丢在路上的东西也没人捡走"", ""含有数字的成语"", ""好上加好""]}"
idiom,L3,,含有数字的成语（四字）,一技之长,成语;数字;小升初高频,小学成语培优全书·教辅常见,idiom-l3-0493,idiom:一技之长,recite,idiom:一技之长,一技之长,recite,all,
idiom,L3,,下面的写法对不对？,对,成语;数字;小升初高频,小学成语培优全书·教辅常见,idiom-l3-0493:char_judge,idiom:一技之长,char_judge,idiom:一技之长,一技之长,char_judge,lower,"{""display"": ""一技之长""}"
idiom,L3,,「一技之长」的意思是？,含有数字的成语,成语;数字;小升初高频,小学成语培优全书·教辅常见,idiom-l3-0493:meaning_choice,idiom:一技之长,meaning_choice,idiom:一技之长,一技之长,meaning_choice,upper,"{""choices"": [""兴趣很浓"", ""含有数字的成语"", ""天空蓝得像洗过一样"", ""冰和雪化了""]}"
idiom,L3,,含有数字的成语（四字）,一拍即合,成语;数字;小升初高频,小学成语培优全书·教辅常见,idiom-l3-0494,idiom:一拍即合,recite,idiom:一拍即合,一拍即合,recite,all,
idiom,L3,,下面的写法对不对？,对,成语;数字;小升初高频,小学成语培优全书·教辅常见,idiom-l3-0494:char_judge,idiom:一拍即合,char_judge,idiom:一拍即合,一拍即合,char_judge,lower,"{""display"": ""一拍即合""}"
idiom,L3,,「一拍即合」的意思是？,含有数字的成语,成语;数字;小升初高频,小学成语培优全书·教辅常见,idiom-l3-0494:meaning_choice,idiom:一拍即合,meaning_choice,idiom:一拍即合,一拍即合,meaning_choice,upper,"{""choices"": [""铺天盖地而来"", ""举止文雅"", ""含有数字的成语"", ""很多花一起开""]}"
idiom,L3,,含有数字的成语（四字）,一拥而上,成语;数字;小升初高频,小学成语培优全书·教辅常见,idiom-l3-0495,idiom:一拥而上,recite,idiom:一拥而上,一拥而上,recite,all,
idiom,L3,,下面的写法对不对？,对,成语;数字;小升初高频,小学成语培优全书·教辅常见,idiom-l3-0495:char_judge,idiom:一拥而上,char_judge,idiom:一拥而上,一拥而上,char_judge,lower,"{""display"": ""一拥而上""}"
idiom,L3,,「一拥而上」的意思是？,含有数字的成语,成语;数字;小升初高频,小学成语培优全书·教辅常见,idiom-l3-0495:meaning_choice,idiom:一拥而上,meaning_choice,idiom:一拥而上,一拥而上,meaning_choice,upper,"{""choices"": [""春天回来了，大地苏醒"", ""天空一片晴朗"", ""吓得或急得没了主意"", ""含有数字的成语""]}"
idiom,L3,,含有数字的成语（四字）,一挥而就,成语;数字;小升初高频,小学成语培优全书·教辅常见,idiom-l3-0496,idiom:一挥而就,recite,idiom:一挥而就,一挥而就,recite,all,
idiom,L3,,下面的写法对不对？,错,成语;数字;小升初高频,小学成语培优全书·教辅常见,idiom-l3-0496:char_judge,idiom:一挥而就,char_judge,idiom:一挥而就,一挥而就,char_judge,lower,"{""display"": ""一挥甲就""}"
idiom,L3,,「一挥而就」的意思是？,含有数字的成语,成语;数字;小升初高频,小学成语培优全书·教辅常见,idiom-l3-0496:meaning_choice,idiom:一挥而就,meaning_choice,idiom:一挥而就,一挥而就,meaning_choice,upper,"{""choices"": [""刚哭完又笑了"", ""含有数字的成语"", ""样子慈善和气"", ""按道理就该这样""]}"
idiom,L3,,含有数字的成语（四字）,一掷千金,成语;数字;小升初高频,小学成语培优全书·教辅常见,idiom-l3-0497,idiom:一掷千金,recite,idiom:一掷千金,一掷千金,recite,all,
idiom,L3,,下面的写法对不对？,错,成语;数字;小升初高频,小学成语培优全书·教辅常见,idiom-l3-0497:char_judge,idiom:一掷千金,char_judge,idiom:一掷千金,一掷千金,char_judge,lower,"{""display"": ""一甲千金""}"
idiom,L3,,「一掷千金」的意思是？,含有数字的成语,成语;数字;小升初高频,小学成语培优全书·教辅常见,idiom-l3-0497:meaning_choice,idiom:一掷千金,meaning_choice,idiom:一掷千金,一掷千金,meaning_choice,upper,"{""choices"": [""什么植物都长不出来"", ""急得不能再等"", ""遇到危险也不害怕"", ""含有数字的成语""]}"
idiom,L3,,含有数字的成语（四字）,一无所有,成语;数字;小升初高频,小学成语培优全书·教辅常见,idiom-l3-0498,idiom:一无所有,recite,idiom:一无所有,一无所有,recite,all,
idiom,L3,,下面的写法对不对？,错,成语;数字;小升初高频,小学成语培优全书·教辅常见,idiom-l3-0498:char_judge,idiom:一无所有,char_judge,idiom:一无所有,一无所有,char_judge,lower,"{""display"": ""一天所有""}"
idiom,L3,,「一无所有」的意思是？,含有数字的成语,成语;数字;小升初高频,小学成语培优全书·教辅常见,idiom-l3-0498:meaning_choice,idiom:一无所有,meaning_choice,idiom:一无所有,一无所有,meaning_choice,upper,"{""choices"": [""高兴得眉眼都舒展开"", ""一点儿也不马虎"", ""含有数字的成语"", ""形象生动得像活的一样""]}"
idiom,L3,,含有数字的成语（四字）,一无所知,成语;数字;小升初高频,小学成语培优全书·教辅常见,idiom-l3-0499,idiom:一无所知,recite,idiom:一无所知,一无所知,recite,all,
idiom,L3,,下面的写法对不对？,错,成语;数字;小升初高频,小学成语培优全书·教辅常见,idiom-l3-0499:char_judge,idiom:一无所知,char_judge,idiom:一无所知,一无所知,char_judge,lower,"{""display"": ""一无所甲""}"
idiom,L3,,「一无所知」的意思是？,含有数字的成语,成语;数字;小升初高频,小学成语培优全书·教辅常见,idiom-l3-0499:meaning_choice,idiom:一无所知,meaning_choice,idiom:一无所知,一无所知,meaning_choice,upper,"{""choices"": [""声音大得耳朵都要聋了"", ""只剩下一口气，快不行了"", ""身体粉碎，也指不惜牺牲"", ""含有数字的成语""]}"
idiom,L3,,含有数字的成语（四字）,一无是处,成语;数字;小升初高频,小学成语培优全书·教辅常见,idiom-l3-0500,idiom:一无是处,recite,idiom:一无是处,一无是处,recite,all,
idiom,L3,,下面的写法对不对？,错,成语;数字;小升初高频,小学成语培优全书·教辅常见,idiom-l3-0500:char_judge,idiom:一无是处,char_judge,idiom:一无是处,一无是处,char_judge,lower,"{""display"": ""一无是甲""}"
idiom,L3,,「一无是处」的意思是？,含有数字的成语,成语;数字;小升初高频,小学成语培优全书·教辅常见,idiom-l3-0500:meaning_choice,idiom:一无是处,meaning_choice,idiom:一无是处,一无是处,meaning_choice,upper,"{""choices"": [""各自拿出本事"", ""秋天天气清爽"", ""含有数字的成语"", ""走路不稳，跌跌撞撞""]}"
idiom,L3,,含有数字的成语（四字）,一日千里,成语;数字;小升初高频,小学成语培优全书·教辅常见,idiom-l3-0501,idiom:一日千里,recite,idiom:一日千里,一日千里,recite,all,
idiom,L3,,下面的写法对不对？,错,成语;数字;小升初高频,小学成语培优全书·教辅常见,idiom-l3-0501:char_judge,idiom:一日千里,char_judge,idiom:一日千里,一日千里,char_judge,lower,"{""display"": ""甲日千里""}"
idiom,L3,,「一日千里」的意思是？,含有数字的成语,成语;数字;小升初高频,小学成语培优全书·教辅常见,idiom-l3-0501:meaning_choice,idiom:一日千里,meaning_choice,idiom:一日千里,一日千里,meaning_choice,upper,"{""choices"": [""高兴得快要发狂"", ""找出事物的根由"", ""心里早有了主意"", ""含有数字的成语""]}"
idiom,L3,,含有数字的成语（四字）,一望无垠,成语;数字;小升初高频,小学成语培优全书·教辅常见,idiom-l3-0502,idiom:一望无垠,recite,idiom:一望无垠,一望无垠,recite,all,
idiom,L3,,下面的写法对不对？,对,成语;数字;小升初高频,小学成语培优全书·教辅常见,idiom-l3-0502:char_judge,idiom:一望无垠,char_judge,idiom:一望无垠,一望无垠,char_judge,lower,"{""display"": ""一望无垠""}"
idiom,L3,,「一望无垠」的意思是？,含有数字的成语,成语;数字;小升初高频,小学成语培优全书·教辅常见,idiom-l3-0502:meaning_choice,idiom:一望无垠,meaning_choice,idiom:一望无垠,一望无垠,meaning_choice,upper,"{""choices"": [""含有数字的成语"", ""ABCC 结构的成语"", ""ABCC 结构的成语"", ""ABCC 结构的成语""]}"
idiom,L3,,含有数字的成语（四字）,一朝一夕,成语;数字;小升初高频,小学成语培优全书·教辅常见,idiom-l3-0504,idiom:一朝一夕,recite,idiom:一朝一夕,一朝一夕,recite,all,
idiom,L3,,下面的写法对不对？,对,成语;数字;小升初高频,小学成语培优全书·教辅常见,idiom-l3-0504:char_judge,idiom:一朝一夕,char_judge,idiom:一朝一夕,一朝一夕,char_judge,lower,"{""display"": ""一朝一夕""}"
idiom,L3,,「一朝一夕」的意思是？,含有数字的成语,成语;数字;小升初高频,小学成语培优全书·教辅常见,idiom-l3-0504:meaning_choice,idiom:一朝一夕,meaning_choice,idiom:一朝一夕,一朝一夕,meaning_choice,upper,"{""choices"": [""特别容易被人看见"", ""找出事物的根由"", ""含有数字的成语"", ""雪片又大又密""]}"
idiom,L3,,含有数字的成语（四字）,一概而论,成语;数字;小升初高频,小学成语培优全书·教辅常见,idiom-l3-0506,idiom:一概而论,recite,idiom:一概而论,一概而论,recite,all,
idiom,L3,,下面的写法对不对？,对,成语;数字;小升初高频,小学成语培优全书·教辅常见,idiom-l3-0506:char_judge,idiom:一概而论,char_judge,idiom:一概而论,一概而论,char_judge,lower,"{""display"": ""一概而论""}"
idiom,L3,,「一概而论」的意思是？,含有数字的成语,成语;数字;小升初高频,小学成语培优全书·教辅常见,idiom-l3-0506:meaning_choice,idiom:一概而论,meaning_choice,idiom:一概而论,一概而论,meaning_choice,upper,"{""choices"": [""含有数字的成语"", ""兴趣很浓"", ""大声地笑"", ""弄错了对象或事实""]}"
idiom,L3,,含有数字的成语（四字）,一模一样,成语;数字;小升初高频,小学成语培优全书·教辅常见,idiom-l3-0507,idiom:一模一样,recite,idiom:一模一样,一模一样,recite,all,
idiom,L3,,下面的写法对不对？,错,成语;数字;小升初高频,小学成语培优全书·教辅常见,idiom-l3-0507:char_judge,idiom:一模一样,char_judge,idiom:一模一样,一模一样,char_judge,lower,"{""display"": ""甲模一样""}"
idiom,L3,,「一模一样」的意思是？,含有数字的成语,成语;数字;小升初高频,小学成语培优全书·教辅常见,idiom-l3-0507:meaning_choice,idiom:一模一样,meaning_choice,idiom:一模一样,一模一样,meaning_choice,upper,"{""choices"": [""含有数字的成语"", ""小学教辅常见成语"", ""小学教辅常见成语"", ""小学教辅常见成语""]}"
idiom,L3,,含有数字的成语（四字）,一步登天,成语;数字;小升初高频,小学成语培优全书·教辅常见,idiom-l3-0508,idiom:一步登天,recite,idiom:一步登天,一步登天,recite,all,
idiom,L3,,下面的写法对不对？,对,成语;数字;小升初高频,小学成语培优全书·教辅常见,idiom-l3-0508:char_judge,idiom:一步登天,char_judge,idiom:一步登天,一步登天,char_judge,lower,"{""display"": ""一步登天""}"
idiom,L3,,「一步登天」的意思是？,含有数字的成语,成语;数字;小升初高频,小学成语培优全书·教辅常见,idiom-l3-0508:meaning_choice,idiom:一步登天,meaning_choice,idiom:一步登天,一步登天,meaning_choice,upper,"{""choices"": [""含有数字的成语"", ""走路很神气、满不在乎"", ""名声传到国内外"", ""春天开花秋天结果""]}"
idiom,L3,,含有数字的成语（四字）,一毛不拔,成语;数字;小升初高频,小学成语培优全书·教辅常见,idiom-l3-0509,idiom:一毛不拔,recite,idiom:一毛不拔,一毛不拔,recite,all,
idiom,L3,,下面的写法对不对？,对,成语;数字;小升初高频,小学成语培优全书·教辅常见,idiom-l3-0509:char_judge,idiom:一毛不拔,char_judge,idiom:一毛不拔,一毛不拔,char_judge,lower,"{""display"": ""一毛不拔""}"
idiom,L3,,「一毛不拔」的意思是？,含有数字的成语,成语;数字;小升初高频,小学成语培优全书·教辅常见,idiom-l3-0509:meaning_choice,idiom:一毛不拔,meaning_choice,idiom:一毛不拔,一毛不拔,meaning_choice,upper,"{""choices"": [""很多花一起开"", ""形容艺术水平的成语"", ""形容艺术水平的成语"", ""含有数字的成语""]}"
idiom,L3,,含有数字的成语（四字）,一气呵成,成语;数字;小升初高频,小学成语培优全书·教辅常见,idiom-l3-0510,idiom:一气呵成,recite,idiom:一气呵成,一气呵成,recite,all,
idiom,L3,,下面的写法对不对？,错,成语;数字;小升初高频,小学成语培优全书·教辅常见,idiom-l3-0510:char_judge,idiom:一气呵成,char_judge,idiom:一气呵成,一气呵成,char_judge,lower,"{""display"": ""一气呵城""}"
idiom,L3,,「一气呵成」的意思是？,含有数字的成语,成语;数字;小升初高频,小学成语培优全书·教辅常见,idiom-l3-0510:meaning_choice,idiom:一气呵成,meaning_choice,idiom:一气呵成,一气呵成,meaning_choice,upper,"{""choices"": [""含有数字的成语"", ""家庭毁了，人也没了"", ""描摹得十分逼真"", ""人长寿，收成好""]}"
idiom,L3,,含有数字的成语（四字）,一泻千里,成语;数字;小升初高频,小学成语培优全书·教辅常见,idiom-l3-0511,idiom:一泻千里,recite,idiom:一泻千里,一泻千里,recite,all,
idiom,L3,,下面的写法对不对？,对,成语;数字;小升初高频,小学成语培优全书·教辅常见,idiom-l3-0511:char_judge,idiom:一泻千里,char_judge,idiom:一泻千里,一泻千里,char_judge,lower,"{""display"": ""一泻千里""}"
idiom,L3,,「一泻千里」的意思是？,含有数字的成语,成语;数字;小升初高频,小学成语培优全书·教辅常见,idiom-l3-0511:meaning_choice,idiom:一泻千里,meaning_choice,idiom:一泻千里,一泻千里,meaning_choice,upper,"{""choices"": [""含有数字的成语"", ""舍不得离开"", ""危害集体的人"", ""吓得或急得没了主意""]}"
idiom,L3,,含有数字的成语（四字）,一清二楚,成语;数字;小升初高频,小学成语培优全书·教辅常见,idiom-l3-0512,idiom:一清二楚,recite,idiom:一清二楚,一清二楚,recite,all,
idiom,L3,,下面的写法对不对？,对,成语;数字;小升初高频,小学成语培优全书·教辅常见,idiom-l3-0512:char_judge,idiom:一清二楚,char_judge,idiom:一清二楚,一清二楚,char_judge,lower,"{""display"": ""一清二楚""}"
idiom,L3,,「一清二楚」的意思是？,含有数字的成语,成语;数字;小升初高频,小学成语培优全书·教辅常见,idiom-l3-0512:meaning_choice,idiom:一清二楚,meaning_choice,idiom:一清二楚,一清二楚,meaning_choice,upper,"{""choices"": [""自己骗自己"", ""只要肯下功夫就能成功"", ""含有数字的成语"", ""不由得产生敬意""]}"
idiom,L3,,含有数字的成语（四字）,一盘散沙,成语;数字;小升初高频,小学成语培优全书·教辅常见,idiom-l3-0513,idiom:一盘散沙,recite,idiom:一盘散沙,一盘散沙,recite,all,
idiom,L3,,下面的写法对不对？,对,成语;数字;小升初高频,小学成语培优全书·教辅常见,idiom-l3-0513:char_judge,idiom:一盘散沙,char_judge,idiom:一盘散沙,一盘散沙,char_judge,lower,"{""display"": ""一盘散沙""}"
idiom,L3,,「一盘散沙」的意思是？,含有数字的成语,成语;数字;小升初高频,小学成语培优全书·教辅常见,idiom-l3-0513:meaning_choice,idiom:一盘散沙,meaning_choice,idiom:一盘散沙,一盘散沙,meaning_choice,upper,"{""choices"": [""AABB 结构的成语"", ""AABB 结构的成语"", ""AABB 结构的成语"", ""含有数字的成语""]}"
idiom,L3,,含有数字的成语（四字）,一目了然,成语;数字;小升初高频,小学成语培优全书·教辅常见,idiom-l3-0514,idiom:一目了然,recite,idiom:一目了然,一目了然,recite,all,
idiom,L3,,下面的写法对不对？,对,成语;数字;小升初高频,小学成语培优全书·教辅常见,idiom-l3-0514:char_judge,idiom:一目了然,char_judge,idiom:一目了然,一目了然,char_judge,lower,"{""display"": ""一目了然""}"
idiom,L3,,「一目了然」的意思是？,含有数字的成语,成语;数字;小升初高频,小学成语培优全书·教辅常见,idiom-l3-0514:meaning_choice,idiom:一目了然,meaning_choice,idiom:一目了然,一目了然,meaning_choice,upper,"{""choices"": [""颜色很多"", ""含有数字的成语"", ""秋风轻轻吹"", ""树林层层翠绿""]}"
idiom,L3,,含有数字的成语（四字）,一目十行,成语;数字;小升初高频,小学成语培优全书·教辅常见,idiom-l3-0515,idiom:一目十行,recite,idiom:一目十行,一目十行,recite,all,
idiom,L3,,下面的写法对不对？,对,成语;数字;小升初高频,小学成语培优全书·教辅常见,idiom-l3-0515:char_judge,idiom:一目十行,char_judge,idiom:一目十行,一目十行,char_judge,lower,"{""display"": ""一目十行""}"
idiom,L3,,「一目十行」的意思是？,含有数字的成语,成语;数字;小升初高频,小学成语培优全书·教辅常见,idiom-l3-0515:meaning_choice,idiom:一目十行,meaning_choice,idiom:一目十行,一目十行,meaning_choice,upper,"{""choices"": [""含有数字的成语"", ""描写景物的成语"", ""计谋非常高明"", ""做事慌张没有条理""]}"
idiom,L3,,含有数字的成语（四字）,一知半解,成语;数字;小升初高频,小学成语培优全书·教辅常见,idiom-l3-0516,idiom:一知半解,recite,idiom:一知半解,一知半解,recite,all,
idiom,L3,,下面的写法对不对？,对,成语;数字;小升初高频,小学成语培优全书·教辅常见,idiom-l3-0516:char_judge,idiom:一知半解,char_judge,idiom:一知半解,一知半解,char_judge,lower,"{""display"": ""一知半解""}"
idiom,L3,,「一知半解」的意思是？,含有数字的成语,成语;数字;小升初高频,小学成语培优全书·教辅常见,idiom-l3-0516:meaning_choice,idiom:一知半解,meaning_choice,idiom:一知半解,一知半解,meaning_choice,upper,"{""choices"": [""人民没法生活下去"", ""名声传到国内外"", ""含有数字的成语"", ""变化很多""]}"
idiom,L3,,含有数字的成语（四字）,一穷二白,成语;数字;小升初高频,小学成语培优全书·教辅常见,idiom-l3-0517,idiom:一穷二白,recite,idiom:一穷二白,一穷二白,recite,all,
idiom,L3,,下面的写法对不对？,错,成语;数字;小升初高频,小学成语培优全书·教辅常见,idiom-l3-0517:char_judge,idiom:一穷二白,char_judge,idiom:一穷二白,一穷二白,char_judge,lower,"{""display"": ""一甲二白""}"
idiom,L3,,「一穷二白」的意思是？,含有数字的成语,成语;数字;小升初高频,小学成语培优全书·教辅常见,idiom-l3-0517:meaning_choice,idiom:一穷二白,meaning_choice,idiom:一穷二白,一穷二白,meaning_choice,upper,"{""choices"": [""含有数字的成语"", ""这边看看那边看看"", ""这边看看那边看看"", ""著名的高山和大河""]}"
idiom,L3,,含有数字的成语（四字）,一窍不通,成语;数字;小升初高频,小学成语培优全书·教辅常见,idiom-l3-0518,idiom:一窍不通,recite,idiom:一窍不通,一窍不通,recite,all,
idiom,L3,,下面的写法对不对？,对,成语;数字;小升初高频,小学成语培优全书·教辅常见,idiom-l3-0518:char_judge,idiom:一窍不通,char_judge,idiom:一窍不通,一窍不通,char_judge,lower,"{""display"": ""一窍不通""}"
idiom,L3,,「一窍不通」的意思是？,含有数字的成语,成语;数字;小升初高频,小学成语培优全书·教辅常见,idiom-l3-0518:meaning_choice,idiom:一窍不通,meaning_choice,idiom:一窍不通,一窍不通,meaning_choice,upper,"{""choices"": [""名声传到国内外"", ""含有数字的成语"", ""天空高远，云很淡"", ""内部困难又加上外来威胁""]}"
idiom,L3,,含有数字的成语（四字）,一筹莫展,成语;数字;小升初高频,小学成语培优全书·教辅常见,idiom-l3-0519,idiom:一筹莫展,recite,idiom:一筹莫展,一筹莫展,recite,all,
idiom,L3,,下面的写法对不对？,错,成语;数字;小升初高频,小学成语培优全书·教辅常见,idiom-l3-0519:char_judge,idiom:一筹莫展,char_judge,idiom:一筹莫展,一筹莫展,char_judge,lower,"{""display"": ""一甲莫展""}"
idiom,L3,,「一筹莫展」的意思是？,含有数字的成语,成语;数字;小升初高频,小学成语培优全书·教辅常见,idiom-l3-0519:meaning_choice,idiom:一筹莫展,meaning_choice,idiom:一筹莫展,一筹莫展,meaning_choice,upper,"{""choices"": [""出自寓言故事的成语"", ""出自寓言故事的成语"", ""出自寓言故事的成语"", ""含有数字的成语""]}"
idiom,L3,,含有数字的成语（四字）,一箭双雕,成语;数字;小升初高频,小学成语培优全书·教辅常见,idiom-l3-0520,idiom:一箭双雕,recite,idiom:一箭双雕,一箭双雕,recite,all,
idiom,L3,,下面的写法对不对？,错,成语;数字;小升初高频,小学成语培优全书·教辅常见,idiom-l3-0520:char_judge,idiom:一箭双雕,char_judge,idiom:一箭双雕,一箭双雕,char_judge,lower,"{""display"": ""一甲双雕""}"
idiom,L3,,「一箭双雕」的意思是？,含有数字的成语,成语;数字;小升初高频,小学成语培优全书·教辅常见,idiom-l3-0520:meaning_choice,idiom:一箭双雕,meaning_choice,idiom:一箭双雕,一箭双雕,meaning_choice,upper,"{""choices"": [""从一片落叶知道秋天到了"", ""含有数字的成语"", ""描写景物的成语"", ""描写景物的成语""]}"
idiom,L3,,含有数字的成语（四字）,一纸空文,成语;数字;小升初高频,小学成语培优全书·教辅常见,idiom-l3-0521,idiom:一纸空文,recite,idiom:一纸空文,一纸空文,recite,all,
idiom,L3,,下面的写法对不对？,对,成语;数字;小升初高频,小学成语培优全书·教辅常见,idiom-l3-0521:char_judge,idiom:一纸空文,char_judge,idiom:一纸空文,一纸空文,char_judge,lower,"{""display"": ""一纸空文""}"
idiom,L3,,「一纸空文」的意思是？,含有数字的成语,成语;数字;小升初高频,小学成语培优全书·教辅常见,idiom-l3-0521:meaning_choice,idiom:一纸空文,meaning_choice,idiom:一纸空文,一纸空文,meaning_choice,upper,"{""choices"": [""做多余的事反而坏事"", ""个子小但精明强干"", ""生活安定，工作愉快"", ""含有数字的成语""]}"
idiom,L3,,含有数字的成语（四字）,一网打尽,成语;数字;小升初高频,小学成语培优全书·教辅常见,idiom-l3-0522,idiom:一网打尽,recite,idiom:一网打尽,一网打尽,recite,all,
idiom,L3,,下面的写法对不对？,错,成语;数字;小升初高频,小学成语培优全书·教辅常见,idiom-l3-0522:char_judge,idiom:一网打尽,char_judge,idiom:一网打尽,一网打尽,char_judge,lower,"{""display"": ""甲网打尽""}"
idiom,L3,,「一网打尽」的意思是？,含有数字的成语,成语;数字;小升初高频,小学成语培优全书·教辅常见,idiom-l3-0522:meaning_choice,idiom:一网打尽,meaning_choice,idiom:一网打尽,一网打尽,meaning_choice,upper,"{""choices"": [""含有数字的成语"", ""夜里不用关门，社会安定"", ""到处是流离失所的灾民"", ""占据高处，向下俯视""]}"
idiom,L3,,含有数字的成语（四字）,一落千丈,成语;数字;小升初高频,小学成语培优全书·教辅常见,idiom-l3-0523,idiom:一落千丈,recite,idiom:一落千丈,一落千丈,recite,all,
idiom,L3,,下面的写法对不对？,错,成语;数字;小升初高频,小学成语培优全书·教辅常见,idiom-l3-0523:char_judge,idiom:一落千丈,char_judge,idiom:一落千丈,一落千丈,char_judge,lower,"{""display"": ""甲落千丈""}"
idiom,L3,,「一落千丈」的意思是？,含有数字的成语,成语;数字;小升初高频,小学成语培优全书·教辅常见,idiom-l3-0523:meaning_choice,idiom:一落千丈,meaning_choice,idiom:一落千丈,一落千丈,meaning_choice,upper,"{""choices"": [""含有数字的成语"", ""借别人的威势吓唬人"", ""舍不得离开"", ""疑神疑鬼，自己吓自己""]}"
idiom,L3,,含有数字的成语（四字）,一见如故,成语;数字;小升初高频,小学成语培优全书·教辅常见,idiom-l3-0524,idiom:一见如故,recite,idiom:一见如故,一见如故,recite,all,
idiom,L3,,下面的写法对不对？,错,成语;数字;小升初高频,小学成语培优全书·教辅常见,idiom-l3-0524:char_judge,idiom:一见如故,char_judge,idiom:一见如故,一见如故,char_judge,lower,"{""display"": ""甲见如故""}"
idiom,L3,,「一见如故」的意思是？,含有数字的成语,成语;数字;小升初高频,小学成语培优全书·教辅常见,idiom-l3-0524:meaning_choice,idiom:一见如故,meaning_choice,idiom:一见如故,一见如故,meaning_choice,upper,"{""choices"": [""含有数字的成语"", ""出自寓言故事的成语"", ""出自寓言故事的成语"", ""出自寓言故事的成语""]}"
idiom,L3,,含有数字的成语（四字）,一见钟情,成语;数字;小升初高频,小学成语培优全书·教辅常见,idiom-l3-0525,idiom:一见钟情,recite,idiom:一见钟情,一见钟情,recite,all,
idiom,L3,,下面的写法对不对？,错,成语;数字;小升初高频,小学成语培优全书·教辅常见,idiom-l3-0525:char_judge,idiom:一见钟情,char_judge,idiom:一见钟情,一见钟情,char_judge,lower,"{""display"": ""一见甲情""}"
idiom,L3,,「一见钟情」的意思是？,含有数字的成语,成语;数字;小升初高频,小学成语培优全书·教辅常见,idiom-l3-0525:meaning_choice,idiom:一见钟情,meaning_choice,idiom:一见钟情,一见钟情,meaning_choice,upper,"{""choices"": [""蔺相如在渑池会上维护赵国尊严"", ""冰和雪化了"", ""家庭毁了，人也没了"", ""含有数字的成语""]}"
idiom,L3,,含有数字的成语（四字）,一视同仁,成语;数字;小升初高频,小学成语培优全书·教辅常见,idiom-l3-0526,idiom:一视同仁,recite,idiom:一视同仁,一视同仁,recite,all,
idiom,L3,,下面的写法对不对？,错,成语;数字;小升初高频,小学成语培优全书·教辅常见,idiom-l3-0526:char_judge,idiom:一视同仁,char_judge,idiom:一视同仁,一视同仁,char_judge,lower,"{""display"": ""一视同甲""}"
idiom,L3,,「一视同仁」的意思是？,含有数字的成语,成语;数字;小升初高频,小学成语培优全书·教辅常见,idiom-l3-0526:meaning_choice,idiom:一视同仁,meaning_choice,idiom:一视同仁,一视同仁,meaning_choice,upper,"{""choices"": [""笑得直不起腰"", ""说话办事坚决果断"", ""拘束、心里不踏实"", ""含有数字的成语""]}"
idiom,L3,,含有数字的成语（四字）,一触即发,成语;数字;小升初高频,小学成语培优全书·教辅常见,idiom-l3-0527,idiom:一触即发,recite,idiom:一触即发,一触即发,recite,all,
idiom,L3,,下面的写法对不对？,错,成语;数字;小升初高频,小学成语培优全书·教辅常见,idiom-l3-0527:char_judge,idiom:一触即发,char_judge,idiom:一触即发,一触即发,char_judge,lower,"{""display"": ""一触即甲""}"
idiom,L3,,「一触即发」的意思是？,含有数字的成语,成语;数字;小升初高频,小学成语培优全书·教辅常见,idiom-l3-0527:meaning_choice,idiom:一触即发,meaning_choice,idiom:一触即发,一触即发,meaning_choice,upper,"{""choices"": [""含有数字的成语"", ""坏主意很多"", ""自己控制不住感情"", ""能听见邻家鸡狗的叫声，形容住得近""]}"
idiom,L3,,含有数字的成语（四字）,一言为定,成语;数字;小升初高频,小学成语培优全书·教辅常见,idiom-l3-0528,idiom:一言为定,recite,idiom:一言为定,一言为定,recite,all,
idiom,L3,,下面的写法对不对？,对,成语;数字;小升初高频,小学成语培优全书·教辅常见,idiom-l3-0528:char_judge,idiom:一言为定,char_judge,idiom:一言为定,一言为定,char_judge,lower,"{""display"": ""一言为定""}"
idiom,L3,,「一言为定」的意思是？,含有数字的成语,成语;数字;小升初高频,小学成语培优全书·教辅常见,idiom-l3-0528:meaning_choice,idiom:一言为定,meaning_choice,idiom:一言为定,一言为定,meaning_choice,upper,"{""choices"": [""天空高远，云很淡"", ""含有数字的成语"", ""想出和别人不一样的办法"", ""柳树绿、花儿红""]}"
idiom,L3,,含有数字的成语（四字）,一言难尽,成语;数字;小升初高频,小学成语培优全书·教辅常见,idiom-l3-0529,idiom:一言难尽,recite,idiom:一言难尽,一言难尽,recite,all,
idiom,L3,,下面的写法对不对？,对,成语;数字;小升初高频,小学成语培优全书·教辅常见,idiom-l3-0529:char_judge,idiom:一言难尽,char_judge,idiom:一言难尽,一言难尽,char_judge,lower,"{""display"": ""一言难尽""}"
idiom,L3,,「一言难尽」的意思是？,含有数字的成语,成语;数字;小升初高频,小学成语培优全书·教辅常见,idiom-l3-0529:meaning_choice,idiom:一言难尽,meaning_choice,idiom:一言难尽,一言难尽,meaning_choice,upper,"{""choices"": [""无家可归，四处流浪"", ""高兴得眉眼都舒展开"", ""天空高远，云很淡"", ""含有数字的成语""]}"
idiom,L3,,含有数字的成语（四字）,一语道破,成语;数字;小升初高频,小学成语培优全书·教辅常见,idiom-l3-0530,idiom:一语道破,recite,idiom:一语道破,一语道破,recite,all,
idiom,L3,,下面的写法对不对？,对,成语;数字;小升初高频,小学成语培优全书·教辅常见,idiom-l3-0530:char_judge,idiom:一语道破,char_judge,idiom:一语道破,一语道破,char_judge,lower,"{""display"": ""一语道破""}"
idiom,L3,,「一语道破」的意思是？,含有数字的成语,成语;数字;小升初高频,小学成语培优全书·教辅常见,idiom-l3-0530:meaning_choice,idiom:一语道破,meaning_choice,idiom:一语道破,一语道破,meaning_choice,upper,"{""choices"": [""树林层层翠绿"", ""无家可归，四处流浪"", ""含有数字的成语"", ""本领极大，哪儿都能去""]}"
idiom,L3,,含有数字的成语（四字）,一诺千金,成语;数字;小升初高频,小学成语培优全书·教辅常见,idiom-l3-0531,idiom:一诺千金,recite,idiom:一诺千金,一诺千金,recite,all,
idiom,L3,,下面的写法对不对？,对,成语;数字;小升初高频,小学成语培优全书·教辅常见,idiom-l3-0531:char_judge,idiom:一诺千金,char_judge,idiom:一诺千金,一诺千金,char_judge,lower,"{""display"": ""一诺千金""}"
idiom,L3,,「一诺千金」的意思是？,含有数字的成语,成语;数字;小升初高频,小学成语培优全书·教辅常见,idiom-l3-0531:meaning_choice,idiom:一诺千金,meaning_choice,idiom:一诺千金,一诺千金,meaning_choice,upper,"{""choices"": [""树林层层变色"", ""又刮风又下雨"", ""含有数字的成语"", ""举止文雅""]}"
idiom,L3,,含有数字的成语（四字）,一败涂地,成语;数字;小升初高频,小学成语培优全书·教辅常见,idiom-l3-0532,idiom:一败涂地,recite,idiom:一败涂地,一败涂地,recite,all,
idiom,L3,,下面的写法对不对？,对,成语;数字;小升初高频,小学成语培优全书·教辅常见,idiom-l3-0532:char_judge,idiom:一败涂地,char_judge,idiom:一败涂地,一败涂地,char_judge,lower,"{""display"": ""一败涂地""}"
idiom,L3,,「一败涂地」的意思是？,含有数字的成语,成语;数字;小升初高频,小学成语培优全书·教辅常见,idiom-l3-0532:meaning_choice,idiom:一败涂地,meaning_choice,idiom:一败涂地,一败涂地,meaning_choice,upper,"{""choices"": [""变化很多"", ""著名的高山和大河"", ""含有数字的成语"", ""从细小处看出大趋势""]}"
idiom,L3,,含有数字的成语（四字）,一蹶不振,成语;数字;小升初高频,小学成语培优全书·教辅常见,idiom-l3-0533,idiom:一蹶不振,recite,idiom:一蹶不振,一蹶不振,recite,all,
idiom,L3,,下面的写法对不对？,对,成语;数字;小升初高频,小学成语培优全书·教辅常见,idiom-l3-0533:char_judge,idiom:一蹶不振,char_judge,idiom:一蹶不振,一蹶不振,char_judge,lower,"{""display"": ""一蹶不振""}"
idiom,L3,,「一蹶不振」的意思是？,含有数字的成语,成语;数字;小升初高频,小学成语培优全书·教辅常见,idiom-l3-0533:meaning_choice,idiom:一蹶不振,meaning_choice,idiom:一蹶不振,一蹶不振,meaning_choice,upper,"{""choices"": [""有些信、有些不信"", ""充满活力"", ""含有数字的成语"", ""生活在优裕的环境里""]}"
idiom,L3,,含有数字的成语（四字）,一鸣惊人,成语;数字;小升初高频,小学成语培优全书·教辅常见,idiom-l3-0535,idiom:一鸣惊人,recite,idiom:一鸣惊人,一鸣惊人,recite,all,
idiom,L3,,下面的写法对不对？,对,成语;数字;小升初高频,小学成语培优全书·教辅常见,idiom-l3-0535:char_judge,idiom:一鸣惊人,char_judge,idiom:一鸣惊人,一鸣惊人,char_judge,lower,"{""display"": ""一鸣惊人""}"
idiom,L3,,「一鸣惊人」的意思是？,含有数字的成语,成语;数字;小升初高频,小学成语培优全书·教辅常见,idiom-l3-0535:meaning_choice,idiom:一鸣惊人,meaning_choice,idiom:一鸣惊人,一鸣惊人,meaning_choice,upper,"{""choices"": [""含有数字的成语"", ""跃跃欲试、准备动手"", ""高兴得快要发狂"", ""样子慈善和气""]}"
idiom,L3,,含有数字的成语（四字）,一鼓作气,成语;数字;小升初高频,小学成语培优全书·教辅常见,idiom-l3-0536,idiom:一鼓作气,recite,idiom:一鼓作气,一鼓作气,recite,all,
idiom,L3,,下面的写法对不对？,错,成语;数字;小升初高频,小学成语培优全书·教辅常见,idiom-l3-0536:char_judge,idiom:一鼓作气,char_judge,idiom:一鼓作气,一鼓作气,char_judge,lower,"{""display"": ""一鼓作甲""}"
idiom,L3,,「一鼓作气」的意思是？,含有数字的成语,成语;数字;小升初高频,小学成语培优全书·教辅常见,idiom-l3-0536:meaning_choice,idiom:一鼓作气,meaning_choice,idiom:一鼓作气,一鼓作气,meaning_choice,upper,"{""choices"": [""含有数字的成语"", ""到处都可以当作家"", ""描写品质的成语"", ""描写品质的成语""]}"
idiom,L3,,含有数字的成语（四字）,七上八下,成语;数字;小升初高频,小学成语培优全书·教辅常见,idiom-l3-0537,idiom:七上八下,recite,idiom:七上八下,七上八下,recite,all,
idiom,L3,,下面的写法对不对？,对,成语;数字;小升初高频,小学成语培优全书·教辅常见,idiom-l3-0537:char_judge,idiom:七上八下,char_judge,idiom:七上八下,七上八下,char_judge,lower,"{""display"": ""七上八下""}"
idiom,L3,,「七上八下」的意思是？,含有数字的成语,成语;数字;小升初高频,小学成语培优全书·教辅常见,idiom-l3-0537:meaning_choice,idiom:七上八下,meaning_choice,idiom:七上八下,七上八下,meaning_choice,upper,"{""choices"": [""文雅有礼貌"", ""经历过很多艰苦"", ""没有办法可想"", ""含有数字的成语""]}"
idiom,L3,,含有数字的成语（四字）,七嘴八舌,成语;数字;小升初高频,小学成语培优全书·教辅常见,idiom-l3-0538,idiom:七嘴八舌,recite,idiom:七嘴八舌,七嘴八舌,recite,all,
idiom,L3,,下面的写法对不对？,错,成语;数字;小升初高频,小学成语培优全书·教辅常见,idiom-l3-0538:char_judge,idiom:七嘴八舌,char_judge,idiom:七嘴八舌,七嘴八舌,char_judge,lower,"{""display"": ""七嘴甲舌""}"
idiom,L3,,「七嘴八舌」的意思是？,含有数字的成语,成语;数字;小升初高频,小学成语培优全书·教辅常见,idiom-l3-0538:meaning_choice,idiom:七嘴八舌,meaning_choice,idiom:七嘴八舌,七嘴八舌,meaning_choice,upper,"{""choices"": [""描写秋天的成语"", ""描写秋天的成语"", ""含有数字的成语"", ""变化很多""]}"
idiom,L3,,含有数字的成语（四字）,七手八脚,成语;数字;小升初高频,小学成语培优全书·教辅常见,idiom-l3-0539,idiom:七手八脚,recite,idiom:七手八脚,七手八脚,recite,all,
idiom,L3,,下面的写法对不对？,错,成语;数字;小升初高频,小学成语培优全书·教辅常见,idiom-l3-0539:char_judge,idiom:七手八脚,char_judge,idiom:七手八脚,七手八脚,char_judge,lower,"{""display"": ""七甲八脚""}"
idiom,L3,,「七手八脚」的意思是？,含有数字的成语,成语;数字;小升初高频,小学成语培优全书·教辅常见,idiom-l3-0539:meaning_choice,idiom:七手八脚,meaning_choice,idiom:七手八脚,七手八脚,meaning_choice,upper,"{""choices"": [""含有数字的成语"", ""变化很多"", ""大体很好，还有一点缺憾"", ""生活在优裕的环境里""]}"
idiom,L3,,含有数字的成语（四字）,七拼八凑,成语;数字;小升初高频,小学成语培优全书·教辅常见,idiom-l3-0540,idiom:七拼八凑,recite,idiom:七拼八凑,七拼八凑,recite,all,
idiom,L3,,下面的写法对不对？,对,成语;数字;小升初高频,小学成语培优全书·教辅常见,idiom-l3-0540:char_judge,idiom:七拼八凑,char_judge,idiom:七拼八凑,七拼八凑,char_judge,lower,"{""display"": ""七拼八凑""}"
idiom,L3,,「七拼八凑」的意思是？,含有数字的成语,成语;数字;小升初高频,小学成语培优全书·教辅常见,idiom-l3-0540:meaning_choice,idiom:七拼八凑,meaning_choice,idiom:七拼八凑,七拼八凑,meaning_choice,upper,"{""choices"": [""想出和别人不一样的办法"", ""含有数字的成语"", ""吃东西又猛又急"", ""侥幸逃脱的人""]}"
idiom,L3,,含有数字的成语（四字）,七窍生烟,成语;数字;小升初高频,小学成语培优全书·教辅常见,idiom-l3-0541,idiom:七窍生烟,recite,idiom:七窍生烟,七窍生烟,recite,all,
idiom,L3,,下面的写法对不对？,对,成语;数字;小升初高频,小学成语培优全书·教辅常见,idiom-l3-0541:char_judge,idiom:七窍生烟,char_judge,idiom:七窍生烟,七窍生烟,char_judge,lower,"{""display"": ""七窍生烟""}"
idiom,L3,,「七窍生烟」的意思是？,含有数字的成语,成语;数字;小升初高频,小学成语培优全书·教辅常见,idiom-l3-0541:meaning_choice,idiom:七窍生烟,meaning_choice,idiom:七窍生烟,七窍生烟,meaning_choice,upper,"{""choices"": [""含有数字的成语"", ""用萤火虫的光夜里读书"", ""描写春天的成语"", ""描写春天的成语""]}"
idiom,L3,,含有数字的成语（四字）,七零八落,成语;数字;小升初高频,小学成语培优全书·教辅常见,idiom-l3-0542,idiom:七零八落,recite,idiom:七零八落,七零八落,recite,all,
idiom,L3,,下面的写法对不对？,错,成语;数字;小升初高频,小学成语培优全书·教辅常见,idiom-l3-0542:char_judge,idiom:七零八落,char_judge,idiom:七零八落,七零八落,char_judge,lower,"{""display"": ""甲零八落""}"
idiom,L3,,「七零八落」的意思是？,含有数字的成语,成语;数字;小升初高频,小学成语培优全书·教辅常见,idiom-l3-0542:meaning_choice,idiom:七零八落,meaning_choice,idiom:七零八落,七零八落,meaning_choice,upper,"{""choices"": [""大声地笑"", ""含有数字的成语"", ""走路不稳，跌跌撞撞"", ""全国各地，四面八方""]}"
idiom,L3,,含有数字的成语（四字）,万人空巷,成语;数字;小升初高频,小学成语培优全书·教辅常见,idiom-l3-0543,idiom:万人空巷,recite,idiom:万人空巷,万人空巷,recite,all,
idiom,L3,,下面的写法对不对？,对,成语;数字;小升初高频,小学成语培优全书·教辅常见,idiom-l3-0543:char_judge,idiom:万人空巷,char_judge,idiom:万人空巷,万人空巷,char_judge,lower,"{""display"": ""万人空巷""}"
idiom,L3,,「万人空巷」的意思是？,含有数字的成语,成语;数字;小升初高频,小学成语培优全书·教辅常见,idiom-l3-0543:meaning_choice,idiom:万人空巷,meaning_choice,idiom:万人空巷,万人空巷,meaning_choice,upper,"{""choices"": [""含有数字的成语"", ""到了山和水的尽头，没有出路"", ""色彩又多又好看"", ""经历过很多艰苦""]}"
idiom,L3,,含有数字的成语（四字）,万众一心,成语;数字;小升初高频,小学成语培优全书·教辅常见,idiom-l3-0544,idiom:万众一心,recite,idiom:万众一心,万众一心,recite,all,
idiom,L3,,下面的写法对不对？,错,成语;数字;小升初高频,小学成语培优全书·教辅常见,idiom-l3-0544:char_judge,idiom:万众一心,char_judge,idiom:万众一心,万众一心,char_judge,lower,"{""display"": ""万甲一心""}"
idiom,L3,,「万众一心」的意思是？,含有数字的成语,成语;数字;小升初高频,小学成语培优全书·教辅常见,idiom-l3-0544:meaning_choice,idiom:万众一心,meaning_choice,idiom:万众一心,万众一心,meaning_choice,upper,"{""choices"": [""描写秋天的成语"", ""描写秋天的成语"", ""在困难时给人帮助"", ""含有数字的成语""]}"
idiom,L3,,含有数字的成语（四字）,万古长青,成语;数字;小升初高频,小学成语培优全书·教辅常见,idiom-l3-0545,idiom:万古长青,recite,idiom:万古长青,万古长青,recite,all,
idiom,L3,,下面的写法对不对？,错,成语;数字;小升初高频,小学成语培优全书·教辅常见,idiom-l3-0545:char_judge,idiom:万古长青,char_judge,idiom:万古长青,万古长青,char_judge,lower,"{""display"": ""万古长清""}"
idiom,L3,,「万古长青」的意思是？,含有数字的成语,成语;数字;小升初高频,小学成语培优全书·教辅常见,idiom-l3-0545:meaning_choice,idiom:万古长青,meaning_choice,idiom:万古长青,万古长青,meaning_choice,upper,"{""choices"": [""脸上很有光彩、很有精神"", ""做事慌张没有条理"", ""含有数字的成语"", ""天空蓝得像洗过一样""]}"
idiom,L3,,含有数字的成语（四字）,万无一失,成语;数字;小升初高频,小学成语培优全书·教辅常见,idiom-l3-0546,idiom:万无一失,recite,idiom:万无一失,万无一失,recite,all,
idiom,L3,,下面的写法对不对？,错,成语;数字;小升初高频,小学成语培优全书·教辅常见,idiom-l3-0546:char_judge,idiom:万无一失,char_judge,idiom:万无一失,万无一失,char_judge,lower,"{""display"": ""万无一甲""}"
idiom,L3,,「万无一失」的意思是？,含有数字的成语,成语;数字;小升初高频,小学成语培优全书·教辅常见,idiom-l3-0546:meaning_choice,idiom:万无一失,meaning_choice,idiom:万无一失,万无一失,meaning_choice,upper,"{""choices"": [""说话直截了当，一下子说到要害"", ""笑得直不起腰"", ""含有数字的成语"", ""颜色又多又好看""]}"
idiom,L3,,含有数字的成语（四字）,万籁俱寂,成语;数字;小升初高频,小学成语培优全书·教辅常见,idiom-l3-0547,idiom:万籁俱寂,recite,idiom:万籁俱寂,万籁俱寂,recite,all,
idiom,L3,,下面的写法对不对？,对,成语;数字;小升初高频,小学成语培优全书·教辅常见,idiom-l3-0547:char_judge,idiom:万籁俱寂,char_judge,idiom:万籁俱寂,万籁俱寂,char_judge,lower,"{""display"": ""万籁俱寂""}"
idiom,L3,,「万籁俱寂」的意思是？,含有数字的成语,成语;数字;小升初高频,小学成语培优全书·教辅常见,idiom-l3-0547:meaning_choice,idiom:万籁俱寂,meaning_choice,idiom:万籁俱寂,万籁俱寂,meaning_choice,upper,"{""choices"": [""含有数字的成语"", ""桂花香气飘散"", ""没有办法可想"", ""自己骗自己""]}"
idiom,L3,,含有数字的成语（四字）,万紫千红,成语;数字;小升初高频,小学成语培优全书·教辅常见,idiom-l3-0548,idiom:万紫千红,recite,idiom:万紫千红,万紫千红,recite,all,
idiom,L3,,下面的写法对不对？,对,成语;数字;小升初高频,小学成语培优全书·教辅常见,idiom-l3-0548:char_judge,idiom:万紫千红,char_judge,idiom:万紫千红,万紫千红,char_judge,lower,"{""display"": ""万紫千红""}"
idiom,L3,,「万紫千红」的意思是？,含有数字的成语,成语;数字;小升初高频,小学成语培优全书·教辅常见,idiom-l3-0548:meaning_choice,idiom:万紫千红,meaning_choice,idiom:万紫千红,万紫千红,meaning_choice,upper,"{""choices"": [""关键处一点就使整体生动"", ""全国各地，四面八方"", ""精神完全集中"", ""含有数字的成语""]}"
idiom,L3,,含有数字的成语（四字）,三令五申,成语;数字;小升初高频,小学成语培优全书·教辅常见,idiom-l3-0549,idiom:三令五申,recite,idiom:三令五申,三令五申,recite,all,
idiom,L3,,下面的写法对不对？,对,成语;数字;小升初高频,小学成语培优全书·教辅常见,idiom-l3-0549:char_judge,idiom:三令五申,char_judge,idiom:三令五申,三令五申,char_judge,lower,"{""display"": ""三令五申""}"
idiom,L3,,「三令五申」的意思是？,含有数字的成语,成语;数字;小升初高频,小学成语培优全书·教辅常见,idiom-l3-0549:meaning_choice,idiom:三令五申,meaning_choice,idiom:三令五申,三令五申,meaning_choice,upper,"{""choices"": [""字写得有气势"", ""含有数字的成语"", ""计谋非常高明"", ""变化很多""]}"
idiom,L3,,含有数字的成语（四字）,三心二意,成语;数字;小升初高频,小学成语培优全书·教辅常见,idiom-l3-0550,idiom:三心二意,recite,idiom:三心二意,三心二意,recite,all,
idiom,L3,,下面的写法对不对？,对,成语;数字;小升初高频,小学成语培优全书·教辅常见,idiom-l3-0550:char_judge,idiom:三心二意,char_judge,idiom:三心二意,三心二意,char_judge,lower,"{""display"": ""三心二意""}"
idiom,L3,,「三心二意」的意思是？,含有数字的成语,成语;数字;小升初高频,小学成语培优全书·教辅常见,idiom-l3-0550:meaning_choice,idiom:三心二意,meaning_choice,idiom:三心二意,三心二意,meaning_choice,upper,"{""choices"": [""色彩繁多"", ""含有数字的成语"", ""夜里不用关门，社会安定"", ""个子小但精明强干""]}"
idiom,L3,,含有数字的成语（四字）,三长两短,成语;数字;小升初高频,小学成语培优全书·教辅常见,idiom-l3-0552,idiom:三长两短,recite,idiom:三长两短,三长两短,recite,all,
idiom,L3,,下面的写法对不对？,错,成语;数字;小升初高频,小学成语培优全书·教辅常见,idiom-l3-0552:char_judge,idiom:三长两短,char_judge,idiom:三长两短,三长两短,char_judge,lower,"{""display"": ""三长两甲""}"
idiom,L3,,「三长两短」的意思是？,含有数字的成语,成语;数字;小升初高频,小学成语培优全书·教辅常见,idiom-l3-0552:meaning_choice,idiom:三长两短,meaning_choice,idiom:三长两短,三长两短,meaning_choice,upper,"{""choices"": [""雪片又大又密"", ""含有数字的成语"", ""正宗高雅的音乐"", ""危害集体的人""]}"
idiom,L3,,含有数字的成语（四字）,不三不四,成语;数字;小升初高频,小学成语培优全书·教辅常见,idiom-l3-0553,idiom:不三不四,recite,idiom:不三不四,不三不四,recite,all,
idiom,L3,,下面的写法对不对？,对,成语;数字;小升初高频,小学成语培优全书·教辅常见,idiom-l3-0553:char_judge,idiom:不三不四,char_judge,idiom:不三不四,不三不四,char_judge,lower,"{""display"": ""不三不四""}"
idiom,L3,,「不三不四」的意思是？,含有数字的成语,成语;数字;小升初高频,小学成语培优全书·教辅常见,idiom-l3-0553:meaning_choice,idiom:不三不四,meaning_choice,idiom:不三不四,不三不四,meaning_choice,upper,"{""choices"": [""描写景物的成语"", ""描写景物的成语"", ""描写景物的成语"", ""含有数字的成语""]}"
idiom,L3,,含有数字的成语（四字）,不可一世,成语;数字;小升初高频,小学成语培优全书·教辅常见,idiom-l3-0554,idiom:不可一世,recite,idiom:不可一世,不可一世,recite,all,
idiom,L3,,下面的写法对不对？,错,成语;数字;小升初高频,小学成语培优全书·教辅常见,idiom-l3-0554:char_judge,idiom:不可一世,char_judge,idiom:不可一世,不可一世,char_judge,lower,"{""display"": ""步可一世""}"
idiom,L3,,「不可一世」的意思是？,含有数字的成语,成语;数字;小升初高频,小学成语培优全书·教辅常见,idiom-l3-0554:meaning_choice,idiom:不可一世,meaning_choice,idiom:不可一世,不可一世,meaning_choice,upper,"{""choices"": [""含有数字的成语"", ""用萤火虫的光夜里读书"", ""像是天地特意安排的，非常合适"", ""吓得或急得没了主意""]}"
idiom,L3,,含有数字的成语（四字）,不屑一顾,成语;数字;小升初高频,小学成语培优全书·教辅常见,idiom-l3-0555,idiom:不屑一顾,recite,idiom:不屑一顾,不屑一顾,recite,all,
idiom,L3,,下面的写法对不对？,对,成语;数字;小升初高频,小学成语培优全书·教辅常见,idiom-l3-0555:char_judge,idiom:不屑一顾,char_judge,idiom:不屑一顾,不屑一顾,char_judge,lower,"{""display"": ""不屑一顾""}"
idiom,L3,,「不屑一顾」的意思是？,含有数字的成语,成语;数字;小升初高频,小学成语培优全书·教辅常见,idiom-l3-0555:meaning_choice,idiom:不屑一顾,meaning_choice,idiom:不屑一顾,不屑一顾,meaning_choice,upper,"{""choices"": [""像老虎一样盯着，想扑上去"", ""含有数字的成语"", ""大声地笑"", ""危害集体的人""]}"
idiom,L3,,含有数字的成语（四字）,两面三刀,成语;数字;小升初高频,小学成语培优全书·教辅常见,idiom-l3-0556,idiom:两面三刀,recite,idiom:两面三刀,两面三刀,recite,all,
idiom,L3,,下面的写法对不对？,错,成语;数字;小升初高频,小学成语培优全书·教辅常见,idiom-l3-0556:char_judge,idiom:两面三刀,char_judge,idiom:两面三刀,两面三刀,char_judge,lower,"{""display"": ""两甲三刀""}"
idiom,L3,,「两面三刀」的意思是？,含有数字的成语,成语;数字;小升初高频,小学成语培优全书·教辅常见,idiom-l3-0556:meaning_choice,idiom:两面三刀,meaning_choice,idiom:两面三刀,两面三刀,meaning_choice,upper,"{""choices"": [""春天回来了，大地苏醒"", ""含有数字的成语"", ""仪表端正、很有气派"", ""自以为了不起的样子""]}"
idiom,L3,,含有数字的成语（四字）,举一反三,成语;数字;小升初高频,小学成语培优全书·教辅常见,idiom-l3-0557,idiom:举一反三,recite,idiom:举一反三,举一反三,recite,all,
idiom,L3,,下面的写法对不对？,错,成语;数字;小升初高频,小学成语培优全书·教辅常见,idiom-l3-0557:char_judge,idiom:举一反三,char_judge,idiom:举一反三,举一反三,char_judge,lower,"{""display"": ""甲一反三""}"
idiom,L3,,「举一反三」的意思是？,含有数字的成语,成语;数字;小升初高频,小学成语培优全书·教辅常见,idiom-l3-0557:meaning_choice,idiom:举一反三,meaning_choice,idiom:举一反三,举一反三,meaning_choice,upper,"{""choices"": [""没有风浪，也指局势安定"", ""含有数字的成语"", ""刻苦学习，不敢打瞌睡"", ""刚哭完又笑了""]}"
idiom,L3,,含有数字的成语（四字）,乌七八糟,成语;数字;小升初高频,小学成语培优全书·教辅常见,idiom-l3-0558,idiom:乌七八糟,recite,idiom:乌七八糟,乌七八糟,recite,all,
idiom,L3,,下面的写法对不对？,错,成语;数字;小升初高频,小学成语培优全书·教辅常见,idiom-l3-0558:char_judge,idiom:乌七八糟,char_judge,idiom:乌七八糟,乌七八糟,char_judge,lower,"{""display"": ""乌七甲糟""}"
idiom,L3,,「乌七八糟」的意思是？,含有数字的成语,成语;数字;小升初高频,小学成语培优全书·教辅常见,idiom-l3-0558:meaning_choice,idiom:乌七八糟,meaning_choice,idiom:乌七八糟,乌七八糟,meaning_choice,upper,"{""choices"": [""不加咀嚼地整吞，比喻不求甚解"", ""含有数字的成语"", ""高兴得自己都受不住"", ""在困难时给人帮助""]}"
idiom,L3,,含有数字的成语（四字）,九死一生,成语;数字;小升初高频,小学成语培优全书·教辅常见,idiom-l3-0559,idiom:九死一生,recite,idiom:九死一生,九死一生,recite,all,
idiom,L3,,下面的写法对不对？,对,成语;数字;小升初高频,小学成语培优全书·教辅常见,idiom-l3-0559:char_judge,idiom:九死一生,char_judge,idiom:九死一生,九死一生,char_judge,lower,"{""display"": ""九死一生""}"
idiom,L3,,「九死一生」的意思是？,含有数字的成语,成语;数字;小升初高频,小学成语培优全书·教辅常见,idiom-l3-0559:meaning_choice,idiom:九死一生,meaning_choice,idiom:九死一生,九死一生,meaning_choice,upper,"{""choices"": [""自己控制不住感情"", ""头发白了，脸色却像小孩一样红润"", ""形象生动得像活的一样"", ""含有数字的成语""]}"
idiom,L3,,含有数字的成语（四字）,九牛一毛,成语;数字;小升初高频,小学成语培优全书·教辅常见,idiom-l3-0560,idiom:九牛一毛,recite,idiom:九牛一毛,九牛一毛,recite,all,
idiom,L3,,下面的写法对不对？,对,成语;数字;小升初高频,小学成语培优全书·教辅常见,idiom-l3-0560:char_judge,idiom:九牛一毛,char_judge,idiom:九牛一毛,九牛一毛,char_judge,lower,"{""display"": ""九牛一毛""}"
idiom,L3,,「九牛一毛」的意思是？,含有数字的成语,成语;数字;小升初高频,小学成语培优全书·教辅常见,idiom-l3-0560:meaning_choice,idiom:九牛一毛,meaning_choice,idiom:九牛一毛,九牛一毛,meaning_choice,upper,"{""choices"": [""只要肯下功夫就能成功"", ""气魄很大的话"", ""到处是冰和雪"", ""含有数字的成语""]}"
idiom,L3,,含有数字的成语（四字）,乱七八糟,成语;数字;小升初高频,小学成语培优全书·教辅常见,idiom-l3-0561,idiom:乱七八糟,recite,idiom:乱七八糟,乱七八糟,recite,all,
idiom,L3,,下面的写法对不对？,对,成语;数字;小升初高频,小学成语培优全书·教辅常见,idiom-l3-0561:char_judge,idiom:乱七八糟,char_judge,idiom:乱七八糟,乱七八糟,char_judge,lower,"{""display"": ""乱七八糟""}"
idiom,L3,,「乱七八糟」的意思是？,含有数字的成语,成语;数字;小升初高频,小学成语培优全书·教辅常见,idiom-l3-0561:meaning_choice,idiom:乱七八糟,meaning_choice,idiom:乱七八糟,乱七八糟,meaning_choice,upper,"{""choices"": [""拘束、心里不踏实"", ""含有数字的成语"", ""自己的说法或做法互相冲突"", ""事故很多的时期""]}"
idiom,L3,,含有数字的成语（四字）,五体投地,成语;数字;小升初高频,小学成语培优全书·教辅常见,idiom-l3-0562,idiom:五体投地,recite,idiom:五体投地,五体投地,recite,all,
idiom,L3,,下面的写法对不对？,对,成语;数字;小升初高频,小学成语培优全书·教辅常见,idiom-l3-0562:char_judge,idiom:五体投地,char_judge,idiom:五体投地,五体投地,char_judge,lower,"{""display"": ""五体投地""}"
idiom,L3,,「五体投地」的意思是？,含有数字的成语,成语;数字;小升初高频,小学成语培优全书·教辅常见,idiom-l3-0562:meaning_choice,idiom:五体投地,meaning_choice,idiom:五体投地,五体投地,meaning_choice,upper,"{""choices"": [""描写外貌的成语"", ""描写外貌的成语"", ""描写外貌的成语"", ""含有数字的成语""]}"
idiom,L3,,含有数字的成语（四字）,五彩缤纷,成语;数字;小升初高频,小学成语培优全书·教辅常见,idiom-l3-0564,idiom:五彩缤纷,recite,idiom:五彩缤纷,五彩缤纷,recite,all,
idiom,L3,,下面的写法对不对？,错,成语;数字;小升初高频,小学成语培优全书·教辅常见,idiom-l3-0564:char_judge,idiom:五彩缤纷,char_judge,idiom:五彩缤纷,五彩缤纷,char_judge,lower,"{""display"": ""五彩缤甲""}"
idiom,L3,,「五彩缤纷」的意思是？,含有数字的成语,成语;数字;小升初高频,小学成语培优全书·教辅常见,idiom-l3-0564:meaning_choice,idiom:五彩缤纷,meaning_choice,idiom:五彩缤纷,五彩缤纷,meaning_choice,upper,"{""choices"": [""含有数字的成语"", ""一下子明白过来"", ""人民没法生活下去"", ""没有尽头""]}"
idiom,L3,,含有数字的成语（四字）,付之一炬,成语;数字;小升初高频,小学成语培优全书·教辅常见,idiom-l3-0566,idiom:付之一炬,recite,idiom:付之一炬,付之一炬,recite,all,
idiom,L3,,下面的写法对不对？,对,成语;数字;小升初高频,小学成语培优全书·教辅常见,idiom-l3-0566:char_judge,idiom:付之一炬,char_judge,idiom:付之一炬,付之一炬,char_judge,lower,"{""display"": ""付之一炬""}"
idiom,L3,,「付之一炬」的意思是？,含有数字的成语,成语;数字;小升初高频,小学成语培优全书·教辅常见,idiom-l3-0566:meaning_choice,idiom:付之一炬,meaning_choice,idiom:付之一炬,付之一炬,meaning_choice,upper,"{""choices"": [""遇到危险也不害怕"", ""小学教辅常见成语"", ""样子很庄重认真"", ""含有数字的成语""]}"
idiom,L3,,含有数字的成语（四字）,付之一笑,成语;数字;小升初高频,小学成语培优全书·教辅常见,idiom-l3-0567,idiom:付之一笑,recite,idiom:付之一笑,付之一笑,recite,all,
idiom,L3,,下面的写法对不对？,对,成语;数字;小升初高频,小学成语培优全书·教辅常见,idiom-l3-0567:char_judge,idiom:付之一笑,char_judge,idiom:付之一笑,付之一笑,char_judge,lower,"{""display"": ""付之一笑""}"
idiom,L3,,「付之一笑」的意思是？,含有数字的成语,成语;数字;小升初高频,小学成语培优全书·教辅常见,idiom-l3-0567:meaning_choice,idiom:付之一笑,meaning_choice,idiom:付之一笑,付之一笑,meaning_choice,upper,"{""choices"": [""描写夏天的成语"", ""描写夏天的成语"", ""描写夏天的成语"", ""含有数字的成语""]}"
idiom,L3,,含有数字的成语（四字）,低三下四,成语;数字;小升初高频,小学成语培优全书·教辅常见,idiom-l3-0568,idiom:低三下四,recite,idiom:低三下四,低三下四,recite,all,
idiom,L3,,下面的写法对不对？,对,成语;数字;小升初高频,小学成语培优全书·教辅常见,idiom-l3-0568:char_judge,idiom:低三下四,char_judge,idiom:低三下四,低三下四,char_judge,lower,"{""display"": ""低三下四""}"
idiom,L3,,「低三下四」的意思是？,含有数字的成语,成语;数字;小升初高频,小学成语培优全书·教辅常见,idiom-l3-0568:meaning_choice,idiom:低三下四,meaning_choice,idiom:低三下四,低三下四,meaning_choice,upper,"{""choices"": [""计谋非常高明"", ""含有数字的成语"", ""弄错了对象或事实"", ""见识很短浅""]}"
idiom,L3,,含有数字的成语（四字）,低人一等,成语;数字;小升初高频,小学成语培优全书·教辅常见,idiom-l3-0569,idiom:低人一等,recite,idiom:低人一等,低人一等,recite,all,
idiom,L3,,下面的写法对不对？,对,成语;数字;小升初高频,小学成语培优全书·教辅常见,idiom-l3-0569:char_judge,idiom:低人一等,char_judge,idiom:低人一等,低人一等,char_judge,lower,"{""display"": ""低人一等""}"
idiom,L3,,「低人一等」的意思是？,含有数字的成语,成语;数字;小升初高频,小学成语培优全书·教辅常见,idiom-l3-0569:meaning_choice,idiom:低人一等,meaning_choice,idiom:低人一等,低人一等,meaning_choice,upper,"{""choices"": [""小学教辅常见成语"", ""小学教辅常见成语"", ""秋天天气清爽"", ""含有数字的成语""]}"
idiom,L3,,含有数字的成语（四字）,入木三分,成语;数字;小升初高频,小学成语培优全书·教辅常见,idiom-l3-0570,idiom:入木三分,recite,idiom:入木三分,入木三分,recite,all,
idiom,L3,,下面的写法对不对？,对,成语;数字;小升初高频,小学成语培优全书·教辅常见,idiom-l3-0570:char_judge,idiom:入木三分,char_judge,idiom:入木三分,入木三分,char_judge,lower,"{""display"": ""入木三分""}"
idiom,L3,,「入木三分」的意思是？,含有数字的成语,成语;数字;小升初高频,小学成语培优全书·教辅常见,idiom-l3-0570:meaning_choice,idiom:入木三分,meaning_choice,idiom:入木三分,入木三分,meaning_choice,upper,"{""choices"": [""办法很多，本领很大"", ""脸色温和愉快"", ""鸡叫狗叫形容喧闹"", ""含有数字的成语""]}"
idiom,L3,,含有数字的成语（四字）,八仙过海,成语;数字;小升初高频,小学成语培优全书·教辅常见,idiom-l3-0571,idiom:八仙过海,recite,idiom:八仙过海,八仙过海,recite,all,
idiom,L3,,下面的写法对不对？,错,成语;数字;小升初高频,小学成语培优全书·教辅常见,idiom-l3-0571:char_judge,idiom:八仙过海,char_judge,idiom:八仙过海,八仙过海,char_judge,lower,"{""display"": ""八仙甲海""}"
idiom,L3,,「八仙过海」的意思是？,含有数字的成语,成语;数字;小升初高频,小学成语培优全书·教辅常见,idiom-l3-0571:meaning_choice,idiom:八仙过海,meaning_choice,idiom:八仙过海,八仙过海,meaning_choice,upper,"{""choices"": [""山塌地裂，声势极大"", ""什么都伤害不了"", ""含有数字的成语"", ""在风里飘动""]}"
idiom,L3,,含有数字的成语（四字）,八面玲珑,成语;数字;小升初高频,小学成语培优全书·教辅常见,idiom-l3-0572,idiom:八面玲珑,recite,idiom:八面玲珑,八面玲珑,recite,all,
idiom,L3,,下面的写法对不对？,错,成语;数字;小升初高频,小学成语培优全书·教辅常见,idiom-l3-0572:char_judge,idiom:八面玲珑,char_judge,idiom:八面玲珑,八面玲珑,char_judge,lower,"{""display"": ""八面甲珑""}"
idiom,L3,,「八面玲珑」的意思是？,含有数字的成语,成语;数字;小升初高频,小学成语培优全书·教辅常见,idiom-l3-0572:meaning_choice,idiom:八面玲珑,meaning_choice,idiom:八面玲珑,八面玲珑,meaning_choice,upper,"{""choices"": [""没有精神"", ""含有数字的成语"", ""急得不能再等"", ""不由得产生敬意""]}"
idiom,L3,,含有数字的成语（四字）,六亲不认,成语;数字;小升初高频,小学成语培优全书·教辅常见,idiom-l3-0573,idiom:六亲不认,recite,idiom:六亲不认,六亲不认,recite,all,
idiom,L3,,下面的写法对不对？,错,成语;数字;小升初高频,小学成语培优全书·教辅常见,idiom-l3-0573:char_judge,idiom:六亲不认,char_judge,idiom:六亲不认,六亲不认,char_judge,lower,"{""display"": ""六亲不甲""}"
idiom,L3,,「六亲不认」的意思是？,含有数字的成语,成语;数字;小升初高频,小学成语培优全书·教辅常见,idiom-l3-0573:meaning_choice,idiom:六亲不认,meaning_choice,idiom:六亲不认,六亲不认,meaning_choice,upper,"{""choices"": [""好上加好"", ""含有数字的成语"", ""很想马上试一试"", ""精简机构、减少人员""]}"
idiom,L3,,含有数字的成语（四字）,六神无主,成语;数字;小升初高频,小学成语培优全书·教辅常见,idiom-l3-0574,idiom:六神无主,recite,idiom:六神无主,六神无主,recite,all,
idiom,L3,,下面的写法对不对？,错,成语;数字;小升初高频,小学成语培优全书·教辅常见,idiom-l3-0574:char_judge,idiom:六神无主,char_judge,idiom:六神无主,六神无主,char_judge,lower,"{""display"": ""六神天主""}"
idiom,L3,,「六神无主」的意思是？,含有数字的成语,成语;数字;小升初高频,小学成语培优全书·教辅常见,idiom-l3-0574:meaning_choice,idiom:六神无主,meaning_choice,idiom:六神无主,六神无主,meaning_choice,upper,"{""choices"": [""智谋很多"", ""用萤火虫的光夜里读书"", ""乱七八糟地摆着"", ""含有数字的成语""]}"
idiom,L3,,含有数字的成语（四字）,决一死战,成语;数字;小升初高频,小学成语培优全书·教辅常见,idiom-l3-0575,idiom:决一死战,recite,idiom:决一死战,决一死战,recite,all,
idiom,L3,,下面的写法对不对？,对,成语;数字;小升初高频,小学成语培优全书·教辅常见,idiom-l3-0575:char_judge,idiom:决一死战,char_judge,idiom:决一死战,决一死战,char_judge,lower,"{""display"": ""决一死战""}"
idiom,L3,,「决一死战」的意思是？,含有数字的成语,成语;数字;小升初高频,小学成语培优全书·教辅常见,idiom-l3-0575:meaning_choice,idiom:决一死战,meaning_choice,idiom:决一死战,决一死战,meaning_choice,upper,"{""choices"": [""描写品质的成语"", ""一下子明白过来"", ""含有数字的成语"", ""文章或动作很流畅""]}"
idiom,L3,,含有数字的成语（四字）,决胜千里,成语;数字;小升初高频,小学成语培优全书·教辅常见,idiom-l3-0576,idiom:决胜千里,recite,idiom:决胜千里,决胜千里,recite,all,
idiom,L3,,下面的写法对不对？,错,成语;数字;小升初高频,小学成语培优全书·教辅常见,idiom-l3-0576:char_judge,idiom:决胜千里,char_judge,idiom:决胜千里,决胜千里,char_judge,lower,"{""display"": ""决胜干里""}"
idiom,L3,,「决胜千里」的意思是？,含有数字的成语,成语;数字;小升初高频,小学成语培优全书·教辅常见,idiom-l3-0576:meaning_choice,idiom:决胜千里,meaning_choice,idiom:决胜千里,决胜千里,meaning_choice,upper,"{""choices"": [""含有数字的成语"", ""含有动物的成语"", ""含有动物的成语"", ""含有动物的成语""]}"
idiom,L3,,含有数字的成语（四字）,别具一格,成语;数字;小升初高频,小学成语培优全书·教辅常见,idiom-l3-0577,idiom:别具一格,recite,idiom:别具一格,别具一格,recite,all,
idiom,L3,,下面的写法对不对？,对,成语;数字;小升初高频,小学成语培优全书·教辅常见,idiom-l3-0577:char_judge,idiom:别具一格,char_judge,idiom:别具一格,别具一格,char_judge,lower,"{""display"": ""别具一格""}"
idiom,L3,,「别具一格」的意思是？,含有数字的成语,成语;数字;小升初高频,小学成语培优全书·教辅常见,idiom-l3-0577:meaning_choice,idiom:别具一格,meaning_choice,idiom:别具一格,别具一格,meaning_choice,upper,"{""choices"": [""描写心情的成语"", ""描写心情的成语"", ""描写心情的成语"", ""含有数字的成语""]}"
idiom,L3,,含有数字的成语（四字）,功亏一篑,成语;数字;小升初高频,小学成语培优全书·教辅常见,idiom-l3-0578,idiom:功亏一篑,recite,idiom:功亏一篑,功亏一篑,recite,all,
idiom,L3,,下面的写法对不对？,对,成语;数字;小升初高频,小学成语培优全书·教辅常见,idiom-l3-0578:char_judge,idiom:功亏一篑,char_judge,idiom:功亏一篑,功亏一篑,char_judge,lower,"{""display"": ""功亏一篑""}"
idiom,L3,,「功亏一篑」的意思是？,含有数字的成语,成语;数字;小升初高频,小学成语培优全书·教辅常见,idiom-l3-0578:meaning_choice,idiom:功亏一篑,meaning_choice,idiom:功亏一篑,功亏一篑,meaning_choice,upper,"{""choices"": [""靠近山、靠近水"", ""含有数字的成语"", ""身材魁梧"", ""计谋非常高明""]}"
idiom,L3,,含有数字的成语（四字）,包罗万象,成语;数字;小升初高频,小学成语培优全书·教辅常见,idiom-l3-0579,idiom:包罗万象,recite,idiom:包罗万象,包罗万象,recite,all,
idiom,L3,,下面的写法对不对？,错,成语;数字;小升初高频,小学成语培优全书·教辅常见,idiom-l3-0579:char_judge,idiom:包罗万象,char_judge,idiom:包罗万象,包罗万象,char_judge,lower,"{""display"": ""包甲万象""}"
idiom,L3,,「包罗万象」的意思是？,含有数字的成语,成语;数字;小升初高频,小学成语培优全书·教辅常见,idiom-l3-0579:meaning_choice,idiom:包罗万象,meaning_choice,idiom:包罗万象,包罗万象,meaning_choice,upper,"{""choices"": [""含有数字的成语"", ""眼界很小"", ""好上加好"", ""大声地笑""]}"
idiom,L3,,含有数字的成语（四字）,十万火急,成语;数字;小升初高频,小学成语培优全书·教辅常见,idiom-l3-0580,idiom:十万火急,recite,idiom:十万火急,十万火急,recite,all,
idiom,L3,,下面的写法对不对？,对,成语;数字;小升初高频,小学成语培优全书·教辅常见,idiom-l3-0580:char_judge,idiom:十万火急,char_judge,idiom:十万火急,十万火急,char_judge,lower,"{""display"": ""十万火急""}"
idiom,L3,,「十万火急」的意思是？,含有数字的成语,成语;数字;小升初高频,小学成语培优全书·教辅常见,idiom-l3-0580:meaning_choice,idiom:十万火急,meaning_choice,idiom:十万火急,十万火急,meaning_choice,upper,"{""choices"": [""不止一个，还有配对的"", ""含有数字的成语"", ""身材修长美丽"", ""文笔非常出色""]}"
idiom,L3,,含有数字的成语（四字）,十全十美,成语;数字;小升初高频,小学成语培优全书·教辅常见,idiom-l3-0581,idiom:十全十美,recite,idiom:十全十美,十全十美,recite,all,
idiom,L3,,下面的写法对不对？,错,成语;数字;小升初高频,小学成语培优全书·教辅常见,idiom-l3-0581:char_judge,idiom:十全十美,char_judge,idiom:十全十美,十全十美,char_judge,lower,"{""display"": ""十甲十美""}"
idiom,L3,,「十全十美」的意思是？,含有数字的成语,成语;数字;小升初高频,小学成语培优全书·教辅常见,idiom-l3-0581:meaning_choice,idiom:十全十美,meaning_choice,idiom:十全十美,十全十美,meaning_choice,upper,"{""choices"": [""非常安静"", ""情绪非常激动"", ""含有数字的成语"", ""铺天盖地而来""]}"
idiom,L3,,含有数字的成语（四字）,十恶不赦,成语;数字;小升初高频,小学成语培优全书·教辅常见,idiom-l3-0582,idiom:十恶不赦,recite,idiom:十恶不赦,十恶不赦,recite,all,
idiom,L3,,下面的写法对不对？,对,成语;数字;小升初高频,小学成语培优全书·教辅常见,idiom-l3-0582:char_judge,idiom:十恶不赦,char_judge,idiom:十恶不赦,十恶不赦,char_judge,lower,"{""display"": ""十恶不赦""}"
idiom,L3,,「十恶不赦」的意思是？,含有数字的成语,成语;数字;小升初高频,小学成语培优全书·教辅常见,idiom-l3-0582:meaning_choice,idiom:十恶不赦,meaning_choice,idiom:十恶不赦,十恶不赦,meaning_choice,upper,"{""choices"": [""泉水发出叮咚声"", ""坏主意很多"", ""含有数字的成语"", ""一点儿也不马虎""]}"
idiom,L3,,含有数字的成语（四字）,十拿九稳,成语;数字;小升初高频,小学成语培优全书·教辅常见,idiom-l3-0583,idiom:十拿九稳,recite,idiom:十拿九稳,十拿九稳,recite,all,
idiom,L3,,下面的写法对不对？,对,成语;数字;小升初高频,小学成语培优全书·教辅常见,idiom-l3-0583:char_judge,idiom:十拿九稳,char_judge,idiom:十拿九稳,十拿九稳,char_judge,lower,"{""display"": ""十拿九稳""}"
idiom,L3,,「十拿九稳」的意思是？,含有数字的成语,成语;数字;小升初高频,小学成语培优全书·教辅常见,idiom-l3-0583:meaning_choice,idiom:十拿九稳,meaning_choice,idiom:十拿九稳,十拿九稳,meaning_choice,upper,"{""choices"": [""含有数字的成语"", ""不慌不忙"", ""经历过很多艰苦"", ""完全不一样""]}"
idiom,L3,,含有数字的成语（四字）,千变万化,成语;数字;小升初高频,小学成语培优全书·教辅常见,idiom-l3-0584,idiom:千变万化,recite,idiom:千变万化,千变万化,recite,all,
idiom,L3,,下面的写法对不对？,错,成语;数字;小升初高频,小学成语培优全书·教辅常见,idiom-l3-0584:char_judge,idiom:千变万化,char_judge,idiom:千变万化,千变万化,char_judge,lower,"{""display"": ""千变万甲""}"
idiom,L3,,「千变万化」的意思是？,含有数字的成语,成语;数字;小升初高频,小学成语培优全书·教辅常见,idiom-l3-0584:meaning_choice,idiom:千变万化,meaning_choice,idiom:千变万化,千变万化,meaning_choice,upper,"{""choices"": [""一直不停地流"", ""含有数字的成语"", ""AABB 结构的成语"", ""吃东西又猛又急""]}"
idiom,L3,,含有数字的成语（四字）,千姿百态,成语;数字;小升初高频,小学成语培优全书·教辅常见,idiom-l3-0585,idiom:千姿百态,recite,idiom:千姿百态,千姿百态,recite,all,
idiom,L3,,下面的写法对不对？,错,成语;数字;小升初高频,小学成语培优全书·教辅常见,idiom-l3-0585:char_judge,idiom:千姿百态,char_judge,idiom:千姿百态,千姿百态,char_judge,lower,"{""display"": ""千姿百甲""}"
idiom,L3,,「千姿百态」的意思是？,含有数字的成语,成语;数字;小升初高频,小学成语培优全书·教辅常见,idiom-l3-0585:meaning_choice,idiom:千姿百态,meaning_choice,idiom:千姿百态,千姿百态,meaning_choice,upper,"{""choices"": [""很少的几句话"", ""含有数字的成语"", ""著名的高山和大河"", ""在困难时给人帮助""]}"
idiom,L3,,含有数字的成语（四字）,千方百计,成语;数字;小升初高频,小学成语培优全书·教辅常见,idiom-l3-0586,idiom:千方百计,recite,idiom:千方百计,千方百计,recite,all,
idiom,L3,,下面的写法对不对？,对,成语;数字;小升初高频,小学成语培优全书·教辅常见,idiom-l3-0586:char_judge,idiom:千方百计,char_judge,idiom:千方百计,千方百计,char_judge,lower,"{""display"": ""千方百计""}"
idiom,L3,,「千方百计」的意思是？,含有数字的成语,成语;数字;小升初高频,小学成语培优全书·教辅常见,idiom-l3-0586:meaning_choice,idiom:千方百计,meaning_choice,idiom:千方百计,千方百计,meaning_choice,upper,"{""choices"": [""国家太平，人民安乐"", ""没有风浪，也指局势安定"", ""含有数字的成语"", ""特别容易被人看见""]}"
idiom,L3,,含有数字的成语（四字）,千真万确,成语;数字;小升初高频,小学成语培优全书·教辅常见,idiom-l3-0587,idiom:千真万确,recite,idiom:千真万确,千真万确,recite,all,
idiom,L3,,下面的写法对不对？,对,成语;数字;小升初高频,小学成语培优全书·教辅常见,idiom-l3-0587:char_judge,idiom:千真万确,char_judge,idiom:千真万确,千真万确,char_judge,lower,"{""display"": ""千真万确""}"
idiom,L3,,「千真万确」的意思是？,含有数字的成语,成语;数字;小升初高频,小学成语培优全书·教辅常见,idiom-l3-0587:meaning_choice,idiom:千真万确,meaning_choice,idiom:千真万确,千真万确,meaning_choice,upper,"{""choices"": [""描写景物的成语"", ""描写景物的成语"", ""描写景物的成语"", ""含有数字的成语""]}"
idiom,L3,,含有数字的成语（四字）,千篇一律,成语;数字;小升初高频,小学成语培优全书·教辅常见,idiom-l3-0588,idiom:千篇一律,recite,idiom:千篇一律,千篇一律,recite,all,
idiom,L3,,下面的写法对不对？,对,成语;数字;小升初高频,小学成语培优全书·教辅常见,idiom-l3-0588:char_judge,idiom:千篇一律,char_judge,idiom:千篇一律,千篇一律,char_judge,lower,"{""display"": ""千篇一律""}"
idiom,L3,,「千篇一律」的意思是？,含有数字的成语,成语;数字;小升初高频,小学成语培优全书·教辅常见,idiom-l3-0588:meaning_choice,idiom:千篇一律,meaning_choice,idiom:千篇一律,千篇一律,meaning_choice,upper,"{""choices"": [""色彩又多又好看"", ""含有数字的成语"", ""有很多话要说"", ""美丽得没有谁能比""]}"
idiom,L3,,含有数字的成语（四字）,千载难逢,成语;数字;小升初高频,小学成语培优全书·教辅常见,idiom-l3-0589,idiom:千载难逢,recite,idiom:千载难逢,千载难逢,recite,all,
idiom,L3,,下面的写法对不对？,错,成语;数字;小升初高频,小学成语培优全书·教辅常见,idiom-l3-0589:char_judge,idiom:千载难逢,char_judge,idiom:千载难逢,千载难逢,char_judge,lower,"{""display"": ""千载难甲""}"
idiom,L3,,「千载难逢」的意思是？,含有数字的成语,成语;数字;小升初高频,小学成语培优全书·教辅常见,idiom-l3-0589:meaning_choice,idiom:千载难逢,meaning_choice,idiom:千载难逢,千载难逢,meaning_choice,upper,"{""choices"": [""含有数字的成语"", ""自己骗自己"", ""没想到的好事让人高兴"", ""只剩下一口气，快不行了""]}"
idiom,L3,,含有数字的成语（四字）,千辛万苦,成语;数字;小升初高频,小学成语培优全书·教辅常见,idiom-l3-0590,idiom:千辛万苦,recite,idiom:千辛万苦,千辛万苦,recite,all,
idiom,L3,,下面的写法对不对？,对,成语;数字;小升初高频,小学成语培优全书·教辅常见,idiom-l3-0590:char_judge,idiom:千辛万苦,char_judge,idiom:千辛万苦,千辛万苦,char_judge,lower,"{""display"": ""千辛万苦""}"
idiom,L3,,「千辛万苦」的意思是？,含有数字的成语,成语;数字;小升初高频,小学成语培优全书·教辅常见,idiom-l3-0590:meaning_choice,idiom:千辛万苦,meaning_choice,idiom:千辛万苦,千辛万苦,meaning_choice,upper,"{""choices"": [""含有数字的成语"", ""像老虎一样盯着，想扑上去"", ""描写品质的成语"", ""描写品质的成语""]}"
idiom,L3,,含有数字的成语（四字）,千钧一发,成语;数字;小升初高频,小学成语培优全书·教辅常见,idiom-l3-0591,idiom:千钧一发,recite,idiom:千钧一发,千钧一发,recite,all,
idiom,L3,,下面的写法对不对？,错,成语;数字;小升初高频,小学成语培优全书·教辅常见,idiom-l3-0591:char_judge,idiom:千钧一发,char_judge,idiom:千钧一发,千钧一发,char_judge,lower,"{""display"": ""千钧甲发""}"
idiom,L3,,「千钧一发」的意思是？,含有数字的成语,成语;数字;小升初高频,小学成语培优全书·教辅常见,idiom-l3-0591:meaning_choice,idiom:千钧一发,meaning_choice,idiom:千钧一发,千钧一发,meaning_choice,upper,"{""choices"": [""生活安定，工作愉快"", ""举止文雅"", ""用萤火虫的光夜里读书"", ""含有数字的成语""]}"
idiom,L3,,含有数字的成语（四字）,半斤八两,成语;数字;小升初高频,小学成语培优全书·教辅常见,idiom-l3-0592,idiom:半斤八两,recite,idiom:半斤八两,半斤八两,recite,all,
idiom,L3,,下面的写法对不对？,对,成语;数字;小升初高频,小学成语培优全书·教辅常见,idiom-l3-0592:char_judge,idiom:半斤八两,char_judge,idiom:半斤八两,半斤八两,char_judge,lower,"{""display"": ""半斤八两""}"
idiom,L3,,「半斤八两」的意思是？,含有数字的成语,成语;数字;小升初高频,小学成语培优全书·教辅常见,idiom-l3-0592:meaning_choice,idiom:半斤八两,meaning_choice,idiom:半斤八两,半斤八两,meaning_choice,upper,"{""choices"": [""什么植物都长不出来"", ""含有数字的成语"", ""费尽心思谋划（多含贬义）"", ""一点儿也不马虎""]}"
idiom,L3,,含有数字的成语（四字）,南柯一梦,成语;数字;小升初高频,小学成语培优全书·教辅常见,idiom-l3-0593,idiom:南柯一梦,recite,idiom:南柯一梦,南柯一梦,recite,all,
idiom,L3,,下面的写法对不对？,对,成语;数字;小升初高频,小学成语培优全书·教辅常见,idiom-l3-0593:char_judge,idiom:南柯一梦,char_judge,idiom:南柯一梦,南柯一梦,char_judge,lower,"{""display"": ""南柯一梦""}"
idiom,L3,,「南柯一梦」的意思是？,含有数字的成语,成语;数字;小升初高频,小学成语培优全书·教辅常见,idiom-l3-0593:meaning_choice,idiom:南柯一梦,meaning_choice,idiom:南柯一梦,南柯一梦,meaning_choice,upper,"{""choices"": [""含有数字的成语"", ""人工比自然还精巧"", ""云雾散开，眼前明亮"", ""自己的说法或做法互相冲突""]}"
idiom,L3,,含有数字的成语（四字）,反戈一击,成语;数字;小升初高频,小学成语培优全书·教辅常见,idiom-l3-0594,idiom:反戈一击,recite,idiom:反戈一击,反戈一击,recite,all,
idiom,L3,,下面的写法对不对？,错,成语;数字;小升初高频,小学成语培优全书·教辅常见,idiom-l3-0594:char_judge,idiom:反戈一击,char_judge,idiom:反戈一击,反戈一击,char_judge,lower,"{""display"": ""反戈甲击""}"
idiom,L3,,「反戈一击」的意思是？,含有数字的成语,成语;数字;小升初高频,小学成语培优全书·教辅常见,idiom-l3-0594:meaning_choice,idiom:反戈一击,meaning_choice,idiom:反戈一击,反戈一击,meaning_choice,upper,"{""choices"": [""文雅有礼貌"", ""主动认错、请求责罚"", ""含有数字的成语"", ""实在没有别的办法""]}"
idiom,L3,,含有数字的成语（四字）,四通八达,成语;数字;小升初高频,小学成语培优全书·教辅常见,idiom-l3-0595,idiom:四通八达,recite,idiom:四通八达,四通八达,recite,all,
idiom,L3,,下面的写法对不对？,错,成语;数字;小升初高频,小学成语培优全书·教辅常见,idiom-l3-0595:char_judge,idiom:四通八达,char_judge,idiom:四通八达,四通八达,char_judge,lower,"{""display"": ""甲通八达""}"
idiom,L3,,「四通八达」的意思是？,含有数字的成语,成语;数字;小升初高频,小学成语培优全书·教辅常见,idiom-l3-0595:meaning_choice,idiom:四通八达,meaning_choice,idiom:四通八达,四通八达,meaning_choice,upper,"{""choices"": [""含有数字的成语"", ""天地非常广阔"", ""蔺相如在渑池会上维护赵国尊严"", ""一下子明白过来""]}"
idiom,L3,,含有数字的成语（四字）,多此一举,成语;数字;小升初高频,小学成语培优全书·教辅常见,idiom-l3-0597,idiom:多此一举,recite,idiom:多此一举,多此一举,recite,all,
idiom,L3,,下面的写法对不对？,错,成语;数字;小升初高频,小学成语培优全书·教辅常见,idiom-l3-0597:char_judge,idiom:多此一举,char_judge,idiom:多此一举,多此一举,char_judge,lower,"{""display"": ""多甲一举""}"
idiom,L3,,「多此一举」的意思是？,含有数字的成语,成语;数字;小升初高频,小学成语培优全书·教辅常见,idiom-l3-0597:meaning_choice,idiom:多此一举,meaning_choice,idiom:多此一举,多此一举,meaning_choice,upper,"{""choices"": [""含有数字的成语"", ""吓得或急得没了主意"", ""力量非常强大"", ""没有风浪，也指局势安定""]}"
idiom,L3,,含有数字的成语（四字）,大千世界,成语;数字;小升初高频,小学成语培优全书·教辅常见,idiom-l3-0598,idiom:大千世界,recite,idiom:大千世界,大千世界,recite,all,
idiom,L3,,下面的写法对不对？,对,成语;数字;小升初高频,小学成语培优全书·教辅常见,idiom-l3-0598:char_judge,idiom:大千世界,char_judge,idiom:大千世界,大千世界,char_judge,lower,"{""display"": ""大千世界""}"
idiom,L3,,「大千世界」的意思是？,含有数字的成语,成语;数字;小升初高频,小学成语培优全书·教辅常见,idiom-l3-0598:meaning_choice,idiom:大千世界,meaning_choice,idiom:大千世界,大千世界,meaning_choice,upper,"{""choices"": [""含有数字的成语"", ""找出事物的根由"", ""AABB 结构的成语"", ""AABB 结构的成语""]}"
idiom,L3,,含有数字的成语（四字）,如出一辙,成语;数字;小升初高频,小学成语培优全书·教辅常见,idiom-l3-0599,idiom:如出一辙,recite,idiom:如出一辙,如出一辙,recite,all,
idiom,L3,,下面的写法对不对？,对,成语;数字;小升初高频,小学成语培优全书·教辅常见,idiom-l3-0599:char_judge,idiom:如出一辙,char_judge,idiom:如出一辙,如出一辙,char_judge,lower,"{""display"": ""如出一辙""}"
idiom,L3,,「如出一辙」的意思是？,含有数字的成语,成语;数字;小升初高频,小学成语培优全书·教辅常见,idiom-l3-0599:meaning_choice,idiom:如出一辙,meaning_choice,idiom:如出一辙,如出一辙,meaning_choice,upper,"{""choices"": [""说话办事坚决果断"", ""说话直截了当，一下子说到要害"", ""情况变了还用老办法"", ""含有数字的成语""]}"
idiom,L3,,含有数字的成语（四字）,志在四方,成语;数字;小升初高频,小学成语培优全书·教辅常见,idiom-l3-0600,idiom:志在四方,recite,idiom:志在四方,志在四方,recite,all,
idiom,L3,,下面的写法对不对？,错,成语;数字;小升初高频,小学成语培优全书·教辅常见,idiom-l3-0600:char_judge,idiom:志在四方,char_judge,idiom:志在四方,志在四方,char_judge,lower,"{""display"": ""志在四甲""}"
idiom,L3,,「志在四方」的意思是？,含有数字的成语,成语;数字;小升初高频,小学成语培优全书·教辅常见,idiom-l3-0600:meaning_choice,idiom:志在四方,meaning_choice,idiom:志在四方,志在四方,meaning_choice,upper,"{""choices"": [""气势使人敬畏"", ""脸和耳朵都红了"", ""想出和别人不一样的办法"", ""含有数字的成语""]}"
idiom,L3,,含有数字的成语（四字）,感慨万千,成语;数字;小升初高频,小学成语培优全书·教辅常见,idiom-l3-0601,idiom:感慨万千,recite,idiom:感慨万千,感慨万千,recite,all,
idiom,L3,,下面的写法对不对？,对,成语;数字;小升初高频,小学成语培优全书·教辅常见,idiom-l3-0601:char_judge,idiom:感慨万千,char_judge,idiom:感慨万千,感慨万千,char_judge,lower,"{""display"": ""感慨万千""}"
idiom,L3,,「感慨万千」的意思是？,含有数字的成语,成语;数字;小升初高频,小学成语培优全书·教辅常见,idiom-l3-0601:meaning_choice,idiom:感慨万千,meaning_choice,idiom:感慨万千,感慨万千,meaning_choice,upper,"{""choices"": [""事情还没发生就知道"", ""文章或动作很流畅"", ""含有数字的成语"", ""AABC 结构的成语""]}"
idiom,L3,,含有数字的成语（四字）,成千上万,成语;数字;小升初高频,小学成语培优全书·教辅常见,idiom-l3-0602,idiom:成千上万,recite,idiom:成千上万,成千上万,recite,all,
idiom,L3,,下面的写法对不对？,对,成语;数字;小升初高频,小学成语培优全书·教辅常见,idiom-l3-0602:char_judge,idiom:成千上万,char_judge,idiom:成千上万,成千上万,char_judge,lower,"{""display"": ""成千上万""}"
idiom,L3,,「成千上万」的意思是？,含有数字的成语,成语;数字;小升初高频,小学成语培优全书·教辅常见,idiom-l3-0602:meaning_choice,idiom:成千上万,meaning_choice,idiom:成千上万,成千上万,meaning_choice,upper,"{""choices"": [""人工比自然还精巧"", ""含有数字的成语"", ""自以为了不起的样子"", ""凶狠或得意地挥舞""]}"
idiom,L3,,含有数字的成语（四字）,成百上千,成语;数字;小升初高频,小学成语培优全书·教辅常见,idiom-l3-0603,idiom:成百上千,recite,idiom:成百上千,成百上千,recite,all,
idiom,L3,,下面的写法对不对？,错,成语;数字;小升初高频,小学成语培优全书·教辅常见,idiom-l3-0603:char_judge,idiom:成百上千,char_judge,idiom:成百上千,成百上千,char_judge,lower,"{""display"": ""成百甲千""}"
idiom,L3,,「成百上千」的意思是？,含有数字的成语,成语;数字;小升初高频,小学成语培优全书·教辅常见,idiom-l3-0603:meaning_choice,idiom:成百上千,meaning_choice,idiom:成百上千,成百上千,meaning_choice,upper,"{""choices"": [""眼睛明亮、牙齿洁白"", ""刻苦学习，不敢打瞌睡"", ""含有数字的成语"", ""死得有意义、有价值""]}"
idiom,L3,,含有数字的成语（四字）,才高八斗,成语;数字;小升初高频,小学成语培优全书·教辅常见,idiom-l3-0604,idiom:才高八斗,recite,idiom:才高八斗,才高八斗,recite,all,
idiom,L3,,下面的写法对不对？,对,成语;数字;小升初高频,小学成语培优全书·教辅常见,idiom-l3-0604:char_judge,idiom:才高八斗,char_judge,idiom:才高八斗,才高八斗,char_judge,lower,"{""display"": ""才高八斗""}"
idiom,L3,,「才高八斗」的意思是？,含有数字的成语,成语;数字;小升初高频,小学成语培优全书·教辅常见,idiom-l3-0604:meaning_choice,idiom:才高八斗,meaning_choice,idiom:才高八斗,才高八斗,meaning_choice,upper,"{""choices"": [""闪电打雷"", ""吃或听得非常有兴趣"", ""含有数字的成语"", ""嘴里很干""]}"
idiom,L3,,含有数字的成语（四字）,拒人千里,成语;数字;小升初高频,小学成语培优全书·教辅常见,idiom-l3-0605,idiom:拒人千里,recite,idiom:拒人千里,拒人千里,recite,all,
idiom,L3,,下面的写法对不对？,对,成语;数字;小升初高频,小学成语培优全书·教辅常见,idiom-l3-0605:char_judge,idiom:拒人千里,char_judge,idiom:拒人千里,拒人千里,char_judge,lower,"{""display"": ""拒人千里""}"
idiom,L3,,「拒人千里」的意思是？,含有数字的成语,成语;数字;小升初高频,小学成语培优全书·教辅常见,idiom-l3-0605:meaning_choice,idiom:拒人千里,meaning_choice,idiom:拒人千里,拒人千里,meaning_choice,upper,"{""choices"": [""舍不得离开"", ""含有数字的成语"", ""嘴里很干"", ""树林层层翠绿""]}"
idiom,L3,,含有数字的成语（四字）,排除万难,成语;数字;小升初高频,小学成语培优全书·教辅常见,idiom-l3-0606,idiom:排除万难,recite,idiom:排除万难,排除万难,recite,all,
idiom,L3,,下面的写法对不对？,对,成语;数字;小升初高频,小学成语培优全书·教辅常见,idiom-l3-0606:char_judge,idiom:排除万难,char_judge,idiom:排除万难,排除万难,char_judge,lower,"{""display"": ""排除万难""}"
idiom,L3,,「排除万难」的意思是？,含有数字的成语,成语;数字;小升初高频,小学成语培优全书·教辅常见,idiom-l3-0606:meaning_choice,idiom:排除万难,meaning_choice,idiom:排除万难,排除万难,meaning_choice,upper,"{""choices"": [""像老虎一样盯着，想扑上去"", ""脸上很有光彩、很有精神"", ""到处是冰和雪"", ""含有数字的成语""]}"
idiom,L3,,含有数字的成语（四字）,接二连三,成语;数字;小升初高频,小学成语培优全书·教辅常见,idiom-l3-0607,idiom:接二连三,recite,idiom:接二连三,接二连三,recite,all,
idiom,L3,,下面的写法对不对？,对,成语;数字;小升初高频,小学成语培优全书·教辅常见,idiom-l3-0607:char_judge,idiom:接二连三,char_judge,idiom:接二连三,接二连三,char_judge,lower,"{""display"": ""接二连三""}"
idiom,L3,,「接二连三」的意思是？,含有数字的成语,成语;数字;小升初高频,小学成语培优全书·教辅常见,idiom-l3-0607:meaning_choice,idiom:接二连三,meaning_choice,idiom:接二连三,接二连三,meaning_choice,upper,"{""choices"": [""不说话"", ""有很多话要说"", ""含有数字的成语"", ""举止文雅""]}"
idiom,L3,,含有数字的成语（四字）,晴空万里,成语;数字;小升初高频,小学成语培优全书·教辅常见,idiom-l3-0608,idiom:晴空万里,recite,idiom:晴空万里,晴空万里,recite,all,
idiom,L3,,下面的写法对不对？,错,成语;数字;小升初高频,小学成语培优全书·教辅常见,idiom-l3-0608:char_judge,idiom:晴空万里,char_judge,idiom:晴空万里,晴空万里,char_judge,lower,"{""display"": ""晴空万甲""}"
idiom,L3,,「晴空万里」的意思是？,含有数字的成语,成语;数字;小升初高频,小学成语培优全书·教辅常见,idiom-l3-0608:meaning_choice,idiom:晴空万里,meaning_choice,idiom:晴空万里,晴空万里,meaning_choice,upper,"{""choices"": [""身材魁梧"", ""含有数字的成语"", ""人非常多"", ""一会儿看得见一会儿看不见""]}"
idiom,L3,,含有数字的成语（四字）,更上一层,成语;数字;小升初高频,小学成语培优全书·教辅常见,idiom-l3-0609,idiom:更上一层,recite,idiom:更上一层,更上一层,recite,all,
idiom,L3,,下面的写法对不对？,对,成语;数字;小升初高频,小学成语培优全书·教辅常见,idiom-l3-0609:char_judge,idiom:更上一层,char_judge,idiom:更上一层,更上一层,char_judge,lower,"{""display"": ""更上一层""}"
idiom,L3,,「更上一层」的意思是？,含有数字的成语,成语;数字;小升初高频,小学成语培优全书·教辅常见,idiom-l3-0609:meaning_choice,idiom:更上一层,meaning_choice,idiom:更上一层,更上一层,meaning_choice,upper,"{""choices"": [""著名的高山和大河"", ""五官清秀好看"", ""含有数字的成语"", ""心里早有了主意""]}"
idiom,L3,,含有数字的成语（四字）,朝三暮四,成语;数字;小升初高频,小学成语培优全书·教辅常见,idiom-l3-0610,idiom:朝三暮四,recite,idiom:朝三暮四,朝三暮四,recite,all,
idiom,L3,,下面的写法对不对？,错,成语;数字;小升初高频,小学成语培优全书·教辅常见,idiom-l3-0610:char_judge,idiom:朝三暮四,char_judge,idiom:朝三暮四,朝三暮四,char_judge,lower,"{""display"": ""朝三暮甲""}"
idiom,L3,,「朝三暮四」的意思是？,含有数字的成语,成语;数字;小升初高频,小学成语培优全书·教辅常见,idiom-l3-0610:meaning_choice,idiom:朝三暮四,meaning_choice,idiom:朝三暮四,朝三暮四,meaning_choice,upper,"{""choices"": [""黄莺唱歌、燕子飞舞"", ""气势很大、规模很大"", ""本领比别人高一截"", ""含有数字的成语""]}"
idiom,L3,,含有数字的成语（四字）,混为一谈,成语;数字;小升初高频,小学成语培优全书·教辅常见,idiom-l3-0612,idiom:混为一谈,recite,idiom:混为一谈,混为一谈,recite,all,
idiom,L3,,下面的写法对不对？,错,成语;数字;小升初高频,小学成语培优全书·教辅常见,idiom-l3-0612:char_judge,idiom:混为一谈,char_judge,idiom:混为一谈,混为一谈,char_judge,lower,"{""display"": ""甲为一谈""}"
idiom,L3,,「混为一谈」的意思是？,含有数字的成语,成语;数字;小升初高频,小学成语培优全书·教辅常见,idiom-l3-0612:meaning_choice,idiom:混为一谈,meaning_choice,idiom:混为一谈,混为一谈,meaning_choice,upper,"{""choices"": [""含有数字的成语"", ""急于求成反而把事情弄坏"", ""气势很大、规模很大"", ""云雾散开，眼前明亮""]}"
idiom,L3,,含有数字的成语（四字）,激动万分,成语;数字;小升初高频,小学成语培优全书·教辅常见,idiom-l3-0613,idiom:激动万分,recite,idiom:激动万分,激动万分,recite,all,
idiom,L3,,下面的写法对不对？,对,成语;数字;小升初高频,小学成语培优全书·教辅常见,idiom-l3-0613:char_judge,idiom:激动万分,char_judge,idiom:激动万分,激动万分,char_judge,lower,"{""display"": ""激动万分""}"
idiom,L3,,「激动万分」的意思是？,含有数字的成语,成语;数字;小升初高频,小学成语培优全书·教辅常见,idiom-l3-0613:meaning_choice,idiom:激动万分,meaning_choice,idiom:激动万分,激动万分,meaning_choice,upper,"{""choices"": [""含有数字的成语"", ""吃东西又猛又急"", ""描写心情的成语"", ""描写心情的成语""]}"
idiom,L3,,含有数字的成语（四字）,焕然一新,成语;数字;小升初高频,小学成语培优全书·教辅常见,idiom-l3-0614,idiom:焕然一新,recite,idiom:焕然一新,焕然一新,recite,all,
idiom,L3,,下面的写法对不对？,错,成语;数字;小升初高频,小学成语培优全书·教辅常见,idiom-l3-0614:char_judge,idiom:焕然一新,char_judge,idiom:焕然一新,焕然一新,char_judge,lower,"{""display"": ""焕然甲新""}"
idiom,L3,,「焕然一新」的意思是？,含有数字的成语,成语;数字;小升初高频,小学成语培优全书·教辅常见,idiom-l3-0614:meaning_choice,idiom:焕然一新,meaning_choice,idiom:焕然一新,焕然一新,meaning_choice,upper,"{""choices"": [""含有数字的成语"", ""人长寿，收成好"", ""一会儿看得见一会儿看不见"", ""全部显露出来，什么也藏不住""]}"
idiom,L3,,含有数字的成语（四字）,独一无二,成语;数字;小升初高频,小学成语培优全书·教辅常见,idiom-l3-0615,idiom:独一无二,recite,idiom:独一无二,独一无二,recite,all,
idiom,L3,,下面的写法对不对？,对,成语;数字;小升初高频,小学成语培优全书·教辅常见,idiom-l3-0615:char_judge,idiom:独一无二,char_judge,idiom:独一无二,独一无二,char_judge,lower,"{""display"": ""独一无二""}"
idiom,L3,,「独一无二」的意思是？,含有数字的成语,成语;数字;小升初高频,小学成语培优全书·教辅常见,idiom-l3-0615:meaning_choice,idiom:独一无二,meaning_choice,idiom:独一无二,独一无二,meaning_choice,upper,"{""choices"": [""含有数字的成语"", ""做多余的事反而坏事"", ""头发散乱"", ""不说话""]}"
idiom,L3,,含有数字的成语（四字）,独当一面,成语;数字;小升初高频,小学成语培优全书·教辅常见,idiom-l3-0616,idiom:独当一面,recite,idiom:独当一面,独当一面,recite,all,
idiom,L3,,下面的写法对不对？,错,成语;数字;小升初高频,小学成语培优全书·教辅常见,idiom-l3-0616:char_judge,idiom:独当一面,char_judge,idiom:独当一面,独当一面,char_judge,lower,"{""display"": ""甲当一面""}"
idiom,L3,,「独当一面」的意思是？,含有数字的成语,成语;数字;小升初高频,小学成语培优全书·教辅常见,idiom-l3-0616:meaning_choice,idiom:独当一面,meaning_choice,idiom:独当一面,独当一面,meaning_choice,upper,"{""choices"": [""含有数字的成语"", ""疑神疑鬼，自己吓自己"", ""为不必担心的事发愁"", ""从细小处看出大趋势""]}"
idiom,L3,,含有数字的成语（四字）,独树一帜,成语;数字;小升初高频,小学成语培优全书·教辅常见,idiom-l3-0617,idiom:独树一帜,recite,idiom:独树一帜,独树一帜,recite,all,
idiom,L3,,下面的写法对不对？,错,成语;数字;小升初高频,小学成语培优全书·教辅常见,idiom-l3-0617:char_judge,idiom:独树一帜,char_judge,idiom:独树一帜,独树一帜,char_judge,lower,"{""display"": ""独树甲帜""}"
idiom,L3,,「独树一帜」的意思是？,含有数字的成语,成语;数字;小升初高频,小学成语培优全书·教辅常见,idiom-l3-0617:meaning_choice,idiom:独树一帜,meaning_choice,idiom:独树一帜,独树一帜,meaning_choice,upper,"{""choices"": [""含有数字的成语"", ""一下子明白过来"", ""能听见邻家鸡狗的叫声，形容住得近"", ""很少说话""]}"
idiom,L3,,含有数字的成语（四字）,百依百顺,成语;数字;小升初高频,小学成语培优全书·教辅常见,idiom-l3-0618,idiom:百依百顺,recite,idiom:百依百顺,百依百顺,recite,all,
idiom,L3,,下面的写法对不对？,对,成语;数字;小升初高频,小学成语培优全书·教辅常见,idiom-l3-0618:char_judge,idiom:百依百顺,char_judge,idiom:百依百顺,百依百顺,char_judge,lower,"{""display"": ""百依百顺""}"
idiom,L3,,「百依百顺」的意思是？,含有数字的成语,成语;数字;小升初高频,小学成语培优全书·教辅常见,idiom-l3-0618:meaning_choice,idiom:百依百顺,meaning_choice,idiom:百依百顺,百依百顺,meaning_choice,upper,"{""choices"": [""含有数字的成语"", ""描写春天的成语"", ""描写春天的成语"", ""声势或影响极大""]}"
idiom,L3,,含有数字的成语（四字）,百发百中,成语;数字;小升初高频,小学成语培优全书·教辅常见,idiom-l3-0619,idiom:百发百中,recite,idiom:百发百中,百发百中,recite,all,
idiom,L3,,下面的写法对不对？,对,成语;数字;小升初高频,小学成语培优全书·教辅常见,idiom-l3-0619:char_judge,idiom:百发百中,char_judge,idiom:百发百中,百发百中,char_judge,lower,"{""display"": ""百发百中""}"
idiom,L3,,「百发百中」的意思是？,含有数字的成语,成语;数字;小升初高频,小学成语培优全书·教辅常见,idiom-l3-0619:meaning_choice,idiom:百发百中,meaning_choice,idiom:百发百中,百发百中,meaning_choice,upper,"{""choices"": [""五官清秀好看"", ""含有数字的成语"", ""自以为了不起的样子"", ""鸡叫狗叫形容喧闹""]}"
idiom,L3,,含有数字的成语（四字）,百年不遇,成语;数字;小升初高频,小学成语培优全书·教辅常见,idiom-l3-0620,idiom:百年不遇,recite,idiom:百年不遇,百年不遇,recite,all,
idiom,L3,,下面的写法对不对？,对,成语;数字;小升初高频,小学成语培优全书·教辅常见,idiom-l3-0620:char_judge,idiom:百年不遇,char_judge,idiom:百年不遇,百年不遇,char_judge,lower,"{""display"": ""百年不遇""}"
idiom,L3,,「百年不遇」的意思是？,含有数字的成语,成语;数字;小升初高频,小学成语培优全书·教辅常见,idiom-l3-0620:meaning_choice,idiom:百年不遇,meaning_choice,idiom:百年不遇,百年不遇,meaning_choice,upper,"{""choices"": [""含有数字的成语"", ""用萤火虫的光夜里读书"", ""出了问题赶紧补救还来得及"", ""无家可归，四处流浪""]}"
idiom,L3,,含有数字的成语（四字）,百废俱兴,成语;数字;小升初高频,小学成语培优全书·教辅常见,idiom-l3-0621,idiom:百废俱兴,recite,idiom:百废俱兴,百废俱兴,recite,all,
idiom,L3,,下面的写法对不对？,对,成语;数字;小升初高频,小学成语培优全书·教辅常见,idiom-l3-0621:char_judge,idiom:百废俱兴,char_judge,idiom:百废俱兴,百废俱兴,char_judge,lower,"{""display"": ""百废俱兴""}"
idiom,L3,,「百废俱兴」的意思是？,含有数字的成语,成语;数字;小升初高频,小学成语培优全书·教辅常见,idiom-l3-0621:meaning_choice,idiom:百废俱兴,meaning_choice,idiom:百废俱兴,百废俱兴,meaning_choice,upper,"{""choices"": [""含有数字的成语"", ""无法想象，很难理解"", ""人非常多"", ""变化很多""]}"
idiom,L3,,含有数字的成语（四字）,百感交集,成语;数字;小升初高频,小学成语培优全书·教辅常见,idiom-l3-0622,idiom:百感交集,recite,idiom:百感交集,百感交集,recite,all,
idiom,L3,,下面的写法对不对？,错,成语;数字;小升初高频,小学成语培优全书·教辅常见,idiom-l3-0622:char_judge,idiom:百感交集,char_judge,idiom:百感交集,百感交集,char_judge,lower,"{""display"": ""百感甲集""}"
idiom,L3,,「百感交集」的意思是？,含有数字的成语,成语;数字;小升初高频,小学成语培优全书·教辅常见,idiom-l3-0622:meaning_choice,idiom:百感交集,meaning_choice,idiom:百感交集,百感交集,meaning_choice,upper,"{""choices"": [""书一直拿在手里，非常爱读"", ""很多鸟一起叫"", ""走路很神气、满不在乎"", ""含有数字的成语""]}"
idiom,L3,,含有数字的成语（四字）,百战不殆,成语;数字;小升初高频,小学成语培优全书·教辅常见,idiom-l3-0623,idiom:百战不殆,recite,idiom:百战不殆,百战不殆,recite,all,
idiom,L3,,下面的写法对不对？,错,成语;数字;小升初高频,小学成语培优全书·教辅常见,idiom-l3-0623:char_judge,idiom:百战不殆,char_judge,idiom:百战不殆,百战不殆,char_judge,lower,"{""display"": ""百甲不殆""}"
idiom,L3,,「百战不殆」的意思是？,含有数字的成语,成语;数字;小升初高频,小学成语培优全书·教辅常见,idiom-l3-0623:meaning_choice,idiom:百战不殆,meaning_choice,idiom:百战不殆,百战不殆,meaning_choice,upper,"{""choices"": [""与学习有关的成语"", ""与学习有关的成语"", ""与学习有关的成语"", ""含有数字的成语""]}"
idiom,L3,,含有数字的成语（四字）,百战百胜,成语;数字;小升初高频,小学成语培优全书·教辅常见,idiom-l3-0624,idiom:百战百胜,recite,idiom:百战百胜,百战百胜,recite,all,
idiom,L3,,下面的写法对不对？,对,成语;数字;小升初高频,小学成语培优全书·教辅常见,idiom-l3-0624:char_judge,idiom:百战百胜,char_judge,idiom:百战百胜,百战百胜,char_judge,lower,"{""display"": ""百战百胜""}"
idiom,L3,,「百战百胜」的意思是？,含有数字的成语,成语;数字;小升初高频,小学成语培优全书·教辅常见,idiom-l3-0624:meaning_choice,idiom:百战百胜,meaning_choice,idiom:百战百胜,百战百胜,meaning_choice,upper,"{""choices"": [""含有数字的成语"", ""遇到危险也不害怕"", ""全国各地，四面八方"", ""脸色温和愉快""]}"
idiom,L3,,含有数字的成语（四字）,百折不挠,成语;数字;小升初高频,小学成语培优全书·教辅常见,idiom-l3-0625,idiom:百折不挠,recite,idiom:百折不挠,百折不挠,recite,all,
idiom,L3,,下面的写法对不对？,错,成语;数字;小升初高频,小学成语培优全书·教辅常见,idiom-l3-0625:char_judge,idiom:百折不挠,char_judge,idiom:百折不挠,百折不挠,char_judge,lower,"{""display"": ""百折不甲""}"
idiom,L3,,「百折不挠」的意思是？,含有数字的成语,成语;数字;小升初高频,小学成语培优全书·教辅常见,idiom-l3-0625:meaning_choice,idiom:百折不挠,meaning_choice,idiom:百折不挠,百折不挠,meaning_choice,upper,"{""choices"": [""到处都可以当作家"", ""柳树绿、花儿红"", ""含有数字的成语"", ""急于求成反而把事情弄坏""]}"
idiom,L3,,含有数字的成语（四字）,百无聊赖,成语;数字;小升初高频,小学成语培优全书·教辅常见,idiom-l3-0626,idiom:百无聊赖,recite,idiom:百无聊赖,百无聊赖,recite,all,
idiom,L3,,下面的写法对不对？,错,成语;数字;小升初高频,小学成语培优全书·教辅常见,idiom-l3-0626:char_judge,idiom:百无聊赖,char_judge,idiom:百无聊赖,百无聊赖,char_judge,lower,"{""display"": ""百无聊甲""}"
idiom,L3,,「百无聊赖」的意思是？,含有数字的成语,成语;数字;小升初高频,小学成语培优全书·教辅常见,idiom-l3-0626:meaning_choice,idiom:百无聊赖,meaning_choice,idiom:百无聊赖,百无聊赖,meaning_choice,upper,"{""choices"": [""含有数字的成语"", ""危害集体的人"", ""政事顺利，百姓和睦"", ""精简机构、减少人员""]}"
idiom,L3,,含有数字的成语（四字）,百里挑一,成语;数字;小升初高频,小学成语培优全书·教辅常见,idiom-l3-0627,idiom:百里挑一,recite,idiom:百里挑一,百里挑一,recite,all,
idiom,L3,,下面的写法对不对？,错,成语;数字;小升初高频,小学成语培优全书·教辅常见,idiom-l3-0627:char_judge,idiom:百里挑一,char_judge,idiom:百里挑一,百里挑一,char_judge,lower,"{""display"": ""百甲挑一""}"
idiom,L3,,「百里挑一」的意思是？,含有数字的成语,成语;数字;小升初高频,小学成语培优全书·教辅常见,idiom-l3-0627:meaning_choice,idiom:百里挑一,meaning_choice,idiom:百里挑一,百里挑一,meaning_choice,upper,"{""choices"": [""描写品质的成语"", ""描写品质的成语"", ""描写品质的成语"", ""含有数字的成语""]}"
idiom,L3,,含有数字的成语（四字）,网开一面,成语;数字;小升初高频,小学成语培优全书·教辅常见,idiom-l3-0628,idiom:网开一面,recite,idiom:网开一面,网开一面,recite,all,
idiom,L3,,下面的写法对不对？,对,成语;数字;小升初高频,小学成语培优全书·教辅常见,idiom-l3-0628:char_judge,idiom:网开一面,char_judge,idiom:网开一面,网开一面,char_judge,lower,"{""display"": ""网开一面""}"
idiom,L3,,「网开一面」的意思是？,含有数字的成语,成语;数字;小升初高频,小学成语培优全书·教辅常见,idiom-l3-0628:meaning_choice,idiom:网开一面,meaning_choice,idiom:网开一面,网开一面,meaning_choice,upper,"{""choices"": [""称心如意、神气十足"", ""含有数字的成语"", ""名声和实际相符"", ""有些信、有些不信""]}"
idiom,L3,,含有数字的成语（四字）,耳目一新,成语;数字;小升初高频,小学成语培优全书·教辅常见,idiom-l3-0629,idiom:耳目一新,recite,idiom:耳目一新,耳目一新,recite,all,
idiom,L3,,下面的写法对不对？,错,成语;数字;小升初高频,小学成语培优全书·教辅常见,idiom-l3-0629:char_judge,idiom:耳目一新,char_judge,idiom:耳目一新,耳目一新,char_judge,lower,"{""display"": ""甲目一新""}"
idiom,L3,,「耳目一新」的意思是？,含有数字的成语,成语;数字;小升初高频,小学成语培优全书·教辅常见,idiom-l3-0629:meaning_choice,idiom:耳目一新,meaning_choice,idiom:耳目一新,耳目一新,meaning_choice,upper,"{""choices"": [""含有数字的成语"", ""很想马上试一试"", ""人长寿，收成好"", ""做多余的事反而坏事""]}"
idiom,L3,,含有数字的成语（四字）,莫衷一是,成语;数字;小升初高频,小学成语培优全书·教辅常见,idiom-l3-0630,idiom:莫衷一是,recite,idiom:莫衷一是,莫衷一是,recite,all,
idiom,L3,,下面的写法对不对？,对,成语;数字;小升初高频,小学成语培优全书·教辅常见,idiom-l3-0630:char_judge,idiom:莫衷一是,char_judge,idiom:莫衷一是,莫衷一是,char_judge,lower,"{""display"": ""莫衷一是""}"
idiom,L3,,「莫衷一是」的意思是？,含有数字的成语,成语;数字;小升初高频,小学成语培优全书·教辅常见,idiom-l3-0630:meaning_choice,idiom:莫衷一是,meaning_choice,idiom:莫衷一是,莫衷一是,meaning_choice,upper,"{""choices"": [""本领特别大"", ""夜里不用关门，社会安定"", ""吃或听得非常有兴趣"", ""含有数字的成语""]}"
idiom,L3,,含有数字的成语（四字）,表里不一,成语;数字;小升初高频,小学成语培优全书·教辅常见,idiom-l3-0631,idiom:表里不一,recite,idiom:表里不一,表里不一,recite,all,
idiom,L3,,下面的写法对不对？,错,成语;数字;小升初高频,小学成语培优全书·教辅常见,idiom-l3-0631:char_judge,idiom:表里不一,char_judge,idiom:表里不一,表里不一,char_judge,lower,"{""display"": ""表里步一""}"
idiom,L3,,「表里不一」的意思是？,含有数字的成语,成语;数字;小升初高频,小学成语培优全书·教辅常见,idiom-l3-0631:meaning_choice,idiom:表里不一,meaning_choice,idiom:表里不一,表里不一,meaning_choice,upper,"{""choices"": [""含有数字的成语"", ""正宗高雅的音乐"", ""笑得直不起腰"", ""失去信心，情绪低落""]}"
idiom,L3,,含有数字的成语（四字）,表里如一,成语;数字;小升初高频,小学成语培优全书·教辅常见,idiom-l3-0632,idiom:表里如一,recite,idiom:表里如一,表里如一,recite,all,
idiom,L3,,下面的写法对不对？,错,成语;数字;小升初高频,小学成语培优全书·教辅常见,idiom-l3-0632:char_judge,idiom:表里如一,char_judge,idiom:表里如一,表里如一,char_judge,lower,"{""display"": ""表里如甲""}"
idiom,L3,,「表里如一」的意思是？,含有数字的成语,成语;数字;小升初高频,小学成语培优全书·教辅常见,idiom-l3-0632:meaning_choice,idiom:表里如一,meaning_choice,idiom:表里如一,表里如一,meaning_choice,upper,"{""choices"": [""颜色又多又好看"", ""含有数字的成语"", ""颜色很多"", ""铺天盖地而来""]}"
idiom,L3,,含有数字的成语（四字）,言行一致,成语;数字;小升初高频,小学成语培优全书·教辅常见,idiom-l3-0633,idiom:言行一致,recite,idiom:言行一致,言行一致,recite,all,
idiom,L3,,下面的写法对不对？,对,成语;数字;小升初高频,小学成语培优全书·教辅常见,idiom-l3-0633:char_judge,idiom:言行一致,char_judge,idiom:言行一致,言行一致,char_judge,lower,"{""display"": ""言行一致""}"
idiom,L3,,「言行一致」的意思是？,含有数字的成语,成语;数字;小升初高频,小学成语培优全书·教辅常见,idiom-l3-0633:meaning_choice,idiom:言行一致,meaning_choice,idiom:言行一致,言行一致,meaning_choice,upper,"{""choices"": [""无家可归，四处流浪"", ""得意得忘了自己是谁"", ""含有数字的成语"", ""很得意、很有精神的样子""]}"
idiom,L3,,含有数字的成语（四字）,言行不一,成语;数字;小升初高频,小学成语培优全书·教辅常见,idiom-l3-0634,idiom:言行不一,recite,idiom:言行不一,言行不一,recite,all,
idiom,L3,,下面的写法对不对？,错,成语;数字;小升初高频,小学成语培优全书·教辅常见,idiom-l3-0634:char_judge,idiom:言行不一,char_judge,idiom:言行不一,言行不一,char_judge,lower,"{""display"": ""言行不甲""}"
idiom,L3,,「言行不一」的意思是？,含有数字的成语,成语;数字;小升初高频,小学成语培优全书·教辅常见,idiom-l3-0634:meaning_choice,idiom:言行不一,meaning_choice,idiom:言行不一,言行不一,meaning_choice,upper,"{""choices"": [""凶狠或得意地挥舞"", ""含有数字的成语"", ""身体粉碎，也指不惜牺牲"", ""齐心合力""]}"
idiom,L3,,含有数字的成语（四字）,说三道四,成语;数字;小升初高频,小学成语培优全书·教辅常见,idiom-l3-0635,idiom:说三道四,recite,idiom:说三道四,说三道四,recite,all,
idiom,L3,,下面的写法对不对？,错,成语;数字;小升初高频,小学成语培优全书·教辅常见,idiom-l3-0635:char_judge,idiom:说三道四,char_judge,idiom:说三道四,说三道四,char_judge,lower,"{""display"": ""说甲道四""}"
idiom,L3,,「说三道四」的意思是？,含有数字的成语,成语;数字;小升初高频,小学成语培优全书·教辅常见,idiom-l3-0635:meaning_choice,idiom:说三道四,meaning_choice,idiom:说三道四,说三道四,meaning_choice,upper,"{""choices"": [""雪片又大又密"", ""精神完全集中"", ""人民没法生活下去"", ""含有数字的成语""]}"
idiom,L3,,含有数字的成语（四字）,身经百战,成语;数字;小升初高频,小学成语培优全书·教辅常见,idiom-l3-0636,idiom:身经百战,recite,idiom:身经百战,身经百战,recite,all,
idiom,L3,,下面的写法对不对？,对,成语;数字;小升初高频,小学成语培优全书·教辅常见,idiom-l3-0636:char_judge,idiom:身经百战,char_judge,idiom:身经百战,身经百战,char_judge,lower,"{""display"": ""身经百战""}"
idiom,L3,,「身经百战」的意思是？,含有数字的成语,成语;数字;小升初高频,小学成语培优全书·教辅常见,idiom-l3-0636:meaning_choice,idiom:身经百战,meaning_choice,idiom:身经百战,身经百战,meaning_choice,upper,"{""choices"": [""含有数字的成语"", ""与时间有关的成语"", ""与时间有关的成语"", ""与时间有关的成语""]}"
idiom,L3,,含有数字的成语（四字）,退避三舍,成语;数字;小升初高频,小学成语培优全书·教辅常见,idiom-l3-0637,idiom:退避三舍,recite,idiom:退避三舍,退避三舍,recite,all,
idiom,L3,,下面的写法对不对？,对,成语;数字;小升初高频,小学成语培优全书·教辅常见,idiom-l3-0637:char_judge,idiom:退避三舍,char_judge,idiom:退避三舍,退避三舍,char_judge,lower,"{""display"": ""退避三舍""}"
idiom,L3,,「退避三舍」的意思是？,含有数字的成语,成语;数字;小升初高频,小学成语培优全书·教辅常见,idiom-l3-0637:meaning_choice,idiom:退避三舍,meaning_choice,idiom:退避三舍,退避三舍,meaning_choice,upper,"{""choices"": [""乱七八糟地摆着"", ""坏主意很多"", ""样子很庄重认真"", ""含有数字的成语""]}"
idiom,L3,,含有数字的成语（四字）,遗臭万年,成语;数字;小升初高频,小学成语培优全书·教辅常见,idiom-l3-0638,idiom:遗臭万年,recite,idiom:遗臭万年,遗臭万年,recite,all,
idiom,L3,,下面的写法对不对？,错,成语;数字;小升初高频,小学成语培优全书·教辅常见,idiom-l3-0638:char_judge,idiom:遗臭万年,char_judge,idiom:遗臭万年,遗臭万年,char_judge,lower,"{""display"": ""遗甲万年""}"
idiom,L3,,「遗臭万年」的意思是？,含有数字的成语,成语;数字;小升初高频,小学成语培优全书·教辅常见,idiom-l3-0638:meaning_choice,idiom:遗臭万年,meaning_choice,idiom:遗臭万年,遗臭万年,meaning_choice,upper,"{""choices"": [""书法笔势奔放"", ""含有数字的成语"", ""冰和雪化了"", ""不由得产生敬意""]}"
idiom,L3,,含有数字的成语（四字）,首屈一指,成语;数字;小升初高频,小学成语培优全书·教辅常见,idiom-l3-0639,idiom:首屈一指,recite,idiom:首屈一指,首屈一指,recite,all,
idiom,L3,,下面的写法对不对？,错,成语;数字;小升初高频,小学成语培优全书·教辅常见,idiom-l3-0639:char_judge,idiom:首屈一指,char_judge,idiom:首屈一指,首屈一指,char_judge,lower,"{""display"": ""首甲一指""}"
idiom,L3,,「首屈一指」的意思是？,含有数字的成语,成语;数字;小升初高频,小学成语培优全书·教辅常见,idiom-l3-0639:meaning_choice,idiom:首屈一指,meaning_choice,idiom:首屈一指,首屈一指,meaning_choice,upper,"{""choices"": [""想尽办法读书"", ""含有数字的成语"", ""心里着急、烦躁"", ""乱七八糟地摆着""]}"
idiom,L3,,含有数字的成语（四字）,黄粱一梦,成语;数字;小升初高频,小学成语培优全书·教辅常见,idiom-l3-0640,idiom:黄粱一梦,recite,idiom:黄粱一梦,黄粱一梦,recite,all,
idiom,L3,,下面的写法对不对？,对,成语;数字;小升初高频,小学成语培优全书·教辅常见,idiom-l3-0640:char_judge,idiom:黄粱一梦,char_judge,idiom:黄粱一梦,黄粱一梦,char_judge,lower,"{""display"": ""黄粱一梦""}"
idiom,L3,,「黄粱一梦」的意思是？,含有数字的成语,成语;数字;小升初高频,小学成语培优全书·教辅常见,idiom-l3-0640:meaning_choice,idiom:黄粱一梦,meaning_choice,idiom:黄粱一梦,黄粱一梦,meaning_choice,upper,"{""choices"": [""累得一点力气也没有"", ""形象生动得像活的一样"", ""智谋很多"", ""含有数字的成语""]}"
idiom,L3,,AABB 结构的成语（四字）,偷偷摸摸,成语;AABB;小升初高频,小学成语培优全书·教辅常见,idiom-l3-0641,idiom:偷偷摸摸,recite,idiom:偷偷摸摸,偷偷摸摸,recite,all,
idiom,L3,,下面的写法对不对？,对,成语;AABB;小升初高频,小学成语培优全书·教辅常见,idiom-l3-0641:char_judge,idiom:偷偷摸摸,char_judge,idiom:偷偷摸摸,偷偷摸摸,char_judge,lower,"{""display"": ""偷偷摸摸""}"
idiom,L3,,「偷偷摸摸」的意思是？,AABB 结构的成语,成语;AABB;小升初高频,小学成语培优全书·教辅常见,idiom-l3-0641:meaning_choice,idiom:偷偷摸摸,meaning_choice,idiom:偷偷摸摸,偷偷摸摸,meaning_choice,upper,"{""choices"": [""吓得不知道该怎么办"", ""山塌地裂，声势极大"", ""AABB 结构的成语"", ""按道理就该这样""]}"
idiom,L3,,AABB 结构的成语（四字）,兢兢业业,成语;AABB;小升初高频,小学成语培优全书·教辅常见,idiom-l3-0642,idiom:兢兢业业,recite,idiom:兢兢业业,兢兢业业,recite,all,
idiom,L3,,下面的写法对不对？,对,成语;AABB;小升初高频,小学成语培优全书·教辅常见,idiom-l3-0642:char_judge,idiom:兢兢业业,char_judge,idiom:兢兢业业,兢兢业业,char_judge,lower,"{""display"": ""兢兢业业""}"
idiom,L3,,「兢兢业业」的意思是？,AABB 结构的成语,成语;AABB;小升初高频,小学成语培优全书·教辅常见,idiom-l3-0642:meaning_choice,idiom:兢兢业业,meaning_choice,idiom:兢兢业业,兢兢业业,meaning_choice,upper,"{""choices"": [""AABB 结构的成语"", ""眼睛明亮、牙齿洁白"", ""生活在优裕的环境里"", ""做事非常顺手""]}"
idiom,L3,,AABB 结构的成语（四字）,冷冷清清,成语;AABB;小升初高频,小学成语培优全书·教辅常见,idiom-l3-0643,idiom:冷冷清清,recite,idiom:冷冷清清,冷冷清清,recite,all,
idiom,L3,,下面的写法对不对？,错,成语;AABB;小升初高频,小学成语培优全书·教辅常见,idiom-l3-0643:char_judge,idiom:冷冷清清,char_judge,idiom:冷冷清清,冷冷清清,char_judge,lower,"{""display"": ""冷甲清清""}"
idiom,L3,,「冷冷清清」的意思是？,AABB 结构的成语,成语;AABB;小升初高频,小学成语培优全书·教辅常见,idiom-l3-0643:meaning_choice,idiom:冷冷清清,meaning_choice,idiom:冷冷清清,冷冷清清,meaning_choice,upper,"{""choices"": [""兴趣很浓"", ""气势像高山大河一样雄伟"", ""AABB 结构的成语"", ""果实结得很多""]}"
idiom,L3,,AABB 结构的成语（四字）,勤勤恳恳,成语;AABB;小升初高频,小学成语培优全书·教辅常见,idiom-l3-0644,idiom:勤勤恳恳,recite,idiom:勤勤恳恳,勤勤恳恳,recite,all,
idiom,L3,,下面的写法对不对？,对,成语;AABB;小升初高频,小学成语培优全书·教辅常见,idiom-l3-0644:char_judge,idiom:勤勤恳恳,char_judge,idiom:勤勤恳恳,勤勤恳恳,char_judge,lower,"{""display"": ""勤勤恳恳""}"
idiom,L3,,「勤勤恳恳」的意思是？,AABB 结构的成语,成语;AABB;小升初高频,小学成语培优全书·教辅常见,idiom-l3-0644:meaning_choice,idiom:勤勤恳恳,meaning_choice,idiom:勤勤恳恳,勤勤恳恳,meaning_choice,upper,"{""choices"": [""AABB 结构的成语"", ""心里急得像火烧"", ""描写夏天的成语"", ""只要肯下功夫就能成功""]}"
idiom,L3,,AABB 结构的成语（四字）,匆匆忙忙,成语;AABB;小升初高频,小学成语培优全书·教辅常见,idiom-l3-0645,idiom:匆匆忙忙,recite,idiom:匆匆忙忙,匆匆忙忙,recite,all,
idiom,L3,,下面的写法对不对？,对,成语;AABB;小升初高频,小学成语培优全书·教辅常见,idiom-l3-0645:char_judge,idiom:匆匆忙忙,char_judge,idiom:匆匆忙忙,匆匆忙忙,char_judge,lower,"{""display"": ""匆匆忙忙""}"
idiom,L3,,「匆匆忙忙」的意思是？,AABB 结构的成语,成语;AABB;小升初高频,小学成语培优全书·教辅常见,idiom-l3-0645:meaning_choice,idiom:匆匆忙忙,meaning_choice,idiom:匆匆忙忙,匆匆忙忙,meaning_choice,upper,"{""choices"": [""内部困难又加上外来威胁"", ""走路很神气、满不在乎"", ""很多鸟一起叫"", ""AABB 结构的成语""]}"
idiom,L3,,AABB 结构的成语（四字）,口口声声,成语;AABB;小升初高频,小学成语培优全书·教辅常见,idiom-l3-0646,idiom:口口声声,recite,idiom:口口声声,口口声声,recite,all,
idiom,L3,,下面的写法对不对？,错,成语;AABB;小升初高频,小学成语培优全书·教辅常见,idiom-l3-0646:char_judge,idiom:口口声声,char_judge,idiom:口口声声,口口声声,char_judge,lower,"{""display"": ""口口甲声""}"
idiom,L3,,「口口声声」的意思是？,AABB 结构的成语,成语;AABB;小升初高频,小学成语培优全书·教辅常见,idiom-l3-0646:meaning_choice,idiom:口口声声,meaning_choice,idiom:口口声声,口口声声,meaning_choice,upper,"{""choices"": [""天空高远，云很淡"", ""仪表端正、很有气派"", ""AABB 结构的成语"", ""几句话就说完""]}"
idiom,L3,,AABB 结构的成语（四字）,吞吞吐吐,成语;AABB;小升初高频,小学成语培优全书·教辅常见,idiom-l3-0647,idiom:吞吞吐吐,recite,idiom:吞吞吐吐,吞吞吐吐,recite,all,
idiom,L3,,下面的写法对不对？,错,成语;AABB;小升初高频,小学成语培优全书·教辅常见,idiom-l3-0647:char_judge,idiom:吞吞吐吐,char_judge,idiom:吞吞吐吐,吞吞吐吐,char_judge,lower,"{""display"": ""甲吞吐吐""}"
idiom,L3,,「吞吞吐吐」的意思是？,AABB 结构的成语,成语;AABB;小升初高频,小学成语培优全书·教辅常见,idiom-l3-0647:meaning_choice,idiom:吞吞吐吐,meaning_choice,idiom:吞吞吐吐,吞吞吐吐,meaning_choice,upper,"{""choices"": [""不想努力，只等现成的"", ""抬起头、挺起胸，很有精神"", ""AABB 结构的成语"", ""什么植物都长不出来""]}"
idiom,L3,,AABB 结构的成语（四字）,哭哭啼啼,成语;AABB;小升初高频,小学成语培优全书·教辅常见,idiom-l3-0648,idiom:哭哭啼啼,recite,idiom:哭哭啼啼,哭哭啼啼,recite,all,
idiom,L3,,下面的写法对不对？,对,成语;AABB;小升初高频,小学成语培优全书·教辅常见,idiom-l3-0648:char_judge,idiom:哭哭啼啼,char_judge,idiom:哭哭啼啼,哭哭啼啼,char_judge,lower,"{""display"": ""哭哭啼啼""}"
idiom,L3,,「哭哭啼啼」的意思是？,AABB 结构的成语,成语;AABB;小升初高频,小学成语培优全书·教辅常见,idiom-l3-0648:meaning_choice,idiom:哭哭啼啼,meaning_choice,idiom:哭哭啼啼,哭哭啼啼,meaning_choice,upper,"{""choices"": [""AABB 结构的成语"", ""没有精神"", ""一下子明白过来"", ""疑神疑鬼，自己吓自己""]}"
idiom,L3,,AABB 结构的成语（四字）,嘻嘻哈哈,成语;AABB;小升初高频,小学成语培优全书·教辅常见,idiom-l3-0649,idiom:嘻嘻哈哈,recite,idiom:嘻嘻哈哈,嘻嘻哈哈,recite,all,
idiom,L3,,下面的写法对不对？,对,成语;AABB;小升初高频,小学成语培优全书·教辅常见,idiom-l3-0649:char_judge,idiom:嘻嘻哈哈,char_judge,idiom:嘻嘻哈哈,嘻嘻哈哈,char_judge,lower,"{""display"": ""嘻嘻哈哈""}"
idiom,L3,,「嘻嘻哈哈」的意思是？,AABB 结构的成语,成语;AABB;小升初高频,小学成语培优全书·教辅常见,idiom-l3-0649:meaning_choice,idiom:嘻嘻哈哈,meaning_choice,idiom:嘻嘻哈哈,嘻嘻哈哈,meaning_choice,upper,"{""choices"": [""为不必担心的事发愁"", ""一点儿也不马虎"", ""AABB 结构的成语"", ""桂花香气飘散""]}"
idiom,L3,,AABB 结构的成语（四字）,圆圆满满,成语;AABB;小升初高频,小学成语培优全书·教辅常见,idiom-l3-0650,idiom:圆圆满满,recite,idiom:圆圆满满,圆圆满满,recite,all,
idiom,L3,,下面的写法对不对？,对,成语;AABB;小升初高频,小学成语培优全书·教辅常见,idiom-l3-0650:char_judge,idiom:圆圆满满,char_judge,idiom:圆圆满满,圆圆满满,char_judge,lower,"{""display"": ""圆圆满满""}"
idiom,L3,,「圆圆满满」的意思是？,AABB 结构的成语,成语;AABB;小升初高频,小学成语培优全书·教辅常见,idiom-l3-0650:meaning_choice,idiom:圆圆满满,meaning_choice,idiom:圆圆满满,圆圆满满,meaning_choice,upper,"{""choices"": [""主动认错、请求责罚"", ""闪电打雷"", ""坏主意很多"", ""AABB 结构的成语""]}"
idiom,L3,,AABB 结构的成语（四字）,堂堂正正,成语;AABB;小升初高频,小学成语培优全书·教辅常见,idiom-l3-0651,idiom:堂堂正正,recite,idiom:堂堂正正,堂堂正正,recite,all,
idiom,L3,,下面的写法对不对？,错,成语;AABB;小升初高频,小学成语培优全书·教辅常见,idiom-l3-0651:char_judge,idiom:堂堂正正,char_judge,idiom:堂堂正正,堂堂正正,char_judge,lower,"{""display"": ""堂堂甲正""}"
idiom,L3,,「堂堂正正」的意思是？,AABB 结构的成语,成语;AABB;小升初高频,小学成语培优全书·教辅常见,idiom-l3-0651:meaning_choice,idiom:堂堂正正,meaning_choice,idiom:堂堂正正,堂堂正正,meaning_choice,upper,"{""choices"": [""AABB 结构的成语"", ""又刮风又下雨"", ""借别人的威势吓唬人"", ""铺天盖地而来""]}"
idiom,L3,,AABB 结构的成语（四字）,多多少少,成语;AABB;小升初高频,小学成语培优全书·教辅常见,idiom-l3-0652,idiom:多多少少,recite,idiom:多多少少,多多少少,recite,all,
idiom,L3,,下面的写法对不对？,错,成语;AABB;小升初高频,小学成语培优全书·教辅常见,idiom-l3-0652:char_judge,idiom:多多少少,char_judge,idiom:多多少少,多多少少,char_judge,lower,"{""display"": ""多多少甲""}"
idiom,L3,,「多多少少」的意思是？,AABB 结构的成语,成语;AABB;小升初高频,小学成语培优全书·教辅常见,idiom-l3-0652:meaning_choice,idiom:多多少少,meaning_choice,idiom:多多少少,多多少少,meaning_choice,upper,"{""choices"": [""AABB 结构的成语"", ""不加咀嚼地整吞，比喻不求甚解"", ""身体粉碎，也指不惜牺牲"", ""吓得不知道该怎么办""]}"
idiom,L3,,AABB 结构的成语（四字）,大大小小,成语;AABB;小升初高频,小学成语培优全书·教辅常见,idiom-l3-0653,idiom:大大小小,recite,idiom:大大小小,大大小小,recite,all,
idiom,L3,,下面的写法对不对？,对,成语;AABB;小升初高频,小学成语培优全书·教辅常见,idiom-l3-0653:char_judge,idiom:大大小小,char_judge,idiom:大大小小,大大小小,char_judge,lower,"{""display"": ""大大小小""}"
idiom,L3,,「大大小小」的意思是？,AABB 结构的成语,成语;AABB;小升初高频,小学成语培优全书·教辅常见,idiom-l3-0653:meaning_choice,idiom:大大小小,meaning_choice,idiom:大大小小,大大小小,meaning_choice,upper,"{""choices"": [""头发散乱"", ""AABB 结构的成语"", ""一下子明白过来"", ""齐心合力""]}"
idiom,L3,,AABB 结构的成语（四字）,密密麻麻,成语;AABB;小升初高频,小学成语培优全书·教辅常见,idiom-l3-0654,idiom:密密麻麻,recite,idiom:密密麻麻,密密麻麻,recite,all,
idiom,L3,,下面的写法对不对？,错,成语;AABB;小升初高频,小学成语培优全书·教辅常见,idiom-l3-0654:char_judge,idiom:密密麻麻,char_judge,idiom:密密麻麻,密密麻麻,char_judge,lower,"{""display"": ""密密麻甲""}"
idiom,L3,,「密密麻麻」的意思是？,AABB 结构的成语,成语;AABB;小升初高频,小学成语培优全书·教辅常见,idiom-l3-0654:meaning_choice,idiom:密密麻麻,meaning_choice,idiom:密密麻麻,密密麻麻,meaning_choice,upper,"{""choices"": [""占据高处，向下俯视"", ""很多人或动物聚在一起"", ""AABB 结构的成语"", ""刻苦学习，不敢打瞌睡""]}"
idiom,L3,,AABB 结构的成语（四字）,干干净净,成语;AABB;小升初高频,小学成语培优全书·教辅常见,idiom-l3-0655,idiom:干干净净,recite,idiom:干干净净,干干净净,recite,all,
idiom,L3,,下面的写法对不对？,对,成语;AABB;小升初高频,小学成语培优全书·教辅常见,idiom-l3-0655:char_judge,idiom:干干净净,char_judge,idiom:干干净净,干干净净,char_judge,lower,"{""display"": ""干干净净""}"
idiom,L3,,「干干净净」的意思是？,AABB 结构的成语,成语;AABB;小升初高频,小学成语培优全书·教辅常见,idiom-l3-0655:meaning_choice,idiom:干干净净,meaning_choice,idiom:干干净净,干干净净,meaning_choice,upper,"{""choices"": [""不加咀嚼地整吞，比喻不求甚解"", ""实在没有别的办法"", ""不想努力，只等现成的"", ""AABB 结构的成语""]}"
idiom,L3,,AABB 结构的成语（四字）,平平安安,成语;AABB;小升初高频,小学成语培优全书·教辅常见,idiom-l3-0656,idiom:平平安安,recite,idiom:平平安安,平平安安,recite,all,
idiom,L3,,下面的写法对不对？,对,成语;AABB;小升初高频,小学成语培优全书·教辅常见,idiom-l3-0656:char_judge,idiom:平平安安,char_judge,idiom:平平安安,平平安安,char_judge,lower,"{""display"": ""平平安安""}"
idiom,L3,,「平平安安」的意思是？,AABB 结构的成语,成语;AABB;小升初高频,小学成语培优全书·教辅常见,idiom-l3-0656:meaning_choice,idiom:平平安安,meaning_choice,idiom:平平安安,平平安安,meaning_choice,upper,"{""choices"": [""无法想象，很难理解"", ""看惯了，不觉得奇怪"", ""AABB 结构的成语"", ""心里急得像火烧""]}"
idiom,L3,,AABB 结构的成语（四字）,开开心心,成语;AABB;小升初高频,小学成语培优全书·教辅常见,idiom-l3-0657,idiom:开开心心,recite,idiom:开开心心,开开心心,recite,all,
idiom,L3,,下面的写法对不对？,错,成语;AABB;小升初高频,小学成语培优全书·教辅常见,idiom-l3-0657:char_judge,idiom:开开心心,char_judge,idiom:开开心心,开开心心,char_judge,lower,"{""display"": ""开开必心""}"
idiom,L3,,「开开心心」的意思是？,AABB 结构的成语,成语;AABB;小升初高频,小学成语培优全书·教辅常见,idiom-l3-0657:meaning_choice,idiom:开开心心,meaning_choice,idiom:开开心心,开开心心,meaning_choice,upper,"{""choices"": [""气魄很大的话"", ""AABB 结构的成语"", ""出自寓言故事的成语"", ""出自寓言故事的成语""]}"
idiom,L3,,AABB 结构的成语（四字）,弯弯曲曲,成语;AABB;小升初高频,小学成语培优全书·教辅常见,idiom-l3-0658,idiom:弯弯曲曲,recite,idiom:弯弯曲曲,弯弯曲曲,recite,all,
idiom,L3,,下面的写法对不对？,对,成语;AABB;小升初高频,小学成语培优全书·教辅常见,idiom-l3-0658:char_judge,idiom:弯弯曲曲,char_judge,idiom:弯弯曲曲,弯弯曲曲,char_judge,lower,"{""display"": ""弯弯曲曲""}"
idiom,L3,,「弯弯曲曲」的意思是？,AABB 结构的成语,成语;AABB;小升初高频,小学成语培优全书·教辅常见,idiom-l3-0658:meaning_choice,idiom:弯弯曲曲,meaning_choice,idiom:弯弯曲曲,弯弯曲曲,meaning_choice,upper,"{""choices"": [""柳树绿、花儿红"", ""又刮风又下雨"", ""AABB 结构的成语"", ""齐心合力""]}"
idiom,L3,,AABB 结构的成语（四字）,影影绰绰,成语;AABB;小升初高频,小学成语培优全书·教辅常见,idiom-l3-0659,idiom:影影绰绰,recite,idiom:影影绰绰,影影绰绰,recite,all,
idiom,L3,,下面的写法对不对？,对,成语;AABB;小升初高频,小学成语培优全书·教辅常见,idiom-l3-0659:char_judge,idiom:影影绰绰,char_judge,idiom:影影绰绰,影影绰绰,char_judge,lower,"{""display"": ""影影绰绰""}"
idiom,L3,,「影影绰绰」的意思是？,AABB 结构的成语,成语;AABB;小升初高频,小学成语培优全书·教辅常见,idiom-l3-0659:meaning_choice,idiom:影影绰绰,meaning_choice,idiom:影影绰绰,影影绰绰,meaning_choice,upper,"{""choices"": [""AABB 结构的成语"", ""情况变了还用老办法"", ""知音难遇或乐曲高妙"", ""眼界很小""]}"
idiom,L3,,AABB 结构的成语（四字）,忙忙碌碌,成语;AABB;小升初高频,小学成语培优全书·教辅常见,idiom-l3-0660,idiom:忙忙碌碌,recite,idiom:忙忙碌碌,忙忙碌碌,recite,all,
idiom,L3,,下面的写法对不对？,对,成语;AABB;小升初高频,小学成语培优全书·教辅常见,idiom-l3-0660:char_judge,idiom:忙忙碌碌,char_judge,idiom:忙忙碌碌,忙忙碌碌,char_judge,lower,"{""display"": ""忙忙碌碌""}"
idiom,L3,,「忙忙碌碌」的意思是？,AABB 结构的成语,成语;AABB;小升初高频,小学成语培优全书·教辅常见,idiom-l3-0660:meaning_choice,idiom:忙忙碌碌,meaning_choice,idiom:忙忙碌碌,忙忙碌碌,meaning_choice,upper,"{""choices"": [""AABB 结构的成语"", ""弄错了对象或事实"", ""云雾散开，眼前明亮"", ""想出和别人不一样的办法""]}"
idiom,L3,,AABB 结构的成语（四字）,快快乐乐,成语;AABB;小升初高频,小学成语培优全书·教辅常见,idiom-l3-0661,idiom:快快乐乐,recite,idiom:快快乐乐,快快乐乐,recite,all,
idiom,L3,,下面的写法对不对？,对,成语;AABB;小升初高频,小学成语培优全书·教辅常见,idiom-l3-0661:char_judge,idiom:快快乐乐,char_judge,idiom:快快乐乐,快快乐乐,char_judge,lower,"{""display"": ""快快乐乐""}"
idiom,L3,,「快快乐乐」的意思是？,AABB 结构的成语,成语;AABB;小升初高频,小学成语培优全书·教辅常见,idiom-l3-0661:meaning_choice,idiom:快快乐乐,meaning_choice,idiom:快快乐乐,快快乐乐,meaning_choice,upper,"{""choices"": [""不想努力，只等现成的"", ""AABB 结构的成语"", ""本领特别大"", ""出自历史故事的成语""]}"
idiom,L3,,AABB 结构的成语（四字）,慌慌张张,成语;AABB;小升初高频,小学成语培优全书·教辅常见,idiom-l3-0662,idiom:慌慌张张,recite,idiom:慌慌张张,慌慌张张,recite,all,
idiom,L3,,下面的写法对不对？,对,成语;AABB;小升初高频,小学成语培优全书·教辅常见,idiom-l3-0662:char_judge,idiom:慌慌张张,char_judge,idiom:慌慌张张,慌慌张张,char_judge,lower,"{""display"": ""慌慌张张""}"
idiom,L3,,「慌慌张张」的意思是？,AABB 结构的成语,成语;AABB;小升初高频,小学成语培优全书·教辅常见,idiom-l3-0662:meaning_choice,idiom:慌慌张张,meaning_choice,idiom:慌慌张张,慌慌张张,meaning_choice,upper,"{""choices"": [""AABB 结构的成语"", ""含有动物的成语"", ""含有动物的成语"", ""含有动物的成语""]}"
idiom,L3,,AABB 结构的成语（四字）,懒懒散散,成语;AABB;小升初高频,小学成语培优全书·教辅常见,idiom-l3-0663,idiom:懒懒散散,recite,idiom:懒懒散散,懒懒散散,recite,all,
idiom,L3,,下面的写法对不对？,对,成语;AABB;小升初高频,小学成语培优全书·教辅常见,idiom-l3-0663:char_judge,idiom:懒懒散散,char_judge,idiom:懒懒散散,懒懒散散,char_judge,lower,"{""display"": ""懒懒散散""}"
idiom,L3,,「懒懒散散」的意思是？,AABB 结构的成语,成语;AABB;小升初高频,小学成语培优全书·教辅常见,idiom-l3-0663:meaning_choice,idiom:懒懒散散,meaning_choice,idiom:懒懒散散,懒懒散散,meaning_choice,upper,"{""choices"": [""AABB 结构的成语"", ""人长寿，收成好"", ""有些信、有些不信"", ""精神力气都用尽了""]}"
idiom,L3,,AABB 结构的成语（四字）,扎扎实实,成语;AABB;小升初高频,小学成语培优全书·教辅常见,idiom-l3-0664,idiom:扎扎实实,recite,idiom:扎扎实实,扎扎实实,recite,all,
idiom,L3,,下面的写法对不对？,对,成语;AABB;小升初高频,小学成语培优全书·教辅常见,idiom-l3-0664:char_judge,idiom:扎扎实实,char_judge,idiom:扎扎实实,扎扎实实,char_judge,lower,"{""display"": ""扎扎实实""}"
idiom,L3,,「扎扎实实」的意思是？,AABB 结构的成语,成语;AABB;小升初高频,小学成语培优全书·教辅常见,idiom-l3-0664:meaning_choice,idiom:扎扎实实,meaning_choice,idiom:扎扎实实,扎扎实实,meaning_choice,upper,"{""choices"": [""情况变了还用老办法"", ""刻苦学习，不敢打瞌睡"", ""不清楚、弄不明白"", ""AABB 结构的成语""]}"
idiom,L3,,AABB 结构的成语（四字）,摇摇摆摆,成语;AABB;小升初高频,小学成语培优全书·教辅常见,idiom-l3-0665,idiom:摇摇摆摆,recite,idiom:摇摇摆摆,摇摇摆摆,recite,all,
idiom,L3,,下面的写法对不对？,对,成语;AABB;小升初高频,小学成语培优全书·教辅常见,idiom-l3-0665:char_judge,idiom:摇摇摆摆,char_judge,idiom:摇摇摆摆,摇摇摆摆,char_judge,lower,"{""display"": ""摇摇摆摆""}"
idiom,L3,,「摇摇摆摆」的意思是？,AABB 结构的成语,成语;AABB;小升初高频,小学成语培优全书·教辅常见,idiom-l3-0665:meaning_choice,idiom:摇摇摆摆,meaning_choice,idiom:摇摇摆摆,摇摇摆摆,meaning_choice,upper,"{""choices"": [""不说话"", ""恭敬地向老师求教"", ""AABB 结构的成语"", ""靠近山、靠近水""]}"
idiom,L3,,AABB 结构的成语（四字）,整整齐齐,成语;AABB;小升初高频,小学成语培优全书·教辅常见,idiom-l3-0666,idiom:整整齐齐,recite,idiom:整整齐齐,整整齐齐,recite,all,
idiom,L3,,下面的写法对不对？,对,成语;AABB;小升初高频,小学成语培优全书·教辅常见,idiom-l3-0666:char_judge,idiom:整整齐齐,char_judge,idiom:整整齐齐,整整齐齐,char_judge,lower,"{""display"": ""整整齐齐""}"
idiom,L3,,「整整齐齐」的意思是？,AABB 结构的成语,成语;AABB;小升初高频,小学成语培优全书·教辅常见,idiom-l3-0666:meaning_choice,idiom:整整齐齐,meaning_choice,idiom:整整齐齐,整整齐齐,meaning_choice,upper,"{""choices"": [""AABB 结构的成语"", ""吃或听得非常有兴趣"", ""蔺相如在渑池会上维护赵国尊严"", ""从细小处看出大趋势""]}"
idiom,L3,,AABB 结构的成语（四字）,断断续续,成语;AABB;小升初高频,小学成语培优全书·教辅常见,idiom-l3-0667,idiom:断断续续,recite,idiom:断断续续,断断续续,recite,all,
idiom,L3,,下面的写法对不对？,对,成语;AABB;小升初高频,小学成语培优全书·教辅常见,idiom-l3-0667:char_judge,idiom:断断续续,char_judge,idiom:断断续续,断断续续,char_judge,lower,"{""display"": ""断断续续""}"
idiom,L3,,「断断续续」的意思是？,AABB 结构的成语,成语;AABB;小升初高频,小学成语培优全书·教辅常见,idiom-l3-0667:meaning_choice,idiom:断断续续,meaning_choice,idiom:断断续续,断断续续,meaning_choice,upper,"{""choices"": [""这边看看那边看看"", ""这边看看那边看看"", ""百姓生活在极端困苦中"", ""AABB 结构的成语""]}"
idiom,L3,,AABB 结构的成语（四字）,方方正正,成语;AABB;小升初高频,小学成语培优全书·教辅常见,idiom-l3-0668,idiom:方方正正,recite,idiom:方方正正,方方正正,recite,all,
idiom,L3,,下面的写法对不对？,错,成语;AABB;小升初高频,小学成语培优全书·教辅常见,idiom-l3-0668:char_judge,idiom:方方正正,char_judge,idiom:方方正正,方方正正,char_judge,lower,"{""display"": ""方方正甲""}"
idiom,L3,,「方方正正」的意思是？,AABB 结构的成语,成语;AABB;小升初高频,小学成语培优全书·教辅常见,idiom-l3-0668:meaning_choice,idiom:方方正正,meaning_choice,idiom:方方正正,方方正正,meaning_choice,upper,"{""choices"": [""不慌不忙"", ""树林层层变色"", ""AABB 结构的成语"", ""办法很多，本领很大""]}"
idiom,L3,,AABB 结构的成语（四字）,明明白白,成语;AABB;小升初高频,小学成语培优全书·教辅常见,idiom-l3-0669,idiom:明明白白,recite,idiom:明明白白,明明白白,recite,all,
idiom,L3,,下面的写法对不对？,对,成语;AABB;小升初高频,小学成语培优全书·教辅常见,idiom-l3-0669:char_judge,idiom:明明白白,char_judge,idiom:明明白白,明明白白,char_judge,lower,"{""display"": ""明明白白""}"
idiom,L3,,「明明白白」的意思是？,AABB 结构的成语,成语;AABB;小升初高频,小学成语培优全书·教辅常见,idiom-l3-0669:meaning_choice,idiom:明明白白,meaning_choice,idiom:明明白白,明明白白,meaning_choice,upper,"{""choices"": [""与时间有关的成语"", ""与时间有关的成语"", ""与时间有关的成语"", ""AABB 结构的成语""]}"
idiom,L3,,AABB 结构的成语（四字）,星星点点,成语;AABB;小升初高频,小学成语培优全书·教辅常见,idiom-l3-0670,idiom:星星点点,recite,idiom:星星点点,星星点点,recite,all,
idiom,L3,,下面的写法对不对？,对,成语;AABB;小升初高频,小学成语培优全书·教辅常见,idiom-l3-0670:char_judge,idiom:星星点点,char_judge,idiom:星星点点,星星点点,char_judge,lower,"{""display"": ""星星点点""}"
idiom,L3,,「星星点点」的意思是？,AABB 结构的成语,成语;AABB;小升初高频,小学成语培优全书·教辅常见,idiom-l3-0670:meaning_choice,idiom:星星点点,meaning_choice,idiom:星星点点,星星点点,meaning_choice,upper,"{""choices"": [""拘束、心里不踏实"", ""AABB 结构的成语"", ""大得看不到边"", ""实在没有别的办法""]}"
idiom,L3,,AABB 结构的成语（四字）,曲曲折折,成语;AABB;小升初高频,小学成语培优全书·教辅常见,idiom-l3-0671,idiom:曲曲折折,recite,idiom:曲曲折折,曲曲折折,recite,all,
idiom,L3,,下面的写法对不对？,对,成语;AABB;小升初高频,小学成语培优全书·教辅常见,idiom-l3-0671:char_judge,idiom:曲曲折折,char_judge,idiom:曲曲折折,曲曲折折,char_judge,lower,"{""display"": ""曲曲折折""}"
idiom,L3,,「曲曲折折」的意思是？,AABB 结构的成语,成语;AABB;小升初高频,小学成语培优全书·教辅常见,idiom-l3-0671:meaning_choice,idiom:曲曲折折,meaning_choice,idiom:曲曲折折,曲曲折折,meaning_choice,upper,"{""choices"": [""乱七八糟地摆着"", ""国家太平，人民安乐"", ""AABB 结构的成语"", ""风很轻、雨很细""]}"
idiom,L3,,AABB 结构的成语（四字）,来来往往,成语;AABB;小升初高频,小学成语培优全书·教辅常见,idiom-l3-0672,idiom:来来往往,recite,idiom:来来往往,来来往往,recite,all,
idiom,L3,,下面的写法对不对？,对,成语;AABB;小升初高频,小学成语培优全书·教辅常见,idiom-l3-0672:char_judge,idiom:来来往往,char_judge,idiom:来来往往,来来往往,char_judge,lower,"{""display"": ""来来往往""}"
idiom,L3,,「来来往往」的意思是？,AABB 结构的成语,成语;AABB;小升初高频,小学成语培优全书·教辅常见,idiom-l3-0672:meaning_choice,idiom:来来往往,meaning_choice,idiom:来来往往,来来往往,meaning_choice,upper,"{""choices"": [""到处都可以当作家"", ""AABB 结构的成语"", ""名声传到国内外"", ""费尽心思""]}"
idiom,L3,,AABB 结构的成语（四字）,模模糊糊,成语;AABB;小升初高频,小学成语培优全书·教辅常见,idiom-l3-0673,idiom:模模糊糊,recite,idiom:模模糊糊,模模糊糊,recite,all,
idiom,L3,,下面的写法对不对？,错,成语;AABB;小升初高频,小学成语培优全书·教辅常见,idiom-l3-0673:char_judge,idiom:模模糊糊,char_judge,idiom:模模糊糊,模模糊糊,char_judge,lower,"{""display"": ""模甲糊糊""}"
idiom,L3,,「模模糊糊」的意思是？,AABB 结构的成语,成语;AABB;小升初高频,小学成语培优全书·教辅常见,idiom-l3-0673:meaning_choice,idiom:模模糊糊,meaning_choice,idiom:模模糊糊,模模糊糊,meaning_choice,upper,"{""choices"": [""AABB 结构的成语"", ""描写外貌的成语"", ""描写外貌的成语"", ""描写外貌的成语""]}"
idiom,L3,,AABB 结构的成语（四字）,沸沸扬扬,成语;AABB;小升初高频,小学成语培优全书·教辅常见,idiom-l3-0674,idiom:沸沸扬扬,recite,idiom:沸沸扬扬,沸沸扬扬,recite,all,
idiom,L3,,下面的写法对不对？,错,成语;AABB;小升初高频,小学成语培优全书·教辅常见,idiom-l3-0674:char_judge,idiom:沸沸扬扬,char_judge,idiom:沸沸扬扬,沸沸扬扬,char_judge,lower,"{""display"": ""甲沸扬扬""}"
idiom,L3,,「沸沸扬扬」的意思是？,AABB 结构的成语,成语;AABB;小升初高频,小学成语培优全书·教辅常见,idiom-l3-0674:meaning_choice,idiom:沸沸扬扬,meaning_choice,idiom:沸沸扬扬,沸沸扬扬,meaning_choice,upper,"{""choices"": [""费尽心思"", ""齐心合力"", ""AABB 结构的成语"", ""云雾散开，眼前明亮""]}"
idiom,L3,,AABB 结构的成语（四字）,清清楚楚,成语;AABB;小升初高频,小学成语培优全书·教辅常见,idiom-l3-0676,idiom:清清楚楚,recite,idiom:清清楚楚,清清楚楚,recite,all,
idiom,L3,,下面的写法对不对？,错,成语;AABB;小升初高频,小学成语培优全书·教辅常见,idiom-l3-0676:char_judge,idiom:清清楚楚,char_judge,idiom:清清楚楚,清清楚楚,char_judge,lower,"{""display"": ""清青楚楚""}"
idiom,L3,,「清清楚楚」的意思是？,AABB 结构的成语,成语;AABB;小升初高频,小学成语培优全书·教辅常见,idiom-l3-0676:meaning_choice,idiom:清清楚楚,meaning_choice,idiom:清清楚楚,清清楚楚,meaning_choice,upper,"{""choices"": [""AABB 结构的成语"", ""在风里飘动"", ""不加咀嚼地整吞，比喻不求甚解"", ""周围各个方向""]}"
idiom,L3,,AABB 结构的成语（四字）,炳炳凿凿,成语;AABB;小升初高频,小学成语培优全书·教辅常见,idiom-l3-0677,idiom:炳炳凿凿,recite,idiom:炳炳凿凿,炳炳凿凿,recite,all,
idiom,L3,,下面的写法对不对？,错,成语;AABB;小升初高频,小学成语培优全书·教辅常见,idiom-l3-0677:char_judge,idiom:炳炳凿凿,char_judge,idiom:炳炳凿凿,炳炳凿凿,char_judge,lower,"{""display"": ""炳甲凿凿""}"
idiom,L3,,「炳炳凿凿」的意思是？,AABB 结构的成语,成语;AABB;小升初高频,小学成语培优全书·教辅常见,idiom-l3-0677:meaning_choice,idiom:炳炳凿凿,meaning_choice,idiom:炳炳凿凿,炳炳凿凿,meaning_choice,upper,"{""choices"": [""描摹得十分逼真"", ""春天开花秋天结果"", ""AABB 结构的成语"", ""样子各不相同""]}"
idiom,L3,,AABB 结构的成语（四字）,熙熙攘攘,成语;AABB;小升初高频,小学成语培优全书·教辅常见,idiom-l3-0678,idiom:熙熙攘攘,recite,idiom:熙熙攘攘,熙熙攘攘,recite,all,
idiom,L3,,下面的写法对不对？,对,成语;AABB;小升初高频,小学成语培优全书·教辅常见,idiom-l3-0678:char_judge,idiom:熙熙攘攘,char_judge,idiom:熙熙攘攘,熙熙攘攘,char_judge,lower,"{""display"": ""熙熙攘攘""}"
idiom,L3,,「熙熙攘攘」的意思是？,AABB 结构的成语,成语;AABB;小升初高频,小学成语培优全书·教辅常见,idiom-l3-0678:meaning_choice,idiom:熙熙攘攘,meaning_choice,idiom:熙熙攘攘,熙熙攘攘,meaning_choice,upper,"{""choices"": [""AABB 结构的成语"", ""描写夏天的成语"", ""描写夏天的成语"", ""描写夏天的成语""]}"
idiom,L3,,AABB 结构的成语（四字）,犹犹豫豫,成语;AABB;小升初高频,小学成语培优全书·教辅常见,idiom-l3-0679,idiom:犹犹豫豫,recite,idiom:犹犹豫豫,犹犹豫豫,recite,all,
idiom,L3,,下面的写法对不对？,对,成语;AABB;小升初高频,小学成语培优全书·教辅常见,idiom-l3-0679:char_judge,idiom:犹犹豫豫,char_judge,idiom:犹犹豫豫,犹犹豫豫,char_judge,lower,"{""display"": ""犹犹豫豫""}"
idiom,L3,,「犹犹豫豫」的意思是？,AABB 结构的成语,成语;AABB;小升初高频,小学成语培优全书·教辅常见,idiom-l3-0679:meaning_choice,idiom:犹犹豫豫,meaning_choice,idiom:犹犹豫豫,犹犹豫豫,meaning_choice,upper,"{""choices"": [""AABB 结构的成语"", ""高兴得自己都受不住"", ""兴趣很浓"", ""没有真本事却混在里面""]}"
idiom,L3,,AABB 结构的成语（四字）,真真假假,成语;AABB;小升初高频,小学成语培优全书·教辅常见,idiom-l3-0680,idiom:真真假假,recite,idiom:真真假假,真真假假,recite,all,
idiom,L3,,下面的写法对不对？,错,成语;AABB;小升初高频,小学成语培优全书·教辅常见,idiom-l3-0680:char_judge,idiom:真真假假,char_judge,idiom:真真假假,真真假假,char_judge,lower,"{""display"": ""甲真假假""}"
idiom,L3,,「真真假假」的意思是？,AABB 结构的成语,成语;AABB;小升初高频,小学成语培优全书·教辅常见,idiom-l3-0680:meaning_choice,idiom:真真假假,meaning_choice,idiom:真真假假,真真假假,meaning_choice,upper,"{""choices"": [""含有动物的成语"", ""含有动物的成语"", ""形象生动得像活的一样"", ""AABB 结构的成语""]}"
idiom,L3,,AABB 结构的成语（四字）,端端正正,成语;AABB;小升初高频,小学成语培优全书·教辅常见,idiom-l3-0681,idiom:端端正正,recite,idiom:端端正正,端端正正,recite,all,
idiom,L3,,下面的写法对不对？,对,成语;AABB;小升初高频,小学成语培优全书·教辅常见,idiom-l3-0681:char_judge,idiom:端端正正,char_judge,idiom:端端正正,端端正正,char_judge,lower,"{""display"": ""端端正正""}"
idiom,L3,,「端端正正」的意思是？,AABB 结构的成语,成语;AABB;小升初高频,小学成语培优全书·教辅常见,idiom-l3-0681:meaning_choice,idiom:端端正正,meaning_choice,idiom:端端正正,端端正正,meaning_choice,upper,"{""choices"": [""身材修长美丽"", ""描写春天的成语"", ""描写春天的成语"", ""AABB 结构的成语""]}"
idiom,L3,,AABB 结构的成语（四字）,红红火火,成语;AABB;小升初高频,小学成语培优全书·教辅常见,idiom-l3-0682,idiom:红红火火,recite,idiom:红红火火,红红火火,recite,all,
idiom,L3,,下面的写法对不对？,对,成语;AABB;小升初高频,小学成语培优全书·教辅常见,idiom-l3-0682:char_judge,idiom:红红火火,char_judge,idiom:红红火火,红红火火,char_judge,lower,"{""display"": ""红红火火""}"
idiom,L3,,「红红火火」的意思是？,AABB 结构的成语,成语;AABB;小升初高频,小学成语培优全书·教辅常见,idiom-l3-0682:meaning_choice,idiom:红红火火,meaning_choice,idiom:红红火火,红红火火,meaning_choice,upper,"{""choices"": [""高兴得眉眼都舒展开"", ""微风轻轻吹"", ""本领比别人高一截"", ""AABB 结构的成语""]}"
idiom,L3,,AABB 结构的成语（四字）,纷纷扬扬,成语;AABB;小升初高频,小学成语培优全书·教辅常见,idiom-l3-0683,idiom:纷纷扬扬,recite,idiom:纷纷扬扬,纷纷扬扬,recite,all,
idiom,L3,,下面的写法对不对？,对,成语;AABB;小升初高频,小学成语培优全书·教辅常见,idiom-l3-0683:char_judge,idiom:纷纷扬扬,char_judge,idiom:纷纷扬扬,纷纷扬扬,char_judge,lower,"{""display"": ""纷纷扬扬""}"
idiom,L3,,「纷纷扬扬」的意思是？,AABB 结构的成语,成语;AABB;小升初高频,小学成语培优全书·教辅常见,idiom-l3-0683:meaning_choice,idiom:纷纷扬扬,meaning_choice,idiom:纷纷扬扬,纷纷扬扬,meaning_choice,upper,"{""choices"": [""不知该哭还是该笑"", ""AABB 结构的成语"", ""周围各个方向"", ""果实结得很多""]}"
idiom,L3,,AABB 结构的成语（四字）,结结巴巴,成语;AABB;小升初高频,小学成语培优全书·教辅常见,idiom-l3-0684,idiom:结结巴巴,recite,idiom:结结巴巴,结结巴巴,recite,all,
idiom,L3,,下面的写法对不对？,对,成语;AABB;小升初高频,小学成语培优全书·教辅常见,idiom-l3-0684:char_judge,idiom:结结巴巴,char_judge,idiom:结结巴巴,结结巴巴,char_judge,lower,"{""display"": ""结结巴巴""}"
idiom,L3,,「结结巴巴」的意思是？,AABB 结构的成语,成语;AABB;小升初高频,小学成语培优全书·教辅常见,idiom-l3-0684:meaning_choice,idiom:结结巴巴,meaning_choice,idiom:结结巴巴,结结巴巴,meaning_choice,upper,"{""choices"": [""失去信心，情绪低落"", ""不加咀嚼地整吞，比喻不求甚解"", ""AABB 结构的成语"", ""死得有意义、有价值""]}"
idiom,L3,,AABB 结构的成语（四字）,老老实实,成语;AABB;小升初高频,小学成语培优全书·教辅常见,idiom-l3-0685,idiom:老老实实,recite,idiom:老老实实,老老实实,recite,all,
idiom,L3,,下面的写法对不对？,对,成语;AABB;小升初高频,小学成语培优全书·教辅常见,idiom-l3-0685:char_judge,idiom:老老实实,char_judge,idiom:老老实实,老老实实,char_judge,lower,"{""display"": ""老老实实""}"
idiom,L3,,「老老实实」的意思是？,AABB 结构的成语,成语;AABB;小升初高频,小学成语培优全书·教辅常见,idiom-l3-0685:meaning_choice,idiom:老老实实,meaning_choice,idiom:老老实实,老老实实,meaning_choice,upper,"{""choices"": [""AABB 结构的成语"", ""描写冬天的成语"", ""大声地笑"", ""事情还没发生就知道""]}"
idiom,L3,,AABB 结构的成语（四字）,虚虚实实,成语;AABB;小升初高频,小学成语培优全书·教辅常见,idiom-l3-0686,idiom:虚虚实实,recite,idiom:虚虚实实,虚虚实实,recite,all,
idiom,L3,,下面的写法对不对？,对,成语;AABB;小升初高频,小学成语培优全书·教辅常见,idiom-l3-0686:char_judge,idiom:虚虚实实,char_judge,idiom:虚虚实实,虚虚实实,char_judge,lower,"{""display"": ""虚虚实实""}"
idiom,L3,,「虚虚实实」的意思是？,AABB 结构的成语,成语;AABB;小升初高频,小学成语培优全书·教辅常见,idiom-l3-0686:meaning_choice,idiom:虚虚实实,meaning_choice,idiom:虚虚实实,虚虚实实,meaning_choice,upper,"{""choices"": [""冰和雪化了"", ""AABB 结构的成语"", ""样子各不相同"", ""没有风浪，也指局势安定""]}"
idiom,L3,,AABB 结构的成语（四字）,认认真真,成语;AABB;小升初高频,小学成语培优全书·教辅常见,idiom-l3-0687,idiom:认认真真,recite,idiom:认认真真,认认真真,recite,all,
idiom,L3,,下面的写法对不对？,错,成语;AABB;小升初高频,小学成语培优全书·教辅常见,idiom-l3-0687:char_judge,idiom:认认真真,char_judge,idiom:认认真真,认认真真,char_judge,lower,"{""display"": ""认认甲真""}"
idiom,L3,,「认认真真」的意思是？,AABB 结构的成语,成语;AABB;小升初高频,小学成语培优全书·教辅常见,idiom-l3-0687:meaning_choice,idiom:认认真真,meaning_choice,idiom:认认真真,认认真真,meaning_choice,upper,"{""choices"": [""没有办法可想"", ""无法想象，很难理解"", ""AABB 结构的成语"", ""不清楚、弄不明白""]}"
idiom,L3,,AABB 结构的成语（四字）,踏踏实实,成语;AABB;小升初高频,小学成语培优全书·教辅常见,idiom-l3-0688,idiom:踏踏实实,recite,idiom:踏踏实实,踏踏实实,recite,all,
idiom,L3,,下面的写法对不对？,错,成语;AABB;小升初高频,小学成语培优全书·教辅常见,idiom-l3-0688:char_judge,idiom:踏踏实实,char_judge,idiom:踏踏实实,踏踏实实,char_judge,lower,"{""display"": ""甲踏实实""}"
idiom,L3,,「踏踏实实」的意思是？,AABB 结构的成语,成语;AABB;小升初高频,小学成语培优全书·教辅常见,idiom-l3-0688:meaning_choice,idiom:踏踏实实,meaning_choice,idiom:踏踏实实,踏踏实实,meaning_choice,upper,"{""choices"": [""AABB 结构的成语"", ""没想到的好事让人高兴"", ""树林层层翠绿"", ""不止一个，还有配对的""]}"
idiom,L3,,AABB 结构的成语（四字）,轰轰烈烈,成语;AABB;小升初高频,小学成语培优全书·教辅常见,idiom-l3-0689,idiom:轰轰烈烈,recite,idiom:轰轰烈烈,轰轰烈烈,recite,all,
idiom,L3,,下面的写法对不对？,错,成语;AABB;小升初高频,小学成语培优全书·教辅常见,idiom-l3-0689:char_judge,idiom:轰轰烈烈,char_judge,idiom:轰轰烈烈,轰轰烈烈,char_judge,lower,"{""display"": ""甲轰烈烈""}"
idiom,L3,,「轰轰烈烈」的意思是？,AABB 结构的成语,成语;AABB;小升初高频,小学成语培优全书·教辅常见,idiom-l3-0689:meaning_choice,idiom:轰轰烈烈,meaning_choice,idiom:轰轰烈烈,轰轰烈烈,meaning_choice,upper,"{""choices"": [""AABB 结构的成语"", ""刚哭完又笑了"", ""秋天天气清爽"", ""心里早有了主意""]}"
idiom,L3,,AABB 结构的成语（四字）,进进出出,成语;AABB;小升初高频,小学成语培优全书·教辅常见,idiom-l3-0690,idiom:进进出出,recite,idiom:进进出出,进进出出,recite,all,
idiom,L3,,下面的写法对不对？,错,成语;AABB;小升初高频,小学成语培优全书·教辅常见,idiom-l3-0690:char_judge,idiom:进进出出,char_judge,idiom:进进出出,进进出出,char_judge,lower,"{""display"": ""甲进出出""}"
idiom,L3,,「进进出出」的意思是？,AABB 结构的成语,成语;AABB;小升初高频,小学成语培优全书·教辅常见,idiom-l3-0690:meaning_choice,idiom:进进出出,meaning_choice,idiom:进进出出,进进出出,meaning_choice,upper,"{""choices"": [""AABB 结构的成语"", ""含有动物的成语"", ""含有动物的成语"", ""身材魁梧""]}"
idiom,L3,,AABB 结构的成语（四字）,郁郁葱葱,成语;AABB;小升初高频,小学成语培优全书·教辅常见,idiom-l3-0691,idiom:郁郁葱葱,recite,idiom:郁郁葱葱,郁郁葱葱,recite,all,
idiom,L3,,下面的写法对不对？,错,成语;AABB;小升初高频,小学成语培优全书·教辅常见,idiom-l3-0691:char_judge,idiom:郁郁葱葱,char_judge,idiom:郁郁葱葱,郁郁葱葱,char_judge,lower,"{""display"": ""郁甲葱葱""}"
idiom,L3,,「郁郁葱葱」的意思是？,AABB 结构的成语,成语;AABB;小升初高频,小学成语培优全书·教辅常见,idiom-l3-0691:meaning_choice,idiom:郁郁葱葱,meaning_choice,idiom:郁郁葱葱,郁郁葱葱,meaning_choice,upper,"{""choices"": [""见识很短浅"", ""高兴得快要发狂"", ""比谁更美丽出众"", ""AABB 结构的成语""]}"
idiom,L3,,AABB 结构的成语（四字）,长长短短,成语;AABB;小升初高频,小学成语培优全书·教辅常见,idiom-l3-0692,idiom:长长短短,recite,idiom:长长短短,长长短短,recite,all,
idiom,L3,,下面的写法对不对？,错,成语;AABB;小升初高频,小学成语培优全书·教辅常见,idiom-l3-0692:char_judge,idiom:长长短短,char_judge,idiom:长长短短,长长短短,char_judge,lower,"{""display"": ""长长短甲""}"
idiom,L3,,「长长短短」的意思是？,AABB 结构的成语,成语;AABB;小升初高频,小学成语培优全书·教辅常见,idiom-l3-0692:meaning_choice,idiom:长长短短,meaning_choice,idiom:长长短短,长长短短,meaning_choice,upper,"{""choices"": [""好上加好"", ""很多鸟一起叫"", ""想出和别人不一样的办法"", ""AABB 结构的成语""]}"
idiom,L3,,AABB 结构的成语（四字）,陆陆续续,成语;AABB;小升初高频,小学成语培优全书·教辅常见,idiom-l3-0693,idiom:陆陆续续,recite,idiom:陆陆续续,陆陆续续,recite,all,
idiom,L3,,下面的写法对不对？,错,成语;AABB;小升初高频,小学成语培优全书·教辅常见,idiom-l3-0693:char_judge,idiom:陆陆续续,char_judge,idiom:陆陆续续,陆陆续续,char_judge,lower,"{""display"": ""陆陆甲续""}"
idiom,L3,,「陆陆续续」的意思是？,AABB 结构的成语,成语;AABB;小升初高频,小学成语培优全书·教辅常见,idiom-l3-0693:meaning_choice,idiom:陆陆续续,meaning_choice,idiom:陆陆续续,陆陆续续,meaning_choice,upper,"{""choices"": [""风很轻、雨很细"", ""生活安定，工作愉快"", ""什么都伤害不了"", ""AABB 结构的成语""]}"
idiom,L3,,AABB 结构的成语（四字）,隐隐约约,成语;AABB;小升初高频,小学成语培优全书·教辅常见,idiom-l3-0694,idiom:隐隐约约,recite,idiom:隐隐约约,隐隐约约,recite,all,
idiom,L3,,下面的写法对不对？,错,成语;AABB;小升初高频,小学成语培优全书·教辅常见,idiom-l3-0694:char_judge,idiom:隐隐约约,char_judge,idiom:隐隐约约,隐隐约约,char_judge,lower,"{""display"": ""隐隐约甲""}"
idiom,L3,,「隐隐约约」的意思是？,AABB 结构的成语,成语;AABB;小升初高频,小学成语培优全书·教辅常见,idiom-l3-0694:meaning_choice,idiom:隐隐约约,meaning_choice,idiom:隐隐约约,隐隐约约,meaning_choice,upper,"{""choices"": [""十分担心害怕"", ""只要肯下功夫就能成功"", ""舍不得离开"", ""AABB 结构的成语""]}"
idiom,L3,,AABB 结构的成语（四字）,马马虎虎,成语;AABB;小升初高频,小学成语培优全书·教辅常见,idiom-l3-0695,idiom:马马虎虎,recite,idiom:马马虎虎,马马虎虎,recite,all,
idiom,L3,,下面的写法对不对？,对,成语;AABB;小升初高频,小学成语培优全书·教辅常见,idiom-l3-0695:char_judge,idiom:马马虎虎,char_judge,idiom:马马虎虎,马马虎虎,char_judge,lower,"{""display"": ""马马虎虎""}"
idiom,L3,,「马马虎虎」的意思是？,AABB 结构的成语,成语;AABB;小升初高频,小学成语培优全书·教辅常见,idiom-l3-0695:meaning_choice,idiom:马马虎虎,meaning_choice,idiom:马马虎虎,马马虎虎,meaning_choice,upper,"{""choices"": [""AABB 结构的成语"", ""描写品质的成语"", ""描写品质的成语"", ""描写品质的成语""]}"
idiom,L3,,AABB 结构的成语（四字）,高高低低,成语;AABB;小升初高频,小学成语培优全书·教辅常见,idiom-l3-0696,idiom:高高低低,recite,idiom:高高低低,高高低低,recite,all,
idiom,L3,,下面的写法对不对？,对,成语;AABB;小升初高频,小学成语培优全书·教辅常见,idiom-l3-0696:char_judge,idiom:高高低低,char_judge,idiom:高高低低,高高低低,char_judge,lower,"{""display"": ""高高低低""}"
idiom,L3,,「高高低低」的意思是？,AABB 结构的成语,成语;AABB;小升初高频,小学成语培优全书·教辅常见,idiom-l3-0696:meaning_choice,idiom:高高低低,meaning_choice,idiom:高高低低,高高低低,meaning_choice,upper,"{""choices"": [""有很多话要说"", ""危害集体的人"", ""AABB 结构的成语"", ""脸色温和愉快""]}"
idiom,L3,,AABB 结构的成语（四字）,高高兴兴,成语;AABB;小升初高频,小学成语培优全书·教辅常见,idiom-l3-0697,idiom:高高兴兴,recite,idiom:高高兴兴,高高兴兴,recite,all,
idiom,L3,,下面的写法对不对？,对,成语;AABB;小升初高频,小学成语培优全书·教辅常见,idiom-l3-0697:char_judge,idiom:高高兴兴,char_judge,idiom:高高兴兴,高高兴兴,char_judge,lower,"{""display"": ""高高兴兴""}"
idiom,L3,,「高高兴兴」的意思是？,AABB 结构的成语,成语;AABB;小升初高频,小学成语培优全书·教辅常见,idiom-l3-0697:meaning_choice,idiom:高高兴兴,meaning_choice,idiom:高高兴兴,高高兴兴,meaning_choice,upper,"{""choices"": [""一直不停地流"", ""AABB 结构的成语"", ""几句话就说完"", ""完全看不见了""]}"
idiom,L3,,AABB 结构的成语（四字）,鬼鬼祟祟,成语;AABB;小升初高频,小学成语培优全书·教辅常见,idiom-l3-0698,idiom:鬼鬼祟祟,recite,idiom:鬼鬼祟祟,鬼鬼祟祟,recite,all,
idiom,L3,,下面的写法对不对？,对,成语;AABB;小升初高频,小学成语培优全书·教辅常见,idiom-l3-0698:char_judge,idiom:鬼鬼祟祟,char_judge,idiom:鬼鬼祟祟,鬼鬼祟祟,char_judge,lower,"{""display"": ""鬼鬼祟祟""}"
idiom,L3,,「鬼鬼祟祟」的意思是？,AABB 结构的成语,成语;AABB;小升初高频,小学成语培优全书·教辅常见,idiom-l3-0698:meaning_choice,idiom:鬼鬼祟祟,meaning_choice,idiom:鬼鬼祟祟,鬼鬼祟祟,meaning_choice,upper,"{""choices"": [""到处是冰和雪"", ""AABB 结构的成语"", ""说得很动听讨人喜欢"", ""主动认错、请求责罚""]}"
idiom,L3,,小学教辅常见成语（四字）,上行下效,成语;综合;小升初高频,小学成语培优全书·教辅常见,idiom-l3-0699,idiom:上行下效,recite,idiom:上行下效,上行下效,recite,all,
idiom,L3,,下面的写法对不对？,错,成语;综合;小升初高频,小学成语培优全书·教辅常见,idiom-l3-0699:char_judge,idiom:上行下效,char_judge,idiom:上行下效,上行下效,char_judge,lower,"{""display"": ""上行甲效""}"
idiom,L3,,「上行下效」的意思是？,小学教辅常见成语,成语;综合;小升初高频,小学成语培优全书·教辅常见,idiom-l3-0699:meaning_choice,idiom:上行下效,meaning_choice,idiom:上行下效,上行下效,meaning_choice,upper,"{""choices"": [""样子各不相同"", ""描写夏天的成语"", ""描写夏天的成语"", ""小学教辅常见成语""]}"
idiom,L3,,小学教辅常见成语（四字）,上蹿下跳,成语;综合;小升初高频,小学成语培优全书·教辅常见,idiom-l3-0700,idiom:上蹿下跳,recite,idiom:上蹿下跳,上蹿下跳,recite,all,
idiom,L3,,下面的写法对不对？,错,成语;综合;小升初高频,小学成语培优全书·教辅常见,idiom-l3-0700:char_judge,idiom:上蹿下跳,char_judge,idiom:上蹿下跳,上蹿下跳,char_judge,lower,"{""display"": ""甲蹿下跳""}"
idiom,L3,,「上蹿下跳」的意思是？,小学教辅常见成语,成语;综合;小升初高频,小学成语培优全书·教辅常见,idiom-l3-0700:meaning_choice,idiom:上蹿下跳,meaning_choice,idiom:上蹿下跳,上蹿下跳,meaning_choice,upper,"{""choices"": [""走路很神气、满不在乎"", ""小学教辅常见成语"", ""天地非常广阔"", ""不说话""]}"
idiom,L3,,小学教辅常见成语（四字）,下不为例,成语;综合;小升初高频,小学成语培优全书·教辅常见,idiom-l3-0701,idiom:下不为例,recite,idiom:下不为例,下不为例,recite,all,
idiom,L3,,下面的写法对不对？,错,成语;综合;小升初高频,小学成语培优全书·教辅常见,idiom-l3-0701:char_judge,idiom:下不为例,char_judge,idiom:下不为例,下不为例,char_judge,lower,"{""display"": ""下步为例""}"
idiom,L3,,「下不为例」的意思是？,小学教辅常见成语,成语;综合;小升初高频,小学成语培优全书·教辅常见,idiom-l3-0701:meaning_choice,idiom:下不为例,meaning_choice,idiom:下不为例,下不为例,meaning_choice,upper,"{""choices"": [""小学教辅常见成语"", ""这边看看那边看看"", ""力量非常强大"", ""出主意、想办法""]}"
idiom,L3,,小学教辅常见成语（四字）,不了了之,成语;综合;小升初高频,小学成语培优全书·教辅常见,idiom-l3-0702,idiom:不了了之,recite,idiom:不了了之,不了了之,recite,all,
idiom,L3,,下面的写法对不对？,对,成语;综合;小升初高频,小学成语培优全书·教辅常见,idiom-l3-0702:char_judge,idiom:不了了之,char_judge,idiom:不了了之,不了了之,char_judge,lower,"{""display"": ""不了了之""}"
idiom,L3,,「不了了之」的意思是？,小学教辅常见成语,成语;综合;小升初高频,小学成语培优全书·教辅常见,idiom-l3-0702:meaning_choice,idiom:不了了之,meaning_choice,idiom:不了了之,不了了之,meaning_choice,upper,"{""choices"": [""非常安静"", ""小学教辅常见成语"", ""高兴得眉眼都舒展开"", ""桂花香气飘散""]}"
idiom,L3,,小学教辅常见成语（四字）,不亦乐乎,成语;综合;小升初高频,小学成语培优全书·教辅常见,idiom-l3-0703,idiom:不亦乐乎,recite,idiom:不亦乐乎,不亦乐乎,recite,all,
idiom,L3,,下面的写法对不对？,错,成语;综合;小升初高频,小学成语培优全书·教辅常见,idiom-l3-0703:char_judge,idiom:不亦乐乎,char_judge,idiom:不亦乐乎,不亦乐乎,char_judge,lower,"{""display"": ""不亦甲乎""}"
idiom,L3,,「不亦乐乎」的意思是？,小学教辅常见成语,成语;综合;小升初高频,小学成语培优全书·教辅常见,idiom-l3-0703:meaning_choice,idiom:不亦乐乎,meaning_choice,idiom:不亦乐乎,不亦乐乎,meaning_choice,upper,"{""choices"": [""像烟云一样消失了"", ""夜里不用关门，社会安定"", ""自己控制不住感情"", ""小学教辅常见成语""]}"
idiom,L3,,小学教辅常见成语（四字）,不以为然,成语;综合;小升初高频,小学成语培优全书·教辅常见,idiom-l3-0704,idiom:不以为然,recite,idiom:不以为然,不以为然,recite,all,
idiom,L3,,下面的写法对不对？,错,成语;综合;小升初高频,小学成语培优全书·教辅常见,idiom-l3-0704:char_judge,idiom:不以为然,char_judge,idiom:不以为然,不以为然,char_judge,lower,"{""display"": ""不以为甲""}"
idiom,L3,,「不以为然」的意思是？,小学教辅常见成语,成语;综合;小升初高频,小学成语培优全书·教辅常见,idiom-l3-0704:meaning_choice,idiom:不以为然,meaning_choice,idiom:不以为然,不以为然,meaning_choice,upper,"{""choices"": [""智谋很多"", ""小学教辅常见成语"", ""雪片又大又密"", ""出主意、想办法""]}"
idiom,L3,,小学教辅常见成语（四字）,不伦不类,成语;综合;小升初高频,小学成语培优全书·教辅常见,idiom-l3-0705,idiom:不伦不类,recite,idiom:不伦不类,不伦不类,recite,all,
idiom,L3,,下面的写法对不对？,对,成语;综合;小升初高频,小学成语培优全书·教辅常见,idiom-l3-0705:char_judge,idiom:不伦不类,char_judge,idiom:不伦不类,不伦不类,char_judge,lower,"{""display"": ""不伦不类""}"
idiom,L3,,「不伦不类」的意思是？,小学教辅常见成语,成语;综合;小升初高频,小学成语培优全书·教辅常见,idiom-l3-0705:meaning_choice,idiom:不伦不类,meaning_choice,idiom:不伦不类,不伦不类,meaning_choice,upper,"{""choices"": [""小学教辅常见成语"", ""描写夏天的成语"", ""描写夏天的成语"", ""描写夏天的成语""]}"
idiom,L3,,小学教辅常见成语（四字）,不修边幅,成语;综合;小升初高频,小学成语培优全书·教辅常见,idiom-l3-0706,idiom:不修边幅,recite,idiom:不修边幅,不修边幅,recite,all,
idiom,L3,,下面的写法对不对？,错,成语;综合;小升初高频,小学成语培优全书·教辅常见,idiom-l3-0706:char_judge,idiom:不修边幅,char_judge,idiom:不修边幅,不修边幅,char_judge,lower,"{""display"": ""步修边幅""}"
idiom,L3,,「不修边幅」的意思是？,小学教辅常见成语,成语;综合;小升初高频,小学成语培优全书·教辅常见,idiom-l3-0706:meaning_choice,idiom:不修边幅,meaning_choice,idiom:不修边幅,不修边幅,meaning_choice,upper,"{""choices"": [""高兴得眉眼都舒展开"", ""泉水发出叮咚声"", ""文章或动作很流畅"", ""小学教辅常见成语""]}"
idiom,L3,,小学教辅常见成语（四字）,不偏不倚,成语;综合;小升初高频,小学成语培优全书·教辅常见,idiom-l3-0707,idiom:不偏不倚,recite,idiom:不偏不倚,不偏不倚,recite,all,
idiom,L3,,下面的写法对不对？,错,成语;综合;小升初高频,小学成语培优全书·教辅常见,idiom-l3-0707:char_judge,idiom:不偏不倚,char_judge,idiom:不偏不倚,不偏不倚,char_judge,lower,"{""display"": ""不偏步倚""}"
idiom,L3,,「不偏不倚」的意思是？,小学教辅常见成语,成语;综合;小升初高频,小学成语培优全书·教辅常见,idiom-l3-0707:meaning_choice,idiom:不偏不倚,meaning_choice,idiom:不偏不倚,不偏不倚,meaning_choice,upper,"{""choices"": [""小学教辅常见成语"", ""描写春天的成语"", ""描写春天的成语"", ""描写春天的成语""]}"
idiom,L3,,小学教辅常见成语（四字）,不共戴天,成语;综合;小升初高频,小学成语培优全书·教辅常见,idiom-l3-0708,idiom:不共戴天,recite,idiom:不共戴天,不共戴天,recite,all,
idiom,L3,,下面的写法对不对？,错,成语;综合;小升初高频,小学成语培优全书·教辅常见,idiom-l3-0708:char_judge,idiom:不共戴天,char_judge,idiom:不共戴天,不共戴天,char_judge,lower,"{""display"": ""不共戴夭""}"
idiom,L3,,「不共戴天」的意思是？,小学教辅常见成语,成语;综合;小升初高频,小学成语培优全书·教辅常见,idiom-l3-0708:meaning_choice,idiom:不共戴天,meaning_choice,idiom:不共戴天,不共戴天,meaning_choice,upper,"{""choices"": [""出主意、想办法"", ""小学教辅常见成语"", ""非常安静"", ""天空高远，云很淡""]}"
idiom,L3,,小学教辅常见成语（四字）,不分伯仲,成语;综合;小升初高频,小学成语培优全书·教辅常见,idiom-l3-0709,idiom:不分伯仲,recite,idiom:不分伯仲,不分伯仲,recite,all,
idiom,L3,,下面的写法对不对？,错,成语;综合;小升初高频,小学成语培优全书·教辅常见,idiom-l3-0709:char_judge,idiom:不分伯仲,char_judge,idiom:不分伯仲,不分伯仲,char_judge,lower,"{""display"": ""不分甲仲""}"
idiom,L3,,「不分伯仲」的意思是？,小学教辅常见成语,成语;综合;小升初高频,小学成语培优全书·教辅常见,idiom-l3-0709:meaning_choice,idiom:不分伯仲,meaning_choice,idiom:不分伯仲,不分伯仲,meaning_choice,upper,"{""choices"": [""小学教辅常见成语"", ""出自寓言故事的成语"", ""出自寓言故事的成语"", ""出自寓言故事的成语""]}"
idiom,L3,,小学教辅常见成语（四字）,不务正业,成语;综合;小升初高频,小学成语培优全书·教辅常见,idiom-l3-0710,idiom:不务正业,recite,idiom:不务正业,不务正业,recite,all,
idiom,L3,,下面的写法对不对？,对,成语;综合;小升初高频,小学成语培优全书·教辅常见,idiom-l3-0710:char_judge,idiom:不务正业,char_judge,idiom:不务正业,不务正业,char_judge,lower,"{""display"": ""不务正业""}"
idiom,L3,,「不务正业」的意思是？,小学教辅常见成语,成语;综合;小升初高频,小学成语培优全书·教辅常见,idiom-l3-0710:meaning_choice,idiom:不务正业,meaning_choice,idiom:不务正业,不务正业,meaning_choice,upper,"{""choices"": [""出自寓言故事的成语"", ""出自寓言故事的成语"", ""说得很动听讨人喜欢"", ""小学教辅常见成语""]}"
idiom,L3,,小学教辅常见成语（四字）,不动声色,成语;综合;小升初高频,小学成语培优全书·教辅常见,idiom-l3-0711,idiom:不动声色,recite,idiom:不动声色,不动声色,recite,all,
idiom,L3,,下面的写法对不对？,对,成语;综合;小升初高频,小学成语培优全书·教辅常见,idiom-l3-0711:char_judge,idiom:不动声色,char_judge,idiom:不动声色,不动声色,char_judge,lower,"{""display"": ""不动声色""}"
idiom,L3,,「不动声色」的意思是？,小学教辅常见成语,成语;综合;小升初高频,小学成语培优全书·教辅常见,idiom-l3-0711:meaning_choice,idiom:不动声色,meaning_choice,idiom:不动声色,不动声色,meaning_choice,upper,"{""choices"": [""小学教辅常见成语"", ""失去信心，情绪低落"", ""什么植物都长不出来"", ""自己控制不住感情""]}"
idiom,L3,,小学教辅常见成语（四字）,不劳而获,成语;综合;小升初高频,小学成语培优全书·教辅常见,idiom-l3-0712,idiom:不劳而获,recite,idiom:不劳而获,不劳而获,recite,all,
idiom,L3,,下面的写法对不对？,错,成语;综合;小升初高频,小学成语培优全书·教辅常见,idiom-l3-0712:char_judge,idiom:不劳而获,char_judge,idiom:不劳而获,不劳而获,char_judge,lower,"{""display"": ""不劳甲获""}"
idiom,L3,,「不劳而获」的意思是？,小学教辅常见成语,成语;综合;小升初高频,小学成语培优全书·教辅常见,idiom-l3-0712:meaning_choice,idiom:不劳而获,meaning_choice,idiom:不劳而获,不劳而获,meaning_choice,upper,"{""choices"": [""描写冬天的成语"", ""描写冬天的成语"", ""描写冬天的成语"", ""小学教辅常见成语""]}"
idiom,L3,,小学教辅常见成语（四字）,不即不离,成语;综合;小升初高频,小学成语培优全书·教辅常见,idiom-l3-0713,idiom:不即不离,recite,idiom:不即不离,不即不离,recite,all,
idiom,L3,,下面的写法对不对？,对,成语;综合;小升初高频,小学成语培优全书·教辅常见,idiom-l3-0713:char_judge,idiom:不即不离,char_judge,idiom:不即不离,不即不离,char_judge,lower,"{""display"": ""不即不离""}"
idiom,L3,,「不即不离」的意思是？,小学教辅常见成语,成语;综合;小升初高频,小学成语培优全书·教辅常见,idiom-l3-0713:meaning_choice,idiom:不即不离,meaning_choice,idiom:不即不离,不即不离,meaning_choice,upper,"{""choices"": [""事故很多的时期"", ""微风轻轻吹"", ""小学教辅常见成语"", ""出了问题赶紧补救还来得及""]}"
idiom,L3,,小学教辅常见成语（四字）,不可开交,成语;综合;小升初高频,小学成语培优全书·教辅常见,idiom-l3-0714,idiom:不可开交,recite,idiom:不可开交,不可开交,recite,all,
idiom,L3,,下面的写法对不对？,对,成语;综合;小升初高频,小学成语培优全书·教辅常见,idiom-l3-0714:char_judge,idiom:不可开交,char_judge,idiom:不可开交,不可开交,char_judge,lower,"{""display"": ""不可开交""}"
idiom,L3,,「不可开交」的意思是？,小学教辅常见成语,成语;综合;小升初高频,小学成语培优全书·教辅常见,idiom-l3-0714:meaning_choice,idiom:不可开交,meaning_choice,idiom:不可开交,不可开交,meaning_choice,upper,"{""choices"": [""完全不一样"", ""主动认错、请求责罚"", ""头发散乱"", ""小学教辅常见成语""]}"
idiom,L3,,小学教辅常见成语（四字）,不可理喻,成语;综合;小升初高频,小学成语培优全书·教辅常见,idiom-l3-0715,idiom:不可理喻,recite,idiom:不可理喻,不可理喻,recite,all,
idiom,L3,,下面的写法对不对？,对,成语;综合;小升初高频,小学成语培优全书·教辅常见,idiom-l3-0715:char_judge,idiom:不可理喻,char_judge,idiom:不可理喻,不可理喻,char_judge,lower,"{""display"": ""不可理喻""}"
idiom,L3,,「不可理喻」的意思是？,小学教辅常见成语,成语;综合;小升初高频,小学成语培优全书·教辅常见,idiom-l3-0715:meaning_choice,idiom:不可理喻,meaning_choice,idiom:不可理喻,不可理喻,meaning_choice,upper,"{""choices"": [""小学教辅常见成语"", ""桂花香气飘散"", ""AABB 结构的成语"", ""AABB 结构的成语""]}"
idiom,L3,,小学教辅常见成语（四字）,不同凡响,成语;综合;小升初高频,小学成语培优全书·教辅常见,idiom-l3-0716,idiom:不同凡响,recite,idiom:不同凡响,不同凡响,recite,all,
idiom,L3,,下面的写法对不对？,对,成语;综合;小升初高频,小学成语培优全书·教辅常见,idiom-l3-0716:char_judge,idiom:不同凡响,char_judge,idiom:不同凡响,不同凡响,char_judge,lower,"{""display"": ""不同凡响""}"
idiom,L3,,「不同凡响」的意思是？,小学教辅常见成语,成语;综合;小升初高频,小学成语培优全书·教辅常见,idiom-l3-0716:meaning_choice,idiom:不同凡响,meaning_choice,idiom:不同凡响,不同凡响,meaning_choice,upper,"{""choices"": [""计谋非常高明"", ""见识很短浅"", ""本领很大，像能驾着云雾飞"", ""小学教辅常见成语""]}"
idiom,L3,,小学教辅常见成语（四字）,不堪回首,成语;综合;小升初高频,小学成语培优全书·教辅常见,idiom-l3-0717,idiom:不堪回首,recite,idiom:不堪回首,不堪回首,recite,all,
idiom,L3,,下面的写法对不对？,对,成语;综合;小升初高频,小学成语培优全书·教辅常见,idiom-l3-0717:char_judge,idiom:不堪回首,char_judge,idiom:不堪回首,不堪回首,char_judge,lower,"{""display"": ""不堪回首""}"
idiom,L3,,「不堪回首」的意思是？,小学教辅常见成语,成语;综合;小升初高频,小学成语培优全书·教辅常见,idiom-l3-0717:meaning_choice,idiom:不堪回首,meaning_choice,idiom:不堪回首,不堪回首,meaning_choice,upper,"{""choices"": [""小学教辅常见成语"", ""像烟云一样消失了"", ""出主意、想办法"", ""黄莺唱歌、燕子飞舞""]}"
idiom,L3,,小学教辅常见成语（四字）,不堪设想,成语;综合;小升初高频,小学成语培优全书·教辅常见,idiom-l3-0718,idiom:不堪设想,recite,idiom:不堪设想,不堪设想,recite,all,
idiom,L3,,下面的写法对不对？,对,成语;综合;小升初高频,小学成语培优全书·教辅常见,idiom-l3-0718:char_judge,idiom:不堪设想,char_judge,idiom:不堪设想,不堪设想,char_judge,lower,"{""display"": ""不堪设想""}"
idiom,L3,,「不堪设想」的意思是？,小学教辅常见成语,成语;综合;小升初高频,小学成语培优全书·教辅常见,idiom-l3-0718:meaning_choice,idiom:不堪设想,meaning_choice,idiom:不堪设想,不堪设想,meaning_choice,upper,"{""choices"": [""变化很多"", ""小学教辅常见成语"", ""铺天盖地而来"", ""到处都可以当作家""]}"
idiom,L3,,小学教辅常见成语（四字）,不容置疑,成语;综合;小升初高频,小学成语培优全书·教辅常见,idiom-l3-0719,idiom:不容置疑,recite,idiom:不容置疑,不容置疑,recite,all,
idiom,L3,,下面的写法对不对？,错,成语;综合;小升初高频,小学成语培优全书·教辅常见,idiom-l3-0719:char_judge,idiom:不容置疑,char_judge,idiom:不容置疑,不容置疑,char_judge,lower,"{""display"": ""不容置甲""}"
idiom,L3,,「不容置疑」的意思是？,小学教辅常见成语,成语;综合;小升初高频,小学成语培优全书·教辅常见,idiom-l3-0719:meaning_choice,idiom:不容置疑,meaning_choice,idiom:不容置疑,不容置疑,meaning_choice,upper,"{""choices"": [""人工比自然还精巧"", ""柳树绿、花儿红"", ""小学教辅常见成语"", ""无法想象，很难理解""]}"
idiom,L3,,小学教辅常见成语（四字）,不屈不挠,成语;综合;小升初高频,小学成语培优全书·教辅常见,idiom-l3-0720,idiom:不屈不挠,recite,idiom:不屈不挠,不屈不挠,recite,all,
idiom,L3,,下面的写法对不对？,对,成语;综合;小升初高频,小学成语培优全书·教辅常见,idiom-l3-0720:char_judge,idiom:不屈不挠,char_judge,idiom:不屈不挠,不屈不挠,char_judge,lower,"{""display"": ""不屈不挠""}"
idiom,L3,,「不屈不挠」的意思是？,小学教辅常见成语,成语;综合;小升初高频,小学成语培优全书·教辅常见,idiom-l3-0720:meaning_choice,idiom:不屈不挠,meaning_choice,idiom:不屈不挠,不屈不挠,meaning_choice,upper,"{""choices"": [""有很多话要说"", ""小学教辅常见成语"", ""没有精神"", ""泉水发出叮咚声""]}"
idiom,L3,,小学教辅常见成语（四字）,不慌不忙,成语;综合;小升初高频,小学成语培优全书·教辅常见,idiom-l3-0721,idiom:不慌不忙,recite,idiom:不慌不忙,不慌不忙,recite,all,
idiom,L3,,下面的写法对不对？,错,成语;综合;小升初高频,小学成语培优全书·教辅常见,idiom-l3-0721:char_judge,idiom:不慌不忙,char_judge,idiom:不慌不忙,不慌不忙,char_judge,lower,"{""display"": ""不慌步忙""}"
idiom,L3,,「不慌不忙」的意思是？,小学教辅常见成语,成语;综合;小升初高频,小学成语培优全书·教辅常见,idiom-l3-0721:meaning_choice,idiom:不慌不忙,meaning_choice,idiom:不慌不忙,不慌不忙,meaning_choice,upper,"{""choices"": [""不慌不忙"", ""春天回来了，大地苏醒"", ""小学教辅常见成语"", ""年老体衰、行动不灵便""]}"
idiom,L3,,小学教辅常见成语（四字）,不成体统,成语;综合;小升初高频,小学成语培优全书·教辅常见,idiom-l3-0722,idiom:不成体统,recite,idiom:不成体统,不成体统,recite,all,
idiom,L3,,下面的写法对不对？,对,成语;综合;小升初高频,小学成语培优全书·教辅常见,idiom-l3-0722:char_judge,idiom:不成体统,char_judge,idiom:不成体统,不成体统,char_judge,lower,"{""display"": ""不成体统""}"
idiom,L3,,「不成体统」的意思是？,小学教辅常见成语,成语;综合;小升初高频,小学成语培优全书·教辅常见,idiom-l3-0722:meaning_choice,idiom:不成体统,meaning_choice,idiom:不成体统,不成体统,meaning_choice,upper,"{""choices"": [""到哪儿都能安下心来"", ""战争造成的混乱"", ""小学教辅常见成语"", ""用萤火虫的光夜里读书""]}"
idiom,L3,,小学教辅常见成语（四字）,不打自招,成语;综合;小升初高频,小学成语培优全书·教辅常见,idiom-l3-0723,idiom:不打自招,recite,idiom:不打自招,不打自招,recite,all,
idiom,L3,,下面的写法对不对？,对,成语;综合;小升初高频,小学成语培优全书·教辅常见,idiom-l3-0723:char_judge,idiom:不打自招,char_judge,idiom:不打自招,不打自招,char_judge,lower,"{""display"": ""不打自招""}"
idiom,L3,,「不打自招」的意思是？,小学教辅常见成语,成语;综合;小升初高频,小学成语培优全书·教辅常见,idiom-l3-0723:meaning_choice,idiom:不打自招,meaning_choice,idiom:不打自招,不打自招,meaning_choice,upper,"{""choices"": [""完全不一样"", ""很多人或动物聚在一起"", ""小学教辅常见成语"", ""声势或影响极大""]}"
idiom,L3,,小学教辅常见成语（四字）,不拘小节,成语;综合;小升初高频,小学成语培优全书·教辅常见,idiom-l3-0724,idiom:不拘小节,recite,idiom:不拘小节,不拘小节,recite,all,
idiom,L3,,下面的写法对不对？,对,成语;综合;小升初高频,小学成语培优全书·教辅常见,idiom-l3-0724:char_judge,idiom:不拘小节,char_judge,idiom:不拘小节,不拘小节,char_judge,lower,"{""display"": ""不拘小节""}"
idiom,L3,,「不拘小节」的意思是？,小学教辅常见成语,成语;综合;小升初高频,小学成语培优全书·教辅常见,idiom-l3-0724:meaning_choice,idiom:不拘小节,meaning_choice,idiom:不拘小节,不拘小节,meaning_choice,upper,"{""choices"": [""高兴得自己都受不住"", ""有很多话要说"", ""形象生动得像活的一样"", ""小学教辅常见成语""]}"
idiom,L3,,小学教辅常见成语（四字）,不择手段,成语;综合;小升初高频,小学成语培优全书·教辅常见,idiom-l3-0725,idiom:不择手段,recite,idiom:不择手段,不择手段,recite,all,
idiom,L3,,下面的写法对不对？,错,成语;综合;小升初高频,小学成语培优全书·教辅常见,idiom-l3-0725:char_judge,idiom:不择手段,char_judge,idiom:不择手段,不择手段,char_judge,lower,"{""display"": ""不择手甲""}"
idiom,L3,,「不择手段」的意思是？,小学教辅常见成语,成语;综合;小升初高频,小学成语培优全书·教辅常见,idiom-l3-0725:meaning_choice,idiom:不择手段,meaning_choice,idiom:不择手段,不择手段,meaning_choice,upper,"{""choices"": [""描写场面的成语"", ""描写场面的成语"", ""小学教辅常见成语"", ""微风轻轻吹""]}"
idiom,L3,,小学教辅常见成语（四字）,不期而遇,成语;综合;小升初高频,小学成语培优全书·教辅常见,idiom-l3-0726,idiom:不期而遇,recite,idiom:不期而遇,不期而遇,recite,all,
idiom,L3,,下面的写法对不对？,错,成语;综合;小升初高频,小学成语培优全书·教辅常见,idiom-l3-0726:char_judge,idiom:不期而遇,char_judge,idiom:不期而遇,不期而遇,char_judge,lower,"{""display"": ""不期甲遇""}"
idiom,L3,,「不期而遇」的意思是？,小学教辅常见成语,成语;综合;小升初高频,小学成语培优全书·教辅常见,idiom-l3-0726:meaning_choice,idiom:不期而遇,meaning_choice,idiom:不期而遇,不期而遇,meaning_choice,upper,"{""choices"": [""完全不一样"", ""做多余的事反而坏事"", ""政事顺利，百姓和睦"", ""小学教辅常见成语""]}"
idiom,L3,,小学教辅常见成语（四字）,不欢而散,成语;综合;小升初高频,小学成语培优全书·教辅常见,idiom-l3-0727,idiom:不欢而散,recite,idiom:不欢而散,不欢而散,recite,all,
idiom,L3,,下面的写法对不对？,对,成语;综合;小升初高频,小学成语培优全书·教辅常见,idiom-l3-0727:char_judge,idiom:不欢而散,char_judge,idiom:不欢而散,不欢而散,char_judge,lower,"{""display"": ""不欢而散""}"
idiom,L3,,「不欢而散」的意思是？,小学教辅常见成语,成语;综合;小升初高频,小学成语培优全书·教辅常见,idiom-l3-0727:meaning_choice,idiom:不欢而散,meaning_choice,idiom:不欢而散,不欢而散,meaning_choice,upper,"{""choices"": [""小学教辅常见成语"", ""风景优美"", ""头摇来摇去，得意或入神"", ""一点儿也不马虎""]}"
idiom,L3,,小学教辅常见成语（四字）,不毛之地,成语;综合;小升初高频,小学成语培优全书·教辅常见,idiom-l3-0728,idiom:不毛之地,recite,idiom:不毛之地,不毛之地,recite,all,
idiom,L3,,下面的写法对不对？,对,成语;综合;小升初高频,小学成语培优全书·教辅常见,idiom-l3-0728:char_judge,idiom:不毛之地,char_judge,idiom:不毛之地,不毛之地,char_judge,lower,"{""display"": ""不毛之地""}"
idiom,L3,,「不毛之地」的意思是？,小学教辅常见成语,成语;综合;小升初高频,小学成语培优全书·教辅常见,idiom-l3-0728:meaning_choice,idiom:不毛之地,meaning_choice,idiom:不毛之地,不毛之地,meaning_choice,upper,"{""choices"": [""ABCC 结构的成语"", ""ABCC 结构的成语"", ""ABCC 结构的成语"", ""小学教辅常见成语""]}"
idiom,L3,,小学教辅常见成语（四字）,不求甚解,成语;综合;小升初高频,小学成语培优全书·教辅常见,idiom-l3-0729,idiom:不求甚解,recite,idiom:不求甚解,不求甚解,recite,all,
idiom,L3,,下面的写法对不对？,对,成语;综合;小升初高频,小学成语培优全书·教辅常见,idiom-l3-0729:char_judge,idiom:不求甚解,char_judge,idiom:不求甚解,不求甚解,char_judge,lower,"{""display"": ""不求甚解""}"
idiom,L3,,「不求甚解」的意思是？,小学教辅常见成语,成语;综合;小升初高频,小学成语培优全书·教辅常见,idiom-l3-0729:meaning_choice,idiom:不求甚解,meaning_choice,idiom:不求甚解,不求甚解,meaning_choice,upper,"{""choices"": [""能听见邻家鸡狗的叫声，形容住得近"", ""本领特别大"", ""高兴得自己都受不住"", ""小学教辅常见成语""]}"
idiom,L3,,小学教辅常见成语（四字）,不由自主,成语;综合;小升初高频,小学成语培优全书·教辅常见,idiom-l3-0730,idiom:不由自主,recite,idiom:不由自主,不由自主,recite,all,
idiom,L3,,下面的写法对不对？,对,成语;综合;小升初高频,小学成语培优全书·教辅常见,idiom-l3-0730:char_judge,idiom:不由自主,char_judge,idiom:不由自主,不由自主,char_judge,lower,"{""display"": ""不由自主""}"
idiom,L3,,「不由自主」的意思是？,小学教辅常见成语,成语;综合;小升初高频,小学成语培优全书·教辅常见,idiom-l3-0730:meaning_choice,idiom:不由自主,meaning_choice,idiom:不由自主,不由自主,meaning_choice,upper,"{""choices"": [""名声传到国内外"", ""生活安定，工作愉快"", ""小学教辅常见成语"", ""借别人的威势吓唬人""]}"
idiom,L3,,小学教辅常见成语（四字）,不畏艰险,成语;综合;小升初高频,小学成语培优全书·教辅常见,idiom-l3-0731,idiom:不畏艰险,recite,idiom:不畏艰险,不畏艰险,recite,all,
idiom,L3,,下面的写法对不对？,错,成语;综合;小升初高频,小学成语培优全书·教辅常见,idiom-l3-0731:char_judge,idiom:不畏艰险,char_judge,idiom:不畏艰险,不畏艰险,char_judge,lower,"{""display"": ""步畏艰险""}"
idiom,L3,,「不畏艰险」的意思是？,小学教辅常见成语,成语;综合;小升初高频,小学成语培优全书·教辅常见,idiom-l3-0731:meaning_choice,idiom:不畏艰险,meaning_choice,idiom:不畏艰险,不畏艰险,meaning_choice,upper,"{""choices"": [""小学教辅常见成语"", ""名声传到国内外"", ""描写夏天的成语"", ""有些信、有些不信""]}"
idiom,L3,,小学教辅常见成语（四字）,不痛不痒,成语;综合;小升初高频,小学成语培优全书·教辅常见,idiom-l3-0732,idiom:不痛不痒,recite,idiom:不痛不痒,不痛不痒,recite,all,
idiom,L3,,下面的写法对不对？,错,成语;综合;小升初高频,小学成语培优全书·教辅常见,idiom-l3-0732:char_judge,idiom:不痛不痒,char_judge,idiom:不痛不痒,不痛不痒,char_judge,lower,"{""display"": ""步痛不痒""}"
idiom,L3,,「不痛不痒」的意思是？,小学教辅常见成语,成语;综合;小升初高频,小学成语培优全书·教辅常见,idiom-l3-0732:meaning_choice,idiom:不痛不痒,meaning_choice,idiom:不痛不痒,不痛不痒,meaning_choice,upper,"{""choices"": [""小学教辅常见成语"", ""出自历史故事的成语"", ""出自历史故事的成语"", ""出自历史故事的成语""]}"
idiom,L3,,小学教辅常见成语（四字）,不相上下,成语;综合;小升初高频,小学成语培优全书·教辅常见,idiom-l3-0733,idiom:不相上下,recite,idiom:不相上下,不相上下,recite,all,
idiom,L3,,下面的写法对不对？,错,成语;综合;小升初高频,小学成语培优全书·教辅常见,idiom-l3-0733:char_judge,idiom:不相上下,char_judge,idiom:不相上下,不相上下,char_judge,lower,"{""display"": ""不相上甲""}"
idiom,L3,,「不相上下」的意思是？,小学教辅常见成语,成语;综合;小升初高频,小学成语培优全书·教辅常见,idiom-l3-0733:meaning_choice,idiom:不相上下,meaning_choice,idiom:不相上下,不相上下,meaning_choice,upper,"{""choices"": [""小学教辅常见成语"", ""什么植物都长不出来"", ""一直坚持，不放弃"", ""嘴里很干""]}"
idiom,L3,,小学教辅常见成语（四字）,不省人事,成语;综合;小升初高频,小学成语培优全书·教辅常见,idiom-l3-0734,idiom:不省人事,recite,idiom:不省人事,不省人事,recite,all,
idiom,L3,,下面的写法对不对？,对,成语;综合;小升初高频,小学成语培优全书·教辅常见,idiom-l3-0734:char_judge,idiom:不省人事,char_judge,idiom:不省人事,不省人事,char_judge,lower,"{""display"": ""不省人事""}"
idiom,L3,,「不省人事」的意思是？,小学教辅常见成语,成语;综合;小升初高频,小学成语培优全书·教辅常见,idiom-l3-0734:meaning_choice,idiom:不省人事,meaning_choice,idiom:不省人事,不省人事,meaning_choice,upper,"{""choices"": [""脸上很有光彩、很有精神"", ""小学教辅常见成语"", ""天地非常广阔"", ""经历过很多艰苦""]}"
idiom,L3,,小学教辅常见成语（四字）,不矜不伐,成语;综合;小升初高频,小学成语培优全书·教辅常见,idiom-l3-0735,idiom:不矜不伐,recite,idiom:不矜不伐,不矜不伐,recite,all,
idiom,L3,,下面的写法对不对？,错,成语;综合;小升初高频,小学成语培优全书·教辅常见,idiom-l3-0735:char_judge,idiom:不矜不伐,char_judge,idiom:不矜不伐,不矜不伐,char_judge,lower,"{""display"": ""不矜步伐""}"
idiom,L3,,「不矜不伐」的意思是？,小学教辅常见成语,成语;综合;小升初高频,小学成语培优全书·教辅常见,idiom-l3-0735:meaning_choice,idiom:不矜不伐,meaning_choice,idiom:不矜不伐,不矜不伐,meaning_choice,upper,"{""choices"": [""小声地私下说话"", ""文雅有礼貌"", ""不由得产生敬意"", ""小学教辅常见成语""]}"
idiom,L3,,小学教辅常见成语（四字）,不知不觉,成语;综合;小升初高频,小学成语培优全书·教辅常见,idiom-l3-0736,idiom:不知不觉,recite,idiom:不知不觉,不知不觉,recite,all,
idiom,L3,,下面的写法对不对？,对,成语;综合;小升初高频,小学成语培优全书·教辅常见,idiom-l3-0736:char_judge,idiom:不知不觉,char_judge,idiom:不知不觉,不知不觉,char_judge,lower,"{""display"": ""不知不觉""}"
idiom,L3,,「不知不觉」的意思是？,小学教辅常见成语,成语;综合;小升初高频,小学成语培优全书·教辅常见,idiom-l3-0736:meaning_choice,idiom:不知不觉,meaning_choice,idiom:不知不觉,不知不觉,meaning_choice,upper,"{""choices"": [""人长寿，收成好"", ""见识很短浅"", ""小学教辅常见成语"", ""不想努力，只等现成的""]}"
idiom,L3,,小学教辅常见成语（四字）,不知所措,成语;综合;小升初高频,小学成语培优全书·教辅常见,idiom-l3-0737,idiom:不知所措,recite,idiom:不知所措,不知所措,recite,all,
idiom,L3,,下面的写法对不对？,错,成语;综合;小升初高频,小学成语培优全书·教辅常见,idiom-l3-0737:char_judge,idiom:不知所措,char_judge,idiom:不知所措,不知所措,char_judge,lower,"{""display"": ""不知所甲""}"
idiom,L3,,「不知所措」的意思是？,小学教辅常见成语,成语;综合;小升初高频,小学成语培优全书·教辅常见,idiom-l3-0737:meaning_choice,idiom:不知所措,meaning_choice,idiom:不知所措,不知所措,meaning_choice,upper,"{""choices"": [""小学教辅常见成语"", ""很少说话"", ""仪表端正、很有气派"", ""小声地私下说话""]}"
idiom,L3,,小学教辅常见成语（四字）,不约而同,成语;综合;小升初高频,小学成语培优全书·教辅常见,idiom-l3-0738,idiom:不约而同,recite,idiom:不约而同,不约而同,recite,all,
idiom,L3,,下面的写法对不对？,对,成语;综合;小升初高频,小学成语培优全书·教辅常见,idiom-l3-0738:char_judge,idiom:不约而同,char_judge,idiom:不约而同,不约而同,char_judge,lower,"{""display"": ""不约而同""}"
idiom,L3,,「不约而同」的意思是？,小学教辅常见成语,成语;综合;小升初高频,小学成语培优全书·教辅常见,idiom-l3-0738:meaning_choice,idiom:不约而同,meaning_choice,idiom:不约而同,不约而同,meaning_choice,upper,"{""choices"": [""小学教辅常见成语"", ""为不必担心的事发愁"", ""万物重新生长"", ""在困难时给人帮助""]}"
idiom,L3,,小学教辅常见成语（四字）,不经之谈,成语;综合;小升初高频,小学成语培优全书·教辅常见,idiom-l3-0739,idiom:不经之谈,recite,idiom:不经之谈,不经之谈,recite,all,
idiom,L3,,下面的写法对不对？,错,成语;综合;小升初高频,小学成语培优全书·教辅常见,idiom-l3-0739:char_judge,idiom:不经之谈,char_judge,idiom:不经之谈,不经之谈,char_judge,lower,"{""display"": ""不经甲谈""}"
idiom,L3,,「不经之谈」的意思是？,小学教辅常见成语,成语;综合;小升初高频,小学成语培优全书·教辅常见,idiom-l3-0739:meaning_choice,idiom:不经之谈,meaning_choice,idiom:不经之谈,不经之谈,meaning_choice,upper,"{""choices"": [""抬起头、挺起胸，很有精神"", ""到了山和水的尽头，没有出路"", ""小学教辅常见成语"", ""云雾散开，眼前明亮""]}"
idiom,L3,,小学教辅常见成语（四字）,不绝于耳,成语;综合;小升初高频,小学成语培优全书·教辅常见,idiom-l3-0740,idiom:不绝于耳,recite,idiom:不绝于耳,不绝于耳,recite,all,
idiom,L3,,下面的写法对不对？,对,成语;综合;小升初高频,小学成语培优全书·教辅常见,idiom-l3-0740:char_judge,idiom:不绝于耳,char_judge,idiom:不绝于耳,不绝于耳,char_judge,lower,"{""display"": ""不绝于耳""}"
idiom,L3,,「不绝于耳」的意思是？,小学教辅常见成语,成语;综合;小升初高频,小学成语培优全书·教辅常见,idiom-l3-0740:meaning_choice,idiom:不绝于耳,meaning_choice,idiom:不绝于耳,不绝于耳,meaning_choice,upper,"{""choices"": [""不想努力，只等现成的"", ""小学教辅常见成语"", ""形容艺术水平的成语"", ""形容艺术水平的成语""]}"
idiom,L3,,小学教辅常见成语（四字）,不置可否,成语;综合;小升初高频,小学成语培优全书·教辅常见,idiom-l3-0741,idiom:不置可否,recite,idiom:不置可否,不置可否,recite,all,
idiom,L3,,下面的写法对不对？,错,成语;综合;小升初高频,小学成语培优全书·教辅常见,idiom-l3-0741:char_judge,idiom:不置可否,char_judge,idiom:不置可否,不置可否,char_judge,lower,"{""display"": ""不置甲否""}"
idiom,L3,,「不置可否」的意思是？,小学教辅常见成语,成语;综合;小升初高频,小学成语培优全书·教辅常见,idiom-l3-0741:meaning_choice,idiom:不置可否,meaning_choice,idiom:不置可否,不置可否,meaning_choice,upper,"{""choices"": [""从一片落叶知道秋天到了"", ""一直不停地流"", ""风景优美"", ""小学教辅常见成语""]}"
idiom,L3,,小学教辅常见成语（四字）,不翼而飞,成语;综合;小升初高频,小学成语培优全书·教辅常见,idiom-l3-0742,idiom:不翼而飞,recite,idiom:不翼而飞,不翼而飞,recite,all,
idiom,L3,,下面的写法对不对？,对,成语;综合;小升初高频,小学成语培优全书·教辅常见,idiom-l3-0742:char_judge,idiom:不翼而飞,char_judge,idiom:不翼而飞,不翼而飞,char_judge,lower,"{""display"": ""不翼而飞""}"
idiom,L3,,「不翼而飞」的意思是？,小学教辅常见成语,成语;综合;小升初高频,小学成语培优全书·教辅常见,idiom-l3-0742:meaning_choice,idiom:不翼而飞,meaning_choice,idiom:不翼而飞,不翼而飞,meaning_choice,upper,"{""choices"": [""字写得有气势"", ""小学教辅常见成语"", ""不清楚、弄不明白"", ""头发白了，脸色却像小孩一样红润""]}"
idiom,L3,,小学教辅常见成语（四字）,不胜枚举,成语;综合;小升初高频,小学成语培优全书·教辅常见,idiom-l3-0743,idiom:不胜枚举,recite,idiom:不胜枚举,不胜枚举,recite,all,
idiom,L3,,下面的写法对不对？,错,成语;综合;小升初高频,小学成语培优全书·教辅常见,idiom-l3-0743:char_judge,idiom:不胜枚举,char_judge,idiom:不胜枚举,不胜枚举,char_judge,lower,"{""display"": ""不胜甲举""}"
idiom,L3,,「不胜枚举」的意思是？,小学教辅常见成语,成语;综合;小升初高频,小学成语培优全书·教辅常见,idiom-l3-0743:meaning_choice,idiom:不胜枚举,meaning_choice,idiom:不胜枚举,不胜枚举,meaning_choice,upper,"{""choices"": [""气势很大、规模很大"", ""本领极大，哪儿都能去"", ""凶狠或得意地挥舞"", ""小学教辅常见成语""]}"
idiom,L3,,小学教辅常见成语（四字）,不能自已,成语;综合;小升初高频,小学成语培优全书·教辅常见,idiom-l3-0744,idiom:不能自已,recite,idiom:不能自已,不能自已,recite,all,
idiom,L3,,下面的写法对不对？,错,成语;综合;小升初高频,小学成语培优全书·教辅常见,idiom-l3-0744:char_judge,idiom:不能自已,char_judge,idiom:不能自已,不能自已,char_judge,lower,"{""display"": ""步能自已""}"
idiom,L3,,「不能自已」的意思是？,小学教辅常见成语,成语;综合;小升初高频,小学成语培优全书·教辅常见,idiom-l3-0744:meaning_choice,idiom:不能自已,meaning_choice,idiom:不能自已,不能自已,meaning_choice,upper,"{""choices"": [""知音难遇或乐曲高妙"", ""文章或动作很流畅"", ""桂花香气飘散"", ""小学教辅常见成语""]}"
idiom,L3,,小学教辅常见成语（四字）,不言而喻,成语;综合;小升初高频,小学成语培优全书·教辅常见,idiom-l3-0746,idiom:不言而喻,recite,idiom:不言而喻,不言而喻,recite,all,
idiom,L3,,下面的写法对不对？,对,成语;综合;小升初高频,小学成语培优全书·教辅常见,idiom-l3-0746:char_judge,idiom:不言而喻,char_judge,idiom:不言而喻,不言而喻,char_judge,lower,"{""display"": ""不言而喻""}"
idiom,L3,,「不言而喻」的意思是？,小学教辅常见成语,成语;综合;小升初高频,小学成语培优全书·教辅常见,idiom-l3-0746:meaning_choice,idiom:不言而喻,meaning_choice,idiom:不言而喻,不言而喻,meaning_choice,upper,"{""choices"": [""一会儿看得见一会儿看不见"", ""高兴得眉眼都舒展开"", ""闪电打雷"", ""小学教辅常见成语""]}"
idiom,L3,,小学教辅常见成语（四字）,不计其数,成语;综合;小升初高频,小学成语培优全书·教辅常见,idiom-l3-0747,idiom:不计其数,recite,idiom:不计其数,不计其数,recite,all,
idiom,L3,,下面的写法对不对？,错,成语;综合;小升初高频,小学成语培优全书·教辅常见,idiom-l3-0747:char_judge,idiom:不计其数,char_judge,idiom:不计其数,不计其数,char_judge,lower,"{""display"": ""不计其甲""}"
idiom,L3,,「不计其数」的意思是？,小学教辅常见成语,成语;综合;小升初高频,小学成语培优全书·教辅常见,idiom-l3-0747:meaning_choice,idiom:不计其数,meaning_choice,idiom:不计其数,不计其数,meaning_choice,upper,"{""choices"": [""脸上很有光彩、很有精神"", ""小学教辅常见成语"", ""山塌地裂，声势极大"", ""几句话就说完""]}"
idiom,L3,,小学教辅常见成语（四字）,不识抬举,成语;综合;小升初高频,小学成语培优全书·教辅常见,idiom-l3-0748,idiom:不识抬举,recite,idiom:不识抬举,不识抬举,recite,all,
idiom,L3,,下面的写法对不对？,错,成语;综合;小升初高频,小学成语培优全书·教辅常见,idiom-l3-0748:char_judge,idiom:不识抬举,char_judge,idiom:不识抬举,不识抬举,char_judge,lower,"{""display"": ""步识抬举""}"
idiom,L3,,「不识抬举」的意思是？,小学教辅常见成语,成语;综合;小升初高频,小学成语培优全书·教辅常见,idiom-l3-0748:meaning_choice,idiom:不识抬举,meaning_choice,idiom:不识抬举,不识抬举,meaning_choice,upper,"{""choices"": [""小学教辅常见成语"", ""生活在优裕的环境里"", ""靠近山、靠近水"", ""走路很神气、满不在乎""]}"
idiom,L3,,小学教辅常见成语（四字）,不谋而合,成语;综合;小升初高频,小学成语培优全书·教辅常见,idiom-l3-0749,idiom:不谋而合,recite,idiom:不谋而合,不谋而合,recite,all,
idiom,L3,,下面的写法对不对？,错,成语;综合;小升初高频,小学成语培优全书·教辅常见,idiom-l3-0749:char_judge,idiom:不谋而合,char_judge,idiom:不谋而合,不谋而合,char_judge,lower,"{""display"": ""不甲而合""}"
idiom,L3,,「不谋而合」的意思是？,小学教辅常见成语,成语;综合;小升初高频,小学成语培优全书·教辅常见,idiom-l3-0749:meaning_choice,idiom:不谋而合,meaning_choice,idiom:不谋而合,不谋而合,meaning_choice,upper,"{""choices"": [""很多花一起开"", ""眼睛明亮、牙齿洁白"", ""小学教辅常见成语"", ""本领极大，哪儿都能去""]}"
idiom,L3,,小学教辅常见成语（四字）,不负众望,成语;综合;小升初高频,小学成语培优全书·教辅常见,idiom-l3-0750,idiom:不负众望,recite,idiom:不负众望,不负众望,recite,all,
idiom,L3,,下面的写法对不对？,对,成语;综合;小升初高频,小学成语培优全书·教辅常见,idiom-l3-0750:char_judge,idiom:不负众望,char_judge,idiom:不负众望,不负众望,char_judge,lower,"{""display"": ""不负众望""}"
idiom,L3,,「不负众望」的意思是？,小学教辅常见成语,成语;综合;小升初高频,小学成语培优全书·教辅常见,idiom-l3-0750:meaning_choice,idiom:不负众望,meaning_choice,idiom:不负众望,不负众望,meaning_choice,upper,"{""choices"": [""刚哭完又笑了"", ""小学教辅常见成语"", ""很多鸟一起叫"", ""文雅有礼貌""]}"
idiom,L3,,小学教辅常见成语（四字）,不辱使命,成语;综合;小升初高频,小学成语培优全书·教辅常见,idiom-l3-0751,idiom:不辱使命,recite,idiom:不辱使命,不辱使命,recite,all,
idiom,L3,,下面的写法对不对？,对,成语;综合;小升初高频,小学成语培优全书·教辅常见,idiom-l3-0751:char_judge,idiom:不辱使命,char_judge,idiom:不辱使命,不辱使命,char_judge,lower,"{""display"": ""不辱使命""}"
idiom,L3,,「不辱使命」的意思是？,小学教辅常见成语,成语;综合;小升初高频,小学成语培优全书·教辅常见,idiom-l3-0751:meaning_choice,idiom:不辱使命,meaning_choice,idiom:不辱使命,不辱使命,meaning_choice,upper,"{""choices"": [""急于求成反而把事情弄坏"", ""高兴得眉眼都舒展开"", ""很想马上试一试"", ""小学教辅常见成语""]}"
idiom,L3,,小学教辅常见成语（四字）,不近人情,成语;综合;小升初高频,小学成语培优全书·教辅常见,idiom-l3-0752,idiom:不近人情,recite,idiom:不近人情,不近人情,recite,all,
idiom,L3,,下面的写法对不对？,错,成语;综合;小升初高频,小学成语培优全书·教辅常见,idiom-l3-0752:char_judge,idiom:不近人情,char_judge,idiom:不近人情,不近人情,char_judge,lower,"{""display"": ""不甲人情""}"
idiom,L3,,「不近人情」的意思是？,小学教辅常见成语,成语;综合;小升初高频,小学成语培优全书·教辅常见,idiom-l3-0752:meaning_choice,idiom:不近人情,meaning_choice,idiom:不近人情,不近人情,meaning_choice,upper,"{""choices"": [""描写景物的成语"", ""描写景物的成语"", ""小学教辅常见成语"", ""桂花香气飘散""]}"
idiom,L3,,小学教辅常见成语（四字）,不速之客,成语;综合;小升初高频,小学成语培优全书·教辅常见,idiom-l3-0753,idiom:不速之客,recite,idiom:不速之客,不速之客,recite,all,
idiom,L3,,下面的写法对不对？,错,成语;综合;小升初高频,小学成语培优全书·教辅常见,idiom-l3-0753:char_judge,idiom:不速之客,char_judge,idiom:不速之客,不速之客,char_judge,lower,"{""display"": ""不速之甲""}"
idiom,L3,,「不速之客」的意思是？,小学教辅常见成语,成语;综合;小升初高频,小学成语培优全书·教辅常见,idiom-l3-0753:meaning_choice,idiom:不速之客,meaning_choice,idiom:不速之客,不速之客,meaning_choice,upper,"{""choices"": [""本领特别大"", ""自己的说法或做法互相冲突"", ""小学教辅常见成语"", ""吃东西又猛又急""]}"
idiom,L3,,小学教辅常见成语（四字）,不露声色,成语;综合;小升初高频,小学成语培优全书·教辅常见,idiom-l3-0754,idiom:不露声色,recite,idiom:不露声色,不露声色,recite,all,
idiom,L3,,下面的写法对不对？,对,成语;综合;小升初高频,小学成语培优全书·教辅常见,idiom-l3-0754:char_judge,idiom:不露声色,char_judge,idiom:不露声色,不露声色,char_judge,lower,"{""display"": ""不露声色""}"
idiom,L3,,「不露声色」的意思是？,小学教辅常见成语,成语;综合;小升初高频,小学成语培优全书·教辅常见,idiom-l3-0754:meaning_choice,idiom:不露声色,meaning_choice,idiom:不露声色,不露声色,meaning_choice,upper,"{""choices"": [""小学教辅常见成语"", ""在风里飘动"", ""政事顺利，百姓和睦"", ""云雾散开，眼前明亮""]}"
idiom,L3,,小学教辅常见成语（四字）,不骄不躁,成语;综合;小升初高频,小学成语培优全书·教辅常见,idiom-l3-0755,idiom:不骄不躁,recite,idiom:不骄不躁,不骄不躁,recite,all,
idiom,L3,,下面的写法对不对？,对,成语;综合;小升初高频,小学成语培优全书·教辅常见,idiom-l3-0755:char_judge,idiom:不骄不躁,char_judge,idiom:不骄不躁,不骄不躁,char_judge,lower,"{""display"": ""不骄不躁""}"
idiom,L3,,「不骄不躁」的意思是？,小学教辅常见成语,成语;综合;小升初高频,小学成语培优全书·教辅常见,idiom-l3-0755:meaning_choice,idiom:不骄不躁,meaning_choice,idiom:不骄不躁,不骄不躁,meaning_choice,upper,"{""choices"": [""周围各个方向"", ""本领比别人高一截"", ""小学教辅常见成语"", ""自然界最美的声音""]}"
idiom,L3,,小学教辅常见成语（四字）,与世无争,成语;综合;小升初高频,小学成语培优全书·教辅常见,idiom-l3-0756,idiom:与世无争,recite,idiom:与世无争,与世无争,recite,all,
idiom,L3,,下面的写法对不对？,对,成语;综合;小升初高频,小学成语培优全书·教辅常见,idiom-l3-0756:char_judge,idiom:与世无争,char_judge,idiom:与世无争,与世无争,char_judge,lower,"{""display"": ""与世无争""}"
idiom,L3,,「与世无争」的意思是？,小学教辅常见成语,成语;综合;小升初高频,小学成语培优全书·教辅常见,idiom-l3-0756:meaning_choice,idiom:与世无争,meaning_choice,idiom:与世无争,与世无争,meaning_choice,upper,"{""choices"": [""描写冬天的成语"", ""描写冬天的成语"", ""小学教辅常见成语"", ""全部显露出来，什么也藏不住""]}"
idiom,L3,,小学教辅常见成语（四字）,与日俱增,成语;综合;小升初高频,小学成语培优全书·教辅常见,idiom-l3-0757,idiom:与日俱增,recite,idiom:与日俱增,与日俱增,recite,all,
idiom,L3,,下面的写法对不对？,错,成语;综合;小升初高频,小学成语培优全书·教辅常见,idiom-l3-0757:char_judge,idiom:与日俱增,char_judge,idiom:与日俱增,与日俱增,char_judge,lower,"{""display"": ""与日俱甲""}"
idiom,L3,,「与日俱增」的意思是？,小学教辅常见成语,成语;综合;小升初高频,小学成语培优全书·教辅常见,idiom-l3-0757:meaning_choice,idiom:与日俱增,meaning_choice,idiom:与日俱增,与日俱增,meaning_choice,upper,"{""choices"": [""刚哭完又笑了"", ""小学教辅常见成语"", ""一点儿也不马虎"", ""累得一点力气也没有""]}"
idiom,L3,,小学教辅常见成语（四字）,专心致志,成语;综合;小升初高频,小学成语培优全书·教辅常见,idiom-l3-0758,idiom:专心致志,recite,idiom:专心致志,专心致志,recite,all,
idiom,L3,,下面的写法对不对？,对,成语;综合;小升初高频,小学成语培优全书·教辅常见,idiom-l3-0758:char_judge,idiom:专心致志,char_judge,idiom:专心致志,专心致志,char_judge,lower,"{""display"": ""专心致志""}"
idiom,L3,,「专心致志」的意思是？,小学教辅常见成语,成语;综合;小升初高频,小学成语培优全书·教辅常见,idiom-l3-0758:meaning_choice,idiom:专心致志,meaning_choice,idiom:专心致志,专心致志,meaning_choice,upper,"{""choices"": [""说得很动听讨人喜欢"", ""又刮风又下雨"", ""小学教辅常见成语"", ""看惯了，不觉得奇怪""]}"
idiom,L3,,小学教辅常见成语（四字）,专横跋扈,成语;综合;小升初高频,小学成语培优全书·教辅常见,idiom-l3-0759,idiom:专横跋扈,recite,idiom:专横跋扈,专横跋扈,recite,all,
idiom,L3,,下面的写法对不对？,错,成语;综合;小升初高频,小学成语培优全书·教辅常见,idiom-l3-0759:char_judge,idiom:专横跋扈,char_judge,idiom:专横跋扈,专横跋扈,char_judge,lower,"{""display"": ""专甲跋扈""}"
idiom,L3,,「专横跋扈」的意思是？,小学教辅常见成语,成语;综合;小升初高频,小学成语培优全书·教辅常见,idiom-l3-0759:meaning_choice,idiom:专横跋扈,meaning_choice,idiom:专横跋扈,专横跋扈,meaning_choice,upper,"{""choices"": [""一直坚持，不放弃"", ""描写冬天的成语"", ""描写冬天的成语"", ""小学教辅常见成语""]}"
idiom,L3,,小学教辅常见成语（四字）,世外桃源,成语;综合;小升初高频,小学成语培优全书·教辅常见,idiom-l3-0760,idiom:世外桃源,recite,idiom:世外桃源,世外桃源,recite,all,
idiom,L3,,下面的写法对不对？,对,成语;综合;小升初高频,小学成语培优全书·教辅常见,idiom-l3-0760:char_judge,idiom:世外桃源,char_judge,idiom:世外桃源,世外桃源,char_judge,lower,"{""display"": ""世外桃源""}"
idiom,L3,,「世外桃源」的意思是？,小学教辅常见成语,成语;综合;小升初高频,小学成语培优全书·教辅常见,idiom-l3-0760:meaning_choice,idiom:世外桃源,meaning_choice,idiom:世外桃源,世外桃源,meaning_choice,upper,"{""choices"": [""人长寿，收成好"", ""小学教辅常见成语"", ""全部显露出来，什么也藏不住"", ""实在没有别的办法""]}"
idiom,L3,,小学教辅常见成语（四字）,东奔西走,成语;综合;小升初高频,小学成语培优全书·教辅常见,idiom-l3-0761,idiom:东奔西走,recite,idiom:东奔西走,东奔西走,recite,all,
idiom,L3,,下面的写法对不对？,对,成语;综合;小升初高频,小学成语培优全书·教辅常见,idiom-l3-0761:char_judge,idiom:东奔西走,char_judge,idiom:东奔西走,东奔西走,char_judge,lower,"{""display"": ""东奔西走""}"
idiom,L3,,「东奔西走」的意思是？,小学教辅常见成语,成语;综合;小升初高频,小学成语培优全书·教辅常见,idiom-l3-0761:meaning_choice,idiom:东奔西走,meaning_choice,idiom:东奔西走,东奔西走,meaning_choice,upper,"{""choices"": [""不想努力，只等现成的"", ""小学教辅常见成语"", ""无法想象，很难理解"", ""眼睛手都很快""]}"
idiom,L3,,小学教辅常见成语（四字）,东施效颦,成语;综合;小升初高频,小学成语培优全书·教辅常见,idiom-l3-0763,idiom:东施效颦,recite,idiom:东施效颦,东施效颦,recite,all,
idiom,L3,,下面的写法对不对？,错,成语;综合;小升初高频,小学成语培优全书·教辅常见,idiom-l3-0763:char_judge,idiom:东施效颦,char_judge,idiom:东施效颦,东施效颦,char_judge,lower,"{""display"": ""甲施效颦""}"
idiom,L3,,「东施效颦」的意思是？,小学教辅常见成语,成语;综合;小升初高频,小学成语培优全书·教辅常见,idiom-l3-0763:meaning_choice,idiom:东施效颦,meaning_choice,idiom:东施效颦,东施效颦,meaning_choice,upper,"{""choices"": [""小学教辅常见成语"", ""一直不停地流"", ""含有数字的成语"", ""含有数字的成语""]}"
idiom,L3,,小学教辅常见成语（四字）,两全其美,成语;综合;小升初高频,小学成语培优全书·教辅常见,idiom-l3-0764,idiom:两全其美,recite,idiom:两全其美,两全其美,recite,all,
idiom,L3,,下面的写法对不对？,对,成语;综合;小升初高频,小学成语培优全书·教辅常见,idiom-l3-0764:char_judge,idiom:两全其美,char_judge,idiom:两全其美,两全其美,char_judge,lower,"{""display"": ""两全其美""}"
idiom,L3,,「两全其美」的意思是？,小学教辅常见成语,成语;综合;小升初高频,小学成语培优全书·教辅常见,idiom-l3-0764:meaning_choice,idiom:两全其美,meaning_choice,idiom:两全其美,两全其美,meaning_choice,upper,"{""choices"": [""著名的高山和大河"", ""一下子明白过来"", ""很多花一起开"", ""小学教辅常见成语""]}"
idiom,L3,,小学教辅常见成语（四字）,严于律己,成语;综合;小升初高频,小学成语培优全书·教辅常见,idiom-l3-0765,idiom:严于律己,recite,idiom:严于律己,严于律己,recite,all,
idiom,L3,,下面的写法对不对？,错,成语;综合;小升初高频,小学成语培优全书·教辅常见,idiom-l3-0765:char_judge,idiom:严于律己,char_judge,idiom:严于律己,严于律己,char_judge,lower,"{""display"": ""严甲律己""}"
idiom,L3,,「严于律己」的意思是？,小学教辅常见成语,成语;综合;小升初高频,小学成语培优全书·教辅常见,idiom-l3-0765:meaning_choice,idiom:严于律己,meaning_choice,idiom:严于律己,严于律己,meaning_choice,upper,"{""choices"": [""丢在路上的东西也没人捡走"", ""关键处一点就使整体生动"", ""本领极大，哪儿都能去"", ""小学教辅常见成语""]}"
idiom,L3,,小学教辅常见成语（四字）,丧心病狂,成语;综合;小升初高频,小学成语培优全书·教辅常见,idiom-l3-0766,idiom:丧心病狂,recite,idiom:丧心病狂,丧心病狂,recite,all,
idiom,L3,,下面的写法对不对？,对,成语;综合;小升初高频,小学成语培优全书·教辅常见,idiom-l3-0766:char_judge,idiom:丧心病狂,char_judge,idiom:丧心病狂,丧心病狂,char_judge,lower,"{""display"": ""丧心病狂""}"
idiom,L3,,「丧心病狂」的意思是？,小学教辅常见成语,成语;综合;小升初高频,小学成语培优全书·教辅常见,idiom-l3-0766:meaning_choice,idiom:丧心病狂,meaning_choice,idiom:丧心病狂,丧心病狂,meaning_choice,upper,"{""choices"": [""小学教辅常见成语"", ""想尽办法读书"", ""非常安静"", ""一眼望不到边""]}"
idiom,L3,,小学教辅常见成语（四字）,中流砥柱,成语;综合;小升初高频,小学成语培优全书·教辅常见,idiom-l3-0767,idiom:中流砥柱,recite,idiom:中流砥柱,中流砥柱,recite,all,
idiom,L3,,下面的写法对不对？,错,成语;综合;小升初高频,小学成语培优全书·教辅常见,idiom-l3-0767:char_judge,idiom:中流砥柱,char_judge,idiom:中流砥柱,中流砥柱,char_judge,lower,"{""display"": ""中流甲柱""}"
idiom,L3,,「中流砥柱」的意思是？,小学教辅常见成语,成语;综合;小升初高频,小学成语培优全书·教辅常见,idiom-l3-0767:meaning_choice,idiom:中流砥柱,meaning_choice,idiom:中流砥柱,中流砥柱,meaning_choice,upper,"{""choices"": [""小学教辅常见成语"", ""不加咀嚼地整吞，比喻不求甚解"", ""全部显露出来，什么也藏不住"", ""完全看不见了""]}"
idiom,L3,,小学教辅常见成语（四字）,丰功伟绩,成语;综合;小升初高频,小学成语培优全书·教辅常见,idiom-l3-0768,idiom:丰功伟绩,recite,idiom:丰功伟绩,丰功伟绩,recite,all,
idiom,L3,,下面的写法对不对？,错,成语;综合;小升初高频,小学成语培优全书·教辅常见,idiom-l3-0768:char_judge,idiom:丰功伟绩,char_judge,idiom:丰功伟绩,丰功伟绩,char_judge,lower,"{""display"": ""丰功伟甲""}"
idiom,L3,,「丰功伟绩」的意思是？,小学教辅常见成语,成语;综合;小升初高频,小学成语培优全书·教辅常见,idiom-l3-0768:meaning_choice,idiom:丰功伟绩,meaning_choice,idiom:丰功伟绩,丰功伟绩,meaning_choice,upper,"{""choices"": [""十分担心害怕"", ""小学教辅常见成语"", ""家庭毁了，人也没了"", ""侥幸逃脱的人""]}"
idiom,L3,,小学教辅常见成语（四字）,为国捐躯,成语;综合;小升初高频,小学成语培优全书·教辅常见,idiom-l3-0770,idiom:为国捐躯,recite,idiom:为国捐躯,为国捐躯,recite,all,
idiom,L3,,下面的写法对不对？,对,成语;综合;小升初高频,小学成语培优全书·教辅常见,idiom-l3-0770:char_judge,idiom:为国捐躯,char_judge,idiom:为国捐躯,为国捐躯,char_judge,lower,"{""display"": ""为国捐躯""}"
idiom,L3,,「为国捐躯」的意思是？,小学教辅常见成语,成语;综合;小升初高频,小学成语培优全书·教辅常见,idiom-l3-0770:meaning_choice,idiom:为国捐躯,meaning_choice,idiom:为国捐躯,为国捐躯,meaning_choice,upper,"{""choices"": [""天空高远，云很淡"", ""小学教辅常见成语"", ""云雾散开，眼前明亮"", ""生活在优裕的环境里""]}"
idiom,L3,,小学教辅常见成语（四字）,为民除害,成语;综合;小升初高频,小学成语培优全书·教辅常见,idiom-l3-0771,idiom:为民除害,recite,idiom:为民除害,为民除害,recite,all,
idiom,L3,,下面的写法对不对？,错,成语;综合;小升初高频,小学成语培优全书·教辅常见,idiom-l3-0771:char_judge,idiom:为民除害,char_judge,idiom:为民除害,为民除害,char_judge,lower,"{""display"": ""为民甲害""}"
idiom,L3,,「为民除害」的意思是？,小学教辅常见成语,成语;综合;小升初高频,小学成语培优全书·教辅常见,idiom-l3-0771:meaning_choice,idiom:为民除害,meaning_choice,idiom:为民除害,为民除害,meaning_choice,upper,"{""choices"": [""很得意、很有精神的样子"", ""人民没法生活下去"", ""小学教辅常见成语"", ""头摇来摇去，得意或入神""]}"
idiom,L3,,小学教辅常见成语（四字）,为非作歹,成语;综合;小升初高频,小学成语培优全书·教辅常见,idiom-l3-0772,idiom:为非作歹,recite,idiom:为非作歹,为非作歹,recite,all,
idiom,L3,,下面的写法对不对？,对,成语;综合;小升初高频,小学成语培优全书·教辅常见,idiom-l3-0772:char_judge,idiom:为非作歹,char_judge,idiom:为非作歹,为非作歹,char_judge,lower,"{""display"": ""为非作歹""}"
idiom,L3,,「为非作歹」的意思是？,小学教辅常见成语,成语;综合;小升初高频,小学成语培优全书·教辅常见,idiom-l3-0772:meaning_choice,idiom:为非作歹,meaning_choice,idiom:为非作歹,为非作歹,meaning_choice,upper,"{""choices"": [""小学教辅常见成语"", ""书一直拿在手里，非常爱读"", ""把东西完好无损地归还原主"", ""没有办法可想""]}"
idiom,L3,,小学教辅常见成语（四字）,主次分明,成语;综合;小升初高频,小学成语培优全书·教辅常见,idiom-l3-0773,idiom:主次分明,recite,idiom:主次分明,主次分明,recite,all,
idiom,L3,,下面的写法对不对？,对,成语;综合;小升初高频,小学成语培优全书·教辅常见,idiom-l3-0773:char_judge,idiom:主次分明,char_judge,idiom:主次分明,主次分明,char_judge,lower,"{""display"": ""主次分明""}"
idiom,L3,,「主次分明」的意思是？,小学教辅常见成语,成语;综合;小升初高频,小学成语培优全书·教辅常见,idiom-l3-0773:meaning_choice,idiom:主次分明,meaning_choice,idiom:主次分明,主次分明,meaning_choice,upper,"{""choices"": [""不由得产生敬意"", ""从细小处看出大趋势"", ""很多人或动物聚在一起"", ""小学教辅常见成语""]}"
idiom,L3,,小学教辅常见成语（四字）,举不胜举,成语;综合;小升初高频,小学成语培优全书·教辅常见,idiom-l3-0774,idiom:举不胜举,recite,idiom:举不胜举,举不胜举,recite,all,
idiom,L3,,下面的写法对不对？,错,成语;综合;小升初高频,小学成语培优全书·教辅常见,idiom-l3-0774:char_judge,idiom:举不胜举,char_judge,idiom:举不胜举,举不胜举,char_judge,lower,"{""display"": ""举步胜举""}"
idiom,L3,,「举不胜举」的意思是？,小学教辅常见成语,成语;综合;小升初高频,小学成语培优全书·教辅常见,idiom-l3-0774:meaning_choice,idiom:举不胜举,meaning_choice,idiom:举不胜举,举不胜举,meaning_choice,upper,"{""choices"": [""声音大得耳朵都要聋了"", ""只要肯下功夫就能成功"", ""失去信心，情绪低落"", ""小学教辅常见成语""]}"
idiom,L3,,小学教辅常见成语（四字）,举步维艰,成语;综合;小升初高频,小学成语培优全书·教辅常见,idiom-l3-0775,idiom:举步维艰,recite,idiom:举步维艰,举步维艰,recite,all,
idiom,L3,,下面的写法对不对？,对,成语;综合;小升初高频,小学成语培优全书·教辅常见,idiom-l3-0775:char_judge,idiom:举步维艰,char_judge,idiom:举步维艰,举步维艰,char_judge,lower,"{""display"": ""举步维艰""}"
idiom,L3,,「举步维艰」的意思是？,小学教辅常见成语,成语;综合;小升初高频,小学成语培优全书·教辅常见,idiom-l3-0775:meaning_choice,idiom:举步维艰,meaning_choice,idiom:举步维艰,举步维艰,meaning_choice,upper,"{""choices"": [""小学教辅常见成语"", ""失去信心，情绪低落"", ""文笔非常出色"", ""关键处一点就使整体生动""]}"
idiom,L3,,小学教辅常见成语（四字）,举足轻重,成语;综合;小升初高频,小学成语培优全书·教辅常见,idiom-l3-0776,idiom:举足轻重,recite,idiom:举足轻重,举足轻重,recite,all,
idiom,L3,,下面的写法对不对？,对,成语;综合;小升初高频,小学成语培优全书·教辅常见,idiom-l3-0776:char_judge,idiom:举足轻重,char_judge,idiom:举足轻重,举足轻重,char_judge,lower,"{""display"": ""举足轻重""}"
idiom,L3,,「举足轻重」的意思是？,小学教辅常见成语,成语;综合;小升初高频,小学成语培优全书·教辅常见,idiom-l3-0776:meaning_choice,idiom:举足轻重,meaning_choice,idiom:举足轻重,举足轻重,meaning_choice,upper,"{""choices"": [""几句话就说完"", ""名声和实际相符"", ""没有办法可想"", ""小学教辅常见成语""]}"
idiom,L3,,小学教辅常见成语（四字）,义不容辞,成语;综合;小升初高频,小学成语培优全书·教辅常见,idiom-l3-0777,idiom:义不容辞,recite,idiom:义不容辞,义不容辞,recite,all,
idiom,L3,,下面的写法对不对？,对,成语;综合;小升初高频,小学成语培优全书·教辅常见,idiom-l3-0777:char_judge,idiom:义不容辞,char_judge,idiom:义不容辞,义不容辞,char_judge,lower,"{""display"": ""义不容辞""}"
idiom,L3,,「义不容辞」的意思是？,小学教辅常见成语,成语;综合;小升初高频,小学成语培优全书·教辅常见,idiom-l3-0777:meaning_choice,idiom:义不容辞,meaning_choice,idiom:义不容辞,义不容辞,meaning_choice,upper,"{""choices"": [""微风轻轻吹"", ""自以为了不起的样子"", ""小学教辅常见成语"", ""情况变了还用老办法""]}"
idiom,L3,,小学教辅常见成语（四字）,义无反顾,成语;综合;小升初高频,小学成语培优全书·教辅常见,idiom-l3-0778,idiom:义无反顾,recite,idiom:义无反顾,义无反顾,recite,all,
idiom,L3,,下面的写法对不对？,错,成语;综合;小升初高频,小学成语培优全书·教辅常见,idiom-l3-0778:char_judge,idiom:义无反顾,char_judge,idiom:义无反顾,义无反顾,char_judge,lower,"{""display"": ""义无反甲""}"
idiom,L3,,「义无反顾」的意思是？,小学教辅常见成语,成语;综合;小升初高频,小学成语培优全书·教辅常见,idiom-l3-0778:meaning_choice,idiom:义无反顾,meaning_choice,idiom:义无反顾,义无反顾,meaning_choice,upper,"{""choices"": [""很得意、很有精神的样子"", ""本领很大，像能驾着云雾飞"", ""小学教辅常见成语"", ""自己骗自己""]}"
idiom,L3,,小学教辅常见成语（四字）,乌烟瘴气,成语;综合;小升初高频,小学成语培优全书·教辅常见,idiom-l3-0779,idiom:乌烟瘴气,recite,idiom:乌烟瘴气,乌烟瘴气,recite,all,
idiom,L3,,下面的写法对不对？,错,成语;综合;小升初高频,小学成语培优全书·教辅常见,idiom-l3-0779:char_judge,idiom:乌烟瘴气,char_judge,idiom:乌烟瘴气,乌烟瘴气,char_judge,lower,"{""display"": ""乌甲瘴气""}"
idiom,L3,,「乌烟瘴气」的意思是？,小学教辅常见成语,成语;综合;小升初高频,小学成语培优全书·教辅常见,idiom-l3-0779:meaning_choice,idiom:乌烟瘴气,meaning_choice,idiom:乌烟瘴气,乌烟瘴气,meaning_choice,upper,"{""choices"": [""铺天盖地而来"", ""小学教辅常见成语"", ""靠近山、靠近水"", ""几句话就说完""]}"
idiom,L3,,小学教辅常见成语（四字）,乐于助人,成语;综合;小升初高频,小学成语培优全书·教辅常见,idiom-l3-0780,idiom:乐于助人,recite,idiom:乐于助人,乐于助人,recite,all,
idiom,L3,,下面的写法对不对？,错,成语;综合;小升初高频,小学成语培优全书·教辅常见,idiom-l3-0780:char_judge,idiom:乐于助人,char_judge,idiom:乐于助人,乐于助人,char_judge,lower,"{""display"": ""乐于助入""}"
idiom,L3,,「乐于助人」的意思是？,小学教辅常见成语,成语;综合;小升初高频,小学成语培优全书·教辅常见,idiom-l3-0780:meaning_choice,idiom:乐于助人,meaning_choice,idiom:乐于助人,乐于助人,meaning_choice,upper,"{""choices"": [""到处是冰和雪"", ""与学习有关的成语"", ""与学习有关的成语"", ""小学教辅常见成语""]}"
idiom,L3,,小学教辅常见成语（四字）,乐极生悲,成语;综合;小升初高频,小学成语培优全书·教辅常见,idiom-l3-0781,idiom:乐极生悲,recite,idiom:乐极生悲,乐极生悲,recite,all,
idiom,L3,,下面的写法对不对？,错,成语;综合;小升初高频,小学成语培优全书·教辅常见,idiom-l3-0781:char_judge,idiom:乐极生悲,char_judge,idiom:乐极生悲,乐极生悲,char_judge,lower,"{""display"": ""乐极甲悲""}"
idiom,L3,,「乐极生悲」的意思是？,小学教辅常见成语,成语;综合;小升初高频,小学成语培优全书·教辅常见,idiom-l3-0781:meaning_choice,idiom:乐极生悲,meaning_choice,idiom:乐极生悲,乐极生悲,meaning_choice,upper,"{""choices"": [""人民没法生活下去"", ""有很多话要说"", ""小学教辅常见成语"", ""身材魁梧""]}"
idiom,L3,,小学教辅常见成语（四字）,乔装打扮,成语;综合;小升初高频,小学成语培优全书·教辅常见,idiom-l3-0782,idiom:乔装打扮,recite,idiom:乔装打扮,乔装打扮,recite,all,
idiom,L3,,下面的写法对不对？,错,成语;综合;小升初高频,小学成语培优全书·教辅常见,idiom-l3-0782:char_judge,idiom:乔装打扮,char_judge,idiom:乔装打扮,乔装打扮,char_judge,lower,"{""display"": ""甲装打扮""}"
idiom,L3,,「乔装打扮」的意思是？,小学教辅常见成语,成语;综合;小升初高频,小学成语培优全书·教辅常见,idiom-l3-0782:meaning_choice,idiom:乔装打扮,meaning_choice,idiom:乔装打扮,乔装打扮,meaning_choice,upper,"{""choices"": [""微风轻轻吹"", ""山塌地裂，声势极大"", ""小学教辅常见成语"", ""充满活力""]}"
idiom,L3,,小学教辅常见成语（四字）,乳臭未干,成语;综合;小升初高频,小学成语培优全书·教辅常见,idiom-l3-0783,idiom:乳臭未干,recite,idiom:乳臭未干,乳臭未干,recite,all,
idiom,L3,,下面的写法对不对？,错,成语;综合;小升初高频,小学成语培优全书·教辅常见,idiom-l3-0783:char_judge,idiom:乳臭未干,char_judge,idiom:乳臭未干,乳臭未干,char_judge,lower,"{""display"": ""乳臭未千""}"
idiom,L3,,「乳臭未干」的意思是？,小学教辅常见成语,成语;综合;小升初高频,小学成语培优全书·教辅常见,idiom-l3-0783:meaning_choice,idiom:乳臭未干,meaning_choice,idiom:乳臭未干,乳臭未干,meaning_choice,upper,"{""choices"": [""这边看看那边看看"", ""这边看看那边看看"", ""蔺相如在渑池会上维护赵国尊严"", ""小学教辅常见成语""]}"
idiom,L3,,小学教辅常见成语（四字）,了如指掌,成语;综合;小升初高频,小学成语培优全书·教辅常见,idiom-l3-0784,idiom:了如指掌,recite,idiom:了如指掌,了如指掌,recite,all,
idiom,L3,,下面的写法对不对？,错,成语;综合;小升初高频,小学成语培优全书·教辅常见,idiom-l3-0784:char_judge,idiom:了如指掌,char_judge,idiom:了如指掌,了如指掌,char_judge,lower,"{""display"": ""了甲指掌""}"
idiom,L3,,「了如指掌」的意思是？,小学教辅常见成语,成语;综合;小升初高频,小学成语培优全书·教辅常见,idiom-l3-0784:meaning_choice,idiom:了如指掌,meaning_choice,idiom:了如指掌,了如指掌,meaning_choice,upper,"{""choices"": [""小学教辅常见成语"", ""很多花一起开"", ""这边看看那边看看"", ""这边看看那边看看""]}"
idiom,L3,,小学教辅常见成语（四字）,争先恐后,成语;综合;小升初高频,小学成语培优全书·教辅常见,idiom-l3-0785,idiom:争先恐后,recite,idiom:争先恐后,争先恐后,recite,all,
idiom,L3,,下面的写法对不对？,错,成语;综合;小升初高频,小学成语培优全书·教辅常见,idiom-l3-0785:char_judge,idiom:争先恐后,char_judge,idiom:争先恐后,争先恐后,char_judge,lower,"{""display"": ""争先甲后""}"
idiom,L3,,「争先恐后」的意思是？,小学教辅常见成语,成语;综合;小升初高频,小学成语培优全书·教辅常见,idiom-l3-0785:meaning_choice,idiom:争先恐后,meaning_choice,idiom:争先恐后,争先恐后,meaning_choice,upper,"{""choices"": [""小学教辅常见成语"", ""心里早有了主意"", ""正宗高雅的音乐"", ""一直不停地流""]}"
idiom,L3,,小学教辅常见成语（四字）,事不宜迟,成语;综合;小升初高频,小学成语培优全书·教辅常见,idiom-l3-0787,idiom:事不宜迟,recite,idiom:事不宜迟,事不宜迟,recite,all,
idiom,L3,,下面的写法对不对？,错,成语;综合;小升初高频,小学成语培优全书·教辅常见,idiom-l3-0787:char_judge,idiom:事不宜迟,char_judge,idiom:事不宜迟,事不宜迟,char_judge,lower,"{""display"": ""甲不宜迟""}"
idiom,L3,,「事不宜迟」的意思是？,小学教辅常见成语,成语;综合;小升初高频,小学成语培优全书·教辅常见,idiom-l3-0787:meaning_choice,idiom:事不宜迟,meaning_choice,idiom:事不宜迟,事不宜迟,meaning_choice,upper,"{""choices"": [""精简机构、减少人员"", ""样子很庄重认真"", ""仪表端正、很有气派"", ""小学教辅常见成语""]}"
idiom,L3,,小学教辅常见成语（四字）,事与愿违,成语;综合;小升初高频,小学成语培优全书·教辅常见,idiom-l3-0788,idiom:事与愿违,recite,idiom:事与愿违,事与愿违,recite,all,
idiom,L3,,下面的写法对不对？,对,成语;综合;小升初高频,小学成语培优全书·教辅常见,idiom-l3-0788:char_judge,idiom:事与愿违,char_judge,idiom:事与愿违,事与愿违,char_judge,lower,"{""display"": ""事与愿违""}"
idiom,L3,,「事与愿违」的意思是？,小学教辅常见成语,成语;综合;小升初高频,小学成语培优全书·教辅常见,idiom-l3-0788:meaning_choice,idiom:事与愿违,meaning_choice,idiom:事与愿违,事与愿违,meaning_choice,upper,"{""choices"": [""失去信心，情绪低落"", ""乐音很久还在回响"", ""不加咀嚼地整吞，比喻不求甚解"", ""小学教辅常见成语""]}"
idiom,L3,,小学教辅常见成语（四字）,事倍功半,成语;综合;小升初高频,小学成语培优全书·教辅常见,idiom-l3-0789,idiom:事倍功半,recite,idiom:事倍功半,事倍功半,recite,all,
idiom,L3,,下面的写法对不对？,错,成语;综合;小升初高频,小学成语培优全书·教辅常见,idiom-l3-0789:char_judge,idiom:事倍功半,char_judge,idiom:事倍功半,事倍功半,char_judge,lower,"{""display"": ""事甲功半""}"
idiom,L3,,「事倍功半」的意思是？,小学教辅常见成语,成语;综合;小升初高频,小学成语培优全书·教辅常见,idiom-l3-0789:meaning_choice,idiom:事倍功半,meaning_choice,idiom:事倍功半,事倍功半,meaning_choice,upper,"{""choices"": [""从细小处看出大趋势"", ""身体粉碎，也指不惜牺牲"", ""嘴里很干"", ""小学教辅常见成语""]}"
idiom,L3,,小学教辅常见成语（四字）,事半功倍,成语;综合;小升初高频,小学成语培优全书·教辅常见,idiom-l3-0790,idiom:事半功倍,recite,idiom:事半功倍,事半功倍,recite,all,
idiom,L3,,下面的写法对不对？,对,成语;综合;小升初高频,小学成语培优全书·教辅常见,idiom-l3-0790:char_judge,idiom:事半功倍,char_judge,idiom:事半功倍,事半功倍,char_judge,lower,"{""display"": ""事半功倍""}"
idiom,L3,,「事半功倍」的意思是？,小学教辅常见成语,成语;综合;小升初高频,小学成语培优全书·教辅常见,idiom-l3-0790:meaning_choice,idiom:事半功倍,meaning_choice,idiom:事半功倍,事半功倍,meaning_choice,upper,"{""choices"": [""小学教辅常见成语"", ""出自寓言故事的成语"", ""出自寓言故事的成语"", ""出自寓言故事的成语""]}"
idiom,L3,,小学教辅常见成语（四字）,事在人为,成语;综合;小升初高频,小学成语培优全书·教辅常见,idiom-l3-0791,idiom:事在人为,recite,idiom:事在人为,事在人为,recite,all,
idiom,L3,,下面的写法对不对？,错,成语;综合;小升初高频,小学成语培优全书·教辅常见,idiom-l3-0791:char_judge,idiom:事在人为,char_judge,idiom:事在人为,事在人为,char_judge,lower,"{""display"": ""甲在人为""}"
idiom,L3,,「事在人为」的意思是？,小学教辅常见成语,成语;综合;小升初高频,小学成语培优全书·教辅常见,idiom-l3-0791:meaning_choice,idiom:事在人为,meaning_choice,idiom:事在人为,事在人为,meaning_choice,upper,"{""choices"": [""从细小处看出大趋势"", ""坏主意很多"", ""小学教辅常见成语"", ""知音难遇或乐曲高妙""]}"
idiom,L3,,小学教辅常见成语（四字）,互帮互助,成语;综合;小升初高频,小学成语培优全书·教辅常见,idiom-l3-0792,idiom:互帮互助,recite,idiom:互帮互助,互帮互助,recite,all,
idiom,L3,,下面的写法对不对？,对,成语;综合;小升初高频,小学成语培优全书·教辅常见,idiom-l3-0792:char_judge,idiom:互帮互助,char_judge,idiom:互帮互助,互帮互助,char_judge,lower,"{""display"": ""互帮互助""}"
idiom,L3,,「互帮互助」的意思是？,小学教辅常见成语,成语;综合;小升初高频,小学成语培优全书·教辅常见,idiom-l3-0792:meaning_choice,idiom:互帮互助,meaning_choice,idiom:互帮互助,互帮互助,meaning_choice,upper,"{""choices"": [""走路很神气、满不在乎"", ""很少的几句话"", ""小学教辅常见成语"", ""得意得忘了自己是谁""]}"
idiom,L3,,小学教辅常见成语（四字）,井然有序,成语;综合;小升初高频,小学成语培优全书·教辅常见,idiom-l3-0793,idiom:井然有序,recite,idiom:井然有序,井然有序,recite,all,
idiom,L3,,下面的写法对不对？,错,成语;综合;小升初高频,小学成语培优全书·教辅常见,idiom-l3-0793:char_judge,idiom:井然有序,char_judge,idiom:井然有序,井然有序,char_judge,lower,"{""display"": ""甲然有序""}"
idiom,L3,,「井然有序」的意思是？,小学教辅常见成语,成语;综合;小升初高频,小学成语培优全书·教辅常见,idiom-l3-0793:meaning_choice,idiom:井然有序,meaning_choice,idiom:井然有序,井然有序,meaning_choice,upper,"{""choices"": [""关键处一点就使整体生动"", ""想出和别人不一样的办法"", ""小学教辅常见成语"", ""文章或动作很流畅""]}"
idiom,L3,,小学教辅常见成语（四字）,交头接耳,成语;综合;小升初高频,小学成语培优全书·教辅常见,idiom-l3-0794,idiom:交头接耳,recite,idiom:交头接耳,交头接耳,recite,all,
idiom,L3,,下面的写法对不对？,错,成语;综合;小升初高频,小学成语培优全书·教辅常见,idiom-l3-0794:char_judge,idiom:交头接耳,char_judge,idiom:交头接耳,交头接耳,char_judge,lower,"{""display"": ""甲头接耳""}"
idiom,L3,,「交头接耳」的意思是？,小学教辅常见成语,成语;综合;小升初高频,小学成语培优全书·教辅常见,idiom-l3-0794:meaning_choice,idiom:交头接耳,meaning_choice,idiom:交头接耳,交头接耳,meaning_choice,upper,"{""choices"": [""气势使人敬畏"", ""好上加好"", ""小学教辅常见成语"", ""充满活力""]}"
idiom,L3,,小学教辅常见成语（四字）,亲切和蔼,成语;综合;小升初高频,小学成语培优全书·教辅常见,idiom-l3-0795,idiom:亲切和蔼,recite,idiom:亲切和蔼,亲切和蔼,recite,all,
idiom,L3,,下面的写法对不对？,错,成语;综合;小升初高频,小学成语培优全书·教辅常见,idiom-l3-0795:char_judge,idiom:亲切和蔼,char_judge,idiom:亲切和蔼,亲切和蔼,char_judge,lower,"{""display"": ""亲切甲蔼""}"
idiom,L3,,「亲切和蔼」的意思是？,小学教辅常见成语,成语;综合;小升初高频,小学成语培优全书·教辅常见,idiom-l3-0795:meaning_choice,idiom:亲切和蔼,meaning_choice,idiom:亲切和蔼,亲切和蔼,meaning_choice,upper,"{""choices"": [""只要肯下功夫就能成功"", ""精神力气都用尽了"", ""小学教辅常见成语"", ""树林层层翠绿""]}"
idiom,L3,,小学教辅常见成语（四字）,亲如手足,成语;综合;小升初高频,小学成语培优全书·教辅常见,idiom-l3-0796,idiom:亲如手足,recite,idiom:亲如手足,亲如手足,recite,all,
idiom,L3,,下面的写法对不对？,错,成语;综合;小升初高频,小学成语培优全书·教辅常见,idiom-l3-0796:char_judge,idiom:亲如手足,char_judge,idiom:亲如手足,亲如手足,char_judge,lower,"{""display"": ""甲如手足""}"
idiom,L3,,「亲如手足」的意思是？,小学教辅常见成语,成语;综合;小升初高频,小学成语培优全书·教辅常见,idiom-l3-0796:meaning_choice,idiom:亲如手足,meaning_choice,idiom:亲如手足,亲如手足,meaning_choice,upper,"{""choices"": [""字写得有气势"", ""小学教辅常见成语"", ""春天回来了，大地苏醒"", ""冰和雪化了""]}"
idiom,L3,,小学教辅常见成语（四字）,亲密无间,成语;综合;小升初高频,小学成语培优全书·教辅常见,idiom-l3-0797,idiom:亲密无间,recite,idiom:亲密无间,亲密无间,recite,all,
idiom,L3,,下面的写法对不对？,对,成语;综合;小升初高频,小学成语培优全书·教辅常见,idiom-l3-0797:char_judge,idiom:亲密无间,char_judge,idiom:亲密无间,亲密无间,char_judge,lower,"{""display"": ""亲密无间""}"
idiom,L3,,「亲密无间」的意思是？,小学教辅常见成语,成语;综合;小升初高频,小学成语培优全书·教辅常见,idiom-l3-0797:meaning_choice,idiom:亲密无间,meaning_choice,idiom:亲密无间,亲密无间,meaning_choice,upper,"{""choices"": [""知音难遇或乐曲高妙"", ""急得不能再等"", ""小学教辅常见成语"", ""吃东西又猛又急""]}"
idiom,L3,,小学教辅常见成语（四字）,人声嘈杂,成语;综合;小升初高频,小学成语培优全书·教辅常见,idiom-l3-0798,idiom:人声嘈杂,recite,idiom:人声嘈杂,人声嘈杂,recite,all,
idiom,L3,,下面的写法对不对？,对,成语;综合;小升初高频,小学成语培优全书·教辅常见,idiom-l3-0798:char_judge,idiom:人声嘈杂,char_judge,idiom:人声嘈杂,人声嘈杂,char_judge,lower,"{""display"": ""人声嘈杂""}"
idiom,L3,,「人声嘈杂」的意思是？,小学教辅常见成语,成语;综合;小升初高频,小学成语培优全书·教辅常见,idiom-l3-0798:meaning_choice,idiom:人声嘈杂,meaning_choice,idiom:人声嘈杂,人声嘈杂,meaning_choice,upper,"{""choices"": [""天空一片晴朗"", ""到了山和水的尽头，没有出路"", ""云雾散开，眼前明亮"", ""小学教辅常见成语""]}"
idiom,L3,,小学教辅常见成语（四字）,人定胜天,成语;综合;小升初高频,小学成语培优全书·教辅常见,idiom-l3-0800,idiom:人定胜天,recite,idiom:人定胜天,人定胜天,recite,all,
idiom,L3,,下面的写法对不对？,错,成语;综合;小升初高频,小学成语培优全书·教辅常见,idiom-l3-0800:char_judge,idiom:人定胜天,char_judge,idiom:人定胜天,人定胜天,char_judge,lower,"{""display"": ""人定胜夭""}"
idiom,L3,,「人定胜天」的意思是？,小学教辅常见成语,成语;综合;小升初高频,小学成语培优全书·教辅常见,idiom-l3-0800:meaning_choice,idiom:人定胜天,meaning_choice,idiom:人定胜天,人定胜天,meaning_choice,upper,"{""choices"": [""气魄很大的话"", ""为不必担心的事发愁"", ""泉水发出叮咚声"", ""小学教辅常见成语""]}"
idiom,L3,,小学教辅常见成语（四字）,人尽其才,成语;综合;小升初高频,小学成语培优全书·教辅常见,idiom-l3-0801,idiom:人尽其才,recite,idiom:人尽其才,人尽其才,recite,all,
idiom,L3,,下面的写法对不对？,对,成语;综合;小升初高频,小学成语培优全书·教辅常见,idiom-l3-0801:char_judge,idiom:人尽其才,char_judge,idiom:人尽其才,人尽其才,char_judge,lower,"{""display"": ""人尽其才""}"
idiom,L3,,「人尽其才」的意思是？,小学教辅常见成语,成语;综合;小升初高频,小学成语培优全书·教辅常见,idiom-l3-0801:meaning_choice,idiom:人尽其才,meaning_choice,idiom:人尽其才,人尽其才,meaning_choice,upper,"{""choices"": [""智谋很多"", ""凶狠或得意地挥舞"", ""侥幸逃脱的人"", ""小学教辅常见成语""]}"
idiom,L3,,小学教辅常见成语（四字）,人来人往,成语;综合;小升初高频,小学成语培优全书·教辅常见,idiom-l3-0802,idiom:人来人往,recite,idiom:人来人往,人来人往,recite,all,
idiom,L3,,下面的写法对不对？,错,成语;综合;小升初高频,小学成语培优全书·教辅常见,idiom-l3-0802:char_judge,idiom:人来人往,char_judge,idiom:人来人往,人来人往,char_judge,lower,"{""display"": ""人甲人往""}"
idiom,L3,,「人来人往」的意思是？,小学教辅常见成语,成语;综合;小升初高频,小学成语培优全书·教辅常见,idiom-l3-0802:meaning_choice,idiom:人来人往,meaning_choice,idiom:人来人往,人来人往,meaning_choice,upper,"{""choices"": [""与时间有关的成语"", ""与时间有关的成语"", ""与时间有关的成语"", ""小学教辅常见成语""]}"
idiom,L3,,小学教辅常见成语（四字）,仁至义尽,成语;综合;小升初高频,小学成语培优全书·教辅常见,idiom-l3-0803,idiom:仁至义尽,recite,idiom:仁至义尽,仁至义尽,recite,all,
idiom,L3,,下面的写法对不对？,错,成语;综合;小升初高频,小学成语培优全书·教辅常见,idiom-l3-0803:char_judge,idiom:仁至义尽,char_judge,idiom:仁至义尽,仁至义尽,char_judge,lower,"{""display"": ""甲至义尽""}"
idiom,L3,,「仁至义尽」的意思是？,小学教辅常见成语,成语;综合;小升初高频,小学成语培优全书·教辅常见,idiom-l3-0803:meaning_choice,idiom:仁至义尽,meaning_choice,idiom:仁至义尽,仁至义尽,meaning_choice,upper,"{""choices"": [""全国各地，四面八方"", ""一眼望不到边"", ""小学教辅常见成语"", ""气势使人敬畏""]}"
idiom,L3,,小学教辅常见成语（四字）,从天而降,成语;综合;小升初高频,小学成语培优全书·教辅常见,idiom-l3-0804,idiom:从天而降,recite,idiom:从天而降,从天而降,recite,all,
idiom,L3,,下面的写法对不对？,错,成语;综合;小升初高频,小学成语培优全书·教辅常见,idiom-l3-0804:char_judge,idiom:从天而降,char_judge,idiom:从天而降,从天而降,char_judge,lower,"{""display"": ""从天甲降""}"
idiom,L3,,「从天而降」的意思是？,小学教辅常见成语,成语;综合;小升初高频,小学成语培优全书·教辅常见,idiom-l3-0804:meaning_choice,idiom:从天而降,meaning_choice,idiom:从天而降,从天而降,meaning_choice,upper,"{""choices"": [""小学教辅常见成语"", ""家庭毁了，人也没了"", ""高兴得自己都受不住"", ""脸色温和愉快""]}"
idiom,L3,,小学教辅常见成语（四字）,仓皇失措,成语;综合;小升初高频,小学成语培优全书·教辅常见,idiom-l3-0806,idiom:仓皇失措,recite,idiom:仓皇失措,仓皇失措,recite,all,
idiom,L3,,下面的写法对不对？,对,成语;综合;小升初高频,小学成语培优全书·教辅常见,idiom-l3-0806:char_judge,idiom:仓皇失措,char_judge,idiom:仓皇失措,仓皇失措,char_judge,lower,"{""display"": ""仓皇失措""}"
idiom,L3,,「仓皇失措」的意思是？,小学教辅常见成语,成语;综合;小升初高频,小学成语培优全书·教辅常见,idiom-l3-0806:meaning_choice,idiom:仓皇失措,meaning_choice,idiom:仓皇失措,仓皇失措,meaning_choice,upper,"{""choices"": [""急于求成反而把事情弄坏"", ""头发散乱"", ""闪电打雷"", ""小学教辅常见成语""]}"
idiom,L3,,小学教辅常见成语（四字）,仗义执言,成语;综合;小升初高频,小学成语培优全书·教辅常见,idiom-l3-0807,idiom:仗义执言,recite,idiom:仗义执言,仗义执言,recite,all,
idiom,L3,,下面的写法对不对？,对,成语;综合;小升初高频,小学成语培优全书·教辅常见,idiom-l3-0807:char_judge,idiom:仗义执言,char_judge,idiom:仗义执言,仗义执言,char_judge,lower,"{""display"": ""仗义执言""}"
idiom,L3,,「仗义执言」的意思是？,小学教辅常见成语,成语;综合;小升初高频,小学成语培优全书·教辅常见,idiom-l3-0807:meaning_choice,idiom:仗义执言,meaning_choice,idiom:仗义执言,仗义执言,meaning_choice,upper,"{""choices"": [""精简机构、减少人员"", ""脸色温和愉快"", ""头发白了，脸色却像小孩一样红润"", ""小学教辅常见成语""]}"
idiom,L3,,小学教辅常见成语（四字）,以假乱真,成语;综合;小升初高频,小学成语培优全书·教辅常见,idiom-l3-0808,idiom:以假乱真,recite,idiom:以假乱真,以假乱真,recite,all,
idiom,L3,,下面的写法对不对？,对,成语;综合;小升初高频,小学成语培优全书·教辅常见,idiom-l3-0808:char_judge,idiom:以假乱真,char_judge,idiom:以假乱真,以假乱真,char_judge,lower,"{""display"": ""以假乱真""}"
idiom,L3,,「以假乱真」的意思是？,小学教辅常见成语,成语;综合;小升初高频,小学成语培优全书·教辅常见,idiom-l3-0808:meaning_choice,idiom:以假乱真,meaning_choice,idiom:以假乱真,以假乱真,meaning_choice,upper,"{""choices"": [""雪片又大又密"", ""弄错了对象或事实"", ""人长寿，收成好"", ""小学教辅常见成语""]}"
idiom,L3,,小学教辅常见成语（四字）,以卵击石,成语;综合;小升初高频,小学成语培优全书·教辅常见,idiom-l3-0809,idiom:以卵击石,recite,idiom:以卵击石,以卵击石,recite,all,
idiom,L3,,下面的写法对不对？,对,成语;综合;小升初高频,小学成语培优全书·教辅常见,idiom-l3-0809:char_judge,idiom:以卵击石,char_judge,idiom:以卵击石,以卵击石,char_judge,lower,"{""display"": ""以卵击石""}"
idiom,L3,,「以卵击石」的意思是？,小学教辅常见成语,成语;综合;小升初高频,小学成语培优全书·教辅常见,idiom-l3-0809:meaning_choice,idiom:以卵击石,meaning_choice,idiom:以卵击石,以卵击石,meaning_choice,upper,"{""choices"": [""描写外貌的成语"", ""好上加好"", ""小学教辅常见成语"", ""从细小处看出大趋势""]}"
idiom,L3,,小学教辅常见成语（四字）,以毒攻毒,成语;综合;小升初高频,小学成语培优全书·教辅常见,idiom-l3-0810,idiom:以毒攻毒,recite,idiom:以毒攻毒,以毒攻毒,recite,all,
idiom,L3,,下面的写法对不对？,对,成语;综合;小升初高频,小学成语培优全书·教辅常见,idiom-l3-0810:char_judge,idiom:以毒攻毒,char_judge,idiom:以毒攻毒,以毒攻毒,char_judge,lower,"{""display"": ""以毒攻毒""}"
idiom,L3,,「以毒攻毒」的意思是？,小学教辅常见成语,成语;综合;小升初高频,小学成语培优全书·教辅常见,idiom-l3-0810:meaning_choice,idiom:以毒攻毒,meaning_choice,idiom:以毒攻毒,以毒攻毒,meaning_choice,upper,"{""choices"": [""小学教辅常见成语"", ""到处都可以当作家"", ""做事非常顺手"", ""有很多话要说""]}"
idiom,L3,,小学教辅常见成语（四字）,以身作则,成语;综合;小升初高频,小学成语培优全书·教辅常见,idiom-l3-0811,idiom:以身作则,recite,idiom:以身作则,以身作则,recite,all,
idiom,L3,,下面的写法对不对？,对,成语;综合;小升初高频,小学成语培优全书·教辅常见,idiom-l3-0811:char_judge,idiom:以身作则,char_judge,idiom:以身作则,以身作则,char_judge,lower,"{""display"": ""以身作则""}"
idiom,L3,,「以身作则」的意思是？,小学教辅常见成语,成语;综合;小升初高频,小学成语培优全书·教辅常见,idiom-l3-0811:meaning_choice,idiom:以身作则,meaning_choice,idiom:以身作则,以身作则,meaning_choice,upper,"{""choices"": [""吃或听得非常有兴趣"", ""很多人或动物聚在一起"", ""经历过很多艰苦"", ""小学教辅常见成语""]}"
idiom,L3,,小学教辅常见成语（四字）,以逸待劳,成语;综合;小升初高频,小学成语培优全书·教辅常见,idiom-l3-0812,idiom:以逸待劳,recite,idiom:以逸待劳,以逸待劳,recite,all,
idiom,L3,,下面的写法对不对？,对,成语;综合;小升初高频,小学成语培优全书·教辅常见,idiom-l3-0812:char_judge,idiom:以逸待劳,char_judge,idiom:以逸待劳,以逸待劳,char_judge,lower,"{""display"": ""以逸待劳""}"
idiom,L3,,「以逸待劳」的意思是？,小学教辅常见成语,成语;综合;小升初高频,小学成语培优全书·教辅常见,idiom-l3-0812:meaning_choice,idiom:以逸待劳,meaning_choice,idiom:以逸待劳,以逸待劳,meaning_choice,upper,"{""choices"": [""人工比自然还精巧"", ""小学教辅常见成语"", ""头发白了，脸色却像小孩一样红润"", ""本领特别大""]}"
idiom,L3,,小学教辅常见成语（四字）,任劳任怨,成语;综合;小升初高频,小学成语培优全书·教辅常见,idiom-l3-0813,idiom:任劳任怨,recite,idiom:任劳任怨,任劳任怨,recite,all,
idiom,L3,,下面的写法对不对？,对,成语;综合;小升初高频,小学成语培优全书·教辅常见,idiom-l3-0813:char_judge,idiom:任劳任怨,char_judge,idiom:任劳任怨,任劳任怨,char_judge,lower,"{""display"": ""任劳任怨""}"
idiom,L3,,「任劳任怨」的意思是？,小学教辅常见成语,成语;综合;小升初高频,小学成语培优全书·教辅常见,idiom-l3-0813:meaning_choice,idiom:任劳任怨,meaning_choice,idiom:任劳任怨,任劳任怨,meaning_choice,upper,"{""choices"": [""脸和耳朵都红了"", ""到处都可以当作家"", ""精神完全集中"", ""小学教辅常见成语""]}"
idiom,L3,,小学教辅常见成语（四字）,任重道远,成语;综合;小升初高频,小学成语培优全书·教辅常见,idiom-l3-0814,idiom:任重道远,recite,idiom:任重道远,任重道远,recite,all,
idiom,L3,,下面的写法对不对？,错,成语;综合;小升初高频,小学成语培优全书·教辅常见,idiom-l3-0814:char_judge,idiom:任重道远,char_judge,idiom:任重道远,任重道远,char_judge,lower,"{""display"": ""甲重道远""}"
idiom,L3,,「任重道远」的意思是？,小学教辅常见成语,成语;综合;小升初高频,小学成语培优全书·教辅常见,idiom-l3-0814:meaning_choice,idiom:任重道远,meaning_choice,idiom:任重道远,任重道远,meaning_choice,upper,"{""choices"": [""没有风浪，也指局势安定"", ""小学教辅常见成语"", ""事情还没发生就知道"", ""声势或影响极大""]}"
idiom,L3,,小学教辅常见成语（四字）,休戚相关,成语;综合;小升初高频,小学成语培优全书·教辅常见,idiom-l3-0815,idiom:休戚相关,recite,idiom:休戚相关,休戚相关,recite,all,
idiom,L3,,下面的写法对不对？,错,成语;综合;小升初高频,小学成语培优全书·教辅常见,idiom-l3-0815:char_judge,idiom:休戚相关,char_judge,idiom:休戚相关,休戚相关,char_judge,lower,"{""display"": ""休戚相甲""}"
idiom,L3,,「休戚相关」的意思是？,小学教辅常见成语,成语;综合;小升初高频,小学成语培优全书·教辅常见,idiom-l3-0815:meaning_choice,idiom:休戚相关,meaning_choice,idiom:休戚相关,休戚相关,meaning_choice,upper,"{""choices"": [""高兴得自己都受不住"", ""小学教辅常见成语"", ""著名的高山和大河"", ""高兴得快要发狂""]}"
idiom,L3,,小学教辅常见成语（四字）,众叛亲离,成语;综合;小升初高频,小学成语培优全书·教辅常见,idiom-l3-0816,idiom:众叛亲离,recite,idiom:众叛亲离,众叛亲离,recite,all,
idiom,L3,,下面的写法对不对？,错,成语;综合;小升初高频,小学成语培优全书·教辅常见,idiom-l3-0816:char_judge,idiom:众叛亲离,char_judge,idiom:众叛亲离,众叛亲离,char_judge,lower,"{""display"": ""众叛甲离""}"
idiom,L3,,「众叛亲离」的意思是？,小学教辅常见成语,成语;综合;小升初高频,小学成语培优全书·教辅常见,idiom-l3-0816:meaning_choice,idiom:众叛亲离,meaning_choice,idiom:众叛亲离,众叛亲离,meaning_choice,upper,"{""choices"": [""小学教辅常见成语"", ""描写秋天的成语"", ""描写秋天的成语"", ""色彩又多又好看""]}"
idiom,L3,,小学教辅常见成语（四字）,众志成城,成语;综合;小升初高频,小学成语培优全书·教辅常见,idiom-l3-0817,idiom:众志成城,recite,idiom:众志成城,众志成城,recite,all,
idiom,L3,,下面的写法对不对？,错,成语;综合;小升初高频,小学成语培优全书·教辅常见,idiom-l3-0817:char_judge,idiom:众志成城,char_judge,idiom:众志成城,众志成城,char_judge,lower,"{""display"": ""甲志成城""}"
idiom,L3,,「众志成城」的意思是？,小学教辅常见成语,成语;综合;小升初高频,小学成语培优全书·教辅常见,idiom-l3-0817:meaning_choice,idiom:众志成城,meaning_choice,idiom:众志成城,众志成城,meaning_choice,upper,"{""choices"": [""小学教辅常见成语"", ""在困难时给人帮助"", ""没有精神"", ""完全不一样""]}"
idiom,L3,,小学教辅常见成语（四字）,众望所归,成语;综合;小升初高频,小学成语培优全书·教辅常见,idiom-l3-0818,idiom:众望所归,recite,idiom:众望所归,众望所归,recite,all,
idiom,L3,,下面的写法对不对？,错,成语;综合;小升初高频,小学成语培优全书·教辅常见,idiom-l3-0818:char_judge,idiom:众望所归,char_judge,idiom:众望所归,众望所归,char_judge,lower,"{""display"": ""众望所甲""}"
idiom,L3,,「众望所归」的意思是？,小学教辅常见成语,成语;综合;小升初高频,小学成语培优全书·教辅常见,idiom-l3-0818:meaning_choice,idiom:众望所归,meaning_choice,idiom:众望所归,众望所归,meaning_choice,upper,"{""choices"": [""非常安静"", ""眼睛手都很快"", ""小学教辅常见成语"", ""头发白了，脸色却像小孩一样红润""]}"
idiom,L3,,小学教辅常见成语（四字）,众矢之的,成语;综合;小升初高频,小学成语培优全书·教辅常见,idiom-l3-0819,idiom:众矢之的,recite,idiom:众矢之的,众矢之的,recite,all,
idiom,L3,,下面的写法对不对？,对,成语;综合;小升初高频,小学成语培优全书·教辅常见,idiom-l3-0819:char_judge,idiom:众矢之的,char_judge,idiom:众矢之的,众矢之的,char_judge,lower,"{""display"": ""众矢之的""}"
idiom,L3,,「众矢之的」的意思是？,小学教辅常见成语,成语;综合;小升初高频,小学成语培优全书·教辅常见,idiom-l3-0819:meaning_choice,idiom:众矢之的,meaning_choice,idiom:众矢之的,众矢之的,meaning_choice,upper,"{""choices"": [""全部显露出来，什么也藏不住"", ""脸和耳朵都红了"", ""美丽得没有谁能比"", ""小学教辅常见成语""]}"
idiom,L3,,小学教辅常见成语（四字）,众说纷纭,成语;综合;小升初高频,小学成语培优全书·教辅常见,idiom-l3-0820,idiom:众说纷纭,recite,idiom:众说纷纭,众说纷纭,recite,all,
idiom,L3,,下面的写法对不对？,对,成语;综合;小升初高频,小学成语培优全书·教辅常见,idiom-l3-0820:char_judge,idiom:众说纷纭,char_judge,idiom:众说纷纭,众说纷纭,char_judge,lower,"{""display"": ""众说纷纭""}"
idiom,L3,,「众说纷纭」的意思是？,小学教辅常见成语,成语;综合;小升初高频,小学成语培优全书·教辅常见,idiom-l3-0820:meaning_choice,idiom:众说纷纭,meaning_choice,idiom:众说纷纭,众说纷纭,meaning_choice,upper,"{""choices"": [""小学教辅常见成语"", ""到处是冰和雪"", ""高兴得眉眼都舒展开"", ""精神力气都用尽了""]}"
idiom,L3,,小学教辅常见成语（四字）,优柔寡断,成语;综合;小升初高频,小学成语培优全书·教辅常见,idiom-l3-0821,idiom:优柔寡断,recite,idiom:优柔寡断,优柔寡断,recite,all,
idiom,L3,,下面的写法对不对？,对,成语;综合;小升初高频,小学成语培优全书·教辅常见,idiom-l3-0821:char_judge,idiom:优柔寡断,char_judge,idiom:优柔寡断,优柔寡断,char_judge,lower,"{""display"": ""优柔寡断""}"
idiom,L3,,「优柔寡断」的意思是？,小学教辅常见成语,成语;综合;小升初高频,小学成语培优全书·教辅常见,idiom-l3-0821:meaning_choice,idiom:优柔寡断,meaning_choice,idiom:优柔寡断,优柔寡断,meaning_choice,upper,"{""choices"": [""做事慌张没有条理"", ""出了问题赶紧补救还来得及"", ""头发白了，脸色却像小孩一样红润"", ""小学教辅常见成语""]}"
idiom,L3,,小学教辅常见成语（四字）,伤天害理,成语;综合;小升初高频,小学成语培优全书·教辅常见,idiom-l3-0822,idiom:伤天害理,recite,idiom:伤天害理,伤天害理,recite,all,
idiom,L3,,下面的写法对不对？,错,成语;综合;小升初高频,小学成语培优全书·教辅常见,idiom-l3-0822:char_judge,idiom:伤天害理,char_judge,idiom:伤天害理,伤天害理,char_judge,lower,"{""display"": ""甲天害理""}"
idiom,L3,,「伤天害理」的意思是？,小学教辅常见成语,成语;综合;小升初高频,小学成语培优全书·教辅常见,idiom-l3-0822:meaning_choice,idiom:伤天害理,meaning_choice,idiom:伤天害理,伤天害理,meaning_choice,upper,"{""choices"": [""非常安静"", ""著名的高山和大河"", ""小学教辅常见成语"", ""树林层层变色""]}"
idiom,L3,,小学教辅常见成语（四字）,作威作福,成语;综合;小升初高频,小学成语培优全书·教辅常见,idiom-l3-0823,idiom:作威作福,recite,idiom:作威作福,作威作福,recite,all,
idiom,L3,,下面的写法对不对？,对,成语;综合;小升初高频,小学成语培优全书·教辅常见,idiom-l3-0823:char_judge,idiom:作威作福,char_judge,idiom:作威作福,作威作福,char_judge,lower,"{""display"": ""作威作福""}"
idiom,L3,,「作威作福」的意思是？,小学教辅常见成语,成语;综合;小升初高频,小学成语培优全书·教辅常见,idiom-l3-0823:meaning_choice,idiom:作威作福,meaning_choice,idiom:作威作福,作威作福,meaning_choice,upper,"{""choices"": [""着急或高兴得又抓耳朵又挠腮"", ""凶狠或得意地挥舞"", ""小学教辅常见成语"", ""书法笔势奔放""]}"
idiom,L3,,小学教辅常见成语（四字）,作茧自缚,成语;综合;小升初高频,小学成语培优全书·教辅常见,idiom-l3-0824,idiom:作茧自缚,recite,idiom:作茧自缚,作茧自缚,recite,all,
idiom,L3,,下面的写法对不对？,错,成语;综合;小升初高频,小学成语培优全书·教辅常见,idiom-l3-0824:char_judge,idiom:作茧自缚,char_judge,idiom:作茧自缚,作茧自缚,char_judge,lower,"{""display"": ""做茧自缚""}"
idiom,L3,,「作茧自缚」的意思是？,小学教辅常见成语,成语;综合;小升初高频,小学成语培优全书·教辅常见,idiom-l3-0824:meaning_choice,idiom:作茧自缚,meaning_choice,idiom:作茧自缚,作茧自缚,meaning_choice,upper,"{""choices"": [""小学教辅常见成语"", ""描写场面的成语"", ""描写场面的成语"", ""到了山和水的尽头，没有出路""]}"
idiom,L3,,小学教辅常见成语（四字）,你追我赶,成语;综合;小升初高频,小学成语培优全书·教辅常见,idiom-l3-0825,idiom:你追我赶,recite,idiom:你追我赶,你追我赶,recite,all,
idiom,L3,,下面的写法对不对？,错,成语;综合;小升初高频,小学成语培优全书·教辅常见,idiom-l3-0825:char_judge,idiom:你追我赶,char_judge,idiom:你追我赶,你追我赶,char_judge,lower,"{""display"": ""你甲我赶""}"
idiom,L3,,「你追我赶」的意思是？,小学教辅常见成语,成语;综合;小升初高频,小学成语培优全书·教辅常见,idiom-l3-0825:meaning_choice,idiom:你追我赶,meaning_choice,idiom:你追我赶,你追我赶,meaning_choice,upper,"{""choices"": [""死得有意义、有价值"", ""心里早有了主意"", ""桂花香气飘散"", ""小学教辅常见成语""]}"
idiom,L3,,小学教辅常见成语（四字）,供不应求,成语;综合;小升初高频,小学成语培优全书·教辅常见,idiom-l3-0826,idiom:供不应求,recite,idiom:供不应求,供不应求,recite,all,
idiom,L3,,下面的写法对不对？,错,成语;综合;小升初高频,小学成语培优全书·教辅常见,idiom-l3-0826:char_judge,idiom:供不应求,char_judge,idiom:供不应求,供不应求,char_judge,lower,"{""display"": ""供不应甲""}"
idiom,L3,,「供不应求」的意思是？,小学教辅常见成语,成语;综合;小升初高频,小学成语培优全书·教辅常见,idiom-l3-0826:meaning_choice,idiom:供不应求,meaning_choice,idiom:供不应求,供不应求,meaning_choice,upper,"{""choices"": [""小学教辅常见成语"", ""弄错了对象或事实"", ""精简机构、减少人员"", ""人长寿，收成好""]}"
idiom,L3,,小学教辅常见成语（四字）,依然如故,成语;综合;小升初高频,小学成语培优全书·教辅常见,idiom-l3-0827,idiom:依然如故,recite,idiom:依然如故,依然如故,recite,all,
idiom,L3,,下面的写法对不对？,错,成语;综合;小升初高频,小学成语培优全书·教辅常见,idiom-l3-0827:char_judge,idiom:依然如故,char_judge,idiom:依然如故,依然如故,char_judge,lower,"{""display"": ""依然如甲""}"
idiom,L3,,「依然如故」的意思是？,小学教辅常见成语,成语;综合;小升初高频,小学成语培优全书·教辅常见,idiom-l3-0827:meaning_choice,idiom:依然如故,meaning_choice,idiom:依然如故,依然如故,meaning_choice,upper,"{""choices"": [""气势很大、规模很大"", ""头发散乱"", ""小学教辅常见成语"", ""精神力气都用尽了""]}"
idiom,L3,,小学教辅常见成语（四字）,促膝谈心,成语;综合;小升初高频,小学成语培优全书·教辅常见,idiom-l3-0828,idiom:促膝谈心,recite,idiom:促膝谈心,促膝谈心,recite,all,
idiom,L3,,下面的写法对不对？,错,成语;综合;小升初高频,小学成语培优全书·教辅常见,idiom-l3-0828:char_judge,idiom:促膝谈心,char_judge,idiom:促膝谈心,促膝谈心,char_judge,lower,"{""display"": ""甲膝谈心""}"
idiom,L3,,「促膝谈心」的意思是？,小学教辅常见成语,成语;综合;小升初高频,小学成语培优全书·教辅常见,idiom-l3-0828:meaning_choice,idiom:促膝谈心,meaning_choice,idiom:促膝谈心,促膝谈心,meaning_choice,upper,"{""choices"": [""完全不一样"", ""身材魁梧"", ""小学教辅常见成语"", ""看惯了，不觉得奇怪""]}"
idiom,L3,,小学教辅常见成语（四字）,保家卫国,成语;综合;小升初高频,小学成语培优全书·教辅常见,idiom-l3-0829,idiom:保家卫国,recite,idiom:保家卫国,保家卫国,recite,all,
idiom,L3,,下面的写法对不对？,对,成语;综合;小升初高频,小学成语培优全书·教辅常见,idiom-l3-0829:char_judge,idiom:保家卫国,char_judge,idiom:保家卫国,保家卫国,char_judge,lower,"{""display"": ""保家卫国""}"
idiom,L3,,「保家卫国」的意思是？,小学教辅常见成语,成语;综合;小升初高频,小学成语培优全书·教辅常见,idiom-l3-0829:meaning_choice,idiom:保家卫国,meaning_choice,idiom:保家卫国,保家卫国,meaning_choice,upper,"{""choices"": [""树林层层变色"", ""轻快地唱、柔美地舞"", ""情绪非常激动"", ""小学教辅常见成语""]}"
idiom,L3,,小学教辅常见成语（四字）,俯首帖耳,成语;综合;小升初高频,小学成语培优全书·教辅常见,idiom-l3-0830,idiom:俯首帖耳,recite,idiom:俯首帖耳,俯首帖耳,recite,all,
idiom,L3,,下面的写法对不对？,错,成语;综合;小升初高频,小学成语培优全书·教辅常见,idiom-l3-0830:char_judge,idiom:俯首帖耳,char_judge,idiom:俯首帖耳,俯首帖耳,char_judge,lower,"{""display"": ""甲首帖耳""}"
idiom,L3,,「俯首帖耳」的意思是？,小学教辅常见成语,成语;综合;小升初高频,小学成语培优全书·教辅常见,idiom-l3-0830:meaning_choice,idiom:俯首帖耳,meaning_choice,idiom:俯首帖耳,俯首帖耳,meaning_choice,upper,"{""choices"": [""小学教辅常见成语"", ""心里着急、烦躁"", ""自以为了不起的样子"", ""变化很多""]}"
idiom,L3,,小学教辅常见成语（四字）,倒行逆施,成语;综合;小升初高频,小学成语培优全书·教辅常见,idiom-l3-0831,idiom:倒行逆施,recite,idiom:倒行逆施,倒行逆施,recite,all,
idiom,L3,,下面的写法对不对？,错,成语;综合;小升初高频,小学成语培优全书·教辅常见,idiom-l3-0831:char_judge,idiom:倒行逆施,char_judge,idiom:倒行逆施,倒行逆施,char_judge,lower,"{""display"": ""倒行逆甲""}"
idiom,L3,,「倒行逆施」的意思是？,小学教辅常见成语,成语;综合;小升初高频,小学成语培优全书·教辅常见,idiom-l3-0831:meaning_choice,idiom:倒行逆施,meaning_choice,idiom:倒行逆施,倒行逆施,meaning_choice,upper,"{""choices"": [""一切都换成了新气象"", ""铺天盖地而来"", ""小学教辅常见成语"", ""天地非常广阔""]}"
idiom,L3,,小学教辅常见成语（四字）,倚老卖老,成语;综合;小升初高频,小学成语培优全书·教辅常见,idiom-l3-0832,idiom:倚老卖老,recite,idiom:倚老卖老,倚老卖老,recite,all,
idiom,L3,,下面的写法对不对？,对,成语;综合;小升初高频,小学成语培优全书·教辅常见,idiom-l3-0832:char_judge,idiom:倚老卖老,char_judge,idiom:倚老卖老,倚老卖老,char_judge,lower,"{""display"": ""倚老卖老""}"
idiom,L3,,「倚老卖老」的意思是？,小学教辅常见成语,成语;综合;小升初高频,小学成语培优全书·教辅常见,idiom-l3-0832:meaning_choice,idiom:倚老卖老,meaning_choice,idiom:倚老卖老,倚老卖老,meaning_choice,upper,"{""choices"": [""小学教辅常见成语"", ""失去信心，情绪低落"", ""AABB 结构的成语"", ""AABB 结构的成语""]}"
idiom,L3,,小学教辅常见成语（四字）,借刀杀人,成语;综合;小升初高频,小学成语培优全书·教辅常见,idiom-l3-0833,idiom:借刀杀人,recite,idiom:借刀杀人,借刀杀人,recite,all,
idiom,L3,,下面的写法对不对？,对,成语;综合;小升初高频,小学成语培优全书·教辅常见,idiom-l3-0833:char_judge,idiom:借刀杀人,char_judge,idiom:借刀杀人,借刀杀人,char_judge,lower,"{""display"": ""借刀杀人""}"
idiom,L3,,「借刀杀人」的意思是？,小学教辅常见成语,成语;综合;小升初高频,小学成语培优全书·教辅常见,idiom-l3-0833:meaning_choice,idiom:借刀杀人,meaning_choice,idiom:借刀杀人,借刀杀人,meaning_choice,upper,"{""choices"": [""含有数字的成语"", ""含有数字的成语"", ""含有数字的成语"", ""小学教辅常见成语""]}"
idiom,L3,,小学教辅常见成语（四字）,倾家荡产,成语;综合;小升初高频,小学成语培优全书·教辅常见,idiom-l3-0834,idiom:倾家荡产,recite,idiom:倾家荡产,倾家荡产,recite,all,
idiom,L3,,下面的写法对不对？,对,成语;综合;小升初高频,小学成语培优全书·教辅常见,idiom-l3-0834:char_judge,idiom:倾家荡产,char_judge,idiom:倾家荡产,倾家荡产,char_judge,lower,"{""display"": ""倾家荡产""}"
idiom,L3,,「倾家荡产」的意思是？,小学教辅常见成语,成语;综合;小升初高频,小学成语培优全书·教辅常见,idiom-l3-0834:meaning_choice,idiom:倾家荡产,meaning_choice,idiom:倾家荡产,倾家荡产,meaning_choice,upper,"{""choices"": [""ABCC 结构的成语"", ""ABCC 结构的成语"", ""ABCC 结构的成语"", ""小学教辅常见成语""]}"
idiom,L3,,小学教辅常见成语（四字）,偃旗息鼓,成语;综合;小升初高频,小学成语培优全书·教辅常见,idiom-l3-0835,idiom:偃旗息鼓,recite,idiom:偃旗息鼓,偃旗息鼓,recite,all,
idiom,L3,,下面的写法对不对？,对,成语;综合;小升初高频,小学成语培优全书·教辅常见,idiom-l3-0835:char_judge,idiom:偃旗息鼓,char_judge,idiom:偃旗息鼓,偃旗息鼓,char_judge,lower,"{""display"": ""偃旗息鼓""}"
idiom,L3,,「偃旗息鼓」的意思是？,小学教辅常见成语,成语;综合;小升初高频,小学成语培优全书·教辅常见,idiom-l3-0835:meaning_choice,idiom:偃旗息鼓,meaning_choice,idiom:偃旗息鼓,偃旗息鼓,meaning_choice,upper,"{""choices"": [""做事非常顺手"", ""高兴得快要发狂"", ""天空一片晴朗"", ""小学教辅常见成语""]}"
idiom,L3,,小学教辅常见成语（四字）,健步如飞,成语;综合;小升初高频,小学成语培优全书·教辅常见,idiom-l3-0836,idiom:健步如飞,recite,idiom:健步如飞,健步如飞,recite,all,
idiom,L3,,下面的写法对不对？,错,成语;综合;小升初高频,小学成语培优全书·教辅常见,idiom-l3-0836:char_judge,idiom:健步如飞,char_judge,idiom:健步如飞,健步如飞,char_judge,lower,"{""display"": ""健步甲飞""}"
idiom,L3,,「健步如飞」的意思是？,小学教辅常见成语,成语;综合;小升初高频,小学成语培优全书·教辅常见,idiom-l3-0836:meaning_choice,idiom:健步如飞,meaning_choice,idiom:健步如飞,健步如飞,meaning_choice,upper,"{""choices"": [""小学教辅常见成语"", ""事故很多的时期"", ""乐音很久还在回响"", ""仪表端正、很有气派""]}"
idiom,L3,,小学教辅常见成语（四字）,偷天换日,成语;综合;小升初高频,小学成语培优全书·教辅常见,idiom-l3-0837,idiom:偷天换日,recite,idiom:偷天换日,偷天换日,recite,all,
idiom,L3,,下面的写法对不对？,错,成语;综合;小升初高频,小学成语培优全书·教辅常见,idiom-l3-0837:char_judge,idiom:偷天换日,char_judge,idiom:偷天换日,偷天换日,char_judge,lower,"{""display"": ""偷天换甲""}"
idiom,L3,,「偷天换日」的意思是？,小学教辅常见成语,成语;综合;小升初高频,小学成语培优全书·教辅常见,idiom-l3-0837:meaning_choice,idiom:偷天换日,meaning_choice,idiom:偷天换日,偷天换日,meaning_choice,upper,"{""choices"": [""树林层层翠绿"", ""特别容易被人看见"", ""小学教辅常见成语"", ""自己骗自己""]}"
idiom,L3,,小学教辅常见成语（四字）,充耳不闻,成语;综合;小升初高频,小学成语培优全书·教辅常见,idiom-l3-0838,idiom:充耳不闻,recite,idiom:充耳不闻,充耳不闻,recite,all,
idiom,L3,,下面的写法对不对？,错,成语;综合;小升初高频,小学成语培优全书·教辅常见,idiom-l3-0838:char_judge,idiom:充耳不闻,char_judge,idiom:充耳不闻,充耳不闻,char_judge,lower,"{""display"": ""充耳步闻""}"
idiom,L3,,「充耳不闻」的意思是？,小学教辅常见成语,成语;综合;小升初高频,小学成语培优全书·教辅常见,idiom-l3-0838:meaning_choice,idiom:充耳不闻,meaning_choice,idiom:充耳不闻,充耳不闻,meaning_choice,upper,"{""choices"": [""风景优美"", ""没有真本事却混在里面"", ""一会儿看得见一会儿看不见"", ""小学教辅常见成语""]}"
idiom,L3,,小学教辅常见成语（四字）,先人后己,成语;综合;小升初高频,小学成语培优全书·教辅常见,idiom-l3-0839,idiom:先人后己,recite,idiom:先人后己,先人后己,recite,all,
idiom,L3,,下面的写法对不对？,错,成语;综合;小升初高频,小学成语培优全书·教辅常见,idiom-l3-0839:char_judge,idiom:先人后己,char_judge,idiom:先人后己,先人后己,char_judge,lower,"{""display"": ""先人甲己""}"
idiom,L3,,「先人后己」的意思是？,小学教辅常见成语,成语;综合;小升初高频,小学成语培优全书·教辅常见,idiom-l3-0839:meaning_choice,idiom:先人后己,meaning_choice,idiom:先人后己,先人后己,meaning_choice,upper,"{""choices"": [""从一片落叶知道秋天到了"", ""一眼望不到边"", ""文章或动作很流畅"", ""小学教辅常见成语""]}"
idiom,L3,,小学教辅常见成语（四字）,先入为主,成语;综合;小升初高频,小学成语培优全书·教辅常见,idiom-l3-0840,idiom:先入为主,recite,idiom:先入为主,先入为主,recite,all,
idiom,L3,,下面的写法对不对？,对,成语;综合;小升初高频,小学成语培优全书·教辅常见,idiom-l3-0840:char_judge,idiom:先入为主,char_judge,idiom:先入为主,先入为主,char_judge,lower,"{""display"": ""先入为主""}"
idiom,L3,,「先入为主」的意思是？,小学教辅常见成语,成语;综合;小升初高频,小学成语培优全书·教辅常见,idiom-l3-0840:meaning_choice,idiom:先入为主,meaning_choice,idiom:先入为主,先入为主,meaning_choice,upper,"{""choices"": [""小学教辅常见成语"", ""情绪非常激动"", ""铺天盖地而来"", ""办法很多，本领很大""]}"
idiom,L3,,小学教辅常见成语（四字）,先发制人,成语;综合;小升初高频,小学成语培优全书·教辅常见,idiom-l3-0841,idiom:先发制人,recite,idiom:先发制人,先发制人,recite,all,
idiom,L3,,下面的写法对不对？,错,成语;综合;小升初高频,小学成语培优全书·教辅常见,idiom-l3-0841:char_judge,idiom:先发制人,char_judge,idiom:先发制人,先发制人,char_judge,lower,"{""display"": ""甲发制人""}"
idiom,L3,,「先发制人」的意思是？,小学教辅常见成语,成语;综合;小升初高频,小学成语培优全书·教辅常见,idiom-l3-0841:meaning_choice,idiom:先发制人,meaning_choice,idiom:先发制人,先发制人,meaning_choice,upper,"{""choices"": [""生活安定，工作愉快"", ""借别人的威势吓唬人"", ""不加咀嚼地整吞，比喻不求甚解"", ""小学教辅常见成语""]}"
idiom,L3,,小学教辅常见成语（四字）,先斩后奏,成语;综合;小升初高频,小学成语培优全书·教辅常见,idiom-l3-0842,idiom:先斩后奏,recite,idiom:先斩后奏,先斩后奏,recite,all,
idiom,L3,,下面的写法对不对？,错,成语;综合;小升初高频,小学成语培优全书·教辅常见,idiom-l3-0842:char_judge,idiom:先斩后奏,char_judge,idiom:先斩后奏,先斩后奏,char_judge,lower,"{""display"": ""甲斩后奏""}"
idiom,L3,,「先斩后奏」的意思是？,小学教辅常见成语,成语;综合;小升初高频,小学成语培优全书·教辅常见,idiom-l3-0842:meaning_choice,idiom:先斩后奏,meaning_choice,idiom:先斩后奏,先斩后奏,meaning_choice,upper,"{""choices"": [""小学教辅常见成语"", ""心里早有了主意"", ""秋天天气清爽"", ""计谋非常高明""]}"
idiom,L3,,小学教辅常见成语（四字）,先见之明,成语;综合;小升初高频,小学成语培优全书·教辅常见,idiom-l3-0843,idiom:先见之明,recite,idiom:先见之明,先见之明,recite,all,
idiom,L3,,下面的写法对不对？,错,成语;综合;小升初高频,小学成语培优全书·教辅常见,idiom-l3-0843:char_judge,idiom:先见之明,char_judge,idiom:先见之明,先见之明,char_judge,lower,"{""display"": ""先见甲明""}"
idiom,L3,,「先见之明」的意思是？,小学教辅常见成语,成语;综合;小升初高频,小学成语培优全书·教辅常见,idiom-l3-0843:meaning_choice,idiom:先见之明,meaning_choice,idiom:先见之明,先见之明,meaning_choice,upper,"{""choices"": [""不加咀嚼地整吞，比喻不求甚解"", ""山塌地裂，声势极大"", ""小学教辅常见成语"", ""身材修长美丽""]}"
idiom,L3,,小学教辅常见成语（四字）,光彩夺目,成语;综合;小升初高频,小学成语培优全书·教辅常见,idiom-l3-0844,idiom:光彩夺目,recite,idiom:光彩夺目,光彩夺目,recite,all,
idiom,L3,,下面的写法对不对？,对,成语;综合;小升初高频,小学成语培优全书·教辅常见,idiom-l3-0844:char_judge,idiom:光彩夺目,char_judge,idiom:光彩夺目,光彩夺目,char_judge,lower,"{""display"": ""光彩夺目""}"
idiom,L3,,「光彩夺目」的意思是？,小学教辅常见成语,成语;综合;小升初高频,小学成语培优全书·教辅常见,idiom-l3-0844:meaning_choice,idiom:光彩夺目,meaning_choice,idiom:光彩夺目,光彩夺目,meaning_choice,upper,"{""choices"": [""小学教辅常见成语"", ""靠近山、靠近水"", ""样子各不相同"", ""AABB 结构的成语""]}"
idiom,L3,,小学教辅常见成语（四字）,光明正大,成语;综合;小升初高频,小学成语培优全书·教辅常见,idiom-l3-0845,idiom:光明正大,recite,idiom:光明正大,光明正大,recite,all,
idiom,L3,,下面的写法对不对？,错,成语;综合;小升初高频,小学成语培优全书·教辅常见,idiom-l3-0845:char_judge,idiom:光明正大,char_judge,idiom:光明正大,光明正大,char_judge,lower,"{""display"": ""光明甲大""}"
idiom,L3,,「光明正大」的意思是？,小学教辅常见成语,成语;综合;小升初高频,小学成语培优全书·教辅常见,idiom-l3-0845:meaning_choice,idiom:光明正大,meaning_choice,idiom:光明正大,光明正大,meaning_choice,upper,"{""choices"": [""不清楚、弄不明白"", ""小学教辅常见成语"", ""非常安静"", ""高兴得快要发狂""]}"
idiom,L3,,小学教辅常见成语（四字）,光明磊落,成语;综合;小升初高频,小学成语培优全书·教辅常见,idiom-l3-0846,idiom:光明磊落,recite,idiom:光明磊落,光明磊落,recite,all,
idiom,L3,,下面的写法对不对？,对,成语;综合;小升初高频,小学成语培优全书·教辅常见,idiom-l3-0846:char_judge,idiom:光明磊落,char_judge,idiom:光明磊落,光明磊落,char_judge,lower,"{""display"": ""光明磊落""}"
idiom,L3,,「光明磊落」的意思是？,小学教辅常见成语,成语;综合;小升初高频,小学成语培优全书·教辅常见,idiom-l3-0846:meaning_choice,idiom:光明磊落,meaning_choice,idiom:光明磊落,光明磊落,meaning_choice,upper,"{""choices"": [""色彩繁多"", ""小学教辅常见成语"", ""样子各不相同"", ""小声地私下说话""]}"
idiom,L3,,小学教辅常见成语（四字）,全军覆没,成语;综合;小升初高频,小学成语培优全书·教辅常见,idiom-l3-0847,idiom:全军覆没,recite,idiom:全军覆没,全军覆没,recite,all,
idiom,L3,,下面的写法对不对？,对,成语;综合;小升初高频,小学成语培优全书·教辅常见,idiom-l3-0847:char_judge,idiom:全军覆没,char_judge,idiom:全军覆没,全军覆没,char_judge,lower,"{""display"": ""全军覆没""}"
idiom,L3,,「全军覆没」的意思是？,小学教辅常见成语,成语;综合;小升初高频,小学成语培优全书·教辅常见,idiom-l3-0847:meaning_choice,idiom:全军覆没,meaning_choice,idiom:全军覆没,全军覆没,meaning_choice,upper,"{""choices"": [""AABC 结构的成语"", ""AABC 结构的成语"", ""AABC 结构的成语"", ""小学教辅常见成语""]}"
idiom,L3,,小学教辅常见成语（四字）,全力以赴,成语;综合;小升初高频,小学成语培优全书·教辅常见,idiom-l3-0848,idiom:全力以赴,recite,idiom:全力以赴,全力以赴,recite,all,
idiom,L3,,下面的写法对不对？,对,成语;综合;小升初高频,小学成语培优全书·教辅常见,idiom-l3-0848:char_judge,idiom:全力以赴,char_judge,idiom:全力以赴,全力以赴,char_judge,lower,"{""display"": ""全力以赴""}"
idiom,L3,,「全力以赴」的意思是？,小学教辅常见成语,成语;综合;小升初高频,小学成语培优全书·教辅常见,idiom-l3-0848:meaning_choice,idiom:全力以赴,meaning_choice,idiom:全力以赴,全力以赴,meaning_choice,upper,"{""choices"": [""名声和实际相符"", ""小学教辅常见成语"", ""自己骗自己"", ""自己跟自己说话""]}"
idiom,L3,,小学教辅常见成语（四字）,全心全意,成语;综合;小升初高频,小学成语培优全书·教辅常见,idiom-l3-0849,idiom:全心全意,recite,idiom:全心全意,全心全意,recite,all,
idiom,L3,,下面的写法对不对？,错,成语;综合;小升初高频,小学成语培优全书·教辅常见,idiom-l3-0849:char_judge,idiom:全心全意,char_judge,idiom:全心全意,全心全意,char_judge,lower,"{""display"": ""全心甲意""}"
idiom,L3,,「全心全意」的意思是？,小学教辅常见成语,成语;综合;小升初高频,小学成语培优全书·教辅常见,idiom-l3-0849:meaning_choice,idiom:全心全意,meaning_choice,idiom:全心全意,全心全意,meaning_choice,upper,"{""choices"": [""一会儿看得见一会儿看不见"", ""小学教辅常见成语"", ""人民没法生活下去"", ""柳树绿、花儿红""]}"
idiom,L3,,小学教辅常见成语（四字）,关怀备至,成语;综合;小升初高频,小学成语培优全书·教辅常见,idiom-l3-0851,idiom:关怀备至,recite,idiom:关怀备至,关怀备至,recite,all,
idiom,L3,,下面的写法对不对？,对,成语;综合;小升初高频,小学成语培优全书·教辅常见,idiom-l3-0851:char_judge,idiom:关怀备至,char_judge,idiom:关怀备至,关怀备至,char_judge,lower,"{""display"": ""关怀备至""}"
idiom,L3,,「关怀备至」的意思是？,小学教辅常见成语,成语;综合;小升初高频,小学成语培优全书·教辅常见,idiom-l3-0851:meaning_choice,idiom:关怀备至,meaning_choice,idiom:关怀备至,关怀备至,meaning_choice,upper,"{""choices"": [""没有办法可想"", ""小学教辅常见成语"", ""事情还没发生就知道"", ""自然界最美的声音""]}"
idiom,L3,,小学教辅常见成语（四字）,兴旺发达,成语;综合;小升初高频,小学成语培优全书·教辅常见,idiom-l3-0852,idiom:兴旺发达,recite,idiom:兴旺发达,兴旺发达,recite,all,
idiom,L3,,下面的写法对不对？,对,成语;综合;小升初高频,小学成语培优全书·教辅常见,idiom-l3-0852:char_judge,idiom:兴旺发达,char_judge,idiom:兴旺发达,兴旺发达,char_judge,lower,"{""display"": ""兴旺发达""}"
idiom,L3,,「兴旺发达」的意思是？,小学教辅常见成语,成语;综合;小升初高频,小学成语培优全书·教辅常见,idiom-l3-0852:meaning_choice,idiom:兴旺发达,meaning_choice,idiom:兴旺发达,兴旺发达,meaning_choice,upper,"{""choices"": [""高兴得眉眼都舒展开"", ""这边看看那边看看"", ""这边看看那边看看"", ""小学教辅常见成语""]}"
idiom,L3,,小学教辅常见成语（四字）,其味无穷,成语;综合;小升初高频,小学成语培优全书·教辅常见,idiom-l3-0853,idiom:其味无穷,recite,idiom:其味无穷,其味无穷,recite,all,
idiom,L3,,下面的写法对不对？,错,成语;综合;小升初高频,小学成语培优全书·教辅常见,idiom-l3-0853:char_judge,idiom:其味无穷,char_judge,idiom:其味无穷,其味无穷,char_judge,lower,"{""display"": ""甲味无穷""}"
idiom,L3,,「其味无穷」的意思是？,小学教辅常见成语,成语;综合;小升初高频,小学成语培优全书·教辅常见,idiom-l3-0853:meaning_choice,idiom:其味无穷,meaning_choice,idiom:其味无穷,其味无穷,meaning_choice,upper,"{""choices"": [""春天回来了，大地苏醒"", ""各自拿出本事"", ""自己跟自己说话"", ""小学教辅常见成语""]}"
idiom,L3,,小学教辅常见成语（四字）,养精蓄锐,成语;综合;小升初高频,小学成语培优全书·教辅常见,idiom-l3-0855,idiom:养精蓄锐,recite,idiom:养精蓄锐,养精蓄锐,recite,all,
idiom,L3,,下面的写法对不对？,对,成语;综合;小升初高频,小学成语培优全书·教辅常见,idiom-l3-0855:char_judge,idiom:养精蓄锐,char_judge,idiom:养精蓄锐,养精蓄锐,char_judge,lower,"{""display"": ""养精蓄锐""}"
idiom,L3,,「养精蓄锐」的意思是？,小学教辅常见成语,成语;综合;小升初高频,小学成语培优全书·教辅常见,idiom-l3-0855:meaning_choice,idiom:养精蓄锐,meaning_choice,idiom:养精蓄锐,养精蓄锐,meaning_choice,upper,"{""choices"": [""小学教辅常见成语"", ""色彩繁多"", ""声势或影响极大"", ""自己骗自己""]}"
idiom,L3,,小学教辅常见成语（四字）,再接再厉,成语;综合;小升初高频,小学成语培优全书·教辅常见,idiom-l3-0856,idiom:再接再厉,recite,idiom:再接再厉,再接再厉,recite,all,
idiom,L3,,下面的写法对不对？,错,成语;综合;小升初高频,小学成语培优全书·教辅常见,idiom-l3-0856:char_judge,idiom:再接再厉,char_judge,idiom:再接再厉,再接再厉,char_judge,lower,"{""display"": ""再接再历""}"
idiom,L3,,「再接再厉」的意思是？,小学教辅常见成语,成语;综合;小升初高频,小学成语培优全书·教辅常见,idiom-l3-0856:meaning_choice,idiom:再接再厉,meaning_choice,idiom:再接再厉,再接再厉,meaning_choice,upper,"{""choices"": [""没有风浪，也指局势安定"", ""泉水发出叮咚声"", ""小学教辅常见成语"", ""自然界最美的声音""]}"
idiom,L3,,小学教辅常见成语（四字）,冤家路窄,成语;综合;小升初高频,小学成语培优全书·教辅常见,idiom-l3-0857,idiom:冤家路窄,recite,idiom:冤家路窄,冤家路窄,recite,all,
idiom,L3,,下面的写法对不对？,错,成语;综合;小升初高频,小学成语培优全书·教辅常见,idiom-l3-0857:char_judge,idiom:冤家路窄,char_judge,idiom:冤家路窄,冤家路窄,char_judge,lower,"{""display"": ""冤甲路窄""}"
idiom,L3,,「冤家路窄」的意思是？,小学教辅常见成语,成语;综合;小升初高频,小学成语培优全书·教辅常见,idiom-l3-0857:meaning_choice,idiom:冤家路窄,meaning_choice,idiom:冤家路窄,冤家路窄,meaning_choice,upper,"{""choices"": [""很想马上试一试"", ""声音大得耳朵都要聋了"", ""小学教辅常见成语"", ""生活安定，工作愉快""]}"
idiom,L3,,小学教辅常见成语（四字）,冥顽不灵,成语;综合;小升初高频,小学成语培优全书·教辅常见,idiom-l3-0858,idiom:冥顽不灵,recite,idiom:冥顽不灵,冥顽不灵,recite,all,
idiom,L3,,下面的写法对不对？,对,成语;综合;小升初高频,小学成语培优全书·教辅常见,idiom-l3-0858:char_judge,idiom:冥顽不灵,char_judge,idiom:冥顽不灵,冥顽不灵,char_judge,lower,"{""display"": ""冥顽不灵""}"
idiom,L3,,「冥顽不灵」的意思是？,小学教辅常见成语,成语;综合;小升初高频,小学成语培优全书·教辅常见,idiom-l3-0858:meaning_choice,idiom:冥顽不灵,meaning_choice,idiom:冥顽不灵,冥顽不灵,meaning_choice,upper,"{""choices"": [""恭敬地向老师求教"", ""小学教辅常见成语"", ""事情还没发生就知道"", ""本领特别大""]}"
idiom,L3,,小学教辅常见成语（四字）,冲锋陷阵,成语;综合;小升初高频,小学成语培优全书·教辅常见,idiom-l3-0859,idiom:冲锋陷阵,recite,idiom:冲锋陷阵,冲锋陷阵,recite,all,
idiom,L3,,下面的写法对不对？,错,成语;综合;小升初高频,小学成语培优全书·教辅常见,idiom-l3-0859:char_judge,idiom:冲锋陷阵,char_judge,idiom:冲锋陷阵,冲锋陷阵,char_judge,lower,"{""display"": ""冲锋甲阵""}"
idiom,L3,,「冲锋陷阵」的意思是？,小学教辅常见成语,成语;综合;小升初高频,小学成语培优全书·教辅常见,idiom-l3-0859:meaning_choice,idiom:冲锋陷阵,meaning_choice,idiom:冲锋陷阵,冲锋陷阵,meaning_choice,upper,"{""choices"": [""实在没有别的办法"", ""树林层层翠绿"", ""累得一点力气也没有"", ""小学教辅常见成语""]}"
idiom,L3,,小学教辅常见成语（四字）,冷嘲热讽,成语;综合;小升初高频,小学成语培优全书·教辅常见,idiom-l3-0860,idiom:冷嘲热讽,recite,idiom:冷嘲热讽,冷嘲热讽,recite,all,
idiom,L3,,下面的写法对不对？,对,成语;综合;小升初高频,小学成语培优全书·教辅常见,idiom-l3-0860:char_judge,idiom:冷嘲热讽,char_judge,idiom:冷嘲热讽,冷嘲热讽,char_judge,lower,"{""display"": ""冷嘲热讽""}"
idiom,L3,,「冷嘲热讽」的意思是？,小学教辅常见成语,成语;综合;小升初高频,小学成语培优全书·教辅常见,idiom-l3-0860:meaning_choice,idiom:冷嘲热讽,meaning_choice,idiom:冷嘲热讽,冷嘲热讽,meaning_choice,upper,"{""choices"": [""小学教辅常见成语"", ""AABB 结构的成语"", ""AABB 结构的成语"", ""AABB 结构的成语""]}"
idiom,L3,,小学教辅常见成语（四字）,凶神恶煞,成语;综合;小升初高频,小学成语培优全书·教辅常见,idiom-l3-0861,idiom:凶神恶煞,recite,idiom:凶神恶煞,凶神恶煞,recite,all,
idiom,L3,,下面的写法对不对？,对,成语;综合;小升初高频,小学成语培优全书·教辅常见,idiom-l3-0861:char_judge,idiom:凶神恶煞,char_judge,idiom:凶神恶煞,凶神恶煞,char_judge,lower,"{""display"": ""凶神恶煞""}"
idiom,L3,,「凶神恶煞」的意思是？,小学教辅常见成语,成语;综合;小升初高频,小学成语培优全书·教辅常见,idiom-l3-0861:meaning_choice,idiom:凶神恶煞,meaning_choice,idiom:凶神恶煞,凶神恶煞,meaning_choice,upper,"{""choices"": [""小学教辅常见成语"", ""与时间有关的成语"", ""与时间有关的成语"", ""自己的说法或做法互相冲突""]}"
idiom,L3,,小学教辅常见成语（四字）,出乎意料,成语;综合;小升初高频,小学成语培优全书·教辅常见,idiom-l3-0862,idiom:出乎意料,recite,idiom:出乎意料,出乎意料,recite,all,
idiom,L3,,下面的写法对不对？,对,成语;综合;小升初高频,小学成语培优全书·教辅常见,idiom-l3-0862:char_judge,idiom:出乎意料,char_judge,idiom:出乎意料,出乎意料,char_judge,lower,"{""display"": ""出乎意料""}"
idiom,L3,,「出乎意料」的意思是？,小学教辅常见成语,成语;综合;小升初高频,小学成语培优全书·教辅常见,idiom-l3-0862:meaning_choice,idiom:出乎意料,meaning_choice,idiom:出乎意料,出乎意料,meaning_choice,upper,"{""choices"": [""小学教辅常见成语"", ""书一直拿在手里，非常爱读"", ""身材修长美丽"", ""嘴里很干""]}"
idiom,L3,,小学教辅常见成语（四字）,出人头地,成语;综合;小升初高频,小学成语培优全书·教辅常见,idiom-l3-0863,idiom:出人头地,recite,idiom:出人头地,出人头地,recite,all,
idiom,L3,,下面的写法对不对？,错,成语;综合;小升初高频,小学成语培优全书·教辅常见,idiom-l3-0863:char_judge,idiom:出人头地,char_judge,idiom:出人头地,出人头地,char_judge,lower,"{""display"": ""出入头地""}"
idiom,L3,,「出人头地」的意思是？,小学教辅常见成语,成语;综合;小升初高频,小学成语培优全书·教辅常见,idiom-l3-0863:meaning_choice,idiom:出人头地,meaning_choice,idiom:出人头地,出人头地,meaning_choice,upper,"{""choices"": [""受过惊吓后非常害怕"", ""急于求成反而把事情弄坏"", ""小学教辅常见成语"", ""树林层层翠绿""]}"
idiom,L3,,小学教辅常见成语（四字）,出其不意,成语;综合;小升初高频,小学成语培优全书·教辅常见,idiom-l3-0864,idiom:出其不意,recite,idiom:出其不意,出其不意,recite,all,
idiom,L3,,下面的写法对不对？,对,成语;综合;小升初高频,小学成语培优全书·教辅常见,idiom-l3-0864:char_judge,idiom:出其不意,char_judge,idiom:出其不意,出其不意,char_judge,lower,"{""display"": ""出其不意""}"
idiom,L3,,「出其不意」的意思是？,小学教辅常见成语,成语;综合;小升初高频,小学成语培优全书·教辅常见,idiom-l3-0864:meaning_choice,idiom:出其不意,meaning_choice,idiom:出其不意,出其不意,meaning_choice,upper,"{""choices"": [""自己的说法或做法互相冲突"", ""什么都伤害不了"", ""战争造成的混乱"", ""小学教辅常见成语""]}"
idiom,L3,,小学教辅常见成语（四字）,出口成章,成语;综合;小升初高频,小学成语培优全书·教辅常见,idiom-l3-0865,idiom:出口成章,recite,idiom:出口成章,出口成章,recite,all,
idiom,L3,,下面的写法对不对？,对,成语;综合;小升初高频,小学成语培优全书·教辅常见,idiom-l3-0865:char_judge,idiom:出口成章,char_judge,idiom:出口成章,出口成章,char_judge,lower,"{""display"": ""出口成章""}"
idiom,L3,,「出口成章」的意思是？,小学教辅常见成语,成语;综合;小升初高频,小学成语培优全书·教辅常见,idiom-l3-0865:meaning_choice,idiom:出口成章,meaning_choice,idiom:出口成章,出口成章,meaning_choice,upper,"{""choices"": [""小学教辅常见成语"", ""只要肯下功夫就能成功"", ""几句话就说完"", ""吓得或急得没了主意""]}"
idiom,L3,,小学教辅常见成语（四字）,出奇制胜,成语;综合;小升初高频,小学成语培优全书·教辅常见,idiom-l3-0866,idiom:出奇制胜,recite,idiom:出奇制胜,出奇制胜,recite,all,
idiom,L3,,下面的写法对不对？,对,成语;综合;小升初高频,小学成语培优全书·教辅常见,idiom-l3-0866:char_judge,idiom:出奇制胜,char_judge,idiom:出奇制胜,出奇制胜,char_judge,lower,"{""display"": ""出奇制胜""}"
idiom,L3,,「出奇制胜」的意思是？,小学教辅常见成语,成语;综合;小升初高频,小学成语培优全书·教辅常见,idiom-l3-0866:meaning_choice,idiom:出奇制胜,meaning_choice,idiom:出奇制胜,出奇制胜,meaning_choice,upper,"{""choices"": [""计谋非常高明"", ""头发白了，脸色却像小孩一样红润"", ""好上加好"", ""小学教辅常见成语""]}"
idiom,L3,,小学教辅常见成语（四字）,出尔反尔,成语;综合;小升初高频,小学成语培优全书·教辅常见,idiom-l3-0867,idiom:出尔反尔,recite,idiom:出尔反尔,出尔反尔,recite,all,
idiom,L3,,下面的写法对不对？,错,成语;综合;小升初高频,小学成语培优全书·教辅常见,idiom-l3-0867:char_judge,idiom:出尔反尔,char_judge,idiom:出尔反尔,出尔反尔,char_judge,lower,"{""display"": ""甲尔反尔""}"
idiom,L3,,「出尔反尔」的意思是？,小学教辅常见成语,成语;综合;小升初高频,小学成语培优全书·教辅常见,idiom-l3-0867:meaning_choice,idiom:出尔反尔,meaning_choice,idiom:出尔反尔,出尔反尔,meaning_choice,upper,"{""choices"": [""主动认错、请求责罚"", ""心里急得像火烧"", ""气势使人敬畏"", ""小学教辅常见成语""]}"
idiom,L3,,小学教辅常见成语（四字）,出生入死,成语;综合;小升初高频,小学成语培优全书·教辅常见,idiom-l3-0868,idiom:出生入死,recite,idiom:出生入死,出生入死,recite,all,
idiom,L3,,下面的写法对不对？,错,成语;综合;小升初高频,小学成语培优全书·教辅常见,idiom-l3-0868:char_judge,idiom:出生入死,char_judge,idiom:出生入死,出生入死,char_judge,lower,"{""display"": ""甲生入死""}"
idiom,L3,,「出生入死」的意思是？,小学教辅常见成语,成语;综合;小升初高频,小学成语培优全书·教辅常见,idiom-l3-0868:meaning_choice,idiom:出生入死,meaning_choice,idiom:出生入死,出生入死,meaning_choice,upper,"{""choices"": [""小学教辅常见成语"", ""与学习有关的成语"", ""与学习有关的成语"", ""自己跟自己说话""]}"
idiom,L3,,小学教辅常见成语（四字）,出类拔萃,成语;综合;小升初高频,小学成语培优全书·教辅常见,idiom-l3-0869,idiom:出类拔萃,recite,idiom:出类拔萃,出类拔萃,recite,all,
idiom,L3,,下面的写法对不对？,对,成语;综合;小升初高频,小学成语培优全书·教辅常见,idiom-l3-0869:char_judge,idiom:出类拔萃,char_judge,idiom:出类拔萃,出类拔萃,char_judge,lower,"{""display"": ""出类拔萃""}"
idiom,L3,,「出类拔萃」的意思是？,小学教辅常见成语,成语;综合;小升初高频,小学成语培优全书·教辅常见,idiom-l3-0869:meaning_choice,idiom:出类拔萃,meaning_choice,idiom:出类拔萃,出类拔萃,meaning_choice,upper,"{""choices"": [""做多余的事反而坏事"", ""颜色又多又好看"", ""无法想象，很难理解"", ""小学教辅常见成语""]}"
idiom,L3,,小学教辅常见成语（四字）,分秒必争,成语;综合;小升初高频,小学成语培优全书·教辅常见,idiom-l3-0871,idiom:分秒必争,recite,idiom:分秒必争,分秒必争,recite,all,
idiom,L3,,下面的写法对不对？,对,成语;综合;小升初高频,小学成语培优全书·教辅常见,idiom-l3-0871:char_judge,idiom:分秒必争,char_judge,idiom:分秒必争,分秒必争,char_judge,lower,"{""display"": ""分秒必争""}"
idiom,L3,,「分秒必争」的意思是？,小学教辅常见成语,成语;综合;小升初高频,小学成语培优全书·教辅常见,idiom-l3-0871:meaning_choice,idiom:分秒必争,meaning_choice,idiom:分秒必争,分秒必争,meaning_choice,upper,"{""choices"": [""人声嘈杂得像开了锅"", ""小学教辅常见成语"", ""样子各不相同"", ""想尽办法读书""]}"
idiom,L3,,小学教辅常见成语（四字）,分道扬镳,成语;综合;小升初高频,小学成语培优全书·教辅常见,idiom-l3-0872,idiom:分道扬镳,recite,idiom:分道扬镳,分道扬镳,recite,all,
idiom,L3,,下面的写法对不对？,对,成语;综合;小升初高频,小学成语培优全书·教辅常见,idiom-l3-0872:char_judge,idiom:分道扬镳,char_judge,idiom:分道扬镳,分道扬镳,char_judge,lower,"{""display"": ""分道扬镳""}"
idiom,L3,,「分道扬镳」的意思是？,小学教辅常见成语,成语;综合;小升初高频,小学成语培优全书·教辅常见,idiom-l3-0872:meaning_choice,idiom:分道扬镳,meaning_choice,idiom:分道扬镳,分道扬镳,meaning_choice,upper,"{""choices"": [""想尽办法读书"", ""铺天盖地而来"", ""小学教辅常见成语"", ""举止文雅""]}"
idiom,L3,,小学教辅常见成语（四字）,刚愎自用,成语;综合;小升初高频,小学成语培优全书·教辅常见,idiom-l3-0873,idiom:刚愎自用,recite,idiom:刚愎自用,刚愎自用,recite,all,
idiom,L3,,下面的写法对不对？,对,成语;综合;小升初高频,小学成语培优全书·教辅常见,idiom-l3-0873:char_judge,idiom:刚愎自用,char_judge,idiom:刚愎自用,刚愎自用,char_judge,lower,"{""display"": ""刚愎自用""}"
idiom,L3,,「刚愎自用」的意思是？,小学教辅常见成语,成语;综合;小升初高频,小学成语培优全书·教辅常见,idiom-l3-0873:meaning_choice,idiom:刚愎自用,meaning_choice,idiom:刚愎自用,刚愎自用,meaning_choice,upper,"{""choices"": [""受过惊吓后非常害怕"", ""小学教辅常见成语"", ""不由得产生敬意"", ""各自拿出本事""]}"
idiom,L3,,小学教辅常见成语（四字）,刚正不阿,成语;综合;小升初高频,小学成语培优全书·教辅常见,idiom-l3-0874,idiom:刚正不阿,recite,idiom:刚正不阿,刚正不阿,recite,all,
idiom,L3,,下面的写法对不对？,错,成语;综合;小升初高频,小学成语培优全书·教辅常见,idiom-l3-0874:char_judge,idiom:刚正不阿,char_judge,idiom:刚正不阿,刚正不阿,char_judge,lower,"{""display"": ""刚正不甲""}"
idiom,L3,,「刚正不阿」的意思是？,小学教辅常见成语,成语;综合;小升初高频,小学成语培优全书·教辅常见,idiom-l3-0874:meaning_choice,idiom:刚正不阿,meaning_choice,idiom:刚正不阿,刚正不阿,meaning_choice,upper,"{""choices"": [""到了山和水的尽头，没有出路"", ""小学教辅常见成语"", ""精神完全集中"", ""天空一片晴朗""]}"
idiom,L3,,小学教辅常见成语（四字）,利害得失,成语;综合;小升初高频,小学成语培优全书·教辅常见,idiom-l3-0875,idiom:利害得失,recite,idiom:利害得失,利害得失,recite,all,
idiom,L3,,下面的写法对不对？,错,成语;综合;小升初高频,小学成语培优全书·教辅常见,idiom-l3-0875:char_judge,idiom:利害得失,char_judge,idiom:利害得失,利害得失,char_judge,lower,"{""display"": ""甲害得失""}"
idiom,L3,,「利害得失」的意思是？,小学教辅常见成语,成语;综合;小升初高频,小学成语培优全书·教辅常见,idiom-l3-0875:meaning_choice,idiom:利害得失,meaning_choice,idiom:利害得失,利害得失,meaning_choice,upper,"{""choices"": [""描写神态的成语"", ""描写神态的成语"", ""小学教辅常见成语"", ""一直不停地流""]}"
idiom,L3,,小学教辅常见成语（四字）,别开生面,成语;综合;小升初高频,小学成语培优全书·教辅常见,idiom-l3-0877,idiom:别开生面,recite,idiom:别开生面,别开生面,recite,all,
idiom,L3,,下面的写法对不对？,错,成语;综合;小升初高频,小学成语培优全书·教辅常见,idiom-l3-0877:char_judge,idiom:别开生面,char_judge,idiom:别开生面,别开生面,char_judge,lower,"{""display"": ""别甲生面""}"
idiom,L3,,「别开生面」的意思是？,小学教辅常见成语,成语;综合;小升初高频,小学成语培优全书·教辅常见,idiom-l3-0877:meaning_choice,idiom:别开生面,meaning_choice,idiom:别开生面,别开生面,meaning_choice,upper,"{""choices"": [""样子很庄重认真"", ""从细小处看出大趋势"", ""小学教辅常见成语"", ""完全不一样""]}"
idiom,L3,,小学教辅常见成语（四字）,刮目相看,成语;综合;小升初高频,小学成语培优全书·教辅常见,idiom-l3-0878,idiom:刮目相看,recite,idiom:刮目相看,刮目相看,recite,all,
idiom,L3,,下面的写法对不对？,错,成语;综合;小升初高频,小学成语培优全书·教辅常见,idiom-l3-0878:char_judge,idiom:刮目相看,char_judge,idiom:刮目相看,刮目相看,char_judge,lower,"{""display"": ""刮目相甲""}"
idiom,L3,,「刮目相看」的意思是？,小学教辅常见成语,成语;综合;小升初高频,小学成语培优全书·教辅常见,idiom-l3-0878:meaning_choice,idiom:刮目相看,meaning_choice,idiom:刮目相看,刮目相看,meaning_choice,upper,"{""choices"": [""恭敬地向老师求教"", ""得意得忘了自己是谁"", ""模仿别人反而把自己的本事忘了"", ""小学教辅常见成语""]}"
idiom,L3,,小学教辅常见成语（四字）,刻不容缓,成语;综合;小升初高频,小学成语培优全书·教辅常见,idiom-l3-0879,idiom:刻不容缓,recite,idiom:刻不容缓,刻不容缓,recite,all,
idiom,L3,,下面的写法对不对？,对,成语;综合;小升初高频,小学成语培优全书·教辅常见,idiom-l3-0879:char_judge,idiom:刻不容缓,char_judge,idiom:刻不容缓,刻不容缓,char_judge,lower,"{""display"": ""刻不容缓""}"
idiom,L3,,「刻不容缓」的意思是？,小学教辅常见成语,成语;综合;小升初高频,小学成语培优全书·教辅常见,idiom-l3-0879:meaning_choice,idiom:刻不容缓,meaning_choice,idiom:刻不容缓,刻不容缓,meaning_choice,upper,"{""choices"": [""称心如意、神气十足"", ""小学教辅常见成语"", ""家庭毁了，人也没了"", ""刻苦学习，不敢打瞌睡""]}"
idiom,L3,,小学教辅常见成语（四字）,前仆后继,成语;综合;小升初高频,小学成语培优全书·教辅常见,idiom-l3-0880,idiom:前仆后继,recite,idiom:前仆后继,前仆后继,recite,all,
idiom,L3,,下面的写法对不对？,错,成语;综合;小升初高频,小学成语培优全书·教辅常见,idiom-l3-0880:char_judge,idiom:前仆后继,char_judge,idiom:前仆后继,前仆后继,char_judge,lower,"{""display"": ""前甲后继""}"
idiom,L3,,「前仆后继」的意思是？,小学教辅常见成语,成语;综合;小升初高频,小学成语培优全书·教辅常见,idiom-l3-0880:meaning_choice,idiom:前仆后继,meaning_choice,idiom:前仆后继,前仆后继,meaning_choice,upper,"{""choices"": [""凶狠或得意地挥舞"", ""小学教辅常见成语"", ""坏主意很多"", ""没想到的好事让人高兴""]}"
idiom,L3,,小学教辅常见成语（四字）,前仰后合,成语;综合;小升初高频,小学成语培优全书·教辅常见,idiom-l3-0881,idiom:前仰后合,recite,idiom:前仰后合,前仰后合,recite,all,
idiom,L3,,下面的写法对不对？,错,成语;综合;小升初高频,小学成语培优全书·教辅常见,idiom-l3-0881:char_judge,idiom:前仰后合,char_judge,idiom:前仰后合,前仰后合,char_judge,lower,"{""display"": ""甲仰后合""}"
idiom,L3,,「前仰后合」的意思是？,小学教辅常见成语,成语;综合;小升初高频,小学成语培优全书·教辅常见,idiom-l3-0881:meaning_choice,idiom:前仰后合,meaning_choice,idiom:前仰后合,前仰后合,meaning_choice,upper,"{""choices"": [""内部困难又加上外来威胁"", ""雪片又大又密"", ""小学教辅常见成语"", ""高兴得快要发狂""]}"
idiom,L3,,小学教辅常见成语（四字）,前功尽弃,成语;综合;小升初高频,小学成语培优全书·教辅常见,idiom-l3-0882,idiom:前功尽弃,recite,idiom:前功尽弃,前功尽弃,recite,all,
idiom,L3,,下面的写法对不对？,错,成语;综合;小升初高频,小学成语培优全书·教辅常见,idiom-l3-0882:char_judge,idiom:前功尽弃,char_judge,idiom:前功尽弃,前功尽弃,char_judge,lower,"{""display"": ""前功甲弃""}"
idiom,L3,,「前功尽弃」的意思是？,小学教辅常见成语,成语;综合;小升初高频,小学成语培优全书·教辅常见,idiom-l3-0882:meaning_choice,idiom:前功尽弃,meaning_choice,idiom:前功尽弃,前功尽弃,meaning_choice,upper,"{""choices"": [""很多人或动物聚在一起"", ""关键处一点就使整体生动"", ""内部困难又加上外来威胁"", ""小学教辅常见成语""]}"
idiom,L3,,小学教辅常见成语（四字）,前因后果,成语;综合;小升初高频,小学成语培优全书·教辅常见,idiom-l3-0883,idiom:前因后果,recite,idiom:前因后果,前因后果,recite,all,
idiom,L3,,下面的写法对不对？,错,成语;综合;小升初高频,小学成语培优全书·教辅常见,idiom-l3-0883:char_judge,idiom:前因后果,char_judge,idiom:前因后果,前因后果,char_judge,lower,"{""display"": ""前因甲果""}"
idiom,L3,,「前因后果」的意思是？,小学教辅常见成语,成语;综合;小升初高频,小学成语培优全书·教辅常见,idiom-l3-0883:meaning_choice,idiom:前因后果,meaning_choice,idiom:前因后果,前因后果,meaning_choice,upper,"{""choices"": [""情绪非常激动"", ""到处都可以当作家"", ""事故很多的时期"", ""小学教辅常见成语""]}"
idiom,L3,,小学教辅常见成语（四字）,前车之鉴,成语;综合;小升初高频,小学成语培优全书·教辅常见,idiom-l3-0884,idiom:前车之鉴,recite,idiom:前车之鉴,前车之鉴,recite,all,
idiom,L3,,下面的写法对不对？,对,成语;综合;小升初高频,小学成语培优全书·教辅常见,idiom-l3-0884:char_judge,idiom:前车之鉴,char_judge,idiom:前车之鉴,前车之鉴,char_judge,lower,"{""display"": ""前车之鉴""}"
idiom,L3,,「前车之鉴」的意思是？,小学教辅常见成语,成语;综合;小升初高频,小学成语培优全书·教辅常见,idiom-l3-0884:meaning_choice,idiom:前车之鉴,meaning_choice,idiom:前车之鉴,前车之鉴,meaning_choice,upper,"{""choices"": [""完全不一样"", ""主动认错、请求责罚"", ""自己的说法或做法互相冲突"", ""小学教辅常见成语""]}"
idiom,L3,,小学教辅常见成语（四字）,剑拔弩张,成语;综合;小升初高频,小学成语培优全书·教辅常见,idiom-l3-0885,idiom:剑拔弩张,recite,idiom:剑拔弩张,剑拔弩张,recite,all,
idiom,L3,,下面的写法对不对？,错,成语;综合;小升初高频,小学成语培优全书·教辅常见,idiom-l3-0885:char_judge,idiom:剑拔弩张,char_judge,idiom:剑拔弩张,剑拔弩张,char_judge,lower,"{""display"": ""剑拔弩甲""}"
idiom,L3,,「剑拔弩张」的意思是？,小学教辅常见成语,成语;综合;小升初高频,小学成语培优全书·教辅常见,idiom-l3-0885:meaning_choice,idiom:剑拔弩张,meaning_choice,idiom:剑拔弩张,剑拔弩张,meaning_choice,upper,"{""choices"": [""这边看看那边看看"", ""这边看看那边看看"", ""小学教辅常见成语"", ""文雅有礼貌""]}"
idiom,L3,,小学教辅常见成语（四字）,力不从心,成语;综合;小升初高频,小学成语培优全书·教辅常见,idiom-l3-0886,idiom:力不从心,recite,idiom:力不从心,力不从心,recite,all,
idiom,L3,,下面的写法对不对？,错,成语;综合;小升初高频,小学成语培优全书·教辅常见,idiom-l3-0886:char_judge,idiom:力不从心,char_judge,idiom:力不从心,力不从心,char_judge,lower,"{""display"": ""力不从必""}"
idiom,L3,,「力不从心」的意思是？,小学教辅常见成语,成语;综合;小升初高频,小学成语培优全书·教辅常见,idiom-l3-0886:meaning_choice,idiom:力不从心,meaning_choice,idiom:力不从心,力不从心,meaning_choice,upper,"{""choices"": [""累得一点力气也没有"", ""政事顺利，百姓和睦"", ""什么都伤害不了"", ""小学教辅常见成语""]}"
idiom,L3,,小学教辅常见成语（四字）,力争上游,成语;综合;小升初高频,小学成语培优全书·教辅常见,idiom-l3-0887,idiom:力争上游,recite,idiom:力争上游,力争上游,recite,all,
idiom,L3,,下面的写法对不对？,对,成语;综合;小升初高频,小学成语培优全书·教辅常见,idiom-l3-0887:char_judge,idiom:力争上游,char_judge,idiom:力争上游,力争上游,char_judge,lower,"{""display"": ""力争上游""}"
idiom,L3,,「力争上游」的意思是？,小学教辅常见成语,成语;综合;小升初高频,小学成语培优全书·教辅常见,idiom-l3-0887:meaning_choice,idiom:力争上游,meaning_choice,idiom:力争上游,力争上游,meaning_choice,upper,"{""choices"": [""头发散乱"", ""小学教辅常见成语"", ""出自寓言故事的成语"", ""出自寓言故事的成语""]}"
idiom,L3,,小学教辅常见成语（四字）,力挽狂澜,成语;综合;小升初高频,小学成语培优全书·教辅常见,idiom-l3-0888,idiom:力挽狂澜,recite,idiom:力挽狂澜,力挽狂澜,recite,all,
idiom,L3,,下面的写法对不对？,错,成语;综合;小升初高频,小学成语培优全书·教辅常见,idiom-l3-0888:char_judge,idiom:力挽狂澜,char_judge,idiom:力挽狂澜,力挽狂澜,char_judge,lower,"{""display"": ""力挽狂甲""}"
idiom,L3,,「力挽狂澜」的意思是？,小学教辅常见成语,成语;综合;小升初高频,小学成语培优全书·教辅常见,idiom-l3-0888:meaning_choice,idiom:力挽狂澜,meaning_choice,idiom:力挽狂澜,力挽狂澜,meaning_choice,upper,"{""choices"": [""轻快地唱、柔美地舞"", ""样子各不相同"", ""小学教辅常见成语"", ""侥幸逃脱的人""]}"
idiom,L3,,小学教辅常见成语（四字）,力透纸背,成语;综合;小升初高频,小学成语培优全书·教辅常见,idiom-l3-0889,idiom:力透纸背,recite,idiom:力透纸背,力透纸背,recite,all,
idiom,L3,,下面的写法对不对？,对,成语;综合;小升初高频,小学成语培优全书·教辅常见,idiom-l3-0889:char_judge,idiom:力透纸背,char_judge,idiom:力透纸背,力透纸背,char_judge,lower,"{""display"": ""力透纸背""}"
idiom,L3,,「力透纸背」的意思是？,小学教辅常见成语,成语;综合;小升初高频,小学成语培优全书·教辅常见,idiom-l3-0889:meaning_choice,idiom:力透纸背,meaning_choice,idiom:力透纸背,力透纸背,meaning_choice,upper,"{""choices"": [""一直不停地流"", ""小学教辅常见成语"", ""AABB 结构的成语"", ""国家太平，人民安乐""]}"
idiom,L3,,小学教辅常见成语（四字）,功成不居,成语;综合;小升初高频,小学成语培优全书·教辅常见,idiom-l3-0890,idiom:功成不居,recite,idiom:功成不居,功成不居,recite,all,
idiom,L3,,下面的写法对不对？,对,成语;综合;小升初高频,小学成语培优全书·教辅常见,idiom-l3-0890:char_judge,idiom:功成不居,char_judge,idiom:功成不居,功成不居,char_judge,lower,"{""display"": ""功成不居""}"
idiom,L3,,「功成不居」的意思是？,小学教辅常见成语,成语;综合;小升初高频,小学成语培优全书·教辅常见,idiom-l3-0890:meaning_choice,idiom:功成不居,meaning_choice,idiom:功成不居,功成不居,meaning_choice,upper,"{""choices"": [""书法笔势奔放"", ""形象生动得像活的一样"", ""小学教辅常见成语"", ""胆子很小""]}"
idiom,L3,,小学教辅常见成语（四字）,功成名就,成语;综合;小升初高频,小学成语培优全书·教辅常见,idiom-l3-0891,idiom:功成名就,recite,idiom:功成名就,功成名就,recite,all,
idiom,L3,,下面的写法对不对？,错,成语;综合;小升初高频,小学成语培优全书·教辅常见,idiom-l3-0891:char_judge,idiom:功成名就,char_judge,idiom:功成名就,功成名就,char_judge,lower,"{""display"": ""功城名就""}"
idiom,L3,,「功成名就」的意思是？,小学教辅常见成语,成语;综合;小升初高频,小学成语培优全书·教辅常见,idiom-l3-0891:meaning_choice,idiom:功成名就,meaning_choice,idiom:功成名就,功成名就,meaning_choice,upper,"{""choices"": [""嘴里很干"", ""文章或动作很流畅"", ""小学教辅常见成语"", ""靠近山、靠近水""]}"
idiom,L3,,小学教辅常见成语（四字）,功败垂成,成语;综合;小升初高频,小学成语培优全书·教辅常见,idiom-l3-0892,idiom:功败垂成,recite,idiom:功败垂成,功败垂成,recite,all,
idiom,L3,,下面的写法对不对？,错,成语;综合;小升初高频,小学成语培优全书·教辅常见,idiom-l3-0892:char_judge,idiom:功败垂成,char_judge,idiom:功败垂成,功败垂成,char_judge,lower,"{""display"": ""功甲垂成""}"
idiom,L3,,「功败垂成」的意思是？,小学教辅常见成语,成语;综合;小升初高频,小学成语培优全书·教辅常见,idiom-l3-0892:meaning_choice,idiom:功败垂成,meaning_choice,idiom:功败垂成,功败垂成,meaning_choice,upper,"{""choices"": [""把东西完好无损地归还原主"", ""小学教辅常见成语"", ""微风轻轻吹"", ""不想努力，只等现成的""]}"
idiom,L3,,小学教辅常见成语（四字）,加官进爵,成语;综合;小升初高频,小学成语培优全书·教辅常见,idiom-l3-0893,idiom:加官进爵,recite,idiom:加官进爵,加官进爵,recite,all,
idiom,L3,,下面的写法对不对？,错,成语;综合;小升初高频,小学成语培优全书·教辅常见,idiom-l3-0893:char_judge,idiom:加官进爵,char_judge,idiom:加官进爵,加官进爵,char_judge,lower,"{""display"": ""加官甲爵""}"
idiom,L3,,「加官进爵」的意思是？,小学教辅常见成语,成语;综合;小升初高频,小学成语培优全书·教辅常见,idiom-l3-0893:meaning_choice,idiom:加官进爵,meaning_choice,idiom:加官进爵,加官进爵,meaning_choice,upper,"{""choices"": [""十分担心害怕"", ""鸡叫狗叫形容喧闹"", ""小学教辅常见成语"", ""文章或动作很流畅""]}"
idiom,L3,,小学教辅常见成语（四字）,动人心弦,成语;综合;小升初高频,小学成语培优全书·教辅常见,idiom-l3-0894,idiom:动人心弦,recite,idiom:动人心弦,动人心弦,recite,all,
idiom,L3,,下面的写法对不对？,错,成语;综合;小升初高频,小学成语培优全书·教辅常见,idiom-l3-0894:char_judge,idiom:动人心弦,char_judge,idiom:动人心弦,动人心弦,char_judge,lower,"{""display"": ""动人心甲""}"
idiom,L3,,「动人心弦」的意思是？,小学教辅常见成语,成语;综合;小升初高频,小学成语培优全书·教辅常见,idiom-l3-0894:meaning_choice,idiom:动人心弦,meaning_choice,idiom:动人心弦,动人心弦,meaning_choice,upper,"{""choices"": [""身材修长美丽"", ""本领比别人高一截"", ""小学教辅常见成语"", ""春天回来了，大地苏醒""]}"
idiom,L3,,小学教辅常见成语（四字）,助人为乐,成语;综合;小升初高频,小学成语培优全书·教辅常见,idiom-l3-0895,idiom:助人为乐,recite,idiom:助人为乐,助人为乐,recite,all,
idiom,L3,,下面的写法对不对？,错,成语;综合;小升初高频,小学成语培优全书·教辅常见,idiom-l3-0895:char_judge,idiom:助人为乐,char_judge,idiom:助人为乐,助人为乐,char_judge,lower,"{""display"": ""助入为乐""}"
idiom,L3,,「助人为乐」的意思是？,小学教辅常见成语,成语;综合;小升初高频,小学成语培优全书·教辅常见,idiom-l3-0895:meaning_choice,idiom:助人为乐,meaning_choice,idiom:助人为乐,助人为乐,meaning_choice,upper,"{""choices"": [""着急或高兴得又抓耳朵又挠腮"", ""小学教辅常见成语"", ""一直不停地流"", ""到了山和水的尽头，没有出路""]}"
idiom,L3,,小学教辅常见成语（四字）,劫后余生,成语;综合;小升初高频,小学成语培优全书·教辅常见,idiom-l3-0896,idiom:劫后余生,recite,idiom:劫后余生,劫后余生,recite,all,
idiom,L3,,下面的写法对不对？,错,成语;综合;小升初高频,小学成语培优全书·教辅常见,idiom-l3-0896:char_judge,idiom:劫后余生,char_judge,idiom:劫后余生,劫后余生,char_judge,lower,"{""display"": ""劫甲余生""}"
idiom,L3,,「劫后余生」的意思是？,小学教辅常见成语,成语;综合;小升初高频,小学成语培优全书·教辅常见,idiom-l3-0896:meaning_choice,idiom:劫后余生,meaning_choice,idiom:劫后余生,劫后余生,meaning_choice,upper,"{""choices"": [""得到帮助后更强"", ""急于求成反而把事情弄坏"", ""没有风浪，也指局势安定"", ""小学教辅常见成语""]}"
idiom,L3,,小学教辅常见成语（四字）,劳苦功高,成语;综合;小升初高频,小学成语培优全书·教辅常见,idiom-l3-0897,idiom:劳苦功高,recite,idiom:劳苦功高,劳苦功高,recite,all,
idiom,L3,,下面的写法对不对？,对,成语;综合;小升初高频,小学成语培优全书·教辅常见,idiom-l3-0897:char_judge,idiom:劳苦功高,char_judge,idiom:劳苦功高,劳苦功高,char_judge,lower,"{""display"": ""劳苦功高""}"
idiom,L3,,「劳苦功高」的意思是？,小学教辅常见成语,成语;综合;小升初高频,小学成语培优全书·教辅常见,idiom-l3-0897:meaning_choice,idiom:劳苦功高,meaning_choice,idiom:劳苦功高,劳苦功高,meaning_choice,upper,"{""choices"": [""小学教辅常见成语"", ""描写场面的成语"", ""说话办事坚决果断"", ""坏主意很多""]}"
idiom,L3,,小学教辅常见成语（四字）,势不可挡,成语;综合;小升初高频,小学成语培优全书·教辅常见,idiom-l3-0898,idiom:势不可挡,recite,idiom:势不可挡,势不可挡,recite,all,
idiom,L3,,下面的写法对不对？,对,成语;综合;小升初高频,小学成语培优全书·教辅常见,idiom-l3-0898:char_judge,idiom:势不可挡,char_judge,idiom:势不可挡,势不可挡,char_judge,lower,"{""display"": ""势不可挡""}"
idiom,L3,,「势不可挡」的意思是？,小学教辅常见成语,成语;综合;小升初高频,小学成语培优全书·教辅常见,idiom-l3-0898:meaning_choice,idiom:势不可挡,meaning_choice,idiom:势不可挡,势不可挡,meaning_choice,upper,"{""choices"": [""胆子很小"", ""小学教辅常见成语"", ""一下子明白过来"", ""一会儿看得见一会儿看不见""]}"
idiom,L3,,小学教辅常见成语（四字）,势均力敌,成语;综合;小升初高频,小学成语培优全书·教辅常见,idiom-l3-0899,idiom:势均力敌,recite,idiom:势均力敌,势均力敌,recite,all,
idiom,L3,,下面的写法对不对？,对,成语;综合;小升初高频,小学成语培优全书·教辅常见,idiom-l3-0899:char_judge,idiom:势均力敌,char_judge,idiom:势均力敌,势均力敌,char_judge,lower,"{""display"": ""势均力敌""}"
idiom,L3,,「势均力敌」的意思是？,小学教辅常见成语,成语;综合;小升初高频,小学成语培优全书·教辅常见,idiom-l3-0899:meaning_choice,idiom:势均力敌,meaning_choice,idiom:势均力敌,势均力敌,meaning_choice,upper,"{""choices"": [""什么都伤害不了"", ""小学教辅常见成语"", ""舍不得离开"", ""力量非常强大""]}"
idiom,L3,,小学教辅常见成语（四字）,势如破竹,成语;综合;小升初高频,小学成语培优全书·教辅常见,idiom-l3-0900,idiom:势如破竹,recite,idiom:势如破竹,势如破竹,recite,all,
idiom,L3,,下面的写法对不对？,对,成语;综合;小升初高频,小学成语培优全书·教辅常见,idiom-l3-0900:char_judge,idiom:势如破竹,char_judge,idiom:势如破竹,势如破竹,char_judge,lower,"{""display"": ""势如破竹""}"
idiom,L3,,「势如破竹」的意思是？,小学教辅常见成语,成语;综合;小升初高频,小学成语培优全书·教辅常见,idiom-l3-0900:meaning_choice,idiom:势如破竹,meaning_choice,idiom:势如破竹,势如破竹,meaning_choice,upper,"{""choices"": [""小学教辅常见成语"", ""描写景物的成语"", ""描写景物的成语"", ""描写景物的成语""]}"
idiom,L3,,小学教辅常见成语（四字）,勾心斗角,成语;综合;小升初高频,小学成语培优全书·教辅常见,idiom-l3-0901,idiom:勾心斗角,recite,idiom:勾心斗角,勾心斗角,recite,all,
idiom,L3,,下面的写法对不对？,错,成语;综合;小升初高频,小学成语培优全书·教辅常见,idiom-l3-0901:char_judge,idiom:勾心斗角,char_judge,idiom:勾心斗角,勾心斗角,char_judge,lower,"{""display"": ""甲心斗角""}"
idiom,L3,,「勾心斗角」的意思是？,小学教辅常见成语,成语;综合;小升初高频,小学成语培优全书·教辅常见,idiom-l3-0901:meaning_choice,idiom:勾心斗角,meaning_choice,idiom:勾心斗角,勾心斗角,meaning_choice,upper,"{""choices"": [""有些信、有些不信"", ""自己跟自己说话"", ""内部困难又加上外来威胁"", ""小学教辅常见成语""]}"
idiom,L3,,小学教辅常见成语（四字）,化为乌有,成语;综合;小升初高频,小学成语培优全书·教辅常见,idiom-l3-0902,idiom:化为乌有,recite,idiom:化为乌有,化为乌有,recite,all,
idiom,L3,,下面的写法对不对？,对,成语;综合;小升初高频,小学成语培优全书·教辅常见,idiom-l3-0902:char_judge,idiom:化为乌有,char_judge,idiom:化为乌有,化为乌有,char_judge,lower,"{""display"": ""化为乌有""}"
idiom,L3,,「化为乌有」的意思是？,小学教辅常见成语,成语;综合;小升初高频,小学成语培优全书·教辅常见,idiom-l3-0902:meaning_choice,idiom:化为乌有,meaning_choice,idiom:化为乌有,化为乌有,meaning_choice,upper,"{""choices"": [""出了问题赶紧补救还来得及"", ""秋天天气清爽"", ""文章或动作很流畅"", ""小学教辅常见成语""]}"
idiom,L3,,小学教辅常见成语（四字）,化险为夷,成语;综合;小升初高频,小学成语培优全书·教辅常见,idiom-l3-0903,idiom:化险为夷,recite,idiom:化险为夷,化险为夷,recite,all,
idiom,L3,,下面的写法对不对？,错,成语;综合;小升初高频,小学成语培优全书·教辅常见,idiom-l3-0903:char_judge,idiom:化险为夷,char_judge,idiom:化险为夷,化险为夷,char_judge,lower,"{""display"": ""化险为甲""}"
idiom,L3,,「化险为夷」的意思是？,小学教辅常见成语,成语;综合;小升初高频,小学成语培优全书·教辅常见,idiom-l3-0903:meaning_choice,idiom:化险为夷,meaning_choice,idiom:化险为夷,化险为夷,meaning_choice,upper,"{""choices"": [""小学教辅常见成语"", ""身材修长美丽"", ""得到帮助后更强"", ""遇到危险也不害怕""]}"
idiom,L3,,小学教辅常见成语（四字）,匠心独运,成语;综合;小升初高频,小学成语培优全书·教辅常见,idiom-l3-0904,idiom:匠心独运,recite,idiom:匠心独运,匠心独运,recite,all,
idiom,L3,,下面的写法对不对？,对,成语;综合;小升初高频,小学成语培优全书·教辅常见,idiom-l3-0904:char_judge,idiom:匠心独运,char_judge,idiom:匠心独运,匠心独运,char_judge,lower,"{""display"": ""匠心独运""}"
idiom,L3,,「匠心独运」的意思是？,小学教辅常见成语,成语;综合;小升初高频,小学成语培优全书·教辅常见,idiom-l3-0904:meaning_choice,idiom:匠心独运,meaning_choice,idiom:匠心独运,匠心独运,meaning_choice,upper,"{""choices"": [""小学教辅常见成语"", ""人声嘈杂得像开了锅"", ""不止一个，还有配对的"", ""气势使人敬畏""]}"
idiom,L3,,小学教辅常见成语（四字）,升堂入室,成语;综合;小升初高频,小学成语培优全书·教辅常见,idiom-l3-0905,idiom:升堂入室,recite,idiom:升堂入室,升堂入室,recite,all,
idiom,L3,,下面的写法对不对？,错,成语;综合;小升初高频,小学成语培优全书·教辅常见,idiom-l3-0905:char_judge,idiom:升堂入室,char_judge,idiom:升堂入室,升堂入室,char_judge,lower,"{""display"": ""升甲入室""}"
idiom,L3,,「升堂入室」的意思是？,小学教辅常见成语,成语;综合;小升初高频,小学成语培优全书·教辅常见,idiom-l3-0905:meaning_choice,idiom:升堂入室,meaning_choice,idiom:升堂入室,升堂入室,meaning_choice,upper,"{""choices"": [""一直坚持，不放弃"", ""小学教辅常见成语"", ""实在没有别的办法"", ""铺天盖地而来""]}"
idiom,L3,,小学教辅常见成语（四字）,半推半就,成语;综合;小升初高频,小学成语培优全书·教辅常见,idiom-l3-0906,idiom:半推半就,recite,idiom:半推半就,半推半就,recite,all,
idiom,L3,,下面的写法对不对？,对,成语;综合;小升初高频,小学成语培优全书·教辅常见,idiom-l3-0906:char_judge,idiom:半推半就,char_judge,idiom:半推半就,半推半就,char_judge,lower,"{""display"": ""半推半就""}"
idiom,L3,,「半推半就」的意思是？,小学教辅常见成语,成语;综合;小升初高频,小学成语培优全书·教辅常见,idiom-l3-0906:meaning_choice,idiom:半推半就,meaning_choice,idiom:半推半就,半推半就,meaning_choice,upper,"{""choices"": [""本领比别人高一截"", ""小学教辅常见成语"", ""心里着急、烦躁"", ""很多花一起开""]}"
idiom,L3,,小学教辅常见成语（四字）,半途而废,成语;综合;小升初高频,小学成语培优全书·教辅常见,idiom-l3-0907,idiom:半途而废,recite,idiom:半途而废,半途而废,recite,all,
idiom,L3,,下面的写法对不对？,错,成语;综合;小升初高频,小学成语培优全书·教辅常见,idiom-l3-0907:char_judge,idiom:半途而废,char_judge,idiom:半途而废,半途而废,char_judge,lower,"{""display"": ""半甲而废""}"
idiom,L3,,「半途而废」的意思是？,小学教辅常见成语,成语;综合;小升初高频,小学成语培优全书·教辅常见,idiom-l3-0907:meaning_choice,idiom:半途而废,meaning_choice,idiom:半途而废,半途而废,meaning_choice,upper,"{""choices"": [""心里早有了主意"", ""生活安定，工作愉快"", ""胆子很小"", ""小学教辅常见成语""]}"
idiom,L3,,小学教辅常见成语（四字）,华灯初上,成语;综合;小升初高频,小学成语培优全书·教辅常见,idiom-l3-0908,idiom:华灯初上,recite,idiom:华灯初上,华灯初上,recite,all,
idiom,L3,,下面的写法对不对？,错,成语;综合;小升初高频,小学成语培优全书·教辅常见,idiom-l3-0908:char_judge,idiom:华灯初上,char_judge,idiom:华灯初上,华灯初上,char_judge,lower,"{""display"": ""华甲初上""}"
idiom,L3,,「华灯初上」的意思是？,小学教辅常见成语,成语;综合;小升初高频,小学成语培优全书·教辅常见,idiom-l3-0908:meaning_choice,idiom:华灯初上,meaning_choice,idiom:华灯初上,华灯初上,meaning_choice,upper,"{""choices"": [""内部困难又加上外来威胁"", ""文雅有礼貌"", ""身材修长美丽"", ""小学教辅常见成语""]}"
idiom,L3,,小学教辅常见成语（四字）,华而不实,成语;综合;小升初高频,小学成语培优全书·教辅常见,idiom-l3-0909,idiom:华而不实,recite,idiom:华而不实,华而不实,recite,all,
idiom,L3,,下面的写法对不对？,对,成语;综合;小升初高频,小学成语培优全书·教辅常见,idiom-l3-0909:char_judge,idiom:华而不实,char_judge,idiom:华而不实,华而不实,char_judge,lower,"{""display"": ""华而不实""}"
idiom,L3,,「华而不实」的意思是？,小学教辅常见成语,成语;综合;小升初高频,小学成语培优全书·教辅常见,idiom-l3-0909:meaning_choice,idiom:华而不实,meaning_choice,idiom:华而不实,华而不实,meaning_choice,upper,"{""choices"": [""小学教辅常见成语"", ""急得不能再等"", ""智谋很多"", ""到哪儿都能安下心来""]}"
idiom,L3,,小学教辅常见成语（四字）,卓有成效,成语;综合;小升初高频,小学成语培优全书·教辅常见,idiom-l3-0910,idiom:卓有成效,recite,idiom:卓有成效,卓有成效,recite,all,
idiom,L3,,下面的写法对不对？,对,成语;综合;小升初高频,小学成语培优全书·教辅常见,idiom-l3-0910:char_judge,idiom:卓有成效,char_judge,idiom:卓有成效,卓有成效,char_judge,lower,"{""display"": ""卓有成效""}"
idiom,L3,,「卓有成效」的意思是？,小学教辅常见成语,成语;综合;小升初高频,小学成语培优全书·教辅常见,idiom-l3-0910:meaning_choice,idiom:卓有成效,meaning_choice,idiom:卓有成效,卓有成效,meaning_choice,upper,"{""choices"": [""到处都可以当作家"", ""小学教辅常见成语"", ""吓得不知道该怎么办"", ""风很轻、雨很细""]}"
idiom,L3,,小学教辅常见成语（四字）,单刀直入,成语;综合;小升初高频,小学成语培优全书·教辅常见,idiom-l3-0911,idiom:单刀直入,recite,idiom:单刀直入,单刀直入,recite,all,
idiom,L3,,下面的写法对不对？,对,成语;综合;小升初高频,小学成语培优全书·教辅常见,idiom-l3-0911:char_judge,idiom:单刀直入,char_judge,idiom:单刀直入,单刀直入,char_judge,lower,"{""display"": ""单刀直入""}"
idiom,L3,,「单刀直入」的意思是？,小学教辅常见成语,成语;综合;小升初高频,小学成语培优全书·教辅常见,idiom-l3-0911:meaning_choice,idiom:单刀直入,meaning_choice,idiom:单刀直入,单刀直入,meaning_choice,upper,"{""choices"": [""小学教辅常见成语"", ""不慌不忙"", ""跃跃欲试、准备动手"", ""小声地私下说话""]}"
idiom,L3,,小学教辅常见成语（四字）,博大精深,成语;综合;小升初高频,小学成语培优全书·教辅常见,idiom-l3-0912,idiom:博大精深,recite,idiom:博大精深,博大精深,recite,all,
idiom,L3,,下面的写法对不对？,对,成语;综合;小升初高频,小学成语培优全书·教辅常见,idiom-l3-0912:char_judge,idiom:博大精深,char_judge,idiom:博大精深,博大精深,char_judge,lower,"{""display"": ""博大精深""}"
idiom,L3,,「博大精深」的意思是？,小学教辅常见成语,成语;综合;小升初高频,小学成语培优全书·教辅常见,idiom-l3-0912:meaning_choice,idiom:博大精深,meaning_choice,idiom:博大精深,博大精深,meaning_choice,upper,"{""choices"": [""没有尽头"", ""找出事物的根由"", ""小学教辅常见成语"", ""秋风轻轻吹""]}"
idiom,L3,,小学教辅常见成语（四字）,危言耸听,成语;综合;小升初高频,小学成语培优全书·教辅常见,idiom-l3-0913,idiom:危言耸听,recite,idiom:危言耸听,危言耸听,recite,all,
idiom,L3,,下面的写法对不对？,错,成语;综合;小升初高频,小学成语培优全书·教辅常见,idiom-l3-0913:char_judge,idiom:危言耸听,char_judge,idiom:危言耸听,危言耸听,char_judge,lower,"{""display"": ""危言甲听""}"
idiom,L3,,「危言耸听」的意思是？,小学教辅常见成语,成语;综合;小升初高频,小学成语培优全书·教辅常见,idiom-l3-0913:meaning_choice,idiom:危言耸听,meaning_choice,idiom:危言耸听,危言耸听,meaning_choice,upper,"{""choices"": [""把东西完好无损地归还原主"", ""小学教辅常见成语"", ""非常安静"", ""说话直截了当，一下子说到要害""]}"
idiom,L3,,小学教辅常见成语（四字）,厚此薄彼,成语;综合;小升初高频,小学成语培优全书·教辅常见,idiom-l3-0914,idiom:厚此薄彼,recite,idiom:厚此薄彼,厚此薄彼,recite,all,
idiom,L3,,下面的写法对不对？,对,成语;综合;小升初高频,小学成语培优全书·教辅常见,idiom-l3-0914:char_judge,idiom:厚此薄彼,char_judge,idiom:厚此薄彼,厚此薄彼,char_judge,lower,"{""display"": ""厚此薄彼""}"
idiom,L3,,「厚此薄彼」的意思是？,小学教辅常见成语,成语;综合;小升初高频,小学成语培优全书·教辅常见,idiom-l3-0914:meaning_choice,idiom:厚此薄彼,meaning_choice,idiom:厚此薄彼,厚此薄彼,meaning_choice,upper,"{""choices"": [""不知该哭还是该笑"", ""小学教辅常见成语"", ""与学习有关的成语"", ""与学习有关的成语""]}"
idiom,L3,,小学教辅常见成语（四字）,原封不动,成语;综合;小升初高频,小学成语培优全书·教辅常见,idiom-l3-0915,idiom:原封不动,recite,idiom:原封不动,原封不动,recite,all,
idiom,L3,,下面的写法对不对？,对,成语;综合;小升初高频,小学成语培优全书·教辅常见,idiom-l3-0915:char_judge,idiom:原封不动,char_judge,idiom:原封不动,原封不动,char_judge,lower,"{""display"": ""原封不动""}"
idiom,L3,,「原封不动」的意思是？,小学教辅常见成语,成语;综合;小升初高频,小学成语培优全书·教辅常见,idiom-l3-0915:meaning_choice,idiom:原封不动,meaning_choice,idiom:原封不动,原封不动,meaning_choice,upper,"{""choices"": [""自己跟自己说话"", ""小学教辅常见成语"", ""大声地笑"", ""疑神疑鬼，自己吓自己""]}"
idiom,L3,,小学教辅常见成语（四字）,原形毕露,成语;综合;小升初高频,小学成语培优全书·教辅常见,idiom-l3-0916,idiom:原形毕露,recite,idiom:原形毕露,原形毕露,recite,all,
idiom,L3,,下面的写法对不对？,对,成语;综合;小升初高频,小学成语培优全书·教辅常见,idiom-l3-0916:char_judge,idiom:原形毕露,char_judge,idiom:原形毕露,原形毕露,char_judge,lower,"{""display"": ""原形毕露""}"
idiom,L3,,「原形毕露」的意思是？,小学教辅常见成语,成语;综合;小升初高频,小学成语培优全书·教辅常见,idiom-l3-0916:meaning_choice,idiom:原形毕露,meaning_choice,idiom:原形毕露,原形毕露,meaning_choice,upper,"{""choices"": [""很少的几句话"", ""小学教辅常见成语"", ""想出和别人不一样的办法"", ""雪片又大又密""]}"
idiom,L3,,小学教辅常见成语（四字）,双管齐下,成语;综合;小升初高频,小学成语培优全书·教辅常见,idiom-l3-0917,idiom:双管齐下,recite,idiom:双管齐下,双管齐下,recite,all,
idiom,L3,,下面的写法对不对？,错,成语;综合;小升初高频,小学成语培优全书·教辅常见,idiom-l3-0917:char_judge,idiom:双管齐下,char_judge,idiom:双管齐下,双管齐下,char_judge,lower,"{""display"": ""双管齐甲""}"
idiom,L3,,「双管齐下」的意思是？,小学教辅常见成语,成语;综合;小升初高频,小学成语培优全书·教辅常见,idiom-l3-0917:meaning_choice,idiom:双管齐下,meaning_choice,idiom:双管齐下,双管齐下,meaning_choice,upper,"{""choices"": [""百姓生活在极端困苦中"", ""舍不得离开"", ""情况变了还用老办法"", ""小学教辅常见成语""]}"
idiom,L3,,小学教辅常见成语（四字）,反败为胜,成语;综合;小升初高频,小学成语培优全书·教辅常见,idiom-l3-0918,idiom:反败为胜,recite,idiom:反败为胜,反败为胜,recite,all,
idiom,L3,,下面的写法对不对？,错,成语;综合;小升初高频,小学成语培优全书·教辅常见,idiom-l3-0918:char_judge,idiom:反败为胜,char_judge,idiom:反败为胜,反败为胜,char_judge,lower,"{""display"": ""反甲为胜""}"
idiom,L3,,「反败为胜」的意思是？,小学教辅常见成语,成语;综合;小升初高频,小学成语培优全书·教辅常见,idiom-l3-0918:meaning_choice,idiom:反败为胜,meaning_choice,idiom:反败为胜,反败为胜,meaning_choice,upper,"{""choices"": [""从一片落叶知道秋天到了"", ""占据高处，向下俯视"", ""精神力气都用尽了"", ""小学教辅常见成语""]}"
idiom,L3,,小学教辅常见成语（四字）,反躬自省,成语;综合;小升初高频,小学成语培优全书·教辅常见,idiom-l3-0919,idiom:反躬自省,recite,idiom:反躬自省,反躬自省,recite,all,
idiom,L3,,下面的写法对不对？,错,成语;综合;小升初高频,小学成语培优全书·教辅常见,idiom-l3-0919:char_judge,idiom:反躬自省,char_judge,idiom:反躬自省,反躬自省,char_judge,lower,"{""display"": ""反躬自甲""}"
idiom,L3,,「反躬自省」的意思是？,小学教辅常见成语,成语;综合;小升初高频,小学成语培优全书·教辅常见,idiom-l3-0919:meaning_choice,idiom:反躬自省,meaning_choice,idiom:反躬自省,反躬自省,meaning_choice,upper,"{""choices"": [""跃跃欲试、准备动手"", ""小学教辅常见成语"", ""描写冬天的成语"", ""又刮风又下雨""]}"
idiom,L3,,小学教辅常见成语（四字）,发号施令,成语;综合;小升初高频,小学成语培优全书·教辅常见,idiom-l3-0920,idiom:发号施令,recite,idiom:发号施令,发号施令,recite,all,
idiom,L3,,下面的写法对不对？,对,成语;综合;小升初高频,小学成语培优全书·教辅常见,idiom-l3-0920:char_judge,idiom:发号施令,char_judge,idiom:发号施令,发号施令,char_judge,lower,"{""display"": ""发号施令""}"
idiom,L3,,「发号施令」的意思是？,小学教辅常见成语,成语;综合;小升初高频,小学成语培优全书·教辅常见,idiom-l3-0920:meaning_choice,idiom:发号施令,meaning_choice,idiom:发号施令,发号施令,meaning_choice,upper,"{""choices"": [""自己控制不住感情"", ""小学教辅常见成语"", ""秋风轻轻吹"", ""百姓生活在极端困苦中""]}"
idiom,L3,,小学教辅常见成语（四字）,发愤图强,成语;综合;小升初高频,小学成语培优全书·教辅常见,idiom-l3-0921,idiom:发愤图强,recite,idiom:发愤图强,发愤图强,recite,all,
idiom,L3,,下面的写法对不对？,错,成语;综合;小升初高频,小学成语培优全书·教辅常见,idiom-l3-0921:char_judge,idiom:发愤图强,char_judge,idiom:发愤图强,发愤图强,char_judge,lower,"{""display"": ""发愤图甲""}"
idiom,L3,,「发愤图强」的意思是？,小学教辅常见成语,成语;综合;小升初高频,小学成语培优全书·教辅常见,idiom-l3-0921:meaning_choice,idiom:发愤图强,meaning_choice,idiom:发愤图强,发愤图强,meaning_choice,upper,"{""choices"": [""这边看看那边看看"", ""这边看看那边看看"", ""小学教辅常见成语"", ""不慌不忙""]}"
idiom,L3,,小学教辅常见成语（四字）,取长补短,成语;综合;小升初高频,小学成语培优全书·教辅常见,idiom-l3-0922,idiom:取长补短,recite,idiom:取长补短,取长补短,recite,all,
idiom,L3,,下面的写法对不对？,错,成语;综合;小升初高频,小学成语培优全书·教辅常见,idiom-l3-0922:char_judge,idiom:取长补短,char_judge,idiom:取长补短,取长补短,char_judge,lower,"{""display"": ""取长补甲""}"
idiom,L3,,「取长补短」的意思是？,小学教辅常见成语,成语;综合;小升初高频,小学成语培优全书·教辅常见,idiom-l3-0922:meaning_choice,idiom:取长补短,meaning_choice,idiom:取长补短,取长补短,meaning_choice,upper,"{""choices"": [""做事非常顺手"", ""小学教辅常见成语"", ""又刮风又下雨"", ""正宗高雅的音乐""]}"
idiom,L3,,小学教辅常见成语（四字）,变化无常,成语;综合;小升初高频,小学成语培优全书·教辅常见,idiom-l3-0924,idiom:变化无常,recite,idiom:变化无常,变化无常,recite,all,
idiom,L3,,下面的写法对不对？,错,成语;综合;小升初高频,小学成语培优全书·教辅常见,idiom-l3-0924:char_judge,idiom:变化无常,char_judge,idiom:变化无常,变化无常,char_judge,lower,"{""display"": ""变甲无常""}"
idiom,L3,,「变化无常」的意思是？,小学教辅常见成语,成语;综合;小升初高频,小学成语培优全书·教辅常见,idiom-l3-0924:meaning_choice,idiom:变化无常,meaning_choice,idiom:变化无常,变化无常,meaning_choice,upper,"{""choices"": [""很想马上试一试"", ""小学教辅常见成语"", ""微风轻轻吹"", ""笑得直不起腰""]}"
idiom,L3,,小学教辅常见成语（四字）,变幻莫测,成语;综合;小升初高频,小学成语培优全书·教辅常见,idiom-l3-0925,idiom:变幻莫测,recite,idiom:变幻莫测,变幻莫测,recite,all,
idiom,L3,,下面的写法对不对？,对,成语;综合;小升初高频,小学成语培优全书·教辅常见,idiom-l3-0925:char_judge,idiom:变幻莫测,char_judge,idiom:变幻莫测,变幻莫测,char_judge,lower,"{""display"": ""变幻莫测""}"
idiom,L3,,「变幻莫测」的意思是？,小学教辅常见成语,成语;综合;小升初高频,小学成语培优全书·教辅常见,idiom-l3-0925:meaning_choice,idiom:变幻莫测,meaning_choice,idiom:变幻莫测,变幻莫测,meaning_choice,upper,"{""choices"": [""样子各不相同"", ""小学教辅常见成语"", ""又刮风又下雨"", ""名声和实际相符""]}"
idiom,L3,,小学教辅常见成语（四字）,口是心非,成语;综合;小升初高频,小学成语培优全书·教辅常见,idiom-l3-0926,idiom:口是心非,recite,idiom:口是心非,口是心非,recite,all,
idiom,L3,,下面的写法对不对？,错,成语;综合;小升初高频,小学成语培优全书·教辅常见,idiom-l3-0926:char_judge,idiom:口是心非,char_judge,idiom:口是心非,口是心非,char_judge,lower,"{""display"": ""甲是心非""}"
idiom,L3,,「口是心非」的意思是？,小学教辅常见成语,成语;综合;小升初高频,小学成语培优全书·教辅常见,idiom-l3-0926:meaning_choice,idiom:口是心非,meaning_choice,idiom:口是心非,口是心非,meaning_choice,upper,"{""choices"": [""到了山和水的尽头，没有出路"", ""说得很动听讨人喜欢"", ""眼睛明亮、牙齿洁白"", ""小学教辅常见成语""]}"
idiom,L3,,小学教辅常见成语（四字）,口若悬河,成语;综合;小升初高频,小学成语培优全书·教辅常见,idiom-l3-0927,idiom:口若悬河,recite,idiom:口若悬河,口若悬河,recite,all,
idiom,L3,,下面的写法对不对？,对,成语;综合;小升初高频,小学成语培优全书·教辅常见,idiom-l3-0927:char_judge,idiom:口若悬河,char_judge,idiom:口若悬河,口若悬河,char_judge,lower,"{""display"": ""口若悬河""}"
idiom,L3,,「口若悬河」的意思是？,小学教辅常见成语,成语;综合;小升初高频,小学成语培优全书·教辅常见,idiom-l3-0927:meaning_choice,idiom:口若悬河,meaning_choice,idiom:口若悬河,口若悬河,meaning_choice,upper,"{""choices"": [""小学教辅常见成语"", ""这边看看那边看看"", ""这边看看那边看看"", ""与学习有关的成语""]}"
idiom,L3,,小学教辅常见成语（四字）,古往今来,成语;综合;小升初高频,小学成语培优全书·教辅常见,idiom-l3-0928,idiom:古往今来,recite,idiom:古往今来,古往今来,recite,all,
idiom,L3,,下面的写法对不对？,对,成语;综合;小升初高频,小学成语培优全书·教辅常见,idiom-l3-0928:char_judge,idiom:古往今来,char_judge,idiom:古往今来,古往今来,char_judge,lower,"{""display"": ""古往今来""}"
idiom,L3,,「古往今来」的意思是？,小学教辅常见成语,成语;综合;小升初高频,小学成语培优全书·教辅常见,idiom-l3-0928:meaning_choice,idiom:古往今来,meaning_choice,idiom:古往今来,古往今来,meaning_choice,upper,"{""choices"": [""小学教辅常见成语"", ""事故很多的时期"", ""描写品质的成语"", ""描写品质的成语""]}"
idiom,L3,,小学教辅常见成语（四字）,古树参天,成语;综合;小升初高频,小学成语培优全书·教辅常见,idiom-l3-0929,idiom:古树参天,recite,idiom:古树参天,古树参天,recite,all,
idiom,L3,,下面的写法对不对？,对,成语;综合;小升初高频,小学成语培优全书·教辅常见,idiom-l3-0929:char_judge,idiom:古树参天,char_judge,idiom:古树参天,古树参天,char_judge,lower,"{""display"": ""古树参天""}"
idiom,L3,,「古树参天」的意思是？,小学教辅常见成语,成语;综合;小升初高频,小学成语培优全书·教辅常见,idiom-l3-0929:meaning_choice,idiom:古树参天,meaning_choice,idiom:古树参天,古树参天,meaning_choice,upper,"{""choices"": [""一直坚持，不放弃"", ""说得很动听讨人喜欢"", ""恭敬地向老师求教"", ""小学教辅常见成语""]}"
idiom,L3,,小学教辅常见成语（四字）,古色古香,成语;综合;小升初高频,小学成语培优全书·教辅常见,idiom-l3-0930,idiom:古色古香,recite,idiom:古色古香,古色古香,recite,all,
idiom,L3,,下面的写法对不对？,错,成语;综合;小升初高频,小学成语培优全书·教辅常见,idiom-l3-0930:char_judge,idiom:古色古香,char_judge,idiom:古色古香,古色古香,char_judge,lower,"{""display"": ""古甲古香""}"
idiom,L3,,「古色古香」的意思是？,小学教辅常见成语,成语;综合;小升初高频,小学成语培优全书·教辅常见,idiom-l3-0930:meaning_choice,idiom:古色古香,meaning_choice,idiom:古色古香,古色古香,meaning_choice,upper,"{""choices"": [""有很多话要说"", ""无家可归，四处流浪"", ""人长寿，收成好"", ""小学教辅常见成语""]}"
idiom,L3,,小学教辅常见成语（四字）,可乘之机,成语;综合;小升初高频,小学成语培优全书·教辅常见,idiom-l3-0931,idiom:可乘之机,recite,idiom:可乘之机,可乘之机,recite,all,
idiom,L3,,下面的写法对不对？,对,成语;综合;小升初高频,小学成语培优全书·教辅常见,idiom-l3-0931:char_judge,idiom:可乘之机,char_judge,idiom:可乘之机,可乘之机,char_judge,lower,"{""display"": ""可乘之机""}"
idiom,L3,,「可乘之机」的意思是？,小学教辅常见成语,成语;综合;小升初高频,小学成语培优全书·教辅常见,idiom-l3-0931:meaning_choice,idiom:可乘之机,meaning_choice,idiom:可乘之机,可乘之机,meaning_choice,upper,"{""choices"": [""得到帮助后更强"", ""本领很大，像能驾着云雾飞"", ""小学教辅常见成语"", ""大得看不到边""]}"
idiom,L3,,小学教辅常见成语（四字）,可歌可泣,成语;综合;小升初高频,小学成语培优全书·教辅常见,idiom-l3-0932,idiom:可歌可泣,recite,idiom:可歌可泣,可歌可泣,recite,all,
idiom,L3,,下面的写法对不对？,错,成语;综合;小升初高频,小学成语培优全书·教辅常见,idiom-l3-0932:char_judge,idiom:可歌可泣,char_judge,idiom:可歌可泣,可歌可泣,char_judge,lower,"{""display"": ""可甲可泣""}"
idiom,L3,,「可歌可泣」的意思是？,小学教辅常见成语,成语;综合;小升初高频,小学成语培优全书·教辅常见,idiom-l3-0932:meaning_choice,idiom:可歌可泣,meaning_choice,idiom:可歌可泣,可歌可泣,meaning_choice,upper,"{""choices"": [""舍不得离开"", ""生活在优裕的环境里"", ""小学教辅常见成语"", ""人长寿，收成好""]}"
idiom,L3,,小学教辅常见成语（四字）,史无前例,成语;综合;小升初高频,小学成语培优全书·教辅常见,idiom-l3-0933,idiom:史无前例,recite,idiom:史无前例,史无前例,recite,all,
idiom,L3,,下面的写法对不对？,对,成语;综合;小升初高频,小学成语培优全书·教辅常见,idiom-l3-0933:char_judge,idiom:史无前例,char_judge,idiom:史无前例,史无前例,char_judge,lower,"{""display"": ""史无前例""}"
idiom,L3,,「史无前例」的意思是？,小学教辅常见成语,成语;综合;小升初高频,小学成语培优全书·教辅常见,idiom-l3-0933:meaning_choice,idiom:史无前例,meaning_choice,idiom:史无前例,史无前例,meaning_choice,upper,"{""choices"": [""气势像高山大河一样雄伟"", ""高兴得眉眼都舒展开"", ""小学教辅常见成语"", ""累得一点力气也没有""]}"
idiom,L3,,小学教辅常见成语（四字）,吃苦耐劳,成语;综合;小升初高频,小学成语培优全书·教辅常见,idiom-l3-0935,idiom:吃苦耐劳,recite,idiom:吃苦耐劳,吃苦耐劳,recite,all,
idiom,L3,,下面的写法对不对？,对,成语;综合;小升初高频,小学成语培优全书·教辅常见,idiom-l3-0935:char_judge,idiom:吃苦耐劳,char_judge,idiom:吃苦耐劳,吃苦耐劳,char_judge,lower,"{""display"": ""吃苦耐劳""}"
idiom,L3,,「吃苦耐劳」的意思是？,小学教辅常见成语,成语;综合;小升初高频,小学成语培优全书·教辅常见,idiom-l3-0935:meaning_choice,idiom:吃苦耐劳,meaning_choice,idiom:吃苦耐劳,吃苦耐劳,meaning_choice,upper,"{""choices"": [""小学教辅常见成语"", ""天空一片晴朗"", ""想出和别人不一样的办法"", ""字写得有气势""]}"
idiom,L3,,小学教辅常见成语（四字）,各奔前程,成语;综合;小升初高频,小学成语培优全书·教辅常见,idiom-l3-0936,idiom:各奔前程,recite,idiom:各奔前程,各奔前程,recite,all,
idiom,L3,,下面的写法对不对？,错,成语;综合;小升初高频,小学成语培优全书·教辅常见,idiom-l3-0936:char_judge,idiom:各奔前程,char_judge,idiom:各奔前程,各奔前程,char_judge,lower,"{""display"": ""甲奔前程""}"
idiom,L3,,「各奔前程」的意思是？,小学教辅常见成语,成语;综合;小升初高频,小学成语培优全书·教辅常见,idiom-l3-0936:meaning_choice,idiom:各奔前程,meaning_choice,idiom:各奔前程,各奔前程,meaning_choice,upper,"{""choices"": [""没有真本事却混在里面"", ""什么植物都长不出来"", ""小学教辅常见成语"", ""著名的高山和大河""]}"
idiom,L3,,小学教辅常见成语（四字）,各得其所,成语;综合;小升初高频,小学成语培优全书·教辅常见,idiom-l3-0937,idiom:各得其所,recite,idiom:各得其所,各得其所,recite,all,
idiom,L3,,下面的写法对不对？,错,成语;综合;小升初高频,小学成语培优全书·教辅常见,idiom-l3-0937:char_judge,idiom:各得其所,char_judge,idiom:各得其所,各得其所,char_judge,lower,"{""display"": ""各甲其所""}"
idiom,L3,,「各得其所」的意思是？,小学教辅常见成语,成语;综合;小升初高频,小学成语培优全书·教辅常见,idiom-l3-0937:meaning_choice,idiom:各得其所,meaning_choice,idiom:各得其所,各得其所,meaning_choice,upper,"{""choices"": [""小学教辅常见成语"", ""描摹得十分逼真"", ""各自拿出本事"", ""眼睛手都很快""]}"
idiom,L3,,小学教辅常见成语（四字）,各抒己见,成语;综合;小升初高频,小学成语培优全书·教辅常见,idiom-l3-0938,idiom:各抒己见,recite,idiom:各抒己见,各抒己见,recite,all,
idiom,L3,,下面的写法对不对？,错,成语;综合;小升初高频,小学成语培优全书·教辅常见,idiom-l3-0938:char_judge,idiom:各抒己见,char_judge,idiom:各抒己见,各抒己见,char_judge,lower,"{""display"": ""各抒已见""}"
idiom,L3,,「各抒己见」的意思是？,小学教辅常见成语,成语;综合;小升初高频,小学成语培优全书·教辅常见,idiom-l3-0938:meaning_choice,idiom:各抒己见,meaning_choice,idiom:各抒己见,各抒己见,meaning_choice,upper,"{""choices"": [""生活安定，工作愉快"", ""有些信、有些不信"", ""出自寓言故事的成语"", ""小学教辅常见成语""]}"
idiom,L3,,小学教辅常见成语（四字）,各行其是,成语;综合;小升初高频,小学成语培优全书·教辅常见,idiom-l3-0939,idiom:各行其是,recite,idiom:各行其是,各行其是,recite,all,
idiom,L3,,下面的写法对不对？,错,成语;综合;小升初高频,小学成语培优全书·教辅常见,idiom-l3-0939:char_judge,idiom:各行其是,char_judge,idiom:各行其是,各行其是,char_judge,lower,"{""display"": ""各行甲是""}"
idiom,L3,,「各行其是」的意思是？,小学教辅常见成语,成语;综合;小升初高频,小学成语培优全书·教辅常见,idiom-l3-0939:meaning_choice,idiom:各行其是,meaning_choice,idiom:各行其是,各行其是,meaning_choice,upper,"{""choices"": [""与时间有关的成语"", ""与时间有关的成语"", ""与时间有关的成语"", ""小学教辅常见成语""]}"
idiom,L3,,小学教辅常见成语（四字）,同归于尽,成语;综合;小升初高频,小学成语培优全书·教辅常见,idiom-l3-0940,idiom:同归于尽,recite,idiom:同归于尽,同归于尽,recite,all,
idiom,L3,,下面的写法对不对？,对,成语;综合;小升初高频,小学成语培优全书·教辅常见,idiom-l3-0940:char_judge,idiom:同归于尽,char_judge,idiom:同归于尽,同归于尽,char_judge,lower,"{""display"": ""同归于尽""}"
idiom,L3,,「同归于尽」的意思是？,小学教辅常见成语,成语;综合;小升初高频,小学成语培优全书·教辅常见,idiom-l3-0940:meaning_choice,idiom:同归于尽,meaning_choice,idiom:同归于尽,同归于尽,meaning_choice,upper,"{""choices"": [""书一直拿在手里，非常爱读"", ""小学教辅常见成语"", ""声音大得耳朵都要聋了"", ""眼睛明亮、牙齿洁白""]}"
idiom,L3,,小学教辅常见成语（四字）,同心同德,成语;综合;小升初高频,小学成语培优全书·教辅常见,idiom-l3-0942,idiom:同心同德,recite,idiom:同心同德,同心同德,recite,all,
idiom,L3,,下面的写法对不对？,错,成语;综合;小升初高频,小学成语培优全书·教辅常见,idiom-l3-0942:char_judge,idiom:同心同德,char_judge,idiom:同心同德,同心同德,char_judge,lower,"{""display"": ""同必同德""}"
idiom,L3,,「同心同德」的意思是？,小学教辅常见成语,成语;综合;小升初高频,小学成语培优全书·教辅常见,idiom-l3-0942:meaning_choice,idiom:同心同德,meaning_choice,idiom:同心同德,同心同德,meaning_choice,upper,"{""choices"": [""夜里不用关门，社会安定"", ""周围各个方向"", ""小学教辅常见成语"", ""比谁更美丽出众""]}"
idiom,L3,,小学教辅常见成语（四字）,同流合污,成语;综合;小升初高频,小学成语培优全书·教辅常见,idiom-l3-0943,idiom:同流合污,recite,idiom:同流合污,同流合污,recite,all,
idiom,L3,,下面的写法对不对？,错,成语;综合;小升初高频,小学成语培优全书·教辅常见,idiom-l3-0943:char_judge,idiom:同流合污,char_judge,idiom:同流合污,同流合污,char_judge,lower,"{""display"": ""同流甲污""}"
idiom,L3,,「同流合污」的意思是？,小学教辅常见成语,成语;综合;小升初高频,小学成语培优全书·教辅常见,idiom-l3-0943:meaning_choice,idiom:同流合污,meaning_choice,idiom:同流合污,同流合污,meaning_choice,upper,"{""choices"": [""小学教辅常见成语"", ""恭敬地向老师求教"", ""描写神态的成语"", ""描写神态的成语""]}"
idiom,L3,,小学教辅常见成语（四字）,同甘共苦,成语;综合;小升初高频,小学成语培优全书·教辅常见,idiom-l3-0944,idiom:同甘共苦,recite,idiom:同甘共苦,同甘共苦,recite,all,
idiom,L3,,下面的写法对不对？,错,成语;综合;小升初高频,小学成语培优全书·教辅常见,idiom-l3-0944:char_judge,idiom:同甘共苦,char_judge,idiom:同甘共苦,同甘共苦,char_judge,lower,"{""display"": ""同甲共苦""}"
idiom,L3,,「同甘共苦」的意思是？,小学教辅常见成语,成语;综合;小升初高频,小学成语培优全书·教辅常见,idiom-l3-0944:meaning_choice,idiom:同甘共苦,meaning_choice,idiom:同甘共苦,同甘共苦,meaning_choice,upper,"{""choices"": [""小学教辅常见成语"", ""到哪儿都能安下心来"", ""一直不停地流"", ""得意得忘了自己是谁""]}"
idiom,L3,,小学教辅常见成语（四字）,同病相怜,成语;综合;小升初高频,小学成语培优全书·教辅常见,idiom-l3-0945,idiom:同病相怜,recite,idiom:同病相怜,同病相怜,recite,all,
idiom,L3,,下面的写法对不对？,对,成语;综合;小升初高频,小学成语培优全书·教辅常见,idiom-l3-0945:char_judge,idiom:同病相怜,char_judge,idiom:同病相怜,同病相怜,char_judge,lower,"{""display"": ""同病相怜""}"
idiom,L3,,「同病相怜」的意思是？,小学教辅常见成语,成语;综合;小升初高频,小学成语培优全书·教辅常见,idiom-l3-0945:meaning_choice,idiom:同病相怜,meaning_choice,idiom:同病相怜,同病相怜,meaning_choice,upper,"{""choices"": [""小学教辅常见成语"", ""描写外貌的成语"", ""描写外貌的成语"", ""描写外貌的成语""]}"
idiom,L3,,小学教辅常见成语（四字）,同舟共济,成语;综合;小升初高频,小学成语培优全书·教辅常见,idiom-l3-0946,idiom:同舟共济,recite,idiom:同舟共济,同舟共济,recite,all,
idiom,L3,,下面的写法对不对？,错,成语;综合;小升初高频,小学成语培优全书·教辅常见,idiom-l3-0946:char_judge,idiom:同舟共济,char_judge,idiom:同舟共济,同舟共济,char_judge,lower,"{""display"": ""同舟共甲""}"
idiom,L3,,「同舟共济」的意思是？,小学教辅常见成语,成语;综合;小升初高频,小学成语培优全书·教辅常见,idiom-l3-0946:meaning_choice,idiom:同舟共济,meaning_choice,idiom:同舟共济,同舟共济,meaning_choice,upper,"{""choices"": [""举止文雅"", ""小学教辅常见成语"", ""大体很好，还有一点缺憾"", ""抬起头、挺起胸，很有精神""]}"
idiom,L3,,小学教辅常见成语（四字）,名不副实,成语;综合;小升初高频,小学成语培优全书·教辅常见,idiom-l3-0947,idiom:名不副实,recite,idiom:名不副实,名不副实,recite,all,
idiom,L3,,下面的写法对不对？,错,成语;综合;小升初高频,小学成语培优全书·教辅常见,idiom-l3-0947:char_judge,idiom:名不副实,char_judge,idiom:名不副实,名不副实,char_judge,lower,"{""display"": ""甲不副实""}"
idiom,L3,,「名不副实」的意思是？,小学教辅常见成语,成语;综合;小升初高频,小学成语培优全书·教辅常见,idiom-l3-0947:meaning_choice,idiom:名不副实,meaning_choice,idiom:名不副实,名不副实,meaning_choice,upper,"{""choices"": [""笑得直不起腰"", ""小学教辅常见成语"", ""高兴得自己都受不住"", ""没想到的好事让人高兴""]}"
idiom,L3,,小学教辅常见成语（四字）,名列前茅,成语;综合;小升初高频,小学成语培优全书·教辅常见,idiom-l3-0949,idiom:名列前茅,recite,idiom:名列前茅,名列前茅,recite,all,
idiom,L3,,下面的写法对不对？,对,成语;综合;小升初高频,小学成语培优全书·教辅常见,idiom-l3-0949:char_judge,idiom:名列前茅,char_judge,idiom:名列前茅,名列前茅,char_judge,lower,"{""display"": ""名列前茅""}"
idiom,L3,,「名列前茅」的意思是？,小学教辅常见成语,成语;综合;小升初高频,小学成语培优全书·教辅常见,idiom-l3-0949:meaning_choice,idiom:名列前茅,meaning_choice,idiom:名列前茅,名列前茅,meaning_choice,upper,"{""choices"": [""小学教辅常见成语"", ""举止文雅"", ""精简机构、减少人员"", ""什么植物都长不出来""]}"
idiom,L3,,小学教辅常见成语（四字）,名副其实,成语;综合;小升初高频,小学成语培优全书·教辅常见,idiom-l3-0950,idiom:名副其实,recite,idiom:名副其实,名副其实,recite,all,
idiom,L3,,下面的写法对不对？,对,成语;综合;小升初高频,小学成语培优全书·教辅常见,idiom-l3-0950:char_judge,idiom:名副其实,char_judge,idiom:名副其实,名副其实,char_judge,lower,"{""display"": ""名副其实""}"
idiom,L3,,「名副其实」的意思是？,小学教辅常见成语,成语;综合;小升初高频,小学成语培优全书·教辅常见,idiom-l3-0950:meaning_choice,idiom:名副其实,meaning_choice,idiom:名副其实,名副其实,meaning_choice,upper,"{""choices"": [""心里着急、烦躁"", ""举止文雅"", ""一直坚持，不放弃"", ""小学教辅常见成语""]}"
idiom,L3,,小学教辅常见成语（四字）,名存实亡,成语;综合;小升初高频,小学成语培优全书·教辅常见,idiom-l3-0951,idiom:名存实亡,recite,idiom:名存实亡,名存实亡,recite,all,
idiom,L3,,下面的写法对不对？,错,成语;综合;小升初高频,小学成语培优全书·教辅常见,idiom-l3-0951:char_judge,idiom:名存实亡,char_judge,idiom:名存实亡,名存实亡,char_judge,lower,"{""display"": ""名存实甲""}"
idiom,L3,,「名存实亡」的意思是？,小学教辅常见成语,成语;综合;小升初高频,小学成语培优全书·教辅常见,idiom-l3-0951:meaning_choice,idiom:名存实亡,meaning_choice,idiom:名存实亡,名存实亡,meaning_choice,upper,"{""choices"": [""含有数字的成语"", ""含有数字的成语"", ""含有数字的成语"", ""小学教辅常见成语""]}"
idiom,L3,,小学教辅常见成语（四字）,后患无穷,成语;综合;小升初高频,小学成语培优全书·教辅常见,idiom-l3-0952,idiom:后患无穷,recite,idiom:后患无穷,后患无穷,recite,all,
idiom,L3,,下面的写法对不对？,错,成语;综合;小升初高频,小学成语培优全书·教辅常见,idiom-l3-0952:char_judge,idiom:后患无穷,char_judge,idiom:后患无穷,后患无穷,char_judge,lower,"{""display"": ""甲患无穷""}"
idiom,L3,,「后患无穷」的意思是？,小学教辅常见成语,成语;综合;小升初高频,小学成语培优全书·教辅常见,idiom-l3-0952:meaning_choice,idiom:后患无穷,meaning_choice,idiom:后患无穷,后患无穷,meaning_choice,upper,"{""choices"": [""到哪儿都能安下心来"", ""举止文雅"", ""小学教辅常见成语"", ""形容艺术水平的成语""]}"
idiom,L3,,小学教辅常见成语（四字）,后来居上,成语;综合;小升初高频,小学成语培优全书·教辅常见,idiom-l3-0953,idiom:后来居上,recite,idiom:后来居上,后来居上,recite,all,
idiom,L3,,下面的写法对不对？,对,成语;综合;小升初高频,小学成语培优全书·教辅常见,idiom-l3-0953:char_judge,idiom:后来居上,char_judge,idiom:后来居上,后来居上,char_judge,lower,"{""display"": ""后来居上""}"
idiom,L3,,「后来居上」的意思是？,小学教辅常见成语,成语;综合;小升初高频,小学成语培优全书·教辅常见,idiom-l3-0953:meaning_choice,idiom:后来居上,meaning_choice,idiom:后来居上,后来居上,meaning_choice,upper,"{""choices"": [""乱七八糟地摆着"", ""闪电打雷"", ""说得很动听讨人喜欢"", ""小学教辅常见成语""]}"
idiom,L3,,小学教辅常见成语（四字）,后生可畏,成语;综合;小升初高频,小学成语培优全书·教辅常见,idiom-l3-0954,idiom:后生可畏,recite,idiom:后生可畏,后生可畏,recite,all,
idiom,L3,,下面的写法对不对？,对,成语;综合;小升初高频,小学成语培优全书·教辅常见,idiom-l3-0954:char_judge,idiom:后生可畏,char_judge,idiom:后生可畏,后生可畏,char_judge,lower,"{""display"": ""后生可畏""}"
idiom,L3,,「后生可畏」的意思是？,小学教辅常见成语,成语;综合;小升初高频,小学成语培优全书·教辅常见,idiom-l3-0954:meaning_choice,idiom:后生可畏,meaning_choice,idiom:后生可畏,后生可畏,meaning_choice,upper,"{""choices"": [""模仿别人反而把自己的本事忘了"", ""描写品质的成语"", ""小学教辅常见成语"", ""做事慌张没有条理""]}"
idiom,L3,,小学教辅常见成语（四字）,后继有人,成语;综合;小升初高频,小学成语培优全书·教辅常见,idiom-l3-0955,idiom:后继有人,recite,idiom:后继有人,后继有人,recite,all,
idiom,L3,,下面的写法对不对？,错,成语;综合;小升初高频,小学成语培优全书·教辅常见,idiom-l3-0955:char_judge,idiom:后继有人,char_judge,idiom:后继有人,后继有人,char_judge,lower,"{""display"": ""后继有入""}"
idiom,L3,,「后继有人」的意思是？,小学教辅常见成语,成语;综合;小升初高频,小学成语培优全书·教辅常见,idiom-l3-0955:meaning_choice,idiom:后继有人,meaning_choice,idiom:后继有人,后继有人,meaning_choice,upper,"{""choices"": [""脸上很有光彩、很有精神"", ""疑神疑鬼，自己吓自己"", ""小学教辅常见成语"", ""很少说话""]}"
idiom,L3,,小学教辅常见成语（四字）,后顾之忧,成语;综合;小升初高频,小学成语培优全书·教辅常见,idiom-l3-0956,idiom:后顾之忧,recite,idiom:后顾之忧,后顾之忧,recite,all,
idiom,L3,,下面的写法对不对？,对,成语;综合;小升初高频,小学成语培优全书·教辅常见,idiom-l3-0956:char_judge,idiom:后顾之忧,char_judge,idiom:后顾之忧,后顾之忧,char_judge,lower,"{""display"": ""后顾之忧""}"
idiom,L3,,「后顾之忧」的意思是？,小学教辅常见成语,成语;综合;小升初高频,小学成语培优全书·教辅常见,idiom-l3-0956:meaning_choice,idiom:后顾之忧,meaning_choice,idiom:后顾之忧,后顾之忧,meaning_choice,upper,"{""choices"": [""人工比自然还精巧"", ""小学教辅常见成语"", ""与学习有关的成语"", ""与学习有关的成语""]}"
idiom,L3,,小学教辅常见成语（四字）,含沙射影,成语;综合;小升初高频,小学成语培优全书·教辅常见,idiom-l3-0957,idiom:含沙射影,recite,idiom:含沙射影,含沙射影,recite,all,
idiom,L3,,下面的写法对不对？,错,成语;综合;小升初高频,小学成语培优全书·教辅常见,idiom-l3-0957:char_judge,idiom:含沙射影,char_judge,idiom:含沙射影,含沙射影,char_judge,lower,"{""display"": ""含沙射甲""}"
idiom,L3,,「含沙射影」的意思是？,小学教辅常见成语,成语;综合;小升初高频,小学成语培优全书·教辅常见,idiom-l3-0957:meaning_choice,idiom:含沙射影,meaning_choice,idiom:含沙射影,含沙射影,meaning_choice,upper,"{""choices"": [""山塌地裂，声势极大"", ""跃跃欲试、准备动手"", ""小学教辅常见成语"", ""什么都伤害不了""]}"
idiom,L3,,小学教辅常见成语（四字）,含糊其辞,成语;综合;小升初高频,小学成语培优全书·教辅常见,idiom-l3-0958,idiom:含糊其辞,recite,idiom:含糊其辞,含糊其辞,recite,all,
idiom,L3,,下面的写法对不对？,错,成语;综合;小升初高频,小学成语培优全书·教辅常见,idiom-l3-0958:char_judge,idiom:含糊其辞,char_judge,idiom:含糊其辞,含糊其辞,char_judge,lower,"{""display"": ""含甲其辞""}"
idiom,L3,,「含糊其辞」的意思是？,小学教辅常见成语,成语;综合;小升初高频,小学成语培优全书·教辅常见,idiom-l3-0958:meaning_choice,idiom:含糊其辞,meaning_choice,idiom:含糊其辞,含糊其辞,meaning_choice,upper,"{""choices"": [""完全看不见了"", ""小学教辅常见成语"", ""铺天盖地而来"", ""非常安静""]}"
idiom,L3,,小学教辅常见成语（四字）,含辛茹苦,成语;综合;小升初高频,小学成语培优全书·教辅常见,idiom-l3-0959,idiom:含辛茹苦,recite,idiom:含辛茹苦,含辛茹苦,recite,all,
idiom,L3,,下面的写法对不对？,对,成语;综合;小升初高频,小学成语培优全书·教辅常见,idiom-l3-0959:char_judge,idiom:含辛茹苦,char_judge,idiom:含辛茹苦,含辛茹苦,char_judge,lower,"{""display"": ""含辛茹苦""}"
idiom,L3,,「含辛茹苦」的意思是？,小学教辅常见成语,成语;综合;小升初高频,小学成语培优全书·教辅常见,idiom-l3-0959:meaning_choice,idiom:含辛茹苦,meaning_choice,idiom:含辛茹苦,含辛茹苦,meaning_choice,upper,"{""choices"": [""小学教辅常见成语"", ""人声嘈杂得像开了锅"", ""说话办事坚决果断"", ""很少说话""]}"
idiom,L3,,小学教辅常见成语（四字）,听天由命,成语;综合;小升初高频,小学成语培优全书·教辅常见,idiom-l3-0960,idiom:听天由命,recite,idiom:听天由命,听天由命,recite,all,
idiom,L3,,下面的写法对不对？,对,成语;综合;小升初高频,小学成语培优全书·教辅常见,idiom-l3-0960:char_judge,idiom:听天由命,char_judge,idiom:听天由命,听天由命,char_judge,lower,"{""display"": ""听天由命""}"
idiom,L3,,「听天由命」的意思是？,小学教辅常见成语,成语;综合;小升初高频,小学成语培优全书·教辅常见,idiom-l3-0960:meaning_choice,idiom:听天由命,meaning_choice,idiom:听天由命,听天由命,meaning_choice,upper,"{""choices"": [""小学教辅常见成语"", ""描写心情的成语"", ""描写心情的成语"", ""描写心情的成语""]}"
idiom,L3,,小学教辅常见成语（四字）,吹毛求疵,成语;综合;小升初高频,小学成语培优全书·教辅常见,idiom-l3-0961,idiom:吹毛求疵,recite,idiom:吹毛求疵,吹毛求疵,recite,all,
idiom,L3,,下面的写法对不对？,错,成语;综合;小升初高频,小学成语培优全书·教辅常见,idiom-l3-0961:char_judge,idiom:吹毛求疵,char_judge,idiom:吹毛求疵,吹毛求疵,char_judge,lower,"{""display"": ""吹毛求甲""}"
idiom,L3,,「吹毛求疵」的意思是？,小学教辅常见成语,成语;综合;小升初高频,小学成语培优全书·教辅常见,idiom-l3-0961:meaning_choice,idiom:吹毛求疵,meaning_choice,idiom:吹毛求疵,吹毛求疵,meaning_choice,upper,"{""choices"": [""柳树绿、花儿红"", ""为不必担心的事发愁"", ""到哪儿都能安下心来"", ""小学教辅常见成语""]}"
idiom,L3,,小学教辅常见成语（四字）,呆头呆脑,成语;综合;小升初高频,小学成语培优全书·教辅常见,idiom-l3-0962,idiom:呆头呆脑,recite,idiom:呆头呆脑,呆头呆脑,recite,all,
idiom,L3,,下面的写法对不对？,错,成语;综合;小升初高频,小学成语培优全书·教辅常见,idiom-l3-0962:char_judge,idiom:呆头呆脑,char_judge,idiom:呆头呆脑,呆头呆脑,char_judge,lower,"{""display"": ""呆头呆甲""}"
idiom,L3,,「呆头呆脑」的意思是？,小学教辅常见成语,成语;综合;小升初高频,小学成语培优全书·教辅常见,idiom-l3-0962:meaning_choice,idiom:呆头呆脑,meaning_choice,idiom:呆头呆脑,呆头呆脑,meaning_choice,upper,"{""choices"": [""自以为了不起的样子"", ""样子慈善和气"", ""万物重新生长"", ""小学教辅常见成语""]}"
idiom,L3,,小学教辅常见成语（四字）,周而复始,成语;综合;小升初高频,小学成语培优全书·教辅常见,idiom-l3-0964,idiom:周而复始,recite,idiom:周而复始,周而复始,recite,all,
idiom,L3,,下面的写法对不对？,对,成语;综合;小升初高频,小学成语培优全书·教辅常见,idiom-l3-0964:char_judge,idiom:周而复始,char_judge,idiom:周而复始,周而复始,char_judge,lower,"{""display"": ""周而复始""}"
idiom,L3,,「周而复始」的意思是？,小学教辅常见成语,成语;综合;小升初高频,小学成语培优全书·教辅常见,idiom-l3-0964:meaning_choice,idiom:周而复始,meaning_choice,idiom:周而复始,周而复始,meaning_choice,upper,"{""choices"": [""文章或动作很流畅"", ""小学教辅常见成语"", ""把东西完好无损地归还原主"", ""政事顺利，百姓和睦""]}"
idiom,L3,,小学教辅常见成语（四字）,味同嚼蜡,成语;综合;小升初高频,小学成语培优全书·教辅常见,idiom-l3-0965,idiom:味同嚼蜡,recite,idiom:味同嚼蜡,味同嚼蜡,recite,all,
idiom,L3,,下面的写法对不对？,对,成语;综合;小升初高频,小学成语培优全书·教辅常见,idiom-l3-0965:char_judge,idiom:味同嚼蜡,char_judge,idiom:味同嚼蜡,味同嚼蜡,char_judge,lower,"{""display"": ""味同嚼蜡""}"
idiom,L3,,「味同嚼蜡」的意思是？,小学教辅常见成语,成语;综合;小升初高频,小学成语培优全书·教辅常见,idiom-l3-0965:meaning_choice,idiom:味同嚼蜡,meaning_choice,idiom:味同嚼蜡,味同嚼蜡,meaning_choice,upper,"{""choices"": [""仪表端正、很有气派"", ""头摇来摇去，得意或入神"", ""高兴得眉眼都舒展开"", ""小学教辅常见成语""]}"
idiom,L3,,小学教辅常见成语（四字）,呼之欲出,成语;综合;小升初高频,小学成语培优全书·教辅常见,idiom-l3-0966,idiom:呼之欲出,recite,idiom:呼之欲出,呼之欲出,recite,all,
idiom,L3,,下面的写法对不对？,对,成语;综合;小升初高频,小学成语培优全书·教辅常见,idiom-l3-0966:char_judge,idiom:呼之欲出,char_judge,idiom:呼之欲出,呼之欲出,char_judge,lower,"{""display"": ""呼之欲出""}"
idiom,L3,,「呼之欲出」的意思是？,小学教辅常见成语,成语;综合;小升初高频,小学成语培优全书·教辅常见,idiom-l3-0966:meaning_choice,idiom:呼之欲出,meaning_choice,idiom:呼之欲出,呼之欲出,meaning_choice,upper,"{""choices"": [""自己控制不住感情"", ""特别容易被人看见"", ""举止文雅"", ""小学教辅常见成语""]}"
idiom,L3,,小学教辅常见成语（四字）,和睦相处,成语;综合;小升初高频,小学成语培优全书·教辅常见,idiom-l3-0967,idiom:和睦相处,recite,idiom:和睦相处,和睦相处,recite,all,
idiom,L3,,下面的写法对不对？,错,成语;综合;小升初高频,小学成语培优全书·教辅常见,idiom-l3-0967:char_judge,idiom:和睦相处,char_judge,idiom:和睦相处,和睦相处,char_judge,lower,"{""display"": ""和甲相处""}"
idiom,L3,,「和睦相处」的意思是？,小学教辅常见成语,成语;综合;小升初高频,小学成语培优全书·教辅常见,idiom-l3-0967:meaning_choice,idiom:和睦相处,meaning_choice,idiom:和睦相处,和睦相处,meaning_choice,upper,"{""choices"": [""脸色温和愉快"", ""在困难时给人帮助"", ""小学教辅常见成语"", ""AABC 结构的成语""]}"
idiom,L3,,小学教辅常见成语（四字）,和蔼可亲,成语;综合;小升初高频,小学成语培优全书·教辅常见,idiom-l3-0968,idiom:和蔼可亲,recite,idiom:和蔼可亲,和蔼可亲,recite,all,
idiom,L3,,下面的写法对不对？,错,成语;综合;小升初高频,小学成语培优全书·教辅常见,idiom-l3-0968:char_judge,idiom:和蔼可亲,char_judge,idiom:和蔼可亲,和蔼可亲,char_judge,lower,"{""display"": ""和甲可亲""}"
idiom,L3,,「和蔼可亲」的意思是？,小学教辅常见成语,成语;综合;小升初高频,小学成语培优全书·教辅常见,idiom-l3-0968:meaning_choice,idiom:和蔼可亲,meaning_choice,idiom:和蔼可亲,和蔼可亲,meaning_choice,upper,"{""choices"": [""样子很庄重认真"", ""一会儿看得见一会儿看不见"", ""眼睛明亮、牙齿洁白"", ""小学教辅常见成语""]}"
idiom,L3,,小学教辅常见成语（四字）,咫尺天涯,成语;综合;小升初高频,小学成语培优全书·教辅常见,idiom-l3-0969,idiom:咫尺天涯,recite,idiom:咫尺天涯,咫尺天涯,recite,all,
idiom,L3,,下面的写法对不对？,错,成语;综合;小升初高频,小学成语培优全书·教辅常见,idiom-l3-0969:char_judge,idiom:咫尺天涯,char_judge,idiom:咫尺天涯,咫尺天涯,char_judge,lower,"{""display"": ""咫尺夭涯""}"
idiom,L3,,「咫尺天涯」的意思是？,小学教辅常见成语,成语;综合;小升初高频,小学成语培优全书·教辅常见,idiom-l3-0969:meaning_choice,idiom:咫尺天涯,meaning_choice,idiom:咫尺天涯,咫尺天涯,meaning_choice,upper,"{""choices"": [""主动认错、请求责罚"", ""一切都换成了新气象"", ""小学教辅常见成语"", ""从一片落叶知道秋天到了""]}"
idiom,L3,,小学教辅常见成语（四字）,咬文嚼字,成语;综合;小升初高频,小学成语培优全书·教辅常见,idiom-l3-0970,idiom:咬文嚼字,recite,idiom:咬文嚼字,咬文嚼字,recite,all,
idiom,L3,,下面的写法对不对？,对,成语;综合;小升初高频,小学成语培优全书·教辅常见,idiom-l3-0970:char_judge,idiom:咬文嚼字,char_judge,idiom:咬文嚼字,咬文嚼字,char_judge,lower,"{""display"": ""咬文嚼字""}"
idiom,L3,,「咬文嚼字」的意思是？,小学教辅常见成语,成语;综合;小升初高频,小学成语培优全书·教辅常见,idiom-l3-0970:meaning_choice,idiom:咬文嚼字,meaning_choice,idiom:咬文嚼字,咬文嚼字,meaning_choice,upper,"{""choices"": [""小学教辅常见成语"", ""不止一个，还有配对的"", ""靠近山、靠近水"", ""生活在优裕的环境里""]}"
idiom,L3,,小学教辅常见成语（四字）,哄堂大笑,成语;综合;小升初高频,小学成语培优全书·教辅常见,idiom-l3-0971,idiom:哄堂大笑,recite,idiom:哄堂大笑,哄堂大笑,recite,all,
idiom,L3,,下面的写法对不对？,对,成语;综合;小升初高频,小学成语培优全书·教辅常见,idiom-l3-0971:char_judge,idiom:哄堂大笑,char_judge,idiom:哄堂大笑,哄堂大笑,char_judge,lower,"{""display"": ""哄堂大笑""}"
idiom,L3,,「哄堂大笑」的意思是？,小学教辅常见成语,成语;综合;小升初高频,小学成语培优全书·教辅常见,idiom-l3-0971:meaning_choice,idiom:哄堂大笑,meaning_choice,idiom:哄堂大笑,哄堂大笑,meaning_choice,upper,"{""choices"": [""小学教辅常见成语"", ""本领很大，像能驾着云雾飞"", ""样子慈善和气"", ""像是天地特意安排的，非常合适""]}"
idiom,L3,,小学教辅常见成语（四字）,哑口无言,成语;综合;小升初高频,小学成语培优全书·教辅常见,idiom-l3-0972,idiom:哑口无言,recite,idiom:哑口无言,哑口无言,recite,all,
idiom,L3,,下面的写法对不对？,错,成语;综合;小升初高频,小学成语培优全书·教辅常见,idiom-l3-0972:char_judge,idiom:哑口无言,char_judge,idiom:哑口无言,哑口无言,char_judge,lower,"{""display"": ""哑口无信""}"
idiom,L3,,「哑口无言」的意思是？,小学教辅常见成语,成语;综合;小升初高频,小学成语培优全书·教辅常见,idiom-l3-0972:meaning_choice,idiom:哑口无言,meaning_choice,idiom:哑口无言,哑口无言,meaning_choice,upper,"{""choices"": [""小学教辅常见成语"", ""本领特别大"", ""秋风轻轻吹"", ""到处是冰和雪""]}"
idiom,L3,,小学教辅常见成语（四字）,唇齿相依,成语;综合;小升初高频,小学成语培优全书·教辅常见,idiom-l3-0973,idiom:唇齿相依,recite,idiom:唇齿相依,唇齿相依,recite,all,
idiom,L3,,下面的写法对不对？,对,成语;综合;小升初高频,小学成语培优全书·教辅常见,idiom-l3-0973:char_judge,idiom:唇齿相依,char_judge,idiom:唇齿相依,唇齿相依,char_judge,lower,"{""display"": ""唇齿相依""}"
idiom,L3,,「唇齿相依」的意思是？,小学教辅常见成语,成语;综合;小升初高频,小学成语培优全书·教辅常见,idiom-l3-0973:meaning_choice,idiom:唇齿相依,meaning_choice,idiom:唇齿相依,唇齿相依,meaning_choice,upper,"{""choices"": [""无法想象，很难理解"", ""自以为了不起的样子"", ""小学教辅常见成语"", ""文笔非常出色""]}"
idiom,L3,,小学教辅常见成语（四字）,唉声叹气,成语;综合;小升初高频,小学成语培优全书·教辅常见,idiom-l3-0974,idiom:唉声叹气,recite,idiom:唉声叹气,唉声叹气,recite,all,
idiom,L3,,下面的写法对不对？,错,成语;综合;小升初高频,小学成语培优全书·教辅常见,idiom-l3-0974:char_judge,idiom:唉声叹气,char_judge,idiom:唉声叹气,唉声叹气,char_judge,lower,"{""display"": ""甲声叹气""}"
idiom,L3,,「唉声叹气」的意思是？,小学教辅常见成语,成语;综合;小升初高频,小学成语培优全书·教辅常见,idiom-l3-0974:meaning_choice,idiom:唉声叹气,meaning_choice,idiom:唉声叹气,唉声叹气,meaning_choice,upper,"{""choices"": [""天空一片晴朗"", ""到处是流离失所的灾民"", ""小学教辅常见成语"", ""没有办法可想""]}"
idiom,L3,,小学教辅常见成语（四字）,唯利是图,成语;综合;小升初高频,小学成语培优全书·教辅常见,idiom-l3-0975,idiom:唯利是图,recite,idiom:唯利是图,唯利是图,recite,all,
idiom,L3,,下面的写法对不对？,错,成语;综合;小升初高频,小学成语培优全书·教辅常见,idiom-l3-0975:char_judge,idiom:唯利是图,char_judge,idiom:唯利是图,唯利是图,char_judge,lower,"{""display"": ""唯甲是图""}"
idiom,L3,,「唯利是图」的意思是？,小学教辅常见成语,成语;综合;小升初高频,小学成语培优全书·教辅常见,idiom-l3-0975:meaning_choice,idiom:唯利是图,meaning_choice,idiom:唯利是图,唯利是图,meaning_choice,upper,"{""choices"": [""特别容易被人看见"", ""乱七八糟地摆着"", ""微风轻轻吹"", ""小学教辅常见成语""]}"
idiom,L3,,小学教辅常见成语（四字）,啼笑皆非,成语;综合;小升初高频,小学成语培优全书·教辅常见,idiom-l3-0976,idiom:啼笑皆非,recite,idiom:啼笑皆非,啼笑皆非,recite,all,
idiom,L3,,下面的写法对不对？,对,成语;综合;小升初高频,小学成语培优全书·教辅常见,idiom-l3-0976:char_judge,idiom:啼笑皆非,char_judge,idiom:啼笑皆非,啼笑皆非,char_judge,lower,"{""display"": ""啼笑皆非""}"
idiom,L3,,「啼笑皆非」的意思是？,小学教辅常见成语,成语;综合;小升初高频,小学成语培优全书·教辅常见,idiom-l3-0976:meaning_choice,idiom:啼笑皆非,meaning_choice,idiom:啼笑皆非,啼笑皆非,meaning_choice,upper,"{""choices"": [""小学教辅常见成语"", ""描写外貌的成语"", ""描写外貌的成语"", ""描写外貌的成语""]}"
idiom,L3,,小学教辅常见成语（四字）,喜怒哀乐,成语;综合;小升初高频,小学成语培优全书·教辅常见,idiom-l3-0977,idiom:喜怒哀乐,recite,idiom:喜怒哀乐,喜怒哀乐,recite,all,
idiom,L3,,下面的写法对不对？,错,成语;综合;小升初高频,小学成语培优全书·教辅常见,idiom-l3-0977:char_judge,idiom:喜怒哀乐,char_judge,idiom:喜怒哀乐,喜怒哀乐,char_judge,lower,"{""display"": ""喜怒哀甲""}"
idiom,L3,,「喜怒哀乐」的意思是？,小学教辅常见成语,成语;综合;小升初高频,小学成语培优全书·教辅常见,idiom-l3-0977:meaning_choice,idiom:喜怒哀乐,meaning_choice,idiom:喜怒哀乐,喜怒哀乐,meaning_choice,upper,"{""choices"": [""没有风浪，也指局势安定"", ""不说话"", ""文笔非常出色"", ""小学教辅常见成语""]}"
idiom,L3,,小学教辅常见成语（四字）,喜怒无常,成语;综合;小升初高频,小学成语培优全书·教辅常见,idiom-l3-0978,idiom:喜怒无常,recite,idiom:喜怒无常,喜怒无常,recite,all,
idiom,L3,,下面的写法对不对？,错,成语;综合;小升初高频,小学成语培优全书·教辅常见,idiom-l3-0978:char_judge,idiom:喜怒无常,char_judge,idiom:喜怒无常,喜怒无常,char_judge,lower,"{""display"": ""甲怒无常""}"
idiom,L3,,「喜怒无常」的意思是？,小学教辅常见成语,成语;综合;小升初高频,小学成语培优全书·教辅常见,idiom-l3-0978:meaning_choice,idiom:喜怒无常,meaning_choice,idiom:喜怒无常,喜怒无常,meaning_choice,upper,"{""choices"": [""果实结得很多"", ""小学教辅常见成语"", ""自然界最美的声音"", ""很多花一起开""]}"
idiom,L3,,小学教辅常见成语（四字）,喜笑颜开,成语;综合;小升初高频,小学成语培优全书·教辅常见,idiom-l3-0979,idiom:喜笑颜开,recite,idiom:喜笑颜开,喜笑颜开,recite,all,
idiom,L3,,下面的写法对不对？,错,成语;综合;小升初高频,小学成语培优全书·教辅常见,idiom-l3-0979:char_judge,idiom:喜笑颜开,char_judge,idiom:喜笑颜开,喜笑颜开,char_judge,lower,"{""display"": ""甲笑颜开""}"
idiom,L3,,「喜笑颜开」的意思是？,小学教辅常见成语,成语;综合;小升初高频,小学成语培优全书·教辅常见,idiom-l3-0979:meaning_choice,idiom:喜笑颜开,meaning_choice,idiom:喜笑颜开,喜笑颜开,meaning_choice,upper,"{""choices"": [""气魄很大的话"", ""危害集体的人"", ""小学教辅常见成语"", ""只要肯下功夫就能成功""]}"
idiom,L3,,小学教辅常见成语（四字）,喜闻乐见,成语;综合;小升初高频,小学成语培优全书·教辅常见,idiom-l3-0980,idiom:喜闻乐见,recite,idiom:喜闻乐见,喜闻乐见,recite,all,
idiom,L3,,下面的写法对不对？,错,成语;综合;小升初高频,小学成语培优全书·教辅常见,idiom-l3-0980:char_judge,idiom:喜闻乐见,char_judge,idiom:喜闻乐见,喜闻乐见,char_judge,lower,"{""display"": ""喜闻乐甲""}"
idiom,L3,,「喜闻乐见」的意思是？,小学教辅常见成语,成语;综合;小升初高频,小学成语培优全书·教辅常见,idiom-l3-0980:meaning_choice,idiom:喜闻乐见,meaning_choice,idiom:喜闻乐见,喜闻乐见,meaning_choice,upper,"{""choices"": [""只要肯下功夫就能成功"", ""小学教辅常见成语"", ""国家太平，人民安乐"", ""自己控制不住感情""]}"
idiom,L3,,小学教辅常见成语（四字）,喧宾夺主,成语;综合;小升初高频,小学成语培优全书·教辅常见,idiom-l3-0981,idiom:喧宾夺主,recite,idiom:喧宾夺主,喧宾夺主,recite,all,
idiom,L3,,下面的写法对不对？,错,成语;综合;小升初高频,小学成语培优全书·教辅常见,idiom-l3-0981:char_judge,idiom:喧宾夺主,char_judge,idiom:喧宾夺主,喧宾夺主,char_judge,lower,"{""display"": ""喧宾甲主""}"
idiom,L3,,「喧宾夺主」的意思是？,小学教辅常见成语,成语;综合;小升初高频,小学成语培优全书·教辅常见,idiom-l3-0981:meaning_choice,idiom:喧宾夺主,meaning_choice,idiom:喧宾夺主,喧宾夺主,meaning_choice,upper,"{""choices"": [""用萤火虫的光夜里读书"", ""果实结得很多"", ""小学教辅常见成语"", ""主动认错、请求责罚""]}"
idiom,L3,,小学教辅常见成语（四字）,嗓音洪亮,成语;综合;小升初高频,小学成语培优全书·教辅常见,idiom-l3-0982,idiom:嗓音洪亮,recite,idiom:嗓音洪亮,嗓音洪亮,recite,all,
idiom,L3,,下面的写法对不对？,错,成语;综合;小升初高频,小学成语培优全书·教辅常见,idiom-l3-0982:char_judge,idiom:嗓音洪亮,char_judge,idiom:嗓音洪亮,嗓音洪亮,char_judge,lower,"{""display"": ""嗓音洪甲""}"
idiom,L3,,「嗓音洪亮」的意思是？,小学教辅常见成语,成语;综合;小升初高频,小学成语培优全书·教辅常见,idiom-l3-0982:meaning_choice,idiom:嗓音洪亮,meaning_choice,idiom:嗓音洪亮,嗓音洪亮,meaning_choice,upper,"{""choices"": [""好上加好"", ""小学教辅常见成语"", ""描写夏天的成语"", ""描写夏天的成语""]}"
idiom,L3,,小学教辅常见成语（四字）,回味无穷,成语;综合;小升初高频,小学成语培优全书·教辅常见,idiom-l3-0983,idiom:回味无穷,recite,idiom:回味无穷,回味无穷,recite,all,
idiom,L3,,下面的写法对不对？,对,成语;综合;小升初高频,小学成语培优全书·教辅常见,idiom-l3-0983:char_judge,idiom:回味无穷,char_judge,idiom:回味无穷,回味无穷,char_judge,lower,"{""display"": ""回味无穷""}"
idiom,L3,,「回味无穷」的意思是？,小学教辅常见成语,成语;综合;小升初高频,小学成语培优全书·教辅常见,idiom-l3-0983:meaning_choice,idiom:回味无穷,meaning_choice,idiom:回味无穷,回味无穷,meaning_choice,upper,"{""choices"": [""国家太平，人民安乐"", ""走路很神气、满不在乎"", ""小学教辅常见成语"", ""泉水发出叮咚声""]}"
idiom,L3,,小学教辅常见成语（四字）,因势利导,成语;综合;小升初高频,小学成语培优全书·教辅常见,idiom-l3-0984,idiom:因势利导,recite,idiom:因势利导,因势利导,recite,all,
idiom,L3,,下面的写法对不对？,错,成语;综合;小升初高频,小学成语培优全书·教辅常见,idiom-l3-0984:char_judge,idiom:因势利导,char_judge,idiom:因势利导,因势利导,char_judge,lower,"{""display"": ""因势利甲""}"
idiom,L3,,「因势利导」的意思是？,小学教辅常见成语,成语;综合;小升初高频,小学成语培优全书·教辅常见,idiom-l3-0984:meaning_choice,idiom:因势利导,meaning_choice,idiom:因势利导,因势利导,meaning_choice,upper,"{""choices"": [""小学教辅常见成语"", ""周围各个方向"", ""做事慌张没有条理"", ""铺天盖地而来""]}"
idiom,L3,,小学教辅常见成语（四字）,因噎废食,成语;综合;小升初高频,小学成语培优全书·教辅常见,idiom-l3-0985,idiom:因噎废食,recite,idiom:因噎废食,因噎废食,recite,all,
idiom,L3,,下面的写法对不对？,对,成语;综合;小升初高频,小学成语培优全书·教辅常见,idiom-l3-0985:char_judge,idiom:因噎废食,char_judge,idiom:因噎废食,因噎废食,char_judge,lower,"{""display"": ""因噎废食""}"
idiom,L3,,「因噎废食」的意思是？,小学教辅常见成语,成语;综合;小升初高频,小学成语培优全书·教辅常见,idiom-l3-0985:meaning_choice,idiom:因噎废食,meaning_choice,idiom:因噎废食,因噎废食,meaning_choice,upper,"{""choices"": [""很得意、很有精神的样子"", ""小学教辅常见成语"", ""吓得不知道该怎么办"", ""文笔非常出色""]}"
idiom,L3,,小学教辅常见成语（四字）,因地制宜,成语;综合;小升初高频,小学成语培优全书·教辅常见,idiom-l3-0986,idiom:因地制宜,recite,idiom:因地制宜,因地制宜,recite,all,
idiom,L3,,下面的写法对不对？,对,成语;综合;小升初高频,小学成语培优全书·教辅常见,idiom-l3-0986:char_judge,idiom:因地制宜,char_judge,idiom:因地制宜,因地制宜,char_judge,lower,"{""display"": ""因地制宜""}"
idiom,L3,,「因地制宜」的意思是？,小学教辅常见成语,成语;综合;小升初高频,小学成语培优全书·教辅常见,idiom-l3-0986:meaning_choice,idiom:因地制宜,meaning_choice,idiom:因地制宜,因地制宜,meaning_choice,upper,"{""choices"": [""样子各不相同"", ""为不必担心的事发愁"", ""一切都换成了新气象"", ""小学教辅常见成语""]}"
idiom,L3,,小学教辅常见成语（四字）,因小失大,成语;综合;小升初高频,小学成语培优全书·教辅常见,idiom-l3-0987,idiom:因小失大,recite,idiom:因小失大,因小失大,recite,all,
idiom,L3,,下面的写法对不对？,对,成语;综合;小升初高频,小学成语培优全书·教辅常见,idiom-l3-0987:char_judge,idiom:因小失大,char_judge,idiom:因小失大,因小失大,char_judge,lower,"{""display"": ""因小失大""}"
idiom,L3,,「因小失大」的意思是？,小学教辅常见成语,成语;综合;小升初高频,小学成语培优全书·教辅常见,idiom-l3-0987:meaning_choice,idiom:因小失大,meaning_choice,idiom:因小失大,因小失大,meaning_choice,upper,"{""choices"": [""AABB 结构的成语"", ""小学教辅常见成语"", ""一点儿也不马虎"", ""高兴得自己都受不住""]}"
idiom,L3,,小学教辅常见成语（四字）,因陋就简,成语;综合;小升初高频,小学成语培优全书·教辅常见,idiom-l3-0988,idiom:因陋就简,recite,idiom:因陋就简,因陋就简,recite,all,
idiom,L3,,下面的写法对不对？,错,成语;综合;小升初高频,小学成语培优全书·教辅常见,idiom-l3-0988:char_judge,idiom:因陋就简,char_judge,idiom:因陋就简,因陋就简,char_judge,lower,"{""display"": ""甲陋就简""}"
idiom,L3,,「因陋就简」的意思是？,小学教辅常见成语,成语;综合;小升初高频,小学成语培优全书·教辅常见,idiom-l3-0988:meaning_choice,idiom:因陋就简,meaning_choice,idiom:因陋就简,因陋就简,meaning_choice,upper,"{""choices"": [""战争造成的混乱"", ""小学教辅常见成语"", ""含有动物的成语"", ""树林层层变色""]}"
idiom,L3,,小学教辅常见成语（四字）,团结互助,成语;综合;小升初高频,小学成语培优全书·教辅常见,idiom-l3-0989,idiom:团结互助,recite,idiom:团结互助,团结互助,recite,all,
idiom,L3,,下面的写法对不对？,对,成语;综合;小升初高频,小学成语培优全书·教辅常见,idiom-l3-0989:char_judge,idiom:团结互助,char_judge,idiom:团结互助,团结互助,char_judge,lower,"{""display"": ""团结互助""}"
idiom,L3,,「团结互助」的意思是？,小学教辅常见成语,成语;综合;小升初高频,小学成语培优全书·教辅常见,idiom-l3-0989:meaning_choice,idiom:团结互助,meaning_choice,idiom:团结互助,团结互助,meaning_choice,upper,"{""choices"": [""家庭毁了，人也没了"", ""描写外貌的成语"", ""描写外貌的成语"", ""小学教辅常见成语""]}"
idiom,L3,,小学教辅常见成语（四字）,团结友爱,成语;综合;小升初高频,小学成语培优全书·教辅常见,idiom-l3-0990,idiom:团结友爱,recite,idiom:团结友爱,团结友爱,recite,all,
idiom,L3,,下面的写法对不对？,错,成语;综合;小升初高频,小学成语培优全书·教辅常见,idiom-l3-0990:char_judge,idiom:团结友爱,char_judge,idiom:团结友爱,团结友爱,char_judge,lower,"{""display"": ""团结友甲""}"
idiom,L3,,「团结友爱」的意思是？,小学教辅常见成语,成语;综合;小升初高频,小学成语培优全书·教辅常见,idiom-l3-0990:meaning_choice,idiom:团结友爱,meaning_choice,idiom:团结友爱,团结友爱,meaning_choice,upper,"{""choices"": [""AABB 结构的成语"", ""夜里不用关门，社会安定"", ""小学教辅常见成语"", ""得意得忘了自己是谁""]}"
idiom,L3,,小学教辅常见成语（四字）,困兽犹斗,成语;综合;小升初高频,小学成语培优全书·教辅常见,idiom-l3-0992,idiom:困兽犹斗,recite,idiom:困兽犹斗,困兽犹斗,recite,all,
idiom,L3,,下面的写法对不对？,错,成语;综合;小升初高频,小学成语培优全书·教辅常见,idiom-l3-0992:char_judge,idiom:困兽犹斗,char_judge,idiom:困兽犹斗,困兽犹斗,char_judge,lower,"{""display"": ""甲兽犹斗""}"
idiom,L3,,「困兽犹斗」的意思是？,小学教辅常见成语,成语;综合;小升初高频,小学成语培优全书·教辅常见,idiom-l3-0992:meaning_choice,idiom:困兽犹斗,meaning_choice,idiom:困兽犹斗,困兽犹斗,meaning_choice,upper,"{""choices"": [""一眼望不到边"", ""小学教辅常见成语"", ""在风里飘动"", ""举止文雅""]}"
idiom,L3,,小学教辅常见成语（四字）,围魏救赵,成语;综合;小升初高频,小学成语培优全书·教辅常见,idiom-l3-0993,idiom:围魏救赵,recite,idiom:围魏救赵,围魏救赵,recite,all,
idiom,L3,,下面的写法对不对？,对,成语;综合;小升初高频,小学成语培优全书·教辅常见,idiom-l3-0993:char_judge,idiom:围魏救赵,char_judge,idiom:围魏救赵,围魏救赵,char_judge,lower,"{""display"": ""围魏救赵""}"
idiom,L3,,「围魏救赵」的意思是？,小学教辅常见成语,成语;综合;小升初高频,小学成语培优全书·教辅常见,idiom-l3-0993:meaning_choice,idiom:围魏救赵,meaning_choice,idiom:围魏救赵,围魏救赵,meaning_choice,upper,"{""choices"": [""小学教辅常见成语"", ""形容艺术水平的成语"", ""形容艺术水平的成语"", ""刻苦学习，不敢打瞌睡""]}"
idiom,L3,,小学教辅常见成语（四字）,国富民强,成语;综合;小升初高频,小学成语培优全书·教辅常见,idiom-l3-0994,idiom:国富民强,recite,idiom:国富民强,国富民强,recite,all,
idiom,L3,,下面的写法对不对？,错,成语;综合;小升初高频,小学成语培优全书·教辅常见,idiom-l3-0994:char_judge,idiom:国富民强,char_judge,idiom:国富民强,国富民强,char_judge,lower,"{""display"": ""国富甲强""}"
idiom,L3,,「国富民强」的意思是？,小学教辅常见成语,成语;综合;小升初高频,小学成语培优全书·教辅常见,idiom-l3-0994:meaning_choice,idiom:国富民强,meaning_choice,idiom:国富民强,国富民强,meaning_choice,upper,"{""choices"": [""不止一个，还有配对的"", ""心里着急、烦躁"", ""小学教辅常见成语"", ""一切都换成了新气象""]}"
idiom,L3,,小学教辅常见成语（四字）,国色天香,成语;综合;小升初高频,小学成语培优全书·教辅常见,idiom-l3-0995,idiom:国色天香,recite,idiom:国色天香,国色天香,recite,all,
idiom,L3,,下面的写法对不对？,对,成语;综合;小升初高频,小学成语培优全书·教辅常见,idiom-l3-0995:char_judge,idiom:国色天香,char_judge,idiom:国色天香,国色天香,char_judge,lower,"{""display"": ""国色天香""}"
idiom,L3,,「国色天香」的意思是？,小学教辅常见成语,成语;综合;小升初高频,小学成语培优全书·教辅常见,idiom-l3-0995:meaning_choice,idiom:国色天香,meaning_choice,idiom:国色天香,国色天香,meaning_choice,upper,"{""choices"": [""想出和别人不一样的办法"", ""鸟儿叫、花儿香"", ""各自拿出本事"", ""小学教辅常见成语""]}"
idiom,L3,,小学教辅常见成语（四字）,图穷匕见,成语;综合;小升初高频,小学成语培优全书·教辅常见,idiom-l3-0996,idiom:图穷匕见,recite,idiom:图穷匕见,图穷匕见,recite,all,
idiom,L3,,下面的写法对不对？,对,成语;综合;小升初高频,小学成语培优全书·教辅常见,idiom-l3-0996:char_judge,idiom:图穷匕见,char_judge,idiom:图穷匕见,图穷匕见,char_judge,lower,"{""display"": ""图穷匕见""}"
idiom,L3,,「图穷匕见」的意思是？,小学教辅常见成语,成语;综合;小升初高频,小学成语培优全书·教辅常见,idiom-l3-0996:meaning_choice,idiom:图穷匕见,meaning_choice,idiom:图穷匕见,图穷匕见,meaning_choice,upper,"{""choices"": [""小学教辅常见成语"", ""做事非常顺手"", ""与学习有关的成语"", ""与学习有关的成语""]}"
idiom,L3,,小学教辅常见成语（四字）,图谋不轨,成语;综合;小升初高频,小学成语培优全书·教辅常见,idiom-l3-0997,idiom:图谋不轨,recite,idiom:图谋不轨,图谋不轨,recite,all,
idiom,L3,,下面的写法对不对？,错,成语;综合;小升初高频,小学成语培优全书·教辅常见,idiom-l3-0997:char_judge,idiom:图谋不轨,char_judge,idiom:图谋不轨,图谋不轨,char_judge,lower,"{""display"": ""甲谋不轨""}"
idiom,L3,,「图谋不轨」的意思是？,小学教辅常见成语,成语;综合;小升初高频,小学成语培优全书·教辅常见,idiom-l3-0997:meaning_choice,idiom:图谋不轨,meaning_choice,idiom:图谋不轨,图谋不轨,meaning_choice,upper,"{""choices"": [""头发白了，脸色却像小孩一样红润"", ""出自历史故事的成语"", ""小学教辅常见成语"", ""恭敬地向老师求教""]}"
idiom,L3,,小学教辅常见成语（四字）,圆满成功,成语;综合;小升初高频,小学成语培优全书·教辅常见,idiom-l3-0998,idiom:圆满成功,recite,idiom:圆满成功,圆满成功,recite,all,
idiom,L3,,下面的写法对不对？,错,成语;综合;小升初高频,小学成语培优全书·教辅常见,idiom-l3-0998:char_judge,idiom:圆满成功,char_judge,idiom:圆满成功,圆满成功,char_judge,lower,"{""display"": ""甲满成功""}"
idiom,L3,,「圆满成功」的意思是？,小学教辅常见成语,成语;综合;小升初高频,小学成语培优全书·教辅常见,idiom-l3-0998:meaning_choice,idiom:圆满成功,meaning_choice,idiom:圆满成功,圆满成功,meaning_choice,upper,"{""choices"": [""为不必担心的事发愁"", ""小学教辅常见成语"", ""年老体衰、行动不灵便"", ""乐音很久还在回响""]}"
idiom,L3,,小学教辅常见成语（四字）,土崩瓦解,成语;综合;小升初高频,小学成语培优全书·教辅常见,idiom-l3-0999,idiom:土崩瓦解,recite,idiom:土崩瓦解,土崩瓦解,recite,all,
idiom,L3,,下面的写法对不对？,对,成语;综合;小升初高频,小学成语培优全书·教辅常见,idiom-l3-0999:char_judge,idiom:土崩瓦解,char_judge,idiom:土崩瓦解,土崩瓦解,char_judge,lower,"{""display"": ""土崩瓦解""}"
idiom,L3,,「土崩瓦解」的意思是？,小学教辅常见成语,成语;综合;小升初高频,小学成语培优全书·教辅常见,idiom-l3-0999:meaning_choice,idiom:土崩瓦解,meaning_choice,idiom:土崩瓦解,土崩瓦解,meaning_choice,upper,"{""choices"": [""小学教辅常见成语"", ""描写景物的成语"", ""描写景物的成语"", ""描写景物的成语""]}"
idiom,L3,,小学教辅常见成语（四字）,地大物博,成语;综合;小升初高频,小学成语培优全书·教辅常见,idiom-l3-1000,idiom:地大物博,recite,idiom:地大物博,地大物博,recite,all,
idiom,L3,,下面的写法对不对？,对,成语;综合;小升初高频,小学成语培优全书·教辅常见,idiom-l3-1000:char_judge,idiom:地大物博,char_judge,idiom:地大物博,地大物博,char_judge,lower,"{""display"": ""地大物博""}"
idiom,L3,,「地大物博」的意思是？,小学教辅常见成语,成语;综合;小升初高频,小学成语培优全书·教辅常见,idiom-l3-1000:meaning_choice,idiom:地大物博,meaning_choice,idiom:地大物博,地大物博,meaning_choice,upper,"{""choices"": [""不清楚、弄不明白"", ""小学教辅常见成语"", ""蔺相如在渑池会上维护赵国尊严"", ""大体很好，还有一点缺憾""]}"
idiom,L3,,小学教辅常见成语（四字）,坐享其成,成语;综合;小升初高频,小学成语培优全书·教辅常见,idiom-l3-1001,idiom:坐享其成,recite,idiom:坐享其成,坐享其成,recite,all,
idiom,L3,,下面的写法对不对？,对,成语;综合;小升初高频,小学成语培优全书·教辅常见,idiom-l3-1001:char_judge,idiom:坐享其成,char_judge,idiom:坐享其成,坐享其成,char_judge,lower,"{""display"": ""坐享其成""}"
idiom,L3,,「坐享其成」的意思是？,小学教辅常见成语,成语;综合;小升初高频,小学成语培优全书·教辅常见,idiom-l3-1001:meaning_choice,idiom:坐享其成,meaning_choice,idiom:坐享其成,坐享其成,meaning_choice,upper,"{""choices"": [""无法想象，很难理解"", ""描写神态的成语"", ""小学教辅常见成语"", ""柳树绿、花儿红""]}"
idiom,L3,,小学教辅常见成语（四字）,坐以待毙,成语;综合;小升初高频,小学成语培优全书·教辅常见,idiom-l3-1002,idiom:坐以待毙,recite,idiom:坐以待毙,坐以待毙,recite,all,
idiom,L3,,下面的写法对不对？,错,成语;综合;小升初高频,小学成语培优全书·教辅常见,idiom-l3-1002:char_judge,idiom:坐以待毙,char_judge,idiom:坐以待毙,坐以待毙,char_judge,lower,"{""display"": ""座以待毙""}"
idiom,L3,,「坐以待毙」的意思是？,小学教辅常见成语,成语;综合;小升初高频,小学成语培优全书·教辅常见,idiom-l3-1002:meaning_choice,idiom:坐以待毙,meaning_choice,idiom:坐以待毙,坐以待毙,meaning_choice,upper,"{""choices"": [""气势使人敬畏"", ""眼睛明亮、牙齿洁白"", ""小学教辅常见成语"", ""ABCC 结构的成语""]}"
idiom,L3,,小学教辅常见成语（四字）,坐立不安,成语;综合;小升初高频,小学成语培优全书·教辅常见,idiom-l3-1003,idiom:坐立不安,recite,idiom:坐立不安,坐立不安,recite,all,
idiom,L3,,下面的写法对不对？,错,成语;综合;小升初高频,小学成语培优全书·教辅常见,idiom-l3-1003:char_judge,idiom:坐立不安,char_judge,idiom:坐立不安,坐立不安,char_judge,lower,"{""display"": ""坐立步安""}"
idiom,L3,,「坐立不安」的意思是？,小学教辅常见成语,成语;综合;小升初高频,小学成语培优全书·教辅常见,idiom-l3-1003:meaning_choice,idiom:坐立不安,meaning_choice,idiom:坐立不安,坐立不安,meaning_choice,upper,"{""choices"": [""小学教辅常见成语"", ""描写景物的成语"", ""描写景物的成语"", ""描写景物的成语""]}"
idiom,L3,,小学教辅常见成语（四字）,坚持不懈,成语;综合;小升初高频,小学成语培优全书·教辅常见,idiom-l3-1004,idiom:坚持不懈,recite,idiom:坚持不懈,坚持不懈,recite,all,
idiom,L3,,下面的写法对不对？,对,成语;综合;小升初高频,小学成语培优全书·教辅常见,idiom-l3-1004:char_judge,idiom:坚持不懈,char_judge,idiom:坚持不懈,坚持不懈,char_judge,lower,"{""display"": ""坚持不懈""}"
idiom,L3,,「坚持不懈」的意思是？,小学教辅常见成语,成语;综合;小升初高频,小学成语培优全书·教辅常见,idiom-l3-1004:meaning_choice,idiom:坚持不懈,meaning_choice,idiom:坚持不懈,坚持不懈,meaning_choice,upper,"{""choices"": [""自然界最美的声音"", ""小学教辅常见成语"", ""正宗高雅的音乐"", ""家庭毁了，人也没了""]}"
idiom,L3,,小学教辅常见成语（四字）,坚韧不拔,成语;综合;小升初高频,小学成语培优全书·教辅常见,idiom-l3-1005,idiom:坚韧不拔,recite,idiom:坚韧不拔,坚韧不拔,recite,all,
idiom,L3,,下面的写法对不对？,错,成语;综合;小升初高频,小学成语培优全书·教辅常见,idiom-l3-1005:char_judge,idiom:坚韧不拔,char_judge,idiom:坚韧不拔,坚韧不拔,char_judge,lower,"{""display"": ""坚韧不甲""}"
idiom,L3,,「坚韧不拔」的意思是？,小学教辅常见成语,成语;综合;小升初高频,小学成语培优全书·教辅常见,idiom-l3-1005:meaning_choice,idiom:坚韧不拔,meaning_choice,idiom:坚韧不拔,坚韧不拔,meaning_choice,upper,"{""choices"": [""描写秋天的成语"", ""描写秋天的成语"", ""小学教辅常见成语"", ""本领特别大""]}"
idiom,L3,,小学教辅常见成语（四字）,埋头苦干,成语;综合;小升初高频,小学成语培优全书·教辅常见,idiom-l3-1006,idiom:埋头苦干,recite,idiom:埋头苦干,埋头苦干,recite,all,
idiom,L3,,下面的写法对不对？,错,成语;综合;小升初高频,小学成语培优全书·教辅常见,idiom-l3-1006:char_judge,idiom:埋头苦干,char_judge,idiom:埋头苦干,埋头苦干,char_judge,lower,"{""display"": ""埋头苦千""}"
idiom,L3,,「埋头苦干」的意思是？,小学教辅常见成语,成语;综合;小升初高频,小学成语培优全书·教辅常见,idiom-l3-1006:meaning_choice,idiom:埋头苦干,meaning_choice,idiom:埋头苦干,埋头苦干,meaning_choice,upper,"{""choices"": [""得意得忘了自己是谁"", ""小学教辅常见成语"", ""不止一个，还有配对的"", ""齐心合力""]}"
idiom,L3,,小学教辅常见成语（四字）,境地尴尬,成语;综合;小升初高频,小学成语培优全书·教辅常见,idiom-l3-1007,idiom:境地尴尬,recite,idiom:境地尴尬,境地尴尬,recite,all,
idiom,L3,,下面的写法对不对？,错,成语;综合;小升初高频,小学成语培优全书·教辅常见,idiom-l3-1007:char_judge,idiom:境地尴尬,char_judge,idiom:境地尴尬,境地尴尬,char_judge,lower,"{""display"": ""境第尴尬""}"
idiom,L3,,「境地尴尬」的意思是？,小学教辅常见成语,成语;综合;小升初高频,小学成语培优全书·教辅常见,idiom-l3-1007:meaning_choice,idiom:境地尴尬,meaning_choice,idiom:境地尴尬,境地尴尬,meaning_choice,upper,"{""choices"": [""描写品质的成语"", ""描写品质的成语"", ""描写品质的成语"", ""小学教辅常见成语""]}"
idiom,L3,,小学教辅常见成语（四字）,墨守成规,成语;综合;小升初高频,小学成语培优全书·教辅常见,idiom-l3-1008,idiom:墨守成规,recite,idiom:墨守成规,墨守成规,recite,all,
idiom,L3,,下面的写法对不对？,错,成语;综合;小升初高频,小学成语培优全书·教辅常见,idiom-l3-1008:char_judge,idiom:墨守成规,char_judge,idiom:墨守成规,墨守成规,char_judge,lower,"{""display"": ""墨甲成规""}"
idiom,L3,,「墨守成规」的意思是？,小学教辅常见成语,成语;综合;小升初高频,小学成语培优全书·教辅常见,idiom-l3-1008:meaning_choice,idiom:墨守成规,meaning_choice,idiom:墨守成规,墨守成规,meaning_choice,upper,"{""choices"": [""心里急得像火烧"", ""小学教辅常见成语"", ""描写神态的成语"", ""说话办事坚决果断""]}"
idiom,L3,,小学教辅常见成语（四字）,声东击西,成语;综合;小升初高频,小学成语培优全书·教辅常见,idiom-l3-1009,idiom:声东击西,recite,idiom:声东击西,声东击西,recite,all,
idiom,L3,,下面的写法对不对？,错,成语;综合;小升初高频,小学成语培优全书·教辅常见,idiom-l3-1009:char_judge,idiom:声东击西,char_judge,idiom:声东击西,声东击西,char_judge,lower,"{""display"": ""声东甲西""}"
idiom,L3,,「声东击西」的意思是？,小学教辅常见成语,成语;综合;小升初高频,小学成语培优全书·教辅常见,idiom-l3-1009:meaning_choice,idiom:声东击西,meaning_choice,idiom:声东击西,声东击西,meaning_choice,upper,"{""choices"": [""小学教辅常见成语"", ""像老虎一样盯着，想扑上去"", ""全国各地，四面八方"", ""很得意、很有精神的样子""]}"
idiom,L3,,小学教辅常见成语（四字）,声势浩大,成语;综合;小升初高频,小学成语培优全书·教辅常见,idiom-l3-1010,idiom:声势浩大,recite,idiom:声势浩大,声势浩大,recite,all,
idiom,L3,,下面的写法对不对？,对,成语;综合;小升初高频,小学成语培优全书·教辅常见,idiom-l3-1010:char_judge,idiom:声势浩大,char_judge,idiom:声势浩大,声势浩大,char_judge,lower,"{""display"": ""声势浩大""}"
idiom,L3,,「声势浩大」的意思是？,小学教辅常见成语,成语;综合;小升初高频,小学成语培优全书·教辅常见,idiom-l3-1010:meaning_choice,idiom:声势浩大,meaning_choice,idiom:声势浩大,声势浩大,meaning_choice,upper,"{""choices"": [""一切都换成了新气象"", ""小学教辅常见成语"", ""描摹得十分逼真"", ""文雅有礼貌""]}"
idiom,L3,,小学教辅常见成语（四字）,声嘶力竭,成语;综合;小升初高频,小学成语培优全书·教辅常见,idiom-l3-1011,idiom:声嘶力竭,recite,idiom:声嘶力竭,声嘶力竭,recite,all,
idiom,L3,,下面的写法对不对？,对,成语;综合;小升初高频,小学成语培优全书·教辅常见,idiom-l3-1011:char_judge,idiom:声嘶力竭,char_judge,idiom:声嘶力竭,声嘶力竭,char_judge,lower,"{""display"": ""声嘶力竭""}"
idiom,L3,,「声嘶力竭」的意思是？,小学教辅常见成语,成语;综合;小升初高频,小学成语培优全书·教辅常见,idiom-l3-1011:meaning_choice,idiom:声嘶力竭,meaning_choice,idiom:声嘶力竭,声嘶力竭,meaning_choice,upper,"{""choices"": [""小学教辅常见成语"", ""内部困难又加上外来威胁"", ""眼睛明亮、牙齿洁白"", ""没有烦恼""]}"
idiom,L3,,小学教辅常见成语（四字）,声如洪钟,成语;综合;小升初高频,小学成语培优全书·教辅常见,idiom-l3-1012,idiom:声如洪钟,recite,idiom:声如洪钟,声如洪钟,recite,all,
idiom,L3,,下面的写法对不对？,错,成语;综合;小升初高频,小学成语培优全书·教辅常见,idiom-l3-1012:char_judge,idiom:声如洪钟,char_judge,idiom:声如洪钟,声如洪钟,char_judge,lower,"{""display"": ""声如洪甲""}"
idiom,L3,,「声如洪钟」的意思是？,小学教辅常见成语,成语;综合;小升初高频,小学成语培优全书·教辅常见,idiom-l3-1012:meaning_choice,idiom:声如洪钟,meaning_choice,idiom:声如洪钟,声如洪钟,meaning_choice,upper,"{""choices"": [""充满活力"", ""小学教辅常见成语"", ""自己控制不住感情"", ""大声地笑""]}"
idiom,L3,,小学教辅常见成语（四字）,声情并茂,成语;综合;小升初高频,小学成语培优全书·教辅常见,idiom-l3-1013,idiom:声情并茂,recite,idiom:声情并茂,声情并茂,recite,all,
idiom,L3,,下面的写法对不对？,对,成语;综合;小升初高频,小学成语培优全书·教辅常见,idiom-l3-1013:char_judge,idiom:声情并茂,char_judge,idiom:声情并茂,声情并茂,char_judge,lower,"{""display"": ""声情并茂""}"
idiom,L3,,「声情并茂」的意思是？,小学教辅常见成语,成语;综合;小升初高频,小学成语培优全书·教辅常见,idiom-l3-1013:meaning_choice,idiom:声情并茂,meaning_choice,idiom:声情并茂,声情并茂,meaning_choice,upper,"{""choices"": [""说话办事坚决果断"", ""非常安静"", ""气魄很大的话"", ""小学教辅常见成语""]}"
idiom,L3,,小学教辅常见成语（四字）,声色俱厉,成语;综合;小升初高频,小学成语培优全书·教辅常见,idiom-l3-1014,idiom:声色俱厉,recite,idiom:声色俱厉,声色俱厉,recite,all,
idiom,L3,,下面的写法对不对？,错,成语;综合;小升初高频,小学成语培优全书·教辅常见,idiom-l3-1014:char_judge,idiom:声色俱厉,char_judge,idiom:声色俱厉,声色俱厉,char_judge,lower,"{""display"": ""声色俱历""}"
idiom,L3,,「声色俱厉」的意思是？,小学教辅常见成语,成语;综合;小升初高频,小学成语培优全书·教辅常见,idiom-l3-1014:meaning_choice,idiom:声色俱厉,meaning_choice,idiom:声色俱厉,声色俱厉,meaning_choice,upper,"{""choices"": [""举止文雅"", ""没有真本事却混在里面"", ""小学教辅常见成语"", ""力量非常强大""]}"
idiom,L3,,小学教辅常见成语（四字）,夕阳西下,成语;综合;小升初高频,小学成语培优全书·教辅常见,idiom-l3-1015,idiom:夕阳西下,recite,idiom:夕阳西下,夕阳西下,recite,all,
idiom,L3,,下面的写法对不对？,错,成语;综合;小升初高频,小学成语培优全书·教辅常见,idiom-l3-1015:char_judge,idiom:夕阳西下,char_judge,idiom:夕阳西下,夕阳西下,char_judge,lower,"{""display"": ""夕阳西甲""}"
idiom,L3,,「夕阳西下」的意思是？,小学教辅常见成语,成语;综合;小升初高频,小学成语培优全书·教辅常见,idiom-l3-1015:meaning_choice,idiom:夕阳西下,meaning_choice,idiom:夕阳西下,夕阳西下,meaning_choice,upper,"{""choices"": [""自以为了不起的样子"", ""侥幸逃脱的人"", ""小学教辅常见成语"", ""没有烦恼""]}"
idiom,L3,,小学教辅常见成语（四字）,多如牛毛,成语;综合;小升初高频,小学成语培优全书·教辅常见,idiom-l3-1016,idiom:多如牛毛,recite,idiom:多如牛毛,多如牛毛,recite,all,
idiom,L3,,下面的写法对不对？,错,成语;综合;小升初高频,小学成语培优全书·教辅常见,idiom-l3-1016:char_judge,idiom:多如牛毛,char_judge,idiom:多如牛毛,多如牛毛,char_judge,lower,"{""display"": ""多如甲毛""}"
idiom,L3,,「多如牛毛」的意思是？,小学教辅常见成语,成语;综合;小升初高频,小学成语培优全书·教辅常见,idiom-l3-1016:meaning_choice,idiom:多如牛毛,meaning_choice,idiom:多如牛毛,多如牛毛,meaning_choice,upper,"{""choices"": [""抬起头、挺起胸，很有精神"", ""一眼望不到边"", ""小学教辅常见成语"", ""眼睛手都很快""]}"
idiom,L3,,小学教辅常见成语（四字）,多才多艺,成语;综合;小升初高频,小学成语培优全书·教辅常见,idiom-l3-1017,idiom:多才多艺,recite,idiom:多才多艺,多才多艺,recite,all,
idiom,L3,,下面的写法对不对？,对,成语;综合;小升初高频,小学成语培优全书·教辅常见,idiom-l3-1017:char_judge,idiom:多才多艺,char_judge,idiom:多才多艺,多才多艺,char_judge,lower,"{""display"": ""多才多艺""}"
idiom,L3,,「多才多艺」的意思是？,小学教辅常见成语,成语;综合;小升初高频,小学成语培优全书·教辅常见,idiom-l3-1017:meaning_choice,idiom:多才多艺,meaning_choice,idiom:多才多艺,多才多艺,meaning_choice,upper,"{""choices"": [""闪电打雷"", ""在困难时给人帮助"", ""小学教辅常见成语"", ""靠近山、靠近水""]}"
idiom,L3,,小学教辅常见成语（四字）,夜郎自大,成语;综合;小升初高频,小学成语培优全书·教辅常见,idiom-l3-1018,idiom:夜郎自大,recite,idiom:夜郎自大,夜郎自大,recite,all,
idiom,L3,,下面的写法对不对？,对,成语;综合;小升初高频,小学成语培优全书·教辅常见,idiom-l3-1018:char_judge,idiom:夜郎自大,char_judge,idiom:夜郎自大,夜郎自大,char_judge,lower,"{""display"": ""夜郎自大""}"
idiom,L3,,「夜郎自大」的意思是？,小学教辅常见成语,成语;综合;小升初高频,小学成语培优全书·教辅常见,idiom-l3-1018:meaning_choice,idiom:夜郎自大,meaning_choice,idiom:夜郎自大,夜郎自大,meaning_choice,upper,"{""choices"": [""死得有意义、有价值"", ""没有真本事却混在里面"", ""战争造成的混乱"", ""小学教辅常见成语""]}"
idiom,L3,,小学教辅常见成语（四字）,大义凛然,成语;综合;小升初高频,小学成语培优全书·教辅常见,idiom-l3-1019,idiom:大义凛然,recite,idiom:大义凛然,大义凛然,recite,all,
idiom,L3,,下面的写法对不对？,错,成语;综合;小升初高频,小学成语培优全书·教辅常见,idiom-l3-1019:char_judge,idiom:大义凛然,char_judge,idiom:大义凛然,大义凛然,char_judge,lower,"{""display"": ""大甲凛然""}"
idiom,L3,,「大义凛然」的意思是？,小学教辅常见成语,成语;综合;小升初高频,小学成语培优全书·教辅常见,idiom-l3-1019:meaning_choice,idiom:大义凛然,meaning_choice,idiom:大义凛然,大义凛然,meaning_choice,upper,"{""choices"": [""出自历史故事的成语"", ""事情还没发生就知道"", ""小学教辅常见成语"", ""精神力气都用尽了""]}"
idiom,L3,,小学教辅常见成语（四字）,大刀阔斧,成语;综合;小升初高频,小学成语培优全书·教辅常见,idiom-l3-1020,idiom:大刀阔斧,recite,idiom:大刀阔斧,大刀阔斧,recite,all,
idiom,L3,,下面的写法对不对？,错,成语;综合;小升初高频,小学成语培优全书·教辅常见,idiom-l3-1020:char_judge,idiom:大刀阔斧,char_judge,idiom:大刀阔斧,大刀阔斧,char_judge,lower,"{""display"": ""大甲阔斧""}"
idiom,L3,,「大刀阔斧」的意思是？,小学教辅常见成语,成语;综合;小升初高频,小学成语培优全书·教辅常见,idiom-l3-1020:meaning_choice,idiom:大刀阔斧,meaning_choice,idiom:大刀阔斧,大刀阔斧,meaning_choice,upper,"{""choices"": [""小学教辅常见成语"", ""一会儿看得见一会儿看不见"", ""到处是冰和雪"", ""颜色又多又好看""]}"
idiom,L3,,小学教辅常见成语（四字）,大同小异,成语;综合;小升初高频,小学成语培优全书·教辅常见,idiom-l3-1021,idiom:大同小异,recite,idiom:大同小异,大同小异,recite,all,
idiom,L3,,下面的写法对不对？,错,成语;综合;小升初高频,小学成语培优全书·教辅常见,idiom-l3-1021:char_judge,idiom:大同小异,char_judge,idiom:大同小异,大同小异,char_judge,lower,"{""display"": ""大同甲异""}"
idiom,L3,,「大同小异」的意思是？,小学教辅常见成语,成语;综合;小升初高频,小学成语培优全书·教辅常见,idiom-l3-1021:meaning_choice,idiom:大同小异,meaning_choice,idiom:大同小异,大同小异,meaning_choice,upper,"{""choices"": [""自己跟自己说话"", ""恭敬地向老师求教"", ""小学教辅常见成语"", ""描写心情的成语""]}"
idiom,L3,,小学教辅常见成语（四字）,大器晚成,成语;综合;小升初高频,小学成语培优全书·教辅常见,idiom-l3-1022,idiom:大器晚成,recite,idiom:大器晚成,大器晚成,recite,all,
idiom,L3,,下面的写法对不对？,错,成语;综合;小升初高频,小学成语培优全书·教辅常见,idiom-l3-1022:char_judge,idiom:大器晚成,char_judge,idiom:大器晚成,大器晚成,char_judge,lower,"{""display"": ""大器甲成""}"
idiom,L3,,「大器晚成」的意思是？,小学教辅常见成语,成语;综合;小升初高频,小学成语培优全书·教辅常见,idiom-l3-1022:meaning_choice,idiom:大器晚成,meaning_choice,idiom:大器晚成,大器晚成,meaning_choice,upper,"{""choices"": [""气势很大、规模很大"", ""色彩繁多"", ""形象生动得像活的一样"", ""小学教辅常见成语""]}"
idiom,L3,,小学教辅常见成语（四字）,大失所望,成语;综合;小升初高频,小学成语培优全书·教辅常见,idiom-l3-1023,idiom:大失所望,recite,idiom:大失所望,大失所望,recite,all,
idiom,L3,,下面的写法对不对？,错,成语;综合;小升初高频,小学成语培优全书·教辅常见,idiom-l3-1023:char_judge,idiom:大失所望,char_judge,idiom:大失所望,大失所望,char_judge,lower,"{""display"": ""太失所望""}"
idiom,L3,,「大失所望」的意思是？,小学教辅常见成语,成语;综合;小升初高频,小学成语培优全书·教辅常见,idiom-l3-1023:meaning_choice,idiom:大失所望,meaning_choice,idiom:大失所望,大失所望,meaning_choice,upper,"{""choices"": [""小学教辅常见成语"", ""很少说话"", ""这边看看那边看看"", ""这边看看那边看看""]}"
idiom,L3,,小学教辅常见成语（四字）,大张旗鼓,成语;综合;小升初高频,小学成语培优全书·教辅常见,idiom-l3-1024,idiom:大张旗鼓,recite,idiom:大张旗鼓,大张旗鼓,recite,all,
idiom,L3,,下面的写法对不对？,错,成语;综合;小升初高频,小学成语培优全书·教辅常见,idiom-l3-1024:char_judge,idiom:大张旗鼓,char_judge,idiom:大张旗鼓,大张旗鼓,char_judge,lower,"{""display"": ""大张旗甲""}"
idiom,L3,,「大张旗鼓」的意思是？,小学教辅常见成语,成语;综合;小升初高频,小学成语培优全书·教辅常见,idiom-l3-1024:meaning_choice,idiom:大张旗鼓,meaning_choice,idiom:大张旗鼓,大张旗鼓,meaning_choice,upper,"{""choices"": [""本领特别大"", ""小学教辅常见成语"", ""云雾散开，眼前明亮"", ""自然界最美的声音""]}"
idiom,L3,,小学教辅常见成语（四字）,大快人心,成语;综合;小升初高频,小学成语培优全书·教辅常见,idiom-l3-1025,idiom:大快人心,recite,idiom:大快人心,大快人心,recite,all,
idiom,L3,,下面的写法对不对？,对,成语;综合;小升初高频,小学成语培优全书·教辅常见,idiom-l3-1025:char_judge,idiom:大快人心,char_judge,idiom:大快人心,大快人心,char_judge,lower,"{""display"": ""大快人心""}"
idiom,L3,,「大快人心」的意思是？,小学教辅常见成语,成语;综合;小升初高频,小学成语培优全书·教辅常见,idiom-l3-1025:meaning_choice,idiom:大快人心,meaning_choice,idiom:大快人心,大快人心,meaning_choice,upper,"{""choices"": [""失去信心，情绪低落"", ""只剩下一口气，快不行了"", ""小学教辅常见成语"", ""脸色温和愉快""]}"
idiom,L3,,小学教辅常见成语（四字）,大惊失色,成语;综合;小升初高频,小学成语培优全书·教辅常见,idiom-l3-1026,idiom:大惊失色,recite,idiom:大惊失色,大惊失色,recite,all,
idiom,L3,,下面的写法对不对？,错,成语;综合;小升初高频,小学成语培优全书·教辅常见,idiom-l3-1026:char_judge,idiom:大惊失色,char_judge,idiom:大惊失色,大惊失色,char_judge,lower,"{""display"": ""大惊失甲""}"
idiom,L3,,「大惊失色」的意思是？,小学教辅常见成语,成语;综合;小升初高频,小学成语培优全书·教辅常见,idiom-l3-1026:meaning_choice,idiom:大惊失色,meaning_choice,idiom:大惊失色,大惊失色,meaning_choice,upper,"{""choices"": [""生活在优裕的环境里"", ""小学教辅常见成语"", ""美丽得没有谁能比"", ""一下子明白过来""]}"
idiom,L3,,小学教辅常见成语（四字）,大惊小怪,成语;综合;小升初高频,小学成语培优全书·教辅常见,idiom-l3-1027,idiom:大惊小怪,recite,idiom:大惊小怪,大惊小怪,recite,all,
idiom,L3,,下面的写法对不对？,对,成语;综合;小升初高频,小学成语培优全书·教辅常见,idiom-l3-1027:char_judge,idiom:大惊小怪,char_judge,idiom:大惊小怪,大惊小怪,char_judge,lower,"{""display"": ""大惊小怪""}"
idiom,L3,,「大惊小怪」的意思是？,小学教辅常见成语,成语;综合;小升初高频,小学成语培优全书·教辅常见,idiom-l3-1027:meaning_choice,idiom:大惊小怪,meaning_choice,idiom:大惊小怪,大惊小怪,meaning_choice,upper,"{""choices"": [""到处是冰和雪"", ""不由得产生敬意"", ""百姓生活在极端困苦中"", ""小学教辅常见成语""]}"
idiom,L3,,小学教辅常见成语（四字）,大手大脚,成语;综合;小升初高频,小学成语培优全书·教辅常见,idiom-l3-1028,idiom:大手大脚,recite,idiom:大手大脚,大手大脚,recite,all,
idiom,L3,,下面的写法对不对？,对,成语;综合;小升初高频,小学成语培优全书·教辅常见,idiom-l3-1028:char_judge,idiom:大手大脚,char_judge,idiom:大手大脚,大手大脚,char_judge,lower,"{""display"": ""大手大脚""}"
idiom,L3,,「大手大脚」的意思是？,小学教辅常见成语,成语;综合;小升初高频,小学成语培优全书·教辅常见,idiom-l3-1028:meaning_choice,idiom:大手大脚,meaning_choice,idiom:大手大脚,大手大脚,meaning_choice,upper,"{""choices"": [""名声和实际相符"", ""非常安静"", ""内部困难又加上外来威胁"", ""小学教辅常见成语""]}"
idiom,L3,,小学教辅常见成语（四字）,大显身手,成语;综合;小升初高频,小学成语培优全书·教辅常见,idiom-l3-1030,idiom:大显身手,recite,idiom:大显身手,大显身手,recite,all,
idiom,L3,,下面的写法对不对？,对,成语;综合;小升初高频,小学成语培优全书·教辅常见,idiom-l3-1030:char_judge,idiom:大显身手,char_judge,idiom:大显身手,大显身手,char_judge,lower,"{""display"": ""大显身手""}"
idiom,L3,,「大显身手」的意思是？,小学教辅常见成语,成语;综合;小升初高频,小学成语培优全书·教辅常见,idiom-l3-1030:meaning_choice,idiom:大显身手,meaning_choice,idiom:大显身手,大显身手,meaning_choice,upper,"{""choices"": [""知音难遇或乐曲高妙"", ""精简机构、减少人员"", ""小学教辅常见成语"", ""出了问题赶紧补救还来得及""]}"
idiom,L3,,小学教辅常见成语（四字）,大有可为,成语;综合;小升初高频,小学成语培优全书·教辅常见,idiom-l3-1031,idiom:大有可为,recite,idiom:大有可为,大有可为,recite,all,
idiom,L3,,下面的写法对不对？,对,成语;综合;小升初高频,小学成语培优全书·教辅常见,idiom-l3-1031:char_judge,idiom:大有可为,char_judge,idiom:大有可为,大有可为,char_judge,lower,"{""display"": ""大有可为""}"
idiom,L3,,「大有可为」的意思是？,小学教辅常见成语,成语;综合;小升初高频,小学成语培优全书·教辅常见,idiom-l3-1031:meaning_choice,idiom:大有可为,meaning_choice,idiom:大有可为,大有可为,meaning_choice,upper,"{""choices"": [""树林层层变色"", ""到处是冰和雪"", ""小学教辅常见成语"", ""非常吃惊""]}"
idiom,L3,,小学教辅常见成语（四字）,大材小用,成语;综合;小升初高频,小学成语培优全书·教辅常见,idiom-l3-1032,idiom:大材小用,recite,idiom:大材小用,大材小用,recite,all,
idiom,L3,,下面的写法对不对？,错,成语;综合;小升初高频,小学成语培优全书·教辅常见,idiom-l3-1032:char_judge,idiom:大材小用,char_judge,idiom:大材小用,大材小用,char_judge,lower,"{""display"": ""大甲小用""}"
idiom,L3,,「大材小用」的意思是？,小学教辅常见成语,成语;综合;小升初高频,小学成语培优全书·教辅常见,idiom-l3-1032:meaning_choice,idiom:大材小用,meaning_choice,idiom:大材小用,大材小用,meaning_choice,upper,"{""choices"": [""占据高处，向下俯视"", ""没有尽头"", ""没有风浪，也指局势安定"", ""小学教辅常见成语""]}"
idiom,L3,,小学教辅常见成语（四字）,大模大样,成语;综合;小升初高频,小学成语培优全书·教辅常见,idiom-l3-1033,idiom:大模大样,recite,idiom:大模大样,大模大样,recite,all,
idiom,L3,,下面的写法对不对？,对,成语;综合;小升初高频,小学成语培优全书·教辅常见,idiom-l3-1033:char_judge,idiom:大模大样,char_judge,idiom:大模大样,大模大样,char_judge,lower,"{""display"": ""大模大样""}"
idiom,L3,,「大模大样」的意思是？,小学教辅常见成语,成语;综合;小升初高频,小学成语培优全书·教辅常见,idiom-l3-1033:meaning_choice,idiom:大模大样,meaning_choice,idiom:大模大样,大模大样,meaning_choice,upper,"{""choices"": [""费尽心思谋划（多含贬义）"", ""小学教辅常见成语"", ""失去信心，情绪低落"", ""到哪儿都能安下心来""]}"
idiom,L3,,小学教辅常见成语（四字）,大海捞针,成语;综合;小升初高频,小学成语培优全书·教辅常见,idiom-l3-1034,idiom:大海捞针,recite,idiom:大海捞针,大海捞针,recite,all,
idiom,L3,,下面的写法对不对？,错,成语;综合;小升初高频,小学成语培优全书·教辅常见,idiom-l3-1034:char_judge,idiom:大海捞针,char_judge,idiom:大海捞针,大海捞针,char_judge,lower,"{""display"": ""大海甲针""}"
idiom,L3,,「大海捞针」的意思是？,小学教辅常见成语,成语;综合;小升初高频,小学成语培优全书·教辅常见,idiom-l3-1034:meaning_choice,idiom:大海捞针,meaning_choice,idiom:大海捞针,大海捞针,meaning_choice,upper,"{""choices"": [""小学教辅常见成语"", ""知音难遇或乐曲高妙"", ""精简机构、减少人员"", ""做事非常顺手""]}"
idiom,L3,,小学教辅常见成语（四字）,大获全胜,成语;综合;小升初高频,小学成语培优全书·教辅常见,idiom-l3-1035,idiom:大获全胜,recite,idiom:大获全胜,大获全胜,recite,all,
idiom,L3,,下面的写法对不对？,错,成语;综合;小升初高频,小学成语培优全书·教辅常见,idiom-l3-1035:char_judge,idiom:大获全胜,char_judge,idiom:大获全胜,大获全胜,char_judge,lower,"{""display"": ""太获全胜""}"
idiom,L3,,「大获全胜」的意思是？,小学教辅常见成语,成语;综合;小升初高频,小学成语培优全书·教辅常见,idiom-l3-1035:meaning_choice,idiom:大获全胜,meaning_choice,idiom:大获全胜,大获全胜,meaning_choice,upper,"{""choices"": [""小学教辅常见成语"", ""没有精神"", ""知音难遇或乐曲高妙"", ""心里急得像火烧""]}"
idiom,L3,,小学教辅常见成语（四字）,大谬不然,成语;综合;小升初高频,小学成语培优全书·教辅常见,idiom-l3-1036,idiom:大谬不然,recite,idiom:大谬不然,大谬不然,recite,all,
idiom,L3,,下面的写法对不对？,错,成语;综合;小升初高频,小学成语培优全书·教辅常见,idiom-l3-1036:char_judge,idiom:大谬不然,char_judge,idiom:大谬不然,大谬不然,char_judge,lower,"{""display"": ""太谬不然""}"
idiom,L3,,「大谬不然」的意思是？,小学教辅常见成语,成语;综合;小升初高频,小学成语培优全书·教辅常见,idiom-l3-1036:meaning_choice,idiom:大谬不然,meaning_choice,idiom:大谬不然,大谬不然,meaning_choice,upper,"{""choices"": [""侥幸逃脱的人"", ""色彩又多又好看"", ""小学教辅常见成语"", ""冰和雪化了""]}"
idiom,L3,,小学教辅常见成语（四字）,天南地北,成语;综合;小升初高频,小学成语培优全书·教辅常见,idiom-l3-1037,idiom:天南地北,recite,idiom:天南地北,天南地北,recite,all,
idiom,L3,,下面的写法对不对？,错,成语;综合;小升初高频,小学成语培优全书·教辅常见,idiom-l3-1037:char_judge,idiom:天南地北,char_judge,idiom:天南地北,天南地北,char_judge,lower,"{""display"": ""天南地甲""}"
idiom,L3,,「天南地北」的意思是？,小学教辅常见成语,成语;综合;小升初高频,小学成语培优全书·教辅常见,idiom-l3-1037:meaning_choice,idiom:天南地北,meaning_choice,idiom:天南地北,天南地北,meaning_choice,upper,"{""choices"": [""小学教辅常见成语"", ""一眼望不到边"", ""事故很多的时期"", ""精神力气都用尽了""]}"
idiom,L3,,小学教辅常见成语（四字）,天壤之别,成语;综合;小升初高频,小学成语培优全书·教辅常见,idiom-l3-1038,idiom:天壤之别,recite,idiom:天壤之别,天壤之别,recite,all,
idiom,L3,,下面的写法对不对？,对,成语;综合;小升初高频,小学成语培优全书·教辅常见,idiom-l3-1038:char_judge,idiom:天壤之别,char_judge,idiom:天壤之别,天壤之别,char_judge,lower,"{""display"": ""天壤之别""}"
idiom,L3,,「天壤之别」的意思是？,小学教辅常见成语,成语;综合;小升初高频,小学成语培优全书·教辅常见,idiom-l3-1038:meaning_choice,idiom:天壤之别,meaning_choice,idiom:天壤之别,天壤之别,meaning_choice,upper,"{""choices"": [""出主意、想办法"", ""小学教辅常见成语"", ""不清楚、弄不明白"", ""一切都换成了新气象""]}"
idiom,L3,,小学教辅常见成语（四字）,天差地别,成语;综合;小升初高频,小学成语培优全书·教辅常见,idiom-l3-1039,idiom:天差地别,recite,idiom:天差地别,天差地别,recite,all,
idiom,L3,,下面的写法对不对？,错,成语;综合;小升初高频,小学成语培优全书·教辅常见,idiom-l3-1039:char_judge,idiom:天差地别,char_judge,idiom:天差地别,天差地别,char_judge,lower,"{""display"": ""天差第别""}"
idiom,L3,,「天差地别」的意思是？,小学教辅常见成语,成语;综合;小升初高频,小学成语培优全书·教辅常见,idiom-l3-1039:meaning_choice,idiom:天差地别,meaning_choice,idiom:天差地别,天差地别,meaning_choice,upper,"{""choices"": [""小学教辅常见成语"", ""夜里不用关门，社会安定"", ""天空蓝得像洗过一样"", ""生活安定，工作愉快""]}"
idiom,L3,,小学教辅常见成语（四字）,天涯海角,成语;综合;小升初高频,小学成语培优全书·教辅常见,idiom-l3-1040,idiom:天涯海角,recite,idiom:天涯海角,天涯海角,recite,all,
idiom,L3,,下面的写法对不对？,错,成语;综合;小升初高频,小学成语培优全书·教辅常见,idiom-l3-1040:char_judge,idiom:天涯海角,char_judge,idiom:天涯海角,天涯海角,char_judge,lower,"{""display"": ""天甲海角""}"
idiom,L3,,「天涯海角」的意思是？,小学教辅常见成语,成语;综合;小升初高频,小学成语培优全书·教辅常见,idiom-l3-1040:meaning_choice,idiom:天涯海角,meaning_choice,idiom:天涯海角,天涯海角,meaning_choice,upper,"{""choices"": [""天空一片晴朗"", ""一直坚持，不放弃"", ""五官清秀好看"", ""小学教辅常见成语""]}"
idiom,L3,,小学教辅常见成语（四字）,天经地义,成语;综合;小升初高频,小学成语培优全书·教辅常见,idiom-l3-1041,idiom:天经地义,recite,idiom:天经地义,天经地义,recite,all,
idiom,L3,,下面的写法对不对？,对,成语;综合;小升初高频,小学成语培优全书·教辅常见,idiom-l3-1041:char_judge,idiom:天经地义,char_judge,idiom:天经地义,天经地义,char_judge,lower,"{""display"": ""天经地义""}"
idiom,L3,,「天经地义」的意思是？,小学教辅常见成语,成语;综合;小升初高频,小学成语培优全书·教辅常见,idiom-l3-1041:meaning_choice,idiom:天经地义,meaning_choice,idiom:天经地义,天经地义,meaning_choice,upper,"{""choices"": [""这边看看那边看看"", ""小学教辅常见成语"", ""人工比自然还精巧"", ""得意得忘了自己是谁""]}"
idiom,L3,,小学教辅常见成语（四字）,天罗地网,成语;综合;小升初高频,小学成语培优全书·教辅常见,idiom-l3-1042,idiom:天罗地网,recite,idiom:天罗地网,天罗地网,recite,all,
idiom,L3,,下面的写法对不对？,对,成语;综合;小升初高频,小学成语培优全书·教辅常见,idiom-l3-1042:char_judge,idiom:天罗地网,char_judge,idiom:天罗地网,天罗地网,char_judge,lower,"{""display"": ""天罗地网""}"
idiom,L3,,「天罗地网」的意思是？,小学教辅常见成语,成语;综合;小升初高频,小学成语培优全书·教辅常见,idiom-l3-1042:meaning_choice,idiom:天罗地网,meaning_choice,idiom:天罗地网,天罗地网,meaning_choice,upper,"{""choices"": [""没有精神"", ""没有风浪，也指局势安定"", ""小学教辅常见成语"", ""人工比自然还精巧""]}"
idiom,L3,,小学教辅常见成语（四字）,天翻地覆,成语;综合;小升初高频,小学成语培优全书·教辅常见,idiom-l3-1043,idiom:天翻地覆,recite,idiom:天翻地覆,天翻地覆,recite,all,
idiom,L3,,下面的写法对不对？,错,成语;综合;小升初高频,小学成语培优全书·教辅常见,idiom-l3-1043:char_judge,idiom:天翻地覆,char_judge,idiom:天翻地覆,天翻地覆,char_judge,lower,"{""display"": ""天甲地覆""}"
idiom,L3,,「天翻地覆」的意思是？,小学教辅常见成语,成语;综合;小升初高频,小学成语培优全书·教辅常见,idiom-l3-1043:meaning_choice,idiom:天翻地覆,meaning_choice,idiom:天翻地覆,天翻地覆,meaning_choice,upper,"{""choices"": [""小学教辅常见成语"", ""到了山和水的尽头，没有出路"", ""树林层层翠绿"", ""天空蓝得像洗过一样""]}"
idiom,L3,,小学教辅常见成语（四字）,天长地久,成语;综合;小升初高频,小学成语培优全书·教辅常见,idiom-l3-1044,idiom:天长地久,recite,idiom:天长地久,天长地久,recite,all,
idiom,L3,,下面的写法对不对？,对,成语;综合;小升初高频,小学成语培优全书·教辅常见,idiom-l3-1044:char_judge,idiom:天长地久,char_judge,idiom:天长地久,天长地久,char_judge,lower,"{""display"": ""天长地久""}"
idiom,L3,,「天长地久」的意思是？,小学教辅常见成语,成语;综合;小升初高频,小学成语培优全书·教辅常见,idiom-l3-1044:meaning_choice,idiom:天长地久,meaning_choice,idiom:天长地久,天长地久,meaning_choice,upper,"{""choices"": [""充满活力"", ""小学教辅常见成语"", ""出自历史故事的成语"", ""书一直拿在手里，非常爱读""]}"
idiom,L3,,小学教辅常见成语（四字）,太平盛世,成语;综合;小升初高频,小学成语培优全书·教辅常见,idiom-l1-0019,idiom:太平盛世,recite,idiom:太平盛世,太平盛世,recite,all,
idiom,L3,,下面的写法对不对？,对,成语;综合;小升初高频,小学成语培优全书·教辅常见,idiom-l1-0019:char_judge,idiom:太平盛世,char_judge,idiom:太平盛世,太平盛世,char_judge,lower,"{""display"": ""太平盛世""}"
idiom,L3,,「太平盛世」的意思是？,小学教辅常见成语,成语;综合;小升初高频,小学成语培优全书·教辅常见,idiom-l1-0019:meaning_choice,idiom:太平盛世,meaning_choice,idiom:太平盛世,太平盛世,meaning_choice,upper,"{""choices"": [""小学教辅常见成语"", ""春天回来了，大地苏醒"", ""到处是流离失所的灾民"", ""很多鸟一起叫""]}"
idiom,L3,,小学教辅常见成语（四字）,夸父逐日,成语;综合;小升初高频,小学成语培优全书·教辅常见,idiom-l3-1046,idiom:夸父逐日,recite,idiom:夸父逐日,夸父逐日,recite,all,
idiom,L3,,下面的写法对不对？,对,成语;综合;小升初高频,小学成语培优全书·教辅常见,idiom-l3-1046:char_judge,idiom:夸父逐日,char_judge,idiom:夸父逐日,夸父逐日,char_judge,lower,"{""display"": ""夸父逐日""}"
idiom,L3,,「夸父逐日」的意思是？,小学教辅常见成语,成语;综合;小升初高频,小学成语培优全书·教辅常见,idiom-l3-1046:meaning_choice,idiom:夸父逐日,meaning_choice,idiom:夸父逐日,夸父逐日,meaning_choice,upper,"{""choices"": [""小学教辅常见成语"", ""生活在优裕的环境里"", ""到处是冰和雪"", ""跃跃欲试、准备动手""]}"
idiom,L3,,小学教辅常见成语（四字）,奇耻大辱,成语;综合;小升初高频,小学成语培优全书·教辅常见,idiom-l3-1047,idiom:奇耻大辱,recite,idiom:奇耻大辱,奇耻大辱,recite,all,
idiom,L3,,下面的写法对不对？,对,成语;综合;小升初高频,小学成语培优全书·教辅常见,idiom-l3-1047:char_judge,idiom:奇耻大辱,char_judge,idiom:奇耻大辱,奇耻大辱,char_judge,lower,"{""display"": ""奇耻大辱""}"
idiom,L3,,「奇耻大辱」的意思是？,小学教辅常见成语,成语;综合;小升初高频,小学成语培优全书·教辅常见,idiom-l3-1047:meaning_choice,idiom:奇耻大辱,meaning_choice,idiom:奇耻大辱,奇耻大辱,meaning_choice,upper,"{""choices"": [""称心如意、神气十足"", ""变化很多"", ""小学教辅常见成语"", ""家庭毁了，人也没了""]}"
idiom,L3,,小学教辅常见成语（四字）,奋不顾身,成语;综合;小升初高频,小学成语培优全书·教辅常见,idiom-l3-1048,idiom:奋不顾身,recite,idiom:奋不顾身,奋不顾身,recite,all,
idiom,L3,,下面的写法对不对？,对,成语;综合;小升初高频,小学成语培优全书·教辅常见,idiom-l3-1048:char_judge,idiom:奋不顾身,char_judge,idiom:奋不顾身,奋不顾身,char_judge,lower,"{""display"": ""奋不顾身""}"
idiom,L3,,「奋不顾身」的意思是？,小学教辅常见成语,成语;综合;小升初高频,小学成语培优全书·教辅常见,idiom-l3-1048:meaning_choice,idiom:奋不顾身,meaning_choice,idiom:奋不顾身,奋不顾身,meaning_choice,upper,"{""choices"": [""小学教辅常见成语"", ""死得有意义、有价值"", ""果实结得很多"", ""眼睛明亮、牙齿洁白""]}"
idiom,L3,,小学教辅常见成语（四字）,奋发图强,成语;综合;小升初高频,小学成语培优全书·教辅常见,idiom-l3-1049,idiom:奋发图强,recite,idiom:奋发图强,奋发图强,recite,all,
idiom,L3,,下面的写法对不对？,错,成语;综合;小升初高频,小学成语培优全书·教辅常见,idiom-l3-1049:char_judge,idiom:奋发图强,char_judge,idiom:奋发图强,奋发图强,char_judge,lower,"{""display"": ""奋甲图强""}"
idiom,L3,,「奋发图强」的意思是？,小学教辅常见成语,成语;综合;小升初高频,小学成语培优全书·教辅常见,idiom-l3-1049:meaning_choice,idiom:奋发图强,meaning_choice,idiom:奋发图强,奋发图强,meaning_choice,upper,"{""choices"": [""气势很大、规模很大"", ""小学教辅常见成语"", ""吃或听得非常有兴趣"", ""生活安定，工作愉快""]}"
idiom,L3,,小学教辅常见成语（四字）,奔走相告,成语;综合;小升初高频,小学成语培优全书·教辅常见,idiom-l3-1051,idiom:奔走相告,recite,idiom:奔走相告,奔走相告,recite,all,
idiom,L3,,下面的写法对不对？,对,成语;综合;小升初高频,小学成语培优全书·教辅常见,idiom-l3-1051:char_judge,idiom:奔走相告,char_judge,idiom:奔走相告,奔走相告,char_judge,lower,"{""display"": ""奔走相告""}"
idiom,L3,,「奔走相告」的意思是？,小学教辅常见成语,成语;综合;小升初高频,小学成语培优全书·教辅常见,idiom-l3-1051:meaning_choice,idiom:奔走相告,meaning_choice,idiom:奔走相告,奔走相告,meaning_choice,upper,"{""choices"": [""像老虎一样盯着，想扑上去"", ""生活安定，工作愉快"", ""小学教辅常见成语"", ""描写外貌的成语""]}"
idiom,L3,,小学教辅常见成语（四字）,好吃懒做,成语;综合;小升初高频,小学成语培优全书·教辅常见,idiom-l3-1052,idiom:好吃懒做,recite,idiom:好吃懒做,好吃懒做,recite,all,
idiom,L3,,下面的写法对不对？,错,成语;综合;小升初高频,小学成语培优全书·教辅常见,idiom-l3-1052:char_judge,idiom:好吃懒做,char_judge,idiom:好吃懒做,好吃懒做,char_judge,lower,"{""display"": ""甲吃懒做""}"
idiom,L3,,「好吃懒做」的意思是？,小学教辅常见成语,成语;综合;小升初高频,小学成语培优全书·教辅常见,idiom-l3-1052:meaning_choice,idiom:好吃懒做,meaning_choice,idiom:好吃懒做,好吃懒做,meaning_choice,upper,"{""choices"": [""小学教辅常见成语"", ""大体很好，还有一点缺憾"", ""出自历史故事的成语"", ""恭敬地向老师求教""]}"
idiom,L3,,小学教辅常见成语（四字）,好逸恶劳,成语;综合;小升初高频,小学成语培优全书·教辅常见,idiom-l3-1053,idiom:好逸恶劳,recite,idiom:好逸恶劳,好逸恶劳,recite,all,
idiom,L3,,下面的写法对不对？,对,成语;综合;小升初高频,小学成语培优全书·教辅常见,idiom-l3-1053:char_judge,idiom:好逸恶劳,char_judge,idiom:好逸恶劳,好逸恶劳,char_judge,lower,"{""display"": ""好逸恶劳""}"
idiom,L3,,「好逸恶劳」的意思是？,小学教辅常见成语,成语;综合;小升初高频,小学成语培优全书·教辅常见,idiom-l3-1053:meaning_choice,idiom:好逸恶劳,meaning_choice,idiom:好逸恶劳,好逸恶劳,meaning_choice,upper,"{""choices"": [""小学教辅常见成语"", ""头发散乱"", ""关键处一点就使整体生动"", ""特别容易被人看见""]}"
idiom,L3,,小学教辅常见成语（四字）,如临大敌,成语;综合;小升初高频,小学成语培优全书·教辅常见,idiom-l3-1054,idiom:如临大敌,recite,idiom:如临大敌,如临大敌,recite,all,
idiom,L3,,下面的写法对不对？,对,成语;综合;小升初高频,小学成语培优全书·教辅常见,idiom-l3-1054:char_judge,idiom:如临大敌,char_judge,idiom:如临大敌,如临大敌,char_judge,lower,"{""display"": ""如临大敌""}"
idiom,L3,,「如临大敌」的意思是？,小学教辅常见成语,成语;综合;小升初高频,小学成语培优全书·教辅常见,idiom-l3-1054:meaning_choice,idiom:如临大敌,meaning_choice,idiom:如临大敌,如临大敌,meaning_choice,upper,"{""choices"": [""不止一个，还有配对的"", ""小学教辅常见成语"", ""自己跟自己说话"", ""身体粉碎，也指不惜牺牲""]}"
idiom,L3,,小学教辅常见成语（四字）,如坐针毡,成语;综合;小升初高频,小学成语培优全书·教辅常见,idiom-l3-1055,idiom:如坐针毡,recite,idiom:如坐针毡,如坐针毡,recite,all,
idiom,L3,,下面的写法对不对？,对,成语;综合;小升初高频,小学成语培优全书·教辅常见,idiom-l3-1055:char_judge,idiom:如坐针毡,char_judge,idiom:如坐针毡,如坐针毡,char_judge,lower,"{""display"": ""如坐针毡""}"
idiom,L3,,「如坐针毡」的意思是？,小学教辅常见成语,成语;综合;小升初高频,小学成语培优全书·教辅常见,idiom-l3-1055:meaning_choice,idiom:如坐针毡,meaning_choice,idiom:如坐针毡,如坐针毡,meaning_choice,upper,"{""choices"": [""自然界最美的声音"", ""又刮风又下雨"", ""小学教辅常见成语"", ""描摹得十分逼真""]}"
idiom,L3,,小学教辅常见成语（四字）,如数家珍,成语;综合;小升初高频,小学成语培优全书·教辅常见,idiom-l3-1056,idiom:如数家珍,recite,idiom:如数家珍,如数家珍,recite,all,
idiom,L3,,下面的写法对不对？,错,成语;综合;小升初高频,小学成语培优全书·教辅常见,idiom-l3-1056:char_judge,idiom:如数家珍,char_judge,idiom:如数家珍,如数家珍,char_judge,lower,"{""display"": ""如数甲珍""}"
idiom,L3,,「如数家珍」的意思是？,小学教辅常见成语,成语;综合;小升初高频,小学成语培优全书·教辅常见,idiom-l3-1056:meaning_choice,idiom:如数家珍,meaning_choice,idiom:如数家珍,如数家珍,meaning_choice,upper,"{""choices"": [""特别容易被人看见"", ""样子慈善和气"", ""小学教辅常见成语"", ""大声地笑""]}"
idiom,L3,,小学教辅常见成语（四字）,如日中天,成语;综合;小升初高频,小学成语培优全书·教辅常见,idiom-l3-1057,idiom:如日中天,recite,idiom:如日中天,如日中天,recite,all,
idiom,L3,,下面的写法对不对？,错,成语;综合;小升初高频,小学成语培优全书·教辅常见,idiom-l3-1057:char_judge,idiom:如日中天,char_judge,idiom:如日中天,如日中天,char_judge,lower,"{""display"": ""如日甲天""}"
idiom,L3,,「如日中天」的意思是？,小学教辅常见成语,成语;综合;小升初高频,小学成语培优全书·教辅常见,idiom-l3-1057:meaning_choice,idiom:如日中天,meaning_choice,idiom:如日中天,如日中天,meaning_choice,upper,"{""choices"": [""一眼望不到边"", ""小学教辅常见成语"", ""按道理就该这样"", ""计谋非常高明""]}"
idiom,L3,,小学教辅常见成语（四字）,如梦初醒,成语;综合;小升初高频,小学成语培优全书·教辅常见,idiom-l3-1058,idiom:如梦初醒,recite,idiom:如梦初醒,如梦初醒,recite,all,
idiom,L3,,下面的写法对不对？,错,成语;综合;小升初高频,小学成语培优全书·教辅常见,idiom-l3-1058:char_judge,idiom:如梦初醒,char_judge,idiom:如梦初醒,如梦初醒,char_judge,lower,"{""display"": ""如甲初醒""}"
idiom,L3,,「如梦初醒」的意思是？,小学教辅常见成语,成语;综合;小升初高频,小学成语培优全书·教辅常见,idiom-l3-1058:meaning_choice,idiom:如梦初醒,meaning_choice,idiom:如梦初醒,如梦初醒,meaning_choice,upper,"{""choices"": [""脸色温和愉快"", ""到处是流离失所的灾民"", ""小学教辅常见成语"", ""吃或听得非常有兴趣""]}"
idiom,L3,,小学教辅常见成语（四字）,如法炮制,成语;综合;小升初高频,小学成语培优全书·教辅常见,idiom-l3-1059,idiom:如法炮制,recite,idiom:如法炮制,如法炮制,recite,all,
idiom,L3,,下面的写法对不对？,对,成语;综合;小升初高频,小学成语培优全书·教辅常见,idiom-l3-1059:char_judge,idiom:如法炮制,char_judge,idiom:如法炮制,如法炮制,char_judge,lower,"{""display"": ""如法炮制""}"
idiom,L3,,「如法炮制」的意思是？,小学教辅常见成语,成语;综合;小升初高频,小学成语培优全书·教辅常见,idiom-l3-1059:meaning_choice,idiom:如法炮制,meaning_choice,idiom:如法炮制,如法炮制,meaning_choice,upper,"{""choices"": [""轻快地唱、柔美地舞"", ""树林层层翠绿"", ""小学教辅常见成语"", ""没有烦恼""]}"
idiom,L3,,小学教辅常见成语（四字）,如火如荼,成语;综合;小升初高频,小学成语培优全书·教辅常见,idiom-l3-1060,idiom:如火如荼,recite,idiom:如火如荼,如火如荼,recite,all,
idiom,L3,,下面的写法对不对？,错,成语;综合;小升初高频,小学成语培优全书·教辅常见,idiom-l3-1060:char_judge,idiom:如火如荼,char_judge,idiom:如火如荼,如火如荼,char_judge,lower,"{""display"": ""甲火如荼""}"
idiom,L3,,「如火如荼」的意思是？,小学教辅常见成语,成语;综合;小升初高频,小学成语培优全书·教辅常见,idiom-l3-1060:meaning_choice,idiom:如火如荼,meaning_choice,idiom:如火如荼,如火如荼,meaning_choice,upper,"{""choices"": [""情绪非常激动"", ""小学教辅常见成语"", ""没有烦恼"", ""全部显露出来，什么也藏不住""]}"
idiom,L3,,小学教辅常见成语（四字）,如胶似漆,成语;综合;小升初高频,小学成语培优全书·教辅常见,idiom-l3-1061,idiom:如胶似漆,recite,idiom:如胶似漆,如胶似漆,recite,all,
idiom,L3,,下面的写法对不对？,对,成语;综合;小升初高频,小学成语培优全书·教辅常见,idiom-l3-1061:char_judge,idiom:如胶似漆,char_judge,idiom:如胶似漆,如胶似漆,char_judge,lower,"{""display"": ""如胶似漆""}"
idiom,L3,,「如胶似漆」的意思是？,小学教辅常见成语,成语;综合;小升初高频,小学成语培优全书·教辅常见,idiom-l3-1061:meaning_choice,idiom:如胶似漆,meaning_choice,idiom:如胶似漆,如胶似漆,meaning_choice,upper,"{""choices"": [""只剩下一口气，快不行了"", ""小学教辅常见成语"", ""样子很庄重认真"", ""舍不得离开""]}"
idiom,L3,,小学教辅常见成语（四字）,如释重负,成语;综合;小升初高频,小学成语培优全书·教辅常见,idiom-l3-1062,idiom:如释重负,recite,idiom:如释重负,如释重负,recite,all,
idiom,L3,,下面的写法对不对？,错,成语;综合;小升初高频,小学成语培优全书·教辅常见,idiom-l3-1062:char_judge,idiom:如释重负,char_judge,idiom:如释重负,如释重负,char_judge,lower,"{""display"": ""甲释重负""}"
idiom,L3,,「如释重负」的意思是？,小学教辅常见成语,成语;综合;小升初高频,小学成语培优全书·教辅常见,idiom-l3-1062:meaning_choice,idiom:如释重负,meaning_choice,idiom:如释重负,如释重负,meaning_choice,upper,"{""choices"": [""风景优美"", ""冰和雪化了"", ""小学教辅常见成语"", ""很少说话""]}"
idiom,L3,,小学教辅常见成语（四字）,如雷贯耳,成语;综合;小升初高频,小学成语培优全书·教辅常见,idiom-l3-1063,idiom:如雷贯耳,recite,idiom:如雷贯耳,如雷贯耳,recite,all,
idiom,L3,,下面的写法对不对？,错,成语;综合;小升初高频,小学成语培优全书·教辅常见,idiom-l3-1063:char_judge,idiom:如雷贯耳,char_judge,idiom:如雷贯耳,如雷贯耳,char_judge,lower,"{""display"": ""如甲贯耳""}"
idiom,L3,,「如雷贯耳」的意思是？,小学教辅常见成语,成语;综合;小升初高频,小学成语培优全书·教辅常见,idiom-l3-1063:meaning_choice,idiom:如雷贯耳,meaning_choice,idiom:如雷贯耳,如雷贯耳,meaning_choice,upper,"{""choices"": [""色彩又多又好看"", ""身体粉碎，也指不惜牺牲"", ""本领特别大"", ""小学教辅常见成语""]}"
idiom,L3,,小学教辅常见成语（四字）,如饥似渴,成语;综合;小升初高频,小学成语培优全书·教辅常见,idiom-l3-1064,idiom:如饥似渴,recite,idiom:如饥似渴,如饥似渴,recite,all,
idiom,L3,,下面的写法对不对？,对,成语;综合;小升初高频,小学成语培优全书·教辅常见,idiom-l3-1064:char_judge,idiom:如饥似渴,char_judge,idiom:如饥似渴,如饥似渴,char_judge,lower,"{""display"": ""如饥似渴""}"
idiom,L3,,「如饥似渴」的意思是？,小学教辅常见成语,成语;综合;小升初高频,小学成语培优全书·教辅常见,idiom-l3-1064:meaning_choice,idiom:如饥似渴,meaning_choice,idiom:如饥似渴,如饥似渴,meaning_choice,upper,"{""choices"": [""说话办事坚决果断"", ""小学教辅常见成语"", ""出自寓言故事的成语"", ""出自寓言故事的成语""]}"
idiom,L3,,小学教辅常见成语（四字）,妄自尊大,成语;综合;小升初高频,小学成语培优全书·教辅常见,idiom-l3-1065,idiom:妄自尊大,recite,idiom:妄自尊大,妄自尊大,recite,all,
idiom,L3,,下面的写法对不对？,对,成语;综合;小升初高频,小学成语培优全书·教辅常见,idiom-l3-1065:char_judge,idiom:妄自尊大,char_judge,idiom:妄自尊大,妄自尊大,char_judge,lower,"{""display"": ""妄自尊大""}"
idiom,L3,,「妄自尊大」的意思是？,小学教辅常见成语,成语;综合;小升初高频,小学成语培优全书·教辅常见,idiom-l3-1065:meaning_choice,idiom:妄自尊大,meaning_choice,idiom:妄自尊大,妄自尊大,meaning_choice,upper,"{""choices"": [""出主意、想办法"", ""小学教辅常见成语"", ""桂花香气飘散"", ""齐心合力""]}"
idiom,L3,,小学教辅常见成语（四字）,妖言惑众,成语;综合;小升初高频,小学成语培优全书·教辅常见,idiom-l3-1066,idiom:妖言惑众,recite,idiom:妖言惑众,妖言惑众,recite,all,
idiom,L3,,下面的写法对不对？,错,成语;综合;小升初高频,小学成语培优全书·教辅常见,idiom-l3-1066:char_judge,idiom:妖言惑众,char_judge,idiom:妖言惑众,妖言惑众,char_judge,lower,"{""display"": ""妖信惑众""}"
idiom,L3,,「妖言惑众」的意思是？,小学教辅常见成语,成语;综合;小升初高频,小学成语培优全书·教辅常见,idiom-l3-1066:meaning_choice,idiom:妖言惑众,meaning_choice,idiom:妖言惑众,妖言惑众,meaning_choice,upper,"{""choices"": [""AABC 结构的成语"", ""小学教辅常见成语"", ""不加咀嚼地整吞，比喻不求甚解"", ""刻苦学习，不敢打瞌睡""]}"
idiom,L3,,小学教辅常见成语（四字）,妙不可言,成语;综合;小升初高频,小学成语培优全书·教辅常见,idiom-l3-1067,idiom:妙不可言,recite,idiom:妙不可言,妙不可言,recite,all,
idiom,L3,,下面的写法对不对？,错,成语;综合;小升初高频,小学成语培优全书·教辅常见,idiom-l3-1067:char_judge,idiom:妙不可言,char_judge,idiom:妙不可言,妙不可言,char_judge,lower,"{""display"": ""妙不甲言""}"
idiom,L3,,「妙不可言」的意思是？,小学教辅常见成语,成语;综合;小升初高频,小学成语培优全书·教辅常见,idiom-l3-1067:meaning_choice,idiom:妙不可言,meaning_choice,idiom:妙不可言,妙不可言,meaning_choice,upper,"{""choices"": [""人声嘈杂得像开了锅"", ""心里早有了主意"", ""小学教辅常见成语"", ""不知该哭还是该笑""]}"
idiom,L3,,小学教辅常见成语（四字）,妙语连珠,成语;综合;小升初高频,小学成语培优全书·教辅常见,idiom-l3-1068,idiom:妙语连珠,recite,idiom:妙语连珠,妙语连珠,recite,all,
idiom,L3,,下面的写法对不对？,对,成语;综合;小升初高频,小学成语培优全书·教辅常见,idiom-l3-1068:char_judge,idiom:妙语连珠,char_judge,idiom:妙语连珠,妙语连珠,char_judge,lower,"{""display"": ""妙语连珠""}"
idiom,L3,,「妙语连珠」的意思是？,小学教辅常见成语,成语;综合;小升初高频,小学成语培优全书·教辅常见,idiom-l3-1068:meaning_choice,idiom:妙语连珠,meaning_choice,idiom:妙语连珠,妙语连珠,meaning_choice,upper,"{""choices"": [""仪表端正、很有气派"", ""家庭毁了，人也没了"", ""小学教辅常见成语"", ""乱七八糟地摆着""]}"
idiom,L3,,小学教辅常见成语（四字）,始终不渝,成语;综合;小升初高频,小学成语培优全书·教辅常见,idiom-l3-1069,idiom:始终不渝,recite,idiom:始终不渝,始终不渝,recite,all,
idiom,L3,,下面的写法对不对？,错,成语;综合;小升初高频,小学成语培优全书·教辅常见,idiom-l3-1069:char_judge,idiom:始终不渝,char_judge,idiom:始终不渝,始终不渝,char_judge,lower,"{""display"": ""甲终不渝""}"
idiom,L3,,「始终不渝」的意思是？,小学教辅常见成语,成语;综合;小升初高频,小学成语培优全书·教辅常见,idiom-l3-1069:meaning_choice,idiom:始终不渝,meaning_choice,idiom:始终不渝,始终不渝,meaning_choice,upper,"{""choices"": [""秋风轻轻吹"", ""心里着急、烦躁"", ""小学教辅常见成语"", ""想出和别人不一样的办法""]}"
idiom,L3,,小学教辅常见成语（四字）,委曲求全,成语;综合;小升初高频,小学成语培优全书·教辅常见,idiom-l3-1070,idiom:委曲求全,recite,idiom:委曲求全,委曲求全,recite,all,
idiom,L3,,下面的写法对不对？,对,成语;综合;小升初高频,小学成语培优全书·教辅常见,idiom-l3-1070:char_judge,idiom:委曲求全,char_judge,idiom:委曲求全,委曲求全,char_judge,lower,"{""display"": ""委曲求全""}"
idiom,L3,,「委曲求全」的意思是？,小学教辅常见成语,成语;综合;小升初高频,小学成语培优全书·教辅常见,idiom-l3-1070:meaning_choice,idiom:委曲求全,meaning_choice,idiom:委曲求全,委曲求全,meaning_choice,upper,"{""choices"": [""小学教辅常见成语"", ""不加咀嚼地整吞，比喻不求甚解"", ""描摹得十分逼真"", ""自然界最美的声音""]}"
idiom,L3,,小学教辅常见成语（四字）,姹紫嫣红,成语;综合;小升初高频,小学成语培优全书·教辅常见,idiom-l3-1071,idiom:姹紫嫣红,recite,idiom:姹紫嫣红,姹紫嫣红,recite,all,
idiom,L3,,下面的写法对不对？,错,成语;综合;小升初高频,小学成语培优全书·教辅常见,idiom-l3-1071:char_judge,idiom:姹紫嫣红,char_judge,idiom:姹紫嫣红,姹紫嫣红,char_judge,lower,"{""display"": ""姹紫甲红""}"
idiom,L3,,「姹紫嫣红」的意思是？,小学教辅常见成语,成语;综合;小升初高频,小学成语培优全书·教辅常见,idiom-l3-1071:meaning_choice,idiom:姹紫嫣红,meaning_choice,idiom:姹紫嫣红,姹紫嫣红,meaning_choice,upper,"{""choices"": [""文笔非常出色"", ""天空一片晴朗"", ""小学教辅常见成语"", ""想尽办法读书""]}"
idiom,L3,,小学教辅常见成语（四字）,娇生惯养,成语;综合;小升初高频,小学成语培优全书·教辅常见,idiom-l3-1072,idiom:娇生惯养,recite,idiom:娇生惯养,娇生惯养,recite,all,
idiom,L3,,下面的写法对不对？,错,成语;综合;小升初高频,小学成语培优全书·教辅常见,idiom-l3-1072:char_judge,idiom:娇生惯养,char_judge,idiom:娇生惯养,娇生惯养,char_judge,lower,"{""display"": ""甲生惯养""}"
idiom,L3,,「娇生惯养」的意思是？,小学教辅常见成语,成语;综合;小升初高频,小学成语培优全书·教辅常见,idiom-l3-1072:meaning_choice,idiom:娇生惯养,meaning_choice,idiom:娇生惯养,娇生惯养,meaning_choice,upper,"{""choices"": [""著名的高山和大河"", ""小学教辅常见成语"", ""云雾散开，眼前明亮"", ""从细小处看出大趋势""]}"
idiom,L3,,小学教辅常见成语（四字）,嫉恶如仇,成语;综合;小升初高频,小学成语培优全书·教辅常见,idiom-l3-1073,idiom:嫉恶如仇,recite,idiom:嫉恶如仇,嫉恶如仇,recite,all,
idiom,L3,,下面的写法对不对？,错,成语;综合;小升初高频,小学成语培优全书·教辅常见,idiom-l3-1073:char_judge,idiom:嫉恶如仇,char_judge,idiom:嫉恶如仇,嫉恶如仇,char_judge,lower,"{""display"": ""嫉恶甲仇""}"
idiom,L3,,「嫉恶如仇」的意思是？,小学教辅常见成语,成语;综合;小升初高频,小学成语培优全书·教辅常见,idiom-l3-1073:meaning_choice,idiom:嫉恶如仇,meaning_choice,idiom:嫉恶如仇,嫉恶如仇,meaning_choice,upper,"{""choices"": [""很想马上试一试"", ""小学教辅常见成语"", ""天空高远，云很淡"", ""铺天盖地而来""]}"
idiom,L3,,小学教辅常见成语（四字）,子虚乌有,成语;综合;小升初高频,小学成语培优全书·教辅常见,idiom-l3-1074,idiom:子虚乌有,recite,idiom:子虚乌有,子虚乌有,recite,all,
idiom,L3,,下面的写法对不对？,错,成语;综合;小升初高频,小学成语培优全书·教辅常见,idiom-l3-1074:char_judge,idiom:子虚乌有,char_judge,idiom:子虚乌有,子虚乌有,char_judge,lower,"{""display"": ""子虚甲有""}"
idiom,L3,,「子虚乌有」的意思是？,小学教辅常见成语,成语;综合;小升初高频,小学成语培优全书·教辅常见,idiom-l3-1074:meaning_choice,idiom:子虚乌有,meaning_choice,idiom:子虚乌有,子虚乌有,meaning_choice,upper,"{""choices"": [""很少说话"", ""黄莺唱歌、燕子飞舞"", ""小学教辅常见成语"", ""天空蓝得像洗过一样""]}"
idiom,L3,,小学教辅常见成语（四字）,字斟句酌,成语;综合;小升初高频,小学成语培优全书·教辅常见,idiom-l3-1075,idiom:字斟句酌,recite,idiom:字斟句酌,字斟句酌,recite,all,
idiom,L3,,下面的写法对不对？,对,成语;综合;小升初高频,小学成语培优全书·教辅常见,idiom-l3-1075:char_judge,idiom:字斟句酌,char_judge,idiom:字斟句酌,字斟句酌,char_judge,lower,"{""display"": ""字斟句酌""}"
idiom,L3,,「字斟句酌」的意思是？,小学教辅常见成语,成语;综合;小升初高频,小学成语培优全书·教辅常见,idiom-l3-1075:meaning_choice,idiom:字斟句酌,meaning_choice,idiom:字斟句酌,字斟句酌,meaning_choice,upper,"{""choices"": [""没有尽头"", ""抬起头、挺起胸，很有精神"", ""小学教辅常见成语"", ""事情还没发生就知道""]}"
idiom,L3,,小学教辅常见成语（四字）,孤掌难鸣,成语;综合;小升初高频,小学成语培优全书·教辅常见,idiom-l3-1076,idiom:孤掌难鸣,recite,idiom:孤掌难鸣,孤掌难鸣,recite,all,
idiom,L3,,下面的写法对不对？,错,成语;综合;小升初高频,小学成语培优全书·教辅常见,idiom-l3-1076:char_judge,idiom:孤掌难鸣,char_judge,idiom:孤掌难鸣,孤掌难鸣,char_judge,lower,"{""display"": ""孤甲难鸣""}"
idiom,L3,,「孤掌难鸣」的意思是？,小学教辅常见成语,成语;综合;小升初高频,小学成语培优全书·教辅常见,idiom-l3-1076:meaning_choice,idiom:孤掌难鸣,meaning_choice,idiom:孤掌难鸣,孤掌难鸣,meaning_choice,upper,"{""choices"": [""小学教辅常见成语"", ""舍不得离开"", ""自己跟自己说话"", ""借别人的威势吓唬人""]}"
idiom,L3,,小学教辅常见成语（四字）,孤立无援,成语;综合;小升初高频,小学成语培优全书·教辅常见,idiom-l3-1077,idiom:孤立无援,recite,idiom:孤立无援,孤立无援,recite,all,
idiom,L3,,下面的写法对不对？,对,成语;综合;小升初高频,小学成语培优全书·教辅常见,idiom-l3-1077:char_judge,idiom:孤立无援,char_judge,idiom:孤立无援,孤立无援,char_judge,lower,"{""display"": ""孤立无援""}"
idiom,L3,,「孤立无援」的意思是？,小学教辅常见成语,成语;综合;小升初高频,小学成语培优全书·教辅常见,idiom-l3-1077:meaning_choice,idiom:孤立无援,meaning_choice,idiom:孤立无援,孤立无援,meaning_choice,upper,"{""choices"": [""ABCC 结构的成语"", ""ABCC 结构的成语"", ""ABCC 结构的成语"", ""小学教辅常见成语""]}"
idiom,L3,,小学教辅常见成语（四字）,孤芳自赏,成语;综合;小升初高频,小学成语培优全书·教辅常见,idiom-l3-1078,idiom:孤芳自赏,recite,idiom:孤芳自赏,孤芳自赏,recite,all,
idiom,L3,,下面的写法对不对？,对,成语;综合;小升初高频,小学成语培优全书·教辅常见,idiom-l3-1078:char_judge,idiom:孤芳自赏,char_judge,idiom:孤芳自赏,孤芳自赏,char_judge,lower,"{""display"": ""孤芳自赏""}"
idiom,L3,,「孤芳自赏」的意思是？,小学教辅常见成语,成语;综合;小升初高频,小学成语培优全书·教辅常见,idiom-l3-1078:meaning_choice,idiom:孤芳自赏,meaning_choice,idiom:孤芳自赏,孤芳自赏,meaning_choice,upper,"{""choices"": [""笑得直不起腰"", ""吓得不知道该怎么办"", ""小学教辅常见成语"", ""人工比自然还精巧""]}"
idiom,L3,,小学教辅常见成语（四字）,孤陋寡闻,成语;综合;小升初高频,小学成语培优全书·教辅常见,idiom-l3-1079,idiom:孤陋寡闻,recite,idiom:孤陋寡闻,孤陋寡闻,recite,all,
idiom,L3,,下面的写法对不对？,错,成语;综合;小升初高频,小学成语培优全书·教辅常见,idiom-l3-1079:char_judge,idiom:孤陋寡闻,char_judge,idiom:孤陋寡闻,孤陋寡闻,char_judge,lower,"{""display"": ""孤甲寡闻""}"
idiom,L3,,「孤陋寡闻」的意思是？,小学教辅常见成语,成语;综合;小升初高频,小学成语培优全书·教辅常见,idiom-l3-1079:meaning_choice,idiom:孤陋寡闻,meaning_choice,idiom:孤陋寡闻,孤陋寡闻,meaning_choice,upper,"{""choices"": [""秋风轻轻吹"", ""高兴得自己都受不住"", ""家庭毁了，人也没了"", ""小学教辅常见成语""]}"
idiom,L3,,小学教辅常见成语（四字）,宁死不屈,成语;综合;小升初高频,小学成语培优全书·教辅常见,idiom-l3-1080,idiom:宁死不屈,recite,idiom:宁死不屈,宁死不屈,recite,all,
idiom,L3,,下面的写法对不对？,对,成语;综合;小升初高频,小学成语培优全书·教辅常见,idiom-l3-1080:char_judge,idiom:宁死不屈,char_judge,idiom:宁死不屈,宁死不屈,char_judge,lower,"{""display"": ""宁死不屈""}"
idiom,L3,,「宁死不屈」的意思是？,小学教辅常见成语,成语;综合;小升初高频,小学成语培优全书·教辅常见,idiom-l3-1080:meaning_choice,idiom:宁死不屈,meaning_choice,idiom:宁死不屈,宁死不屈,meaning_choice,upper,"{""choices"": [""桂花香气飘散"", ""小声地私下说话"", ""小学教辅常见成语"", ""从细小处看出大趋势""]}"
idiom,L3,,小学教辅常见成语（四字）,守口如瓶,成语;综合;小升初高频,小学成语培优全书·教辅常见,idiom-l3-1081,idiom:守口如瓶,recite,idiom:守口如瓶,守口如瓶,recite,all,
idiom,L3,,下面的写法对不对？,对,成语;综合;小升初高频,小学成语培优全书·教辅常见,idiom-l3-1081:char_judge,idiom:守口如瓶,char_judge,idiom:守口如瓶,守口如瓶,char_judge,lower,"{""display"": ""守口如瓶""}"
idiom,L3,,「守口如瓶」的意思是？,小学教辅常见成语,成语;综合;小升初高频,小学成语培优全书·教辅常见,idiom-l3-1081:meaning_choice,idiom:守口如瓶,meaning_choice,idiom:守口如瓶,守口如瓶,meaning_choice,upper,"{""choices"": [""想尽办法读书"", ""小学教辅常见成语"", ""书一直拿在手里，非常爱读"", ""秋风轻轻吹""]}"
idiom,L3,,小学教辅常见成语（四字）,安分守己,成语;综合;小升初高频,小学成语培优全书·教辅常见,idiom-l3-1082,idiom:安分守己,recite,idiom:安分守己,安分守己,recite,all,
idiom,L3,,下面的写法对不对？,错,成语;综合;小升初高频,小学成语培优全书·教辅常见,idiom-l3-1082:char_judge,idiom:安分守己,char_judge,idiom:安分守己,安分守己,char_judge,lower,"{""display"": ""安甲守己""}"
idiom,L3,,「安分守己」的意思是？,小学教辅常见成语,成语;综合;小升初高频,小学成语培优全书·教辅常见,idiom-l3-1082:meaning_choice,idiom:安分守己,meaning_choice,idiom:安分守己,安分守己,meaning_choice,upper,"{""choices"": [""小学教辅常见成语"", ""描写神态的成语"", ""描写神态的成语"", ""描写神态的成语""]}"
idiom,L3,,小学教辅常见成语（四字）,安步当车,成语;综合;小升初高频,小学成语培优全书·教辅常见,idiom-l3-1083,idiom:安步当车,recite,idiom:安步当车,安步当车,recite,all,
idiom,L3,,下面的写法对不对？,错,成语;综合;小升初高频,小学成语培优全书·教辅常见,idiom-l3-1083:char_judge,idiom:安步当车,char_judge,idiom:安步当车,安步当车,char_judge,lower,"{""display"": ""安步甲车""}"
idiom,L3,,「安步当车」的意思是？,小学教辅常见成语,成语;综合;小升初高频,小学成语培优全书·教辅常见,idiom-l3-1083:meaning_choice,idiom:安步当车,meaning_choice,idiom:安步当车,安步当车,meaning_choice,upper,"{""choices"": [""天空高远，云很淡"", ""果实结得很多"", ""树林层层变色"", ""小学教辅常见成语""]}"
idiom,L3,,小学教辅常见成语（四字）,安然无恙,成语;综合;小升初高频,小学成语培优全书·教辅常见,idiom-l3-1084,idiom:安然无恙,recite,idiom:安然无恙,安然无恙,recite,all,
idiom,L3,,下面的写法对不对？,错,成语;综合;小升初高频,小学成语培优全书·教辅常见,idiom-l3-1084:char_judge,idiom:安然无恙,char_judge,idiom:安然无恙,安然无恙,char_judge,lower,"{""display"": ""安然无甲""}"
idiom,L3,,「安然无恙」的意思是？,小学教辅常见成语,成语;综合;小升初高频,小学成语培优全书·教辅常见,idiom-l3-1084:meaning_choice,idiom:安然无恙,meaning_choice,idiom:安然无恙,安然无恙,meaning_choice,upper,"{""choices"": [""身材魁梧"", ""举止文雅"", ""小学教辅常见成语"", ""很想马上试一试""]}"
idiom,L3,,小学教辅常见成语（四字）,完好无损,成语;综合;小升初高频,小学成语培优全书·教辅常见,idiom-l3-1085,idiom:完好无损,recite,idiom:完好无损,完好无损,recite,all,
idiom,L3,,下面的写法对不对？,对,成语;综合;小升初高频,小学成语培优全书·教辅常见,idiom-l3-1085:char_judge,idiom:完好无损,char_judge,idiom:完好无损,完好无损,char_judge,lower,"{""display"": ""完好无损""}"
idiom,L3,,「完好无损」的意思是？,小学教辅常见成语,成语;综合;小升初高频,小学成语培优全书·教辅常见,idiom-l3-1085:meaning_choice,idiom:完好无损,meaning_choice,idiom:完好无损,完好无损,meaning_choice,upper,"{""choices"": [""小学教辅常见成语"", ""又刮风又下雨"", ""危害集体的人"", ""拘束、心里不踏实""]}"
idiom,L3,,小学教辅常见成语（四字）,实事求是,成语;综合;小升初高频,小学成语培优全书·教辅常见,idiom-l3-1086,idiom:实事求是,recite,idiom:实事求是,实事求是,recite,all,
idiom,L3,,下面的写法对不对？,错,成语;综合;小升初高频,小学成语培优全书·教辅常见,idiom-l3-1086:char_judge,idiom:实事求是,char_judge,idiom:实事求是,实事求是,char_judge,lower,"{""display"": ""甲事求是""}"
idiom,L3,,「实事求是」的意思是？,小学教辅常见成语,成语;综合;小升初高频,小学成语培优全书·教辅常见,idiom-l3-1086:meaning_choice,idiom:实事求是,meaning_choice,idiom:实事求是,实事求是,meaning_choice,upper,"{""choices"": [""树林层层翠绿"", ""头摇来摇去，得意或入神"", ""吓得不知道该怎么办"", ""小学教辅常见成语""]}"
idiom,L3,,小学教辅常见成语（四字）,实心实意,成语;综合;小升初高频,小学成语培优全书·教辅常见,idiom-l3-1087,idiom:实心实意,recite,idiom:实心实意,实心实意,recite,all,
idiom,L3,,下面的写法对不对？,错,成语;综合;小升初高频,小学成语培优全书·教辅常见,idiom-l3-1087:char_judge,idiom:实心实意,char_judge,idiom:实心实意,实心实意,char_judge,lower,"{""display"": ""实心实甲""}"
idiom,L3,,「实心实意」的意思是？,小学教辅常见成语,成语;综合;小升初高频,小学成语培优全书·教辅常见,idiom-l3-1087:meaning_choice,idiom:实心实意,meaning_choice,idiom:实心实意,实心实意,meaning_choice,upper,"{""choices"": [""像是天地特意安排的，非常合适"", ""说得很动听讨人喜欢"", ""生活在优裕的环境里"", ""小学教辅常见成语""]}"
idiom,L3,,小学教辅常见成语（四字）,实至名归,成语;综合;小升初高频,小学成语培优全书·教辅常见,idiom-l3-1088,idiom:实至名归,recite,idiom:实至名归,实至名归,recite,all,
idiom,L3,,下面的写法对不对？,错,成语;综合;小升初高频,小学成语培优全书·教辅常见,idiom-l3-1088:char_judge,idiom:实至名归,char_judge,idiom:实至名归,实至名归,char_judge,lower,"{""display"": ""甲至名归""}"
idiom,L3,,「实至名归」的意思是？,小学教辅常见成语,成语;综合;小升初高频,小学成语培优全书·教辅常见,idiom-l3-1088:meaning_choice,idiom:实至名归,meaning_choice,idiom:实至名归,实至名归,meaning_choice,upper,"{""choices"": [""很得意、很有精神的样子"", ""自己骗自己"", ""小学教辅常见成语"", ""智谋很多""]}"
idiom,L3,,小学教辅常见成语（四字）,家喻户晓,成语;综合;小升初高频,小学成语培优全书·教辅常见,idiom-l3-1089,idiom:家喻户晓,recite,idiom:家喻户晓,家喻户晓,recite,all,
idiom,L3,,下面的写法对不对？,错,成语;综合;小升初高频,小学成语培优全书·教辅常见,idiom-l3-1089:char_judge,idiom:家喻户晓,char_judge,idiom:家喻户晓,家喻户晓,char_judge,lower,"{""display"": ""家喻甲晓""}"
idiom,L3,,「家喻户晓」的意思是？,小学教辅常见成语,成语;综合;小升初高频,小学成语培优全书·教辅常见,idiom-l3-1089:meaning_choice,idiom:家喻户晓,meaning_choice,idiom:家喻户晓,家喻户晓,meaning_choice,upper,"{""choices"": [""小学教辅常见成语"", ""描写秋天的成语"", ""描写秋天的成语"", ""描写秋天的成语""]}"
idiom,L3,,小学教辅常见成语（四字）,宽以待人,成语;综合;小升初高频,小学成语培优全书·教辅常见,idiom-l3-1090,idiom:宽以待人,recite,idiom:宽以待人,宽以待人,recite,all,
idiom,L3,,下面的写法对不对？,对,成语;综合;小升初高频,小学成语培优全书·教辅常见,idiom-l3-1090:char_judge,idiom:宽以待人,char_judge,idiom:宽以待人,宽以待人,char_judge,lower,"{""display"": ""宽以待人""}"
idiom,L3,,「宽以待人」的意思是？,小学教辅常见成语,成语;综合;小升初高频,小学成语培优全书·教辅常见,idiom-l3-1090:meaning_choice,idiom:宽以待人,meaning_choice,idiom:宽以待人,宽以待人,meaning_choice,upper,"{""choices"": [""桂花香气飘散"", ""在风里飘动"", ""果实结得很多"", ""小学教辅常见成语""]}"
idiom,L3,,小学教辅常见成语（四字）,宽宏大量,成语;综合;小升初高频,小学成语培优全书·教辅常见,idiom-l3-1091,idiom:宽宏大量,recite,idiom:宽宏大量,宽宏大量,recite,all,
idiom,L3,,下面的写法对不对？,对,成语;综合;小升初高频,小学成语培优全书·教辅常见,idiom-l3-1091:char_judge,idiom:宽宏大量,char_judge,idiom:宽宏大量,宽宏大量,char_judge,lower,"{""display"": ""宽宏大量""}"
idiom,L3,,「宽宏大量」的意思是？,小学教辅常见成语,成语;综合;小升初高频,小学成语培优全书·教辅常见,idiom-l3-1091:meaning_choice,idiom:宽宏大量,meaning_choice,idiom:宽宏大量,宽宏大量,meaning_choice,upper,"{""choices"": [""占据高处，向下俯视"", ""好上加好"", ""小学教辅常见成语"", ""累得一点力气也没有""]}"
idiom,L3,,小学教辅常见成语（四字）,宽容大度,成语;综合;小升初高频,小学成语培优全书·教辅常见,idiom-l3-1092,idiom:宽容大度,recite,idiom:宽容大度,宽容大度,recite,all,
idiom,L3,,下面的写法对不对？,错,成语;综合;小升初高频,小学成语培优全书·教辅常见,idiom-l3-1092:char_judge,idiom:宽容大度,char_judge,idiom:宽容大度,宽容大度,char_judge,lower,"{""display"": ""宽容大甲""}"
idiom,L3,,「宽容大度」的意思是？,小学教辅常见成语,成语;综合;小升初高频,小学成语培优全书·教辅常见,idiom-l3-1092:meaning_choice,idiom:宽容大度,meaning_choice,idiom:宽容大度,宽容大度,meaning_choice,upper,"{""choices"": [""几句话就说完"", ""变化很多"", ""小学教辅常见成语"", ""色彩繁多""]}"
idiom,L3,,小学教辅常见成语（四字）,宾客盈门,成语;综合;小升初高频,小学成语培优全书·教辅常见,idiom-l3-1093,idiom:宾客盈门,recite,idiom:宾客盈门,宾客盈门,recite,all,
idiom,L3,,下面的写法对不对？,对,成语;综合;小升初高频,小学成语培优全书·教辅常见,idiom-l3-1093:char_judge,idiom:宾客盈门,char_judge,idiom:宾客盈门,宾客盈门,char_judge,lower,"{""display"": ""宾客盈门""}"
idiom,L3,,「宾客盈门」的意思是？,小学教辅常见成语,成语;综合;小升初高频,小学成语培优全书·教辅常见,idiom-l3-1093:meaning_choice,idiom:宾客盈门,meaning_choice,idiom:宾客盈门,宾客盈门,meaning_choice,upper,"{""choices"": [""一直坚持，不放弃"", ""心里着急、烦躁"", ""小学教辅常见成语"", ""累得一点力气也没有""]}"
idiom,L3,,小学教辅常见成语（四字）,宾至如归,成语;综合;小升初高频,小学成语培优全书·教辅常见,idiom-l3-1094,idiom:宾至如归,recite,idiom:宾至如归,宾至如归,recite,all,
idiom,L3,,下面的写法对不对？,错,成语;综合;小升初高频,小学成语培优全书·教辅常见,idiom-l3-1094:char_judge,idiom:宾至如归,char_judge,idiom:宾至如归,宾至如归,char_judge,lower,"{""display"": ""宾甲如归""}"
idiom,L3,,「宾至如归」的意思是？,小学教辅常见成语,成语;综合;小升初高频,小学成语培优全书·教辅常见,idiom-l3-1094:meaning_choice,idiom:宾至如归,meaning_choice,idiom:宾至如归,宾至如归,meaning_choice,upper,"{""choices"": [""乐音很久还在回响"", ""描写品质的成语"", ""描写品质的成语"", ""小学教辅常见成语""]}"
idiom,L3,,小学教辅常见成语（四字）,寄人篱下,成语;综合;小升初高频,小学成语培优全书·教辅常见,idiom-l3-1095,idiom:寄人篱下,recite,idiom:寄人篱下,寄人篱下,recite,all,
idiom,L3,,下面的写法对不对？,对,成语;综合;小升初高频,小学成语培优全书·教辅常见,idiom-l3-1095:char_judge,idiom:寄人篱下,char_judge,idiom:寄人篱下,寄人篱下,char_judge,lower,"{""display"": ""寄人篱下""}"
idiom,L3,,「寄人篱下」的意思是？,小学教辅常见成语,成语;综合;小升初高频,小学成语培优全书·教辅常见,idiom-l3-1095:meaning_choice,idiom:寄人篱下,meaning_choice,idiom:寄人篱下,寄人篱下,meaning_choice,upper,"{""choices"": [""含有动物的成语"", ""含有动物的成语"", ""小学教辅常见成语"", ""著名的高山和大河""]}"
idiom,L3,,小学教辅常见成语（四字）,寅吃卯粮,成语;综合;小升初高频,小学成语培优全书·教辅常见,idiom-l3-1096,idiom:寅吃卯粮,recite,idiom:寅吃卯粮,寅吃卯粮,recite,all,
idiom,L3,,下面的写法对不对？,对,成语;综合;小升初高频,小学成语培优全书·教辅常见,idiom-l3-1096:char_judge,idiom:寅吃卯粮,char_judge,idiom:寅吃卯粮,寅吃卯粮,char_judge,lower,"{""display"": ""寅吃卯粮""}"
idiom,L3,,「寅吃卯粮」的意思是？,小学教辅常见成语,成语;综合;小升初高频,小学成语培优全书·教辅常见,idiom-l3-1096:meaning_choice,idiom:寅吃卯粮,meaning_choice,idiom:寅吃卯粮,寅吃卯粮,meaning_choice,upper,"{""choices"": [""色彩繁多"", ""小学教辅常见成语"", ""山塌地裂，声势极大"", ""生活安定，工作愉快""]}"
idiom,L3,,小学教辅常见成语（四字）,富丽堂皇,成语;综合;小升初高频,小学成语培优全书·教辅常见,idiom-l3-1097,idiom:富丽堂皇,recite,idiom:富丽堂皇,富丽堂皇,recite,all,
idiom,L3,,下面的写法对不对？,对,成语;综合;小升初高频,小学成语培优全书·教辅常见,idiom-l3-1097:char_judge,idiom:富丽堂皇,char_judge,idiom:富丽堂皇,富丽堂皇,char_judge,lower,"{""display"": ""富丽堂皇""}"
idiom,L3,,「富丽堂皇」的意思是？,小学教辅常见成语,成语;综合;小升初高频,小学成语培优全书·教辅常见,idiom-l3-1097:meaning_choice,idiom:富丽堂皇,meaning_choice,idiom:富丽堂皇,富丽堂皇,meaning_choice,upper,"{""choices"": [""形容艺术水平的成语"", ""形容艺术水平的成语"", ""做事慌张没有条理"", ""小学教辅常见成语""]}"
idiom,L3,,小学教辅常见成语（四字）,寡不敌众,成语;综合;小升初高频,小学成语培优全书·教辅常见,idiom-l3-1098,idiom:寡不敌众,recite,idiom:寡不敌众,寡不敌众,recite,all,
idiom,L3,,下面的写法对不对？,对,成语;综合;小升初高频,小学成语培优全书·教辅常见,idiom-l3-1098:char_judge,idiom:寡不敌众,char_judge,idiom:寡不敌众,寡不敌众,char_judge,lower,"{""display"": ""寡不敌众""}"
idiom,L3,,「寡不敌众」的意思是？,小学教辅常见成语,成语;综合;小升初高频,小学成语培优全书·教辅常见,idiom-l3-1098:meaning_choice,idiom:寡不敌众,meaning_choice,idiom:寡不敌众,寡不敌众,meaning_choice,upper,"{""choices"": [""危害集体的人"", ""小学教辅常见成语"", ""像老虎一样盯着，想扑上去"", ""本领很大，像能驾着云雾飞""]}"
idiom,L3,,小学教辅常见成语（四字）,寸步难行,成语;综合;小升初高频,小学成语培优全书·教辅常见,idiom-l3-1099,idiom:寸步难行,recite,idiom:寸步难行,寸步难行,recite,all,
idiom,L3,,下面的写法对不对？,对,成语;综合;小升初高频,小学成语培优全书·教辅常见,idiom-l3-1099:char_judge,idiom:寸步难行,char_judge,idiom:寸步难行,寸步难行,char_judge,lower,"{""display"": ""寸步难行""}"
idiom,L3,,「寸步难行」的意思是？,小学教辅常见成语,成语;综合;小升初高频,小学成语培优全书·教辅常见,idiom-l3-1099:meaning_choice,idiom:寸步难行,meaning_choice,idiom:寸步难行,寸步难行,meaning_choice,upper,"{""choices"": [""描写景物的成语"", ""描写景物的成语"", ""描写景物的成语"", ""小学教辅常见成语""]}"
idiom,L3,,小学教辅常见成语（四字）,对牛弹琴,成语;综合;小升初高频,小学成语培优全书·教辅常见,idiom-l3-1100,idiom:对牛弹琴,recite,idiom:对牛弹琴,对牛弹琴,recite,all,
idiom,L3,,下面的写法对不对？,对,成语;综合;小升初高频,小学成语培优全书·教辅常见,idiom-l3-1100:char_judge,idiom:对牛弹琴,char_judge,idiom:对牛弹琴,对牛弹琴,char_judge,lower,"{""display"": ""对牛弹琴""}"
idiom,L3,,「对牛弹琴」的意思是？,小学教辅常见成语,成语;综合;小升初高频,小学成语培优全书·教辅常见,idiom-l3-1100:meaning_choice,idiom:对牛弹琴,meaning_choice,idiom:对牛弹琴,对牛弹琴,meaning_choice,upper,"{""choices"": [""胆子很小"", ""能听见邻家鸡狗的叫声，形容住得近"", ""刻苦学习，不敢打瞌睡"", ""小学教辅常见成语""]}"
idiom,L3,,小学教辅常见成语（四字）,对答如流,成语;综合;小升初高频,小学成语培优全书·教辅常见,idiom-l3-1101,idiom:对答如流,recite,idiom:对答如流,对答如流,recite,all,
idiom,L3,,下面的写法对不对？,对,成语;综合;小升初高频,小学成语培优全书·教辅常见,idiom-l3-1101:char_judge,idiom:对答如流,char_judge,idiom:对答如流,对答如流,char_judge,lower,"{""display"": ""对答如流""}"
idiom,L3,,「对答如流」的意思是？,小学教辅常见成语,成语;综合;小升初高频,小学成语培优全书·教辅常见,idiom-l3-1101:meaning_choice,idiom:对答如流,meaning_choice,idiom:对答如流,对答如流,meaning_choice,upper,"{""choices"": [""小学教辅常见成语"", ""AABC 结构的成语"", ""AABC 结构的成语"", ""AABC 结构的成语""]}"
idiom,L3,,小学教辅常见成语（四字）,寻根究底,成语;综合;小升初高频,小学成语培优全书·教辅常见,idiom-l3-1102,idiom:寻根究底,recite,idiom:寻根究底,寻根究底,recite,all,
idiom,L3,,下面的写法对不对？,错,成语;综合;小升初高频,小学成语培优全书·教辅常见,idiom-l3-1102:char_judge,idiom:寻根究底,char_judge,idiom:寻根究底,寻根究底,char_judge,lower,"{""display"": ""甲根究底""}"
idiom,L3,,「寻根究底」的意思是？,小学教辅常见成语,成语;综合;小升初高频,小学成语培优全书·教辅常见,idiom-l3-1102:meaning_choice,idiom:寻根究底,meaning_choice,idiom:寻根究底,寻根究底,meaning_choice,upper,"{""choices"": [""形象生动得像活的一样"", ""小学教辅常见成语"", ""这边看看那边看看"", ""这边看看那边看看""]}"
idiom,L3,,小学教辅常见成语（四字）,将计就计,成语;综合;小升初高频,小学成语培优全书·教辅常见,idiom-l3-1103,idiom:将计就计,recite,idiom:将计就计,将计就计,recite,all,
idiom,L3,,下面的写法对不对？,对,成语;综合;小升初高频,小学成语培优全书·教辅常见,idiom-l3-1103:char_judge,idiom:将计就计,char_judge,idiom:将计就计,将计就计,char_judge,lower,"{""display"": ""将计就计""}"
idiom,L3,,「将计就计」的意思是？,小学教辅常见成语,成语;综合;小升初高频,小学成语培优全书·教辅常见,idiom-l3-1103:meaning_choice,idiom:将计就计,meaning_choice,idiom:将计就计,将计就计,meaning_choice,upper,"{""choices"": [""轻快地唱、柔美地舞"", ""颜色很多"", ""家庭毁了，人也没了"", ""小学教辅常见成语""]}"
idiom,L3,,小学教辅常见成语（四字）,尊老爱幼,成语;综合;小升初高频,小学成语培优全书·教辅常见,idiom-l3-1104,idiom:尊老爱幼,recite,idiom:尊老爱幼,尊老爱幼,recite,all,
idiom,L3,,下面的写法对不对？,错,成语;综合;小升初高频,小学成语培优全书·教辅常见,idiom-l3-1104:char_judge,idiom:尊老爱幼,char_judge,idiom:尊老爱幼,尊老爱幼,char_judge,lower,"{""display"": ""尊老甲幼""}"
idiom,L3,,「尊老爱幼」的意思是？,小学教辅常见成语,成语;综合;小升初高频,小学成语培优全书·教辅常见,idiom-l3-1104:meaning_choice,idiom:尊老爱幼,meaning_choice,idiom:尊老爱幼,尊老爱幼,meaning_choice,upper,"{""choices"": [""非常安静"", ""小学教辅常见成语"", ""刻苦学习，不敢打瞌睡"", ""出了问题赶紧补救还来得及""]}"
idiom,L3,,小学教辅常见成语（四字）,小巧玲珑,成语;综合;小升初高频,小学成语培优全书·教辅常见,idiom-l3-1105,idiom:小巧玲珑,recite,idiom:小巧玲珑,小巧玲珑,recite,all,
idiom,L3,,下面的写法对不对？,错,成语;综合;小升初高频,小学成语培优全书·教辅常见,idiom-l3-1105:char_judge,idiom:小巧玲珑,char_judge,idiom:小巧玲珑,小巧玲珑,char_judge,lower,"{""display"": ""甲巧玲珑""}"
idiom,L3,,「小巧玲珑」的意思是？,小学教辅常见成语,成语;综合;小升初高频,小学成语培优全书·教辅常见,idiom-l3-1105:meaning_choice,idiom:小巧玲珑,meaning_choice,idiom:小巧玲珑,小巧玲珑,meaning_choice,upper,"{""choices"": [""小学教辅常见成语"", ""得意得忘了自己是谁"", ""政事顺利，百姓和睦"", ""眼睛明亮、牙齿洁白""]}"
idiom,L3,,小学教辅常见成语（四字）,小题大做,成语;综合;小升初高频,小学成语培优全书·教辅常见,idiom-l3-1106,idiom:小题大做,recite,idiom:小题大做,小题大做,recite,all,
idiom,L3,,下面的写法对不对？,对,成语;综合;小升初高频,小学成语培优全书·教辅常见,idiom-l3-1106:char_judge,idiom:小题大做,char_judge,idiom:小题大做,小题大做,char_judge,lower,"{""display"": ""小题大做""}"
idiom,L3,,「小题大做」的意思是？,小学教辅常见成语,成语;综合;小升初高频,小学成语培优全书·教辅常见,idiom-l3-1106:meaning_choice,idiom:小题大做,meaning_choice,idiom:小题大做,小题大做,meaning_choice,upper,"{""choices"": [""人民没法生活下去"", ""小学教辅常见成语"", ""眼界很小"", ""家庭毁了，人也没了""]}"
idiom,L3,,小学教辅常见成语（四字）,少不更事,成语;综合;小升初高频,小学成语培优全书·教辅常见,idiom-l3-1107,idiom:少不更事,recite,idiom:少不更事,少不更事,recite,all,
idiom,L3,,下面的写法对不对？,错,成语;综合;小升初高频,小学成语培优全书·教辅常见,idiom-l3-1107:char_judge,idiom:少不更事,char_judge,idiom:少不更事,少不更事,char_judge,lower,"{""display"": ""少步更事""}"
idiom,L3,,「少不更事」的意思是？,小学教辅常见成语,成语;综合;小升初高频,小学成语培优全书·教辅常见,idiom-l3-1107:meaning_choice,idiom:少不更事,meaning_choice,idiom:少不更事,少不更事,meaning_choice,upper,"{""choices"": [""内部困难又加上外来威胁"", ""眼睛明亮、牙齿洁白"", ""政事顺利，百姓和睦"", ""小学教辅常见成语""]}"
idiom,L3,,小学教辅常见成语（四字）,尔虞我诈,成语;综合;小升初高频,小学成语培优全书·教辅常见,idiom-l3-1108,idiom:尔虞我诈,recite,idiom:尔虞我诈,尔虞我诈,recite,all,
idiom,L3,,下面的写法对不对？,对,成语;综合;小升初高频,小学成语培优全书·教辅常见,idiom-l3-1108:char_judge,idiom:尔虞我诈,char_judge,idiom:尔虞我诈,尔虞我诈,char_judge,lower,"{""display"": ""尔虞我诈""}"
idiom,L3,,「尔虞我诈」的意思是？,小学教辅常见成语,成语;综合;小升初高频,小学成语培优全书·教辅常见,idiom-l3-1108:meaning_choice,idiom:尔虞我诈,meaning_choice,idiom:尔虞我诈,尔虞我诈,meaning_choice,upper,"{""choices"": [""不慌不忙"", ""小学教辅常见成语"", ""年老体衰、行动不灵便"", ""办法很多，本领很大""]}"
idiom,L3,,小学教辅常见成语（四字）,尘土飞扬,成语;综合;小升初高频,小学成语培优全书·教辅常见,idiom-l3-1109,idiom:尘土飞扬,recite,idiom:尘土飞扬,尘土飞扬,recite,all,
idiom,L3,,下面的写法对不对？,对,成语;综合;小升初高频,小学成语培优全书·教辅常见,idiom-l3-1109:char_judge,idiom:尘土飞扬,char_judge,idiom:尘土飞扬,尘土飞扬,char_judge,lower,"{""display"": ""尘土飞扬""}"
idiom,L3,,「尘土飞扬」的意思是？,小学教辅常见成语,成语;综合;小升初高频,小学成语培优全书·教辅常见,idiom-l3-1109:meaning_choice,idiom:尘土飞扬,meaning_choice,idiom:尘土飞扬,尘土飞扬,meaning_choice,upper,"{""choices"": [""着急或高兴得又抓耳朵又挠腮"", ""力量非常强大"", ""小学教辅常见成语"", ""百姓生活在极端困苦中""]}"
idiom,L3,,小学教辅常见成语（四字）,尬尴场面,成语;综合;小升初高频,小学成语培优全书·教辅常见,idiom-l3-1110,idiom:尬尴场面,recite,idiom:尬尴场面,尬尴场面,recite,all,
idiom,L3,,下面的写法对不对？,错,成语;综合;小升初高频,小学成语培优全书·教辅常见,idiom-l3-1110:char_judge,idiom:尬尴场面,char_judge,idiom:尬尴场面,尬尴场面,char_judge,lower,"{""display"": ""甲尴场面""}"
idiom,L3,,「尬尴场面」的意思是？,小学教辅常见成语,成语;综合;小升初高频,小学成语培优全书·教辅常见,idiom-l3-1110:meaning_choice,idiom:尬尴场面,meaning_choice,idiom:尬尴场面,尬尴场面,meaning_choice,upper,"{""choices"": [""得意得忘了自己是谁"", ""正宗高雅的音乐"", ""充满活力"", ""小学教辅常见成语""]}"
idiom,L3,,小学教辅常见成语（四字）,尽人皆知,成语;综合;小升初高频,小学成语培优全书·教辅常见,idiom-l3-1111,idiom:尽人皆知,recite,idiom:尽人皆知,尽人皆知,recite,all,
idiom,L3,,下面的写法对不对？,对,成语;综合;小升初高频,小学成语培优全书·教辅常见,idiom-l3-1111:char_judge,idiom:尽人皆知,char_judge,idiom:尽人皆知,尽人皆知,char_judge,lower,"{""display"": ""尽人皆知""}"
idiom,L3,,「尽人皆知」的意思是？,小学教辅常见成语,成语;综合;小升初高频,小学成语培优全书·教辅常见,idiom-l3-1111:meaning_choice,idiom:尽人皆知,meaning_choice,idiom:尽人皆知,尽人皆知,meaning_choice,upper,"{""choices"": [""到哪儿都能安下心来"", ""描写秋天的成语"", ""小学教辅常见成语"", ""有些信、有些不信""]}"
idiom,L3,,小学教辅常见成语（四字）,尽心尽力,成语;综合;小升初高频,小学成语培优全书·教辅常见,idiom-l3-1112,idiom:尽心尽力,recite,idiom:尽心尽力,尽心尽力,recite,all,
idiom,L3,,下面的写法对不对？,对,成语;综合;小升初高频,小学成语培优全书·教辅常见,idiom-l3-1112:char_judge,idiom:尽心尽力,char_judge,idiom:尽心尽力,尽心尽力,char_judge,lower,"{""display"": ""尽心尽力""}"
idiom,L3,,「尽心尽力」的意思是？,小学教辅常见成语,成语;综合;小升初高频,小学成语培优全书·教辅常见,idiom-l3-1112:meaning_choice,idiom:尽心尽力,meaning_choice,idiom:尽心尽力,尽心尽力,meaning_choice,upper,"{""choices"": [""没有风浪，也指局势安定"", ""小学教辅常见成语"", ""弄错了对象或事实"", ""事情还没发生就知道""]}"
idiom,L3,,小学教辅常见成语（四字）,层出不穷,成语;综合;小升初高频,小学成语培优全书·教辅常见,idiom-l3-1113,idiom:层出不穷,recite,idiom:层出不穷,层出不穷,recite,all,
idiom,L3,,下面的写法对不对？,错,成语;综合;小升初高频,小学成语培优全书·教辅常见,idiom-l3-1113:char_judge,idiom:层出不穷,char_judge,idiom:层出不穷,层出不穷,char_judge,lower,"{""display"": ""甲出不穷""}"
idiom,L3,,「层出不穷」的意思是？,小学教辅常见成语,成语;综合;小升初高频,小学成语培优全书·教辅常见,idiom-l3-1113:meaning_choice,idiom:层出不穷,meaning_choice,idiom:层出不穷,层出不穷,meaning_choice,upper,"{""choices"": [""计谋非常高明"", ""靠近山、靠近水"", ""小学教辅常见成语"", ""坏主意很多""]}"
idiom,L3,,小学教辅常见成语（四字）,层次分明,成语;综合;小升初高频,小学成语培优全书·教辅常见,idiom-l3-1114,idiom:层次分明,recite,idiom:层次分明,层次分明,recite,all,
idiom,L3,,下面的写法对不对？,错,成语;综合;小升初高频,小学成语培优全书·教辅常见,idiom-l3-1114:char_judge,idiom:层次分明,char_judge,idiom:层次分明,层次分明,char_judge,lower,"{""display"": ""层甲分明""}"
idiom,L3,,「层次分明」的意思是？,小学教辅常见成语,成语;综合;小升初高频,小学成语培优全书·教辅常见,idiom-l3-1114:meaning_choice,idiom:层次分明,meaning_choice,idiom:层次分明,层次分明,meaning_choice,upper,"{""choices"": [""小学教辅常见成语"", ""字写得有气势"", ""万物重新生长"", ""在困难时给人帮助""]}"
idiom,L3,,小学教辅常见成语（四字）,屈指可数,成语;综合;小升初高频,小学成语培优全书·教辅常见,idiom-l3-1115,idiom:屈指可数,recite,idiom:屈指可数,屈指可数,recite,all,
idiom,L3,,下面的写法对不对？,错,成语;综合;小升初高频,小学成语培优全书·教辅常见,idiom-l3-1115:char_judge,idiom:屈指可数,char_judge,idiom:屈指可数,屈指可数,char_judge,lower,"{""display"": ""甲指可数""}"
idiom,L3,,「屈指可数」的意思是？,小学教辅常见成语,成语;综合;小升初高频,小学成语培优全书·教辅常见,idiom-l3-1115:meaning_choice,idiom:屈指可数,meaning_choice,idiom:屈指可数,屈指可数,meaning_choice,upper,"{""choices"": [""做多余的事反而坏事"", ""柳树绿、花儿红"", ""小学教辅常见成语"", ""秋风轻轻吹""]}"
idiom,L3,,小学教辅常见成语（四字）,展翅高飞,成语;综合;小升初高频,小学成语培优全书·教辅常见,idiom-l3-1116,idiom:展翅高飞,recite,idiom:展翅高飞,展翅高飞,recite,all,
idiom,L3,,下面的写法对不对？,错,成语;综合;小升初高频,小学成语培优全书·教辅常见,idiom-l3-1116:char_judge,idiom:展翅高飞,char_judge,idiom:展翅高飞,展翅高飞,char_judge,lower,"{""display"": ""展翅高甲""}"
idiom,L3,,「展翅高飞」的意思是？,小学教辅常见成语,成语;综合;小升初高频,小学成语培优全书·教辅常见,idiom-l3-1116:meaning_choice,idiom:展翅高飞,meaning_choice,idiom:展翅高飞,展翅高飞,meaning_choice,upper,"{""choices"": [""声势或影响极大"", ""正宗高雅的音乐"", ""小学教辅常见成语"", ""很多人或动物聚在一起""]}"
idiom,L3,,小学教辅常见成语（四字）,屡见不鲜,成语;综合;小升初高频,小学成语培优全书·教辅常见,idiom-l3-1117,idiom:屡见不鲜,recite,idiom:屡见不鲜,屡见不鲜,recite,all,
idiom,L3,,下面的写法对不对？,错,成语;综合;小升初高频,小学成语培优全书·教辅常见,idiom-l3-1117:char_judge,idiom:屡见不鲜,char_judge,idiom:屡见不鲜,屡见不鲜,char_judge,lower,"{""display"": ""甲见不鲜""}"
idiom,L3,,「屡见不鲜」的意思是？,小学教辅常见成语,成语;综合;小升初高频,小学成语培优全书·教辅常见,idiom-l3-1117:meaning_choice,idiom:屡见不鲜,meaning_choice,idiom:屡见不鲜,屡见不鲜,meaning_choice,upper,"{""choices"": [""小学教辅常见成语"", ""刻苦学习，不敢打瞌睡"", ""非常安静"", ""危害集体的人""]}"
idiom,L3,,小学教辅常见成语（四字）,川流不息,成语;综合;小升初高频,小学成语培优全书·教辅常见,idiom-l3-1118,idiom:川流不息,recite,idiom:川流不息,川流不息,recite,all,
idiom,L3,,下面的写法对不对？,错,成语;综合;小升初高频,小学成语培优全书·教辅常见,idiom-l3-1118:char_judge,idiom:川流不息,char_judge,idiom:川流不息,川流不息,char_judge,lower,"{""display"": ""川流不甲""}"
idiom,L3,,「川流不息」的意思是？,小学教辅常见成语,成语;综合;小升初高频,小学成语培优全书·教辅常见,idiom-l3-1118:meaning_choice,idiom:川流不息,meaning_choice,idiom:川流不息,川流不息,meaning_choice,upper,"{""choices"": [""小学教辅常见成语"", ""ABCC 结构的成语"", ""ABCC 结构的成语"", ""没有精神""]}"
idiom,L3,,小学教辅常见成语（四字）,工力悉敌,成语;综合;小升初高频,小学成语培优全书·教辅常见,idiom-l3-1119,idiom:工力悉敌,recite,idiom:工力悉敌,工力悉敌,recite,all,
idiom,L3,,下面的写法对不对？,对,成语;综合;小升初高频,小学成语培优全书·教辅常见,idiom-l3-1119:char_judge,idiom:工力悉敌,char_judge,idiom:工力悉敌,工力悉敌,char_judge,lower,"{""display"": ""工力悉敌""}"
idiom,L3,,「工力悉敌」的意思是？,小学教辅常见成语,成语;综合;小升初高频,小学成语培优全书·教辅常见,idiom-l3-1119:meaning_choice,idiom:工力悉敌,meaning_choice,idiom:工力悉敌,工力悉敌,meaning_choice,upper,"{""choices"": [""什么植物都长不出来"", ""脸色温和愉快"", ""本领特别大"", ""小学教辅常见成语""]}"
idiom,L3,,小学教辅常见成语（四字）,左右为难,成语;综合;小升初高频,小学成语培优全书·教辅常见,idiom-l3-1120,idiom:左右为难,recite,idiom:左右为难,左右为难,recite,all,
idiom,L3,,下面的写法对不对？,对,成语;综合;小升初高频,小学成语培优全书·教辅常见,idiom-l3-1120:char_judge,idiom:左右为难,char_judge,idiom:左右为难,左右为难,char_judge,lower,"{""display"": ""左右为难""}"
idiom,L3,,「左右为难」的意思是？,小学教辅常见成语,成语;综合;小升初高频,小学成语培优全书·教辅常见,idiom-l3-1120:meaning_choice,idiom:左右为难,meaning_choice,idiom:左右为难,左右为难,meaning_choice,upper,"{""choices"": [""含有动物的成语"", ""含有动物的成语"", ""含有动物的成语"", ""小学教辅常见成语""]}"
idiom,L3,,小学教辅常见成语（四字）,左右逢源,成语;综合;小升初高频,小学成语培优全书·教辅常见,idiom-l3-1121,idiom:左右逢源,recite,idiom:左右逢源,左右逢源,recite,all,
idiom,L3,,下面的写法对不对？,对,成语;综合;小升初高频,小学成语培优全书·教辅常见,idiom-l3-1121:char_judge,idiom:左右逢源,char_judge,idiom:左右逢源,左右逢源,char_judge,lower,"{""display"": ""左右逢源""}"
idiom,L3,,「左右逢源」的意思是？,小学教辅常见成语,成语;综合;小升初高频,小学成语培优全书·教辅常见,idiom-l3-1121:meaning_choice,idiom:左右逢源,meaning_choice,idiom:左右逢源,左右逢源,meaning_choice,upper,"{""choices"": [""名声传到国内外"", ""想尽办法读书"", ""小学教辅常见成语"", ""出了问题赶紧补救还来得及""]}"
idiom,L3,,小学教辅常见成语（四字）,差强人意,成语;综合;小升初高频,小学成语培优全书·教辅常见,idiom-l3-1123,idiom:差强人意,recite,idiom:差强人意,差强人意,recite,all,
idiom,L3,,下面的写法对不对？,对,成语;综合;小升初高频,小学成语培优全书·教辅常见,idiom-l3-1123:char_judge,idiom:差强人意,char_judge,idiom:差强人意,差强人意,char_judge,lower,"{""display"": ""差强人意""}"
idiom,L3,,「差强人意」的意思是？,小学教辅常见成语,成语;综合;小升初高频,小学成语培优全书·教辅常见,idiom-l3-1123:meaning_choice,idiom:差强人意,meaning_choice,idiom:差强人意,差强人意,meaning_choice,upper,"{""choices"": [""实在没有别的办法"", ""小学教辅常见成语"", ""描写夏天的成语"", ""描写夏天的成语""]}"
idiom,L3,,小学教辅常见成语（四字）,布衣蔬食,成语;综合;小升初高频,小学成语培优全书·教辅常见,idiom-l3-1124,idiom:布衣蔬食,recite,idiom:布衣蔬食,布衣蔬食,recite,all,
idiom,L3,,下面的写法对不对？,错,成语;综合;小升初高频,小学成语培优全书·教辅常见,idiom-l3-1124:char_judge,idiom:布衣蔬食,char_judge,idiom:布衣蔬食,布衣蔬食,char_judge,lower,"{""display"": ""布甲蔬食""}"
idiom,L3,,「布衣蔬食」的意思是？,小学教辅常见成语,成语;综合;小升初高频,小学成语培优全书·教辅常见,idiom-l3-1124:meaning_choice,idiom:布衣蔬食,meaning_choice,idiom:布衣蔬食,布衣蔬食,meaning_choice,upper,"{""choices"": [""天空蓝得像洗过一样"", ""胆子很小"", ""小学教辅常见成语"", ""知音难遇或乐曲高妙""]}"
idiom,L3,,小学教辅常见成语（四字）,平安无事,成语;综合;小升初高频,小学成语培优全书·教辅常见,idiom-l3-1125,idiom:平安无事,recite,idiom:平安无事,平安无事,recite,all,
idiom,L3,,下面的写法对不对？,错,成语;综合;小升初高频,小学成语培优全书·教辅常见,idiom-l3-1125:char_judge,idiom:平安无事,char_judge,idiom:平安无事,平安无事,char_judge,lower,"{""display"": ""平安无甲""}"
idiom,L3,,「平安无事」的意思是？,小学教辅常见成语,成语;综合;小升初高频,小学成语培优全书·教辅常见,idiom-l3-1125:meaning_choice,idiom:平安无事,meaning_choice,idiom:平安无事,平安无事,meaning_choice,upper,"{""choices"": [""内部困难又加上外来威胁"", ""称心如意、神气十足"", ""一眼望不到边"", ""小学教辅常见成语""]}"
idiom,L3,,小学教辅常见成语（四字）,平心静气,成语;综合;小升初高频,小学成语培优全书·教辅常见,idiom-l3-1126,idiom:平心静气,recite,idiom:平心静气,平心静气,recite,all,
idiom,L3,,下面的写法对不对？,错,成语;综合;小升初高频,小学成语培优全书·教辅常见,idiom-l3-1126:char_judge,idiom:平心静气,char_judge,idiom:平心静气,平心静气,char_judge,lower,"{""display"": ""甲心静气""}"
idiom,L3,,「平心静气」的意思是？,小学教辅常见成语,成语;综合;小升初高频,小学成语培优全书·教辅常见,idiom-l3-1126:meaning_choice,idiom:平心静气,meaning_choice,idiom:平心静气,平心静气,meaning_choice,upper,"{""choices"": [""小学教辅常见成语"", ""身材魁梧"", ""完全看不见了"", ""脸和耳朵都红了""]}"
idiom,L3,,小学教辅常见成语（四字）,平易近人,成语;综合;小升初高频,小学成语培优全书·教辅常见,idiom-l3-1127,idiom:平易近人,recite,idiom:平易近人,平易近人,recite,all,
idiom,L3,,下面的写法对不对？,对,成语;综合;小升初高频,小学成语培优全书·教辅常见,idiom-l3-1127:char_judge,idiom:平易近人,char_judge,idiom:平易近人,平易近人,char_judge,lower,"{""display"": ""平易近人""}"
idiom,L3,,「平易近人」的意思是？,小学教辅常见成语,成语;综合;小升初高频,小学成语培优全书·教辅常见,idiom-l3-1127:meaning_choice,idiom:平易近人,meaning_choice,idiom:平易近人,平易近人,meaning_choice,upper,"{""choices"": [""小学教辅常见成语"", ""自己跟自己说话"", ""文笔非常出色"", ""疑神疑鬼，自己吓自己""]}"
idiom,L3,,小学教辅常见成语（四字）,年富力强,成语;综合;小升初高频,小学成语培优全书·教辅常见,idiom-l3-1128,idiom:年富力强,recite,idiom:年富力强,年富力强,recite,all,
idiom,L3,,下面的写法对不对？,错,成语;综合;小升初高频,小学成语培优全书·教辅常见,idiom-l3-1128:char_judge,idiom:年富力强,char_judge,idiom:年富力强,年富力强,char_judge,lower,"{""display"": ""年富力甲""}"
idiom,L3,,「年富力强」的意思是？,小学教辅常见成语,成语;综合;小升初高频,小学成语培优全书·教辅常见,idiom-l3-1128:meaning_choice,idiom:年富力强,meaning_choice,idiom:年富力强,年富力强,meaning_choice,upper,"{""choices"": [""样子各不相同"", ""一眼望不到边"", ""小学教辅常见成语"", ""大体很好，还有一点缺憾""]}"
idiom,L3,,小学教辅常见成语（四字）,年深日久,成语;综合;小升初高频,小学成语培优全书·教辅常见,idiom-l3-1129,idiom:年深日久,recite,idiom:年深日久,年深日久,recite,all,
idiom,L3,,下面的写法对不对？,对,成语;综合;小升初高频,小学成语培优全书·教辅常见,idiom-l3-1129:char_judge,idiom:年深日久,char_judge,idiom:年深日久,年深日久,char_judge,lower,"{""display"": ""年深日久""}"
idiom,L3,,「年深日久」的意思是？,小学教辅常见成语,成语;综合;小升初高频,小学成语培优全书·教辅常见,idiom-l3-1129:meaning_choice,idiom:年深日久,meaning_choice,idiom:年深日久,年深日久,meaning_choice,upper,"{""choices"": [""到处是冰和雪"", ""本领特别大"", ""描摹得十分逼真"", ""小学教辅常见成语""]}"
idiom,L3,,小学教辅常见成语（四字）,并驾齐驱,成语;综合;小升初高频,小学成语培优全书·教辅常见,idiom-l3-1130,idiom:并驾齐驱,recite,idiom:并驾齐驱,并驾齐驱,recite,all,
idiom,L3,,下面的写法对不对？,错,成语;综合;小升初高频,小学成语培优全书·教辅常见,idiom-l3-1130:char_judge,idiom:并驾齐驱,char_judge,idiom:并驾齐驱,并驾齐驱,char_judge,lower,"{""display"": ""并驾齐甲""}"
idiom,L3,,「并驾齐驱」的意思是？,小学教辅常见成语,成语;综合;小升初高频,小学成语培优全书·教辅常见,idiom-l3-1130:meaning_choice,idiom:并驾齐驱,meaning_choice,idiom:并驾齐驱,并驾齐驱,meaning_choice,upper,"{""choices"": [""一切都换成了新气象"", ""找出事物的根由"", ""小学教辅常见成语"", ""舍不得离开""]}"
idiom,L3,,小学教辅常见成语（四字）,幸灾乐祸,成语;综合;小升初高频,小学成语培优全书·教辅常见,idiom-l3-1131,idiom:幸灾乐祸,recite,idiom:幸灾乐祸,幸灾乐祸,recite,all,
idiom,L3,,下面的写法对不对？,对,成语;综合;小升初高频,小学成语培优全书·教辅常见,idiom-l3-1131:char_judge,idiom:幸灾乐祸,char_judge,idiom:幸灾乐祸,幸灾乐祸,char_judge,lower,"{""display"": ""幸灾乐祸""}"
idiom,L3,,「幸灾乐祸」的意思是？,小学教辅常见成语,成语;综合;小升初高频,小学成语培优全书·教辅常见,idiom-l3-1131:meaning_choice,idiom:幸灾乐祸,meaning_choice,idiom:幸灾乐祸,幸灾乐祸,meaning_choice,upper,"{""choices"": [""夜里不用关门，社会安定"", ""微风轻轻吹"", ""描摹得十分逼真"", ""小学教辅常见成语""]}"
idiom,L3,,小学教辅常见成语（四字）,广开言路,成语;综合;小升初高频,小学成语培优全书·教辅常见,idiom-l3-1132,idiom:广开言路,recite,idiom:广开言路,广开言路,recite,all,
idiom,L3,,下面的写法对不对？,错,成语;综合;小升初高频,小学成语培优全书·教辅常见,idiom-l3-1132:char_judge,idiom:广开言路,char_judge,idiom:广开言路,广开言路,char_judge,lower,"{""display"": ""广甲言路""}"
idiom,L3,,「广开言路」的意思是？,小学教辅常见成语,成语;综合;小升初高频,小学成语培优全书·教辅常见,idiom-l3-1132:meaning_choice,idiom:广开言路,meaning_choice,idiom:广开言路,广开言路,meaning_choice,upper,"{""choices"": [""一会儿看得见一会儿看不见"", ""在困难时给人帮助"", ""小学教辅常见成语"", ""不加咀嚼地整吞，比喻不求甚解""]}"
idiom,L3,,小学教辅常见成语（四字）,应对如流,成语;综合;小升初高频,小学成语培优全书·教辅常见,idiom-l3-1133,idiom:应对如流,recite,idiom:应对如流,应对如流,recite,all,
idiom,L3,,下面的写法对不对？,错,成语;综合;小升初高频,小学成语培优全书·教辅常见,idiom-l3-1133:char_judge,idiom:应对如流,char_judge,idiom:应对如流,应对如流,char_judge,lower,"{""display"": ""应甲如流""}"
idiom,L3,,「应对如流」的意思是？,小学教辅常见成语,成语;综合;小升初高频,小学成语培优全书·教辅常见,idiom-l3-1133:meaning_choice,idiom:应对如流,meaning_choice,idiom:应对如流,应对如流,meaning_choice,upper,"{""choices"": [""小学教辅常见成语"", ""很少的几句话"", ""心里早有了主意"", ""样子很庄重认真""]}"
idiom,L3,,小学教辅常见成语（四字）,应接不暇,成语;综合;小升初高频,小学成语培优全书·教辅常见,idiom-l3-1134,idiom:应接不暇,recite,idiom:应接不暇,应接不暇,recite,all,
idiom,L3,,下面的写法对不对？,对,成语;综合;小升初高频,小学成语培优全书·教辅常见,idiom-l3-1134:char_judge,idiom:应接不暇,char_judge,idiom:应接不暇,应接不暇,char_judge,lower,"{""display"": ""应接不暇""}"
idiom,L3,,「应接不暇」的意思是？,小学教辅常见成语,成语;综合;小升初高频,小学成语培优全书·教辅常见,idiom-l3-1134:meaning_choice,idiom:应接不暇,meaning_choice,idiom:应接不暇,应接不暇,meaning_choice,upper,"{""choices"": [""小学教辅常见成语"", ""人长寿，收成好"", ""雪片又大又密"", ""吓得不知道该怎么办""]}"
idiom,L3,,小学教辅常见成语（四字）,应运而生,成语;综合;小升初高频,小学成语培优全书·教辅常见,idiom-l3-1135,idiom:应运而生,recite,idiom:应运而生,应运而生,recite,all,
idiom,L3,,下面的写法对不对？,对,成语;综合;小升初高频,小学成语培优全书·教辅常见,idiom-l3-1135:char_judge,idiom:应运而生,char_judge,idiom:应运而生,应运而生,char_judge,lower,"{""display"": ""应运而生""}"
idiom,L3,,「应运而生」的意思是？,小学教辅常见成语,成语;综合;小升初高频,小学成语培优全书·教辅常见,idiom-l3-1135:meaning_choice,idiom:应运而生,meaning_choice,idiom:应运而生,应运而生,meaning_choice,upper,"{""choices"": [""变化很多"", ""风很轻、雨很细"", ""非常安静"", ""小学教辅常见成语""]}"
idiom,L3,,小学教辅常见成语（四字）,废寝忘食,成语;综合;小升初高频,小学成语培优全书·教辅常见,idiom-l3-1136,idiom:废寝忘食,recite,idiom:废寝忘食,废寝忘食,recite,all,
idiom,L3,,下面的写法对不对？,对,成语;综合;小升初高频,小学成语培优全书·教辅常见,idiom-l3-1136:char_judge,idiom:废寝忘食,char_judge,idiom:废寝忘食,废寝忘食,char_judge,lower,"{""display"": ""废寝忘食""}"
idiom,L3,,「废寝忘食」的意思是？,小学教辅常见成语,成语;综合;小升初高频,小学成语培优全书·教辅常见,idiom-l3-1136:meaning_choice,idiom:废寝忘食,meaning_choice,idiom:废寝忘食,废寝忘食,meaning_choice,upper,"{""choices"": [""在风里飘动"", ""没有烦恼"", ""小学教辅常见成语"", ""刻苦学习，不敢打瞌睡""]}"
idiom,L3,,小学教辅常见成语（四字）,度日如年,成语;综合;小升初高频,小学成语培优全书·教辅常见,idiom-l3-1137,idiom:度日如年,recite,idiom:度日如年,度日如年,recite,all,
idiom,L3,,下面的写法对不对？,错,成语;综合;小升初高频,小学成语培优全书·教辅常见,idiom-l3-1137:char_judge,idiom:度日如年,char_judge,idiom:度日如年,度日如年,char_judge,lower,"{""display"": ""度甲如年""}"
idiom,L3,,「度日如年」的意思是？,小学教辅常见成语,成语;综合;小升初高频,小学成语培优全书·教辅常见,idiom-l3-1137:meaning_choice,idiom:度日如年,meaning_choice,idiom:度日如年,度日如年,meaning_choice,upper,"{""choices"": [""兴趣很浓"", ""没有办法可想"", ""轻快地唱、柔美地舞"", ""小学教辅常见成语""]}"
idiom,L3,,小学教辅常见成语（四字）,康庄大道,成语;综合;小升初高频,小学成语培优全书·教辅常见,idiom-l3-1138,idiom:康庄大道,recite,idiom:康庄大道,康庄大道,recite,all,
idiom,L3,,下面的写法对不对？,对,成语;综合;小升初高频,小学成语培优全书·教辅常见,idiom-l3-1138:char_judge,idiom:康庄大道,char_judge,idiom:康庄大道,康庄大道,char_judge,lower,"{""display"": ""康庄大道""}"
idiom,L3,,「康庄大道」的意思是？,小学教辅常见成语,成语;综合;小升初高频,小学成语培优全书·教辅常见,idiom-l3-1138:meaning_choice,idiom:康庄大道,meaning_choice,idiom:康庄大道,康庄大道,meaning_choice,upper,"{""choices"": [""全部显露出来，什么也藏不住"", ""小学教辅常见成语"", ""本领比别人高一截"", ""弄错了对象或事实""]}"
idiom,L3,,小学教辅常见成语（四字）,庸人自扰,成语;综合;小升初高频,小学成语培优全书·教辅常见,idiom-l3-1139,idiom:庸人自扰,recite,idiom:庸人自扰,庸人自扰,recite,all,
idiom,L3,,下面的写法对不对？,对,成语;综合;小升初高频,小学成语培优全书·教辅常见,idiom-l3-1139:char_judge,idiom:庸人自扰,char_judge,idiom:庸人自扰,庸人自扰,char_judge,lower,"{""display"": ""庸人自扰""}"
idiom,L3,,「庸人自扰」的意思是？,小学教辅常见成语,成语;综合;小升初高频,小学成语培优全书·教辅常见,idiom-l3-1139:meaning_choice,idiom:庸人自扰,meaning_choice,idiom:庸人自扰,庸人自扰,meaning_choice,upper,"{""choices"": [""累得一点力气也没有"", ""人工比自然还精巧"", ""办法很多，本领很大"", ""小学教辅常见成语""]}"
idiom,L3,,小学教辅常见成语（四字）,延年益寿,成语;综合;小升初高频,小学成语培优全书·教辅常见,idiom-l3-1140,idiom:延年益寿,recite,idiom:延年益寿,延年益寿,recite,all,
idiom,L3,,下面的写法对不对？,对,成语;综合;小升初高频,小学成语培优全书·教辅常见,idiom-l3-1140:char_judge,idiom:延年益寿,char_judge,idiom:延年益寿,延年益寿,char_judge,lower,"{""display"": ""延年益寿""}"
idiom,L3,,「延年益寿」的意思是？,小学教辅常见成语,成语;综合;小升初高频,小学成语培优全书·教辅常见,idiom-l3-1140:meaning_choice,idiom:延年益寿,meaning_choice,idiom:延年益寿,延年益寿,meaning_choice,upper,"{""choices"": [""不想努力，只等现成的"", ""小学教辅常见成语"", ""本领特别大"", ""柳树绿、花儿红""]}"
idiom,L3,,小学教辅常见成语（四字）,开天辟地,成语;综合;小升初高频,小学成语培优全书·教辅常见,idiom-l3-1141,idiom:开天辟地,recite,idiom:开天辟地,开天辟地,recite,all,
idiom,L3,,下面的写法对不对？,错,成语;综合;小升初高频,小学成语培优全书·教辅常见,idiom-l3-1141:char_judge,idiom:开天辟地,char_judge,idiom:开天辟地,开天辟地,char_judge,lower,"{""display"": ""甲天辟地""}"
idiom,L3,,「开天辟地」的意思是？,小学教辅常见成语,成语;综合;小升初高频,小学成语培优全书·教辅常见,idiom-l3-1141:meaning_choice,idiom:开天辟地,meaning_choice,idiom:开天辟地,开天辟地,meaning_choice,upper,"{""choices"": [""与学习有关的成语"", ""与学习有关的成语"", ""与学习有关的成语"", ""小学教辅常见成语""]}"
idiom,L3,,小学教辅常见成语（四字）,异口同声,成语;综合;小升初高频,小学成语培优全书·教辅常见,idiom-l3-1142,idiom:异口同声,recite,idiom:异口同声,异口同声,recite,all,
idiom,L3,,下面的写法对不对？,对,成语;综合;小升初高频,小学成语培优全书·教辅常见,idiom-l3-1142:char_judge,idiom:异口同声,char_judge,idiom:异口同声,异口同声,char_judge,lower,"{""display"": ""异口同声""}"
idiom,L3,,「异口同声」的意思是？,小学教辅常见成语,成语;综合;小升初高频,小学成语培优全书·教辅常见,idiom-l3-1142:meaning_choice,idiom:异口同声,meaning_choice,idiom:异口同声,异口同声,meaning_choice,upper,"{""choices"": [""国家太平，人民安乐"", ""小学教辅常见成语"", ""风很轻、雨很细"", ""笑得直不起腰""]}"
idiom,L3,,小学教辅常见成语（四字）,异想天开,成语;综合;小升初高频,小学成语培优全书·教辅常见,idiom-l3-1143,idiom:异想天开,recite,idiom:异想天开,异想天开,recite,all,
idiom,L3,,下面的写法对不对？,错,成语;综合;小升初高频,小学成语培优全书·教辅常见,idiom-l3-1143:char_judge,idiom:异想天开,char_judge,idiom:异想天开,异想天开,char_judge,lower,"{""display"": ""异想天甲""}"
idiom,L3,,「异想天开」的意思是？,小学教辅常见成语,成语;综合;小升初高频,小学成语培优全书·教辅常见,idiom-l3-1143:meaning_choice,idiom:异想天开,meaning_choice,idiom:异想天开,异想天开,meaning_choice,upper,"{""choices"": [""小学教辅常见成语"", ""政事顺利，百姓和睦"", ""说话办事坚决果断"", ""刻苦学习，不敢打瞌睡""]}"
idiom,L3,,小学教辅常见成语（四字）,弃旧图新,成语;综合;小升初高频,小学成语培优全书·教辅常见,idiom-l3-1144,idiom:弃旧图新,recite,idiom:弃旧图新,弃旧图新,recite,all,
idiom,L3,,下面的写法对不对？,错,成语;综合;小升初高频,小学成语培优全书·教辅常见,idiom-l3-1144:char_judge,idiom:弃旧图新,char_judge,idiom:弃旧图新,弃旧图新,char_judge,lower,"{""display"": ""弃旧甲新""}"
idiom,L3,,「弃旧图新」的意思是？,小学教辅常见成语,成语;综合;小升初高频,小学成语培优全书·教辅常见,idiom-l3-1144:meaning_choice,idiom:弃旧图新,meaning_choice,idiom:弃旧图新,弃旧图新,meaning_choice,upper,"{""choices"": [""生活在优裕的环境里"", ""小学教辅常见成语"", ""书一直拿在手里，非常爱读"", ""心里着急、烦躁""]}"
idiom,L3,,小学教辅常见成语（四字）,弄虚作假,成语;综合;小升初高频,小学成语培优全书·教辅常见,idiom-l3-1145,idiom:弄虚作假,recite,idiom:弄虚作假,弄虚作假,recite,all,
idiom,L3,,下面的写法对不对？,对,成语;综合;小升初高频,小学成语培优全书·教辅常见,idiom-l3-1145:char_judge,idiom:弄虚作假,char_judge,idiom:弄虚作假,弄虚作假,char_judge,lower,"{""display"": ""弄虚作假""}"
idiom,L3,,「弄虚作假」的意思是？,小学教辅常见成语,成语;综合;小升初高频,小学成语培优全书·教辅常见,idiom-l3-1145:meaning_choice,idiom:弄虚作假,meaning_choice,idiom:弄虚作假,弄虚作假,meaning_choice,upper,"{""choices"": [""出了问题赶紧补救还来得及"", ""战争造成的混乱"", ""乱七八糟地摆着"", ""小学教辅常见成语""]}"
idiom,L3,,小学教辅常见成语（四字）,引人入胜,成语;综合;小升初高频,小学成语培优全书·教辅常见,idiom-l3-1146,idiom:引人入胜,recite,idiom:引人入胜,引人入胜,recite,all,
idiom,L3,,下面的写法对不对？,对,成语;综合;小升初高频,小学成语培优全书·教辅常见,idiom-l3-1146:char_judge,idiom:引人入胜,char_judge,idiom:引人入胜,引人入胜,char_judge,lower,"{""display"": ""引人入胜""}"
idiom,L3,,「引人入胜」的意思是？,小学教辅常见成语,成语;综合;小升初高频,小学成语培优全书·教辅常见,idiom-l3-1146:meaning_choice,idiom:引人入胜,meaning_choice,idiom:引人入胜,引人入胜,meaning_choice,upper,"{""choices"": [""称心如意、神气十足"", ""小学教辅常见成语"", ""完全看不见了"", ""胆子很小""]}"
idiom,L3,,小学教辅常见成语（四字）,引经据典,成语;综合;小升初高频,小学成语培优全书·教辅常见,idiom-l3-1148,idiom:引经据典,recite,idiom:引经据典,引经据典,recite,all,
idiom,L3,,下面的写法对不对？,对,成语;综合;小升初高频,小学成语培优全书·教辅常见,idiom-l3-1148:char_judge,idiom:引经据典,char_judge,idiom:引经据典,引经据典,char_judge,lower,"{""display"": ""引经据典""}"
idiom,L3,,「引经据典」的意思是？,小学教辅常见成语,成语;综合;小升初高频,小学成语培优全书·教辅常见,idiom-l3-1148:meaning_choice,idiom:引经据典,meaning_choice,idiom:引经据典,引经据典,meaning_choice,upper,"{""choices"": [""小学教辅常见成语"", ""计谋非常高明"", ""变化很多"", ""弄错了对象或事实""]}"
idiom,L3,,小学教辅常见成语（四字）,张口结舌,成语;综合;小升初高频,小学成语培优全书·教辅常见,idiom-l3-1150,idiom:张口结舌,recite,idiom:张口结舌,张口结舌,recite,all,
idiom,L3,,下面的写法对不对？,对,成语;综合;小升初高频,小学成语培优全书·教辅常见,idiom-l3-1150:char_judge,idiom:张口结舌,char_judge,idiom:张口结舌,张口结舌,char_judge,lower,"{""display"": ""张口结舌""}"
idiom,L3,,「张口结舌」的意思是？,小学教辅常见成语,成语;综合;小升初高频,小学成语培优全书·教辅常见,idiom-l3-1150:meaning_choice,idiom:张口结舌,meaning_choice,idiom:张口结舌,张口结舌,meaning_choice,upper,"{""choices"": [""几句话就说完"", ""失去信心，情绪低落"", ""小学教辅常见成语"", ""不说话""]}"
idiom,L3,,小学教辅常见成语（四字）,张灯结彩,成语;综合;小升初高频,小学成语培优全书·教辅常见,idiom-l3-1151,idiom:张灯结彩,recite,idiom:张灯结彩,张灯结彩,recite,all,
idiom,L3,,下面的写法对不对？,对,成语;综合;小升初高频,小学成语培优全书·教辅常见,idiom-l3-1151:char_judge,idiom:张灯结彩,char_judge,idiom:张灯结彩,张灯结彩,char_judge,lower,"{""display"": ""张灯结彩""}"
idiom,L3,,「张灯结彩」的意思是？,小学教辅常见成语,成语;综合;小升初高频,小学成语培优全书·教辅常见,idiom-l3-1151:meaning_choice,idiom:张灯结彩,meaning_choice,idiom:张灯结彩,张灯结彩,meaning_choice,upper,"{""choices"": [""头发白了，脸色却像小孩一样红润"", ""小学教辅常见成语"", ""心里急得像火烧"", ""比谁更美丽出众""]}"
idiom,L3,,小学教辅常见成语（四字）,强词夺理,成语;综合;小升初高频,小学成语培优全书·教辅常见,idiom-l3-1153,idiom:强词夺理,recite,idiom:强词夺理,强词夺理,recite,all,
idiom,L3,,下面的写法对不对？,对,成语;综合;小升初高频,小学成语培优全书·教辅常见,idiom-l3-1153:char_judge,idiom:强词夺理,char_judge,idiom:强词夺理,强词夺理,char_judge,lower,"{""display"": ""强词夺理""}"
idiom,L3,,「强词夺理」的意思是？,小学教辅常见成语,成语;综合;小升初高频,小学成语培优全书·教辅常见,idiom-l3-1153:meaning_choice,idiom:强词夺理,meaning_choice,idiom:强词夺理,强词夺理,meaning_choice,upper,"{""choices"": [""小学教辅常见成语"", ""眼睛手都很快"", ""不止一个，还有配对的"", ""像烟云一样消失了""]}"
idiom,L3,,小学教辅常见成语（四字）,归心似箭,成语;综合;小升初高频,小学成语培优全书·教辅常见,idiom-l3-1154,idiom:归心似箭,recite,idiom:归心似箭,归心似箭,recite,all,
idiom,L3,,下面的写法对不对？,对,成语;综合;小升初高频,小学成语培优全书·教辅常见,idiom-l3-1154:char_judge,idiom:归心似箭,char_judge,idiom:归心似箭,归心似箭,char_judge,lower,"{""display"": ""归心似箭""}"
idiom,L3,,「归心似箭」的意思是？,小学教辅常见成语,成语;综合;小升初高频,小学成语培优全书·教辅常见,idiom-l3-1154:meaning_choice,idiom:归心似箭,meaning_choice,idiom:归心似箭,归心似箭,meaning_choice,upper,"{""choices"": [""从细小处看出大趋势"", ""小学教辅常见成语"", ""不加咀嚼地整吞，比喻不求甚解"", ""国家太平，人民安乐""]}"
idiom,L3,,小学教辅常见成语（四字）,当务之急,成语;综合;小升初高频,小学成语培优全书·教辅常见,idiom-l3-1155,idiom:当务之急,recite,idiom:当务之急,当务之急,recite,all,
idiom,L3,,下面的写法对不对？,对,成语;综合;小升初高频,小学成语培优全书·教辅常见,idiom-l3-1155:char_judge,idiom:当务之急,char_judge,idiom:当务之急,当务之急,char_judge,lower,"{""display"": ""当务之急""}"
idiom,L3,,「当务之急」的意思是？,小学教辅常见成语,成语;综合;小升初高频,小学成语培优全书·教辅常见,idiom-l3-1155:meaning_choice,idiom:当务之急,meaning_choice,idiom:当务之急,当务之急,meaning_choice,upper,"{""choices"": [""小学教辅常见成语"", ""自己跟自己说话"", ""精神完全集中"", ""仪表端正、很有气派""]}"
idiom,L3,,小学教辅常见成语（四字）,当机立断,成语;综合;小升初高频,小学成语培优全书·教辅常见,idiom-l3-1156,idiom:当机立断,recite,idiom:当机立断,当机立断,recite,all,
idiom,L3,,下面的写法对不对？,错,成语;综合;小升初高频,小学成语培优全书·教辅常见,idiom-l3-1156:char_judge,idiom:当机立断,char_judge,idiom:当机立断,当机立断,char_judge,lower,"{""display"": ""当甲立断""}"
idiom,L3,,「当机立断」的意思是？,小学教辅常见成语,成语;综合;小升初高频,小学成语培优全书·教辅常见,idiom-l3-1156:meaning_choice,idiom:当机立断,meaning_choice,idiom:当机立断,当机立断,meaning_choice,upper,"{""choices"": [""十分担心害怕"", ""受过惊吓后非常害怕"", ""小学教辅常见成语"", ""秋天天气清爽""]}"
idiom,L3,,小学教辅常见成语（四字）,形影不离,成语;综合;小升初高频,小学成语培优全书·教辅常见,idiom-l3-1157,idiom:形影不离,recite,idiom:形影不离,形影不离,recite,all,
idiom,L3,,下面的写法对不对？,错,成语;综合;小升初高频,小学成语培优全书·教辅常见,idiom-l3-1157:char_judge,idiom:形影不离,char_judge,idiom:形影不离,形影不离,char_judge,lower,"{""display"": ""形影不甲""}"
idiom,L3,,「形影不离」的意思是？,小学教辅常见成语,成语;综合;小升初高频,小学成语培优全书·教辅常见,idiom-l3-1157:meaning_choice,idiom:形影不离,meaning_choice,idiom:形影不离,形影不离,meaning_choice,upper,"{""choices"": [""小学教辅常见成语"", ""柳树绿、花儿红"", ""弄错了对象或事实"", ""样子各不相同""]}"
idiom,L3,,小学教辅常见成语（四字）,彩旗飘扬,成语;综合;小升初高频,小学成语培优全书·教辅常见,idiom-l3-1158,idiom:彩旗飘扬,recite,idiom:彩旗飘扬,彩旗飘扬,recite,all,
idiom,L3,,下面的写法对不对？,错,成语;综合;小升初高频,小学成语培优全书·教辅常见,idiom-l3-1158:char_judge,idiom:彩旗飘扬,char_judge,idiom:彩旗飘扬,彩旗飘扬,char_judge,lower,"{""display"": ""彩旗甲扬""}"
idiom,L3,,「彩旗飘扬」的意思是？,小学教辅常见成语,成语;综合;小升初高频,小学成语培优全书·教辅常见,idiom-l3-1158:meaning_choice,idiom:彩旗飘扬,meaning_choice,idiom:彩旗飘扬,彩旗飘扬,meaning_choice,upper,"{""choices"": [""小学教辅常见成语"", ""兴趣很浓"", ""人长寿，收成好"", ""拘束、心里不踏实""]}"
idiom,L3,,小学教辅常见成语（四字）,徒有虚名,成语;综合;小升初高频,小学成语培优全书·教辅常见,idiom-l3-1159,idiom:徒有虚名,recite,idiom:徒有虚名,徒有虚名,recite,all,
idiom,L3,,下面的写法对不对？,对,成语;综合;小升初高频,小学成语培优全书·教辅常见,idiom-l3-1159:char_judge,idiom:徒有虚名,char_judge,idiom:徒有虚名,徒有虚名,char_judge,lower,"{""display"": ""徒有虚名""}"
idiom,L3,,「徒有虚名」的意思是？,小学教辅常见成语,成语;综合;小升初高频,小学成语培优全书·教辅常见,idiom-l3-1159:meaning_choice,idiom:徒有虚名,meaning_choice,idiom:徒有虚名,徒有虚名,meaning_choice,upper,"{""choices"": [""一点儿也不马虎"", ""很得意、很有精神的样子"", ""小学教辅常见成语"", ""文雅有礼貌""]}"
idiom,L3,,小学教辅常见成语（四字）,得不偿失,成语;综合;小升初高频,小学成语培优全书·教辅常见,idiom-l3-1160,idiom:得不偿失,recite,idiom:得不偿失,得不偿失,recite,all,
idiom,L3,,下面的写法对不对？,错,成语;综合;小升初高频,小学成语培优全书·教辅常见,idiom-l3-1160:char_judge,idiom:得不偿失,char_judge,idiom:得不偿失,得不偿失,char_judge,lower,"{""display"": ""得不偿甲""}"
idiom,L3,,「得不偿失」的意思是？,小学教辅常见成语,成语;综合;小升初高频,小学成语培优全书·教辅常见,idiom-l3-1160:meaning_choice,idiom:得不偿失,meaning_choice,idiom:得不偿失,得不偿失,meaning_choice,upper,"{""choices"": [""美丽得没有谁能比"", ""小学教辅常见成语"", ""说话直截了当，一下子说到要害"", ""人声嘈杂得像开了锅""]}"
idiom,L3,,小学教辅常见成语（四字）,得寸进尺,成语;综合;小升初高频,小学成语培优全书·教辅常见,idiom-l3-1161,idiom:得寸进尺,recite,idiom:得寸进尺,得寸进尺,recite,all,
idiom,L3,,下面的写法对不对？,错,成语;综合;小升初高频,小学成语培优全书·教辅常见,idiom-l3-1161:char_judge,idiom:得寸进尺,char_judge,idiom:得寸进尺,得寸进尺,char_judge,lower,"{""display"": ""甲寸进尺""}"
idiom,L3,,「得寸进尺」的意思是？,小学教辅常见成语,成语;综合;小升初高频,小学成语培优全书·教辅常见,idiom-l3-1161:meaning_choice,idiom:得寸进尺,meaning_choice,idiom:得寸进尺,得寸进尺,meaning_choice,upper,"{""choices"": [""高兴得自己都受不住"", ""个子小但精明强干"", ""嘴里很干"", ""小学教辅常见成语""]}"
idiom,L3,,小学教辅常见成语（四字）,得心应手,成语;综合;小升初高频,小学成语培优全书·教辅常见,idiom-l3-1162,idiom:得心应手,recite,idiom:得心应手,得心应手,recite,all,
idiom,L3,,下面的写法对不对？,错,成语;综合;小升初高频,小学成语培优全书·教辅常见,idiom-l3-1162:char_judge,idiom:得心应手,char_judge,idiom:得心应手,得心应手,char_judge,lower,"{""display"": ""甲心应手""}"
idiom,L3,,「得心应手」的意思是？,小学教辅常见成语,成语;综合;小升初高频,小学成语培优全书·教辅常见,idiom-l3-1162:meaning_choice,idiom:得心应手,meaning_choice,idiom:得心应手,得心应手,meaning_choice,upper,"{""choices"": [""到处是冰和雪"", ""很得意、很有精神的样子"", ""小学教辅常见成语"", ""从一片落叶知道秋天到了""]}"
idiom,L3,,小学教辅常见成语（四字）,得意忘形,成语;综合;小升初高频,小学成语培优全书·教辅常见,idiom-l3-1163,idiom:得意忘形,recite,idiom:得意忘形,得意忘形,recite,all,
idiom,L3,,下面的写法对不对？,对,成语;综合;小升初高频,小学成语培优全书·教辅常见,idiom-l3-1163:char_judge,idiom:得意忘形,char_judge,idiom:得意忘形,得意忘形,char_judge,lower,"{""display"": ""得意忘形""}"
idiom,L3,,「得意忘形」的意思是？,小学教辅常见成语,成语;综合;小升初高频,小学成语培优全书·教辅常见,idiom-l3-1163:meaning_choice,idiom:得意忘形,meaning_choice,idiom:得意忘形,得意忘形,meaning_choice,upper,"{""choices"": [""自己的说法或做法互相冲突"", ""小学教辅常见成语"", ""自以为了不起的样子"", ""一直不停地流""]}"
idiom,L3,,小学教辅常见成语（四字）,得过且过,成语;综合;小升初高频,小学成语培优全书·教辅常见,idiom-l3-1164,idiom:得过且过,recite,idiom:得过且过,得过且过,recite,all,
idiom,L3,,下面的写法对不对？,错,成语;综合;小升初高频,小学成语培优全书·教辅常见,idiom-l3-1164:char_judge,idiom:得过且过,char_judge,idiom:得过且过,得过且过,char_judge,lower,"{""display"": ""得甲且过""}"
idiom,L3,,「得过且过」的意思是？,小学教辅常见成语,成语;综合;小升初高频,小学成语培优全书·教辅常见,idiom-l3-1164:meaning_choice,idiom:得过且过,meaning_choice,idiom:得过且过,得过且过,meaning_choice,upper,"{""choices"": [""描写神态的成语"", ""坏主意很多"", ""人工比自然还精巧"", ""小学教辅常见成语""]}"
idiom,L3,,小学教辅常见成语（四字）,得陇望蜀,成语;综合;小升初高频,小学成语培优全书·教辅常见,idiom-l3-1165,idiom:得陇望蜀,recite,idiom:得陇望蜀,得陇望蜀,recite,all,
idiom,L3,,下面的写法对不对？,错,成语;综合;小升初高频,小学成语培优全书·教辅常见,idiom-l3-1165:char_judge,idiom:得陇望蜀,char_judge,idiom:得陇望蜀,得陇望蜀,char_judge,lower,"{""display"": ""甲陇望蜀""}"
idiom,L3,,「得陇望蜀」的意思是？,小学教辅常见成语,成语;综合;小升初高频,小学成语培优全书·教辅常见,idiom-l3-1165:meaning_choice,idiom:得陇望蜀,meaning_choice,idiom:得陇望蜀,得陇望蜀,meaning_choice,upper,"{""choices"": [""出了问题赶紧补救还来得及"", ""人声嘈杂得像开了锅"", ""小学教辅常见成语"", ""高兴得自己都受不住""]}"
idiom,L3,,小学教辅常见成语（四字）,循序渐进,成语;综合;小升初高频,小学成语培优全书·教辅常见,idiom-l3-1166,idiom:循序渐进,recite,idiom:循序渐进,循序渐进,recite,all,
idiom,L3,,下面的写法对不对？,错,成语;综合;小升初高频,小学成语培优全书·教辅常见,idiom-l3-1166:char_judge,idiom:循序渐进,char_judge,idiom:循序渐进,循序渐进,char_judge,lower,"{""display"": ""甲序渐进""}"
idiom,L3,,「循序渐进」的意思是？,小学教辅常见成语,成语;综合;小升初高频,小学成语培优全书·教辅常见,idiom-l3-1166:meaning_choice,idiom:循序渐进,meaning_choice,idiom:循序渐进,循序渐进,meaning_choice,upper,"{""choices"": [""小学教辅常见成语"", ""看惯了，不觉得奇怪"", ""失去信心，情绪低落"", ""人工比自然还精巧""]}"
idiom,L3,,小学教辅常见成语（四字）,循规蹈矩,成语;综合;小升初高频,小学成语培优全书·教辅常见,idiom-l3-1167,idiom:循规蹈矩,recite,idiom:循规蹈矩,循规蹈矩,recite,all,
idiom,L3,,下面的写法对不对？,对,成语;综合;小升初高频,小学成语培优全书·教辅常见,idiom-l3-1167:char_judge,idiom:循规蹈矩,char_judge,idiom:循规蹈矩,循规蹈矩,char_judge,lower,"{""display"": ""循规蹈矩""}"
idiom,L3,,「循规蹈矩」的意思是？,小学教辅常见成语,成语;综合;小升初高频,小学成语培优全书·教辅常见,idiom-l3-1167:meaning_choice,idiom:循规蹈矩,meaning_choice,idiom:循规蹈矩,循规蹈矩,meaning_choice,upper,"{""choices"": [""小学教辅常见成语"", ""身材魁梧"", ""不想努力，只等现成的"", ""非常安静""]}"
idiom,L3,,小学教辅常见成语（四字）,微不足道,成语;综合;小升初高频,小学成语培优全书·教辅常见,idiom-l3-1168,idiom:微不足道,recite,idiom:微不足道,微不足道,recite,all,
idiom,L3,,下面的写法对不对？,对,成语;综合;小升初高频,小学成语培优全书·教辅常见,idiom-l3-1168:char_judge,idiom:微不足道,char_judge,idiom:微不足道,微不足道,char_judge,lower,"{""display"": ""微不足道""}"
idiom,L3,,「微不足道」的意思是？,小学教辅常见成语,成语;综合;小升初高频,小学成语培优全书·教辅常见,idiom-l3-1168:meaning_choice,idiom:微不足道,meaning_choice,idiom:微不足道,微不足道,meaning_choice,upper,"{""choices"": [""心里着急、烦躁"", ""身材魁梧"", ""不清楚、弄不明白"", ""小学教辅常见成语""]}"
idiom,L3,,小学教辅常见成语（四字）,德才兼备,成语;综合;小升初高频,小学成语培优全书·教辅常见,idiom-l3-1169,idiom:德才兼备,recite,idiom:德才兼备,德才兼备,recite,all,
idiom,L3,,下面的写法对不对？,错,成语;综合;小升初高频,小学成语培优全书·教辅常见,idiom-l3-1169:char_judge,idiom:德才兼备,char_judge,idiom:德才兼备,德才兼备,char_judge,lower,"{""display"": ""甲才兼备""}"
idiom,L3,,「德才兼备」的意思是？,小学教辅常见成语,成语;综合;小升初高频,小学成语培优全书·教辅常见,idiom-l3-1169:meaning_choice,idiom:德才兼备,meaning_choice,idiom:德才兼备,德才兼备,meaning_choice,upper,"{""choices"": [""费尽心思谋划（多含贬义）"", ""小学教辅常见成语"", ""自然界最美的声音"", ""描写秋天的成语""]}"
idiom,L3,,小学教辅常见成语（四字）,心不在焉,成语;综合;小升初高频,小学成语培优全书·教辅常见,idiom-l3-1170,idiom:心不在焉,recite,idiom:心不在焉,心不在焉,recite,all,
idiom,L3,,下面的写法对不对？,错,成语;综合;小升初高频,小学成语培优全书·教辅常见,idiom-l3-1170:char_judge,idiom:心不在焉,char_judge,idiom:心不在焉,心不在焉,char_judge,lower,"{""display"": ""心不甲焉""}"
idiom,L3,,「心不在焉」的意思是？,小学教辅常见成语,成语;综合;小升初高频,小学成语培优全书·教辅常见,idiom-l3-1170:meaning_choice,idiom:心不在焉,meaning_choice,idiom:心不在焉,心不在焉,meaning_choice,upper,"{""choices"": [""自己的说法或做法互相冲突"", ""身材修长美丽"", ""小学教辅常见成语"", ""著名的高山和大河""]}"
idiom,L3,,小学教辅常见成语（四字）,心乱如麻,成语;综合;小升初高频,小学成语培优全书·教辅常见,idiom-l3-1171,idiom:心乱如麻,recite,idiom:心乱如麻,心乱如麻,recite,all,
idiom,L3,,下面的写法对不对？,错,成语;综合;小升初高频,小学成语培优全书·教辅常见,idiom-l3-1171:char_judge,idiom:心乱如麻,char_judge,idiom:心乱如麻,心乱如麻,char_judge,lower,"{""display"": ""心乱如甲""}"
idiom,L3,,「心乱如麻」的意思是？,小学教辅常见成语,成语;综合;小升初高频,小学成语培优全书·教辅常见,idiom-l3-1171:meaning_choice,idiom:心乱如麻,meaning_choice,idiom:心乱如麻,心乱如麻,meaning_choice,upper,"{""choices"": [""到哪儿都能安下心来"", ""脸上很有光彩、很有精神"", ""非常安静"", ""小学教辅常见成语""]}"
idiom,L3,,小学教辅常见成语（四字）,心力交瘁,成语;综合;小升初高频,小学成语培优全书·教辅常见,idiom-l3-1172,idiom:心力交瘁,recite,idiom:心力交瘁,心力交瘁,recite,all,
idiom,L3,,下面的写法对不对？,对,成语;综合;小升初高频,小学成语培优全书·教辅常见,idiom-l3-1172:char_judge,idiom:心力交瘁,char_judge,idiom:心力交瘁,心力交瘁,char_judge,lower,"{""display"": ""心力交瘁""}"
idiom,L3,,「心力交瘁」的意思是？,小学教辅常见成语,成语;综合;小升初高频,小学成语培优全书·教辅常见,idiom-l3-1172:meaning_choice,idiom:心力交瘁,meaning_choice,idiom:心力交瘁,心力交瘁,meaning_choice,upper,"{""choices"": [""气势像高山大河一样雄伟"", ""一切都换成了新气象"", ""智谋很多"", ""小学教辅常见成语""]}"
idiom,L3,,小学教辅常见成语（四字）,心安理得,成语;综合;小升初高频,小学成语培优全书·教辅常见,idiom-l3-1173,idiom:心安理得,recite,idiom:心安理得,心安理得,recite,all,
idiom,L3,,下面的写法对不对？,错,成语;综合;小升初高频,小学成语培优全书·教辅常见,idiom-l3-1173:char_judge,idiom:心安理得,char_judge,idiom:心安理得,心安理得,char_judge,lower,"{""display"": ""心甲理得""}"
idiom,L3,,「心安理得」的意思是？,小学教辅常见成语,成语;综合;小升初高频,小学成语培优全书·教辅常见,idiom-l3-1173:meaning_choice,idiom:心安理得,meaning_choice,idiom:心安理得,心安理得,meaning_choice,upper,"{""choices"": [""小学教辅常见成语"", ""国家太平，人民安乐"", ""几句话就说完"", ""声音大得耳朵都要聋了""]}"
idiom,L3,,小学教辅常见成语（四字）,心平气和,成语;综合;小升初高频,小学成语培优全书·教辅常见,idiom-l3-1174,idiom:心平气和,recite,idiom:心平气和,心平气和,recite,all,
idiom,L3,,下面的写法对不对？,错,成语;综合;小升初高频,小学成语培优全书·教辅常见,idiom-l3-1174:char_judge,idiom:心平气和,char_judge,idiom:心平气和,心平气和,char_judge,lower,"{""display"": ""心平甲和""}"
idiom,L3,,「心平气和」的意思是？,小学教辅常见成语,成语;综合;小升初高频,小学成语培优全书·教辅常见,idiom-l3-1174:meaning_choice,idiom:心平气和,meaning_choice,idiom:心平气和,心平气和,meaning_choice,upper,"{""choices"": [""生活安定，工作愉快"", ""小学教辅常见成语"", ""遇到危险也不害怕"", ""大体很好，还有一点缺憾""]}"
idiom,L3,,小学教辅常见成语（四字）,心怀鬼胎,成语;综合;小升初高频,小学成语培优全书·教辅常见,idiom-l3-1175,idiom:心怀鬼胎,recite,idiom:心怀鬼胎,心怀鬼胎,recite,all,
idiom,L3,,下面的写法对不对？,错,成语;综合;小升初高频,小学成语培优全书·教辅常见,idiom-l3-1175:char_judge,idiom:心怀鬼胎,char_judge,idiom:心怀鬼胎,心怀鬼胎,char_judge,lower,"{""display"": ""必怀鬼胎""}"
idiom,L3,,「心怀鬼胎」的意思是？,小学教辅常见成语,成语;综合;小升初高频,小学成语培优全书·教辅常见,idiom-l3-1175:meaning_choice,idiom:心怀鬼胎,meaning_choice,idiom:心怀鬼胎,心怀鬼胎,meaning_choice,upper,"{""choices"": [""小学教辅常见成语"", ""政事顺利，百姓和睦"", ""恭敬地向老师求教"", ""名声传到国内外""]}"
idiom,L3,,小学教辅常见成语（四字）,心惊胆战,成语;综合;小升初高频,小学成语培优全书·教辅常见,idiom-l3-1177,idiom:心惊胆战,recite,idiom:心惊胆战,心惊胆战,recite,all,
idiom,L3,,下面的写法对不对？,对,成语;综合;小升初高频,小学成语培优全书·教辅常见,idiom-l3-1177:char_judge,idiom:心惊胆战,char_judge,idiom:心惊胆战,心惊胆战,char_judge,lower,"{""display"": ""心惊胆战""}"
idiom,L3,,「心惊胆战」的意思是？,小学教辅常见成语,成语;综合;小升初高频,小学成语培优全书·教辅常见,idiom-l3-1177:meaning_choice,idiom:心惊胆战,meaning_choice,idiom:心惊胆战,心惊胆战,meaning_choice,upper,"{""choices"": [""形容艺术水平的成语"", ""形容艺术水平的成语"", ""小学教辅常见成语"", ""到处是流离失所的灾民""]}"
idiom,L3,,小学教辅常见成语（四字）,心有余悸,成语;综合;小升初高频,小学成语培优全书·教辅常见,idiom-l3-1178,idiom:心有余悸,recite,idiom:心有余悸,心有余悸,recite,all,
idiom,L3,,下面的写法对不对？,对,成语;综合;小升初高频,小学成语培优全书·教辅常见,idiom-l3-1178:char_judge,idiom:心有余悸,char_judge,idiom:心有余悸,心有余悸,char_judge,lower,"{""display"": ""心有余悸""}"
idiom,L3,,「心有余悸」的意思是？,小学教辅常见成语,成语;综合;小升初高频,小学成语培优全书·教辅常见,idiom-l3-1178:meaning_choice,idiom:心有余悸,meaning_choice,idiom:心有余悸,心有余悸,meaning_choice,upper,"{""choices"": [""不由得产生敬意"", ""自己跟自己说话"", ""形象生动得像活的一样"", ""小学教辅常见成语""]}"
idiom,L3,,小学教辅常见成语（四字）,心满意足,成语;综合;小升初高频,小学成语培优全书·教辅常见,idiom-l3-1179,idiom:心满意足,recite,idiom:心满意足,心满意足,recite,all,
idiom,L3,,下面的写法对不对？,对,成语;综合;小升初高频,小学成语培优全书·教辅常见,idiom-l3-1179:char_judge,idiom:心满意足,char_judge,idiom:心满意足,心满意足,char_judge,lower,"{""display"": ""心满意足""}"
idiom,L3,,「心满意足」的意思是？,小学教辅常见成语,成语;综合;小升初高频,小学成语培优全书·教辅常见,idiom-l3-1179:meaning_choice,idiom:心满意足,meaning_choice,idiom:心满意足,心满意足,meaning_choice,upper,"{""choices"": [""与时间有关的成语"", ""与时间有关的成语"", ""与时间有关的成语"", ""小学教辅常见成语""]}"
idiom,L3,,小学教辅常见成语（四字）,心潮澎湃,成语;综合;小升初高频,小学成语培优全书·教辅常见,idiom-l3-1180,idiom:心潮澎湃,recite,idiom:心潮澎湃,心潮澎湃,recite,all,
idiom,L3,,下面的写法对不对？,对,成语;综合;小升初高频,小学成语培优全书·教辅常见,idiom-l3-1180:char_judge,idiom:心潮澎湃,char_judge,idiom:心潮澎湃,心潮澎湃,char_judge,lower,"{""display"": ""心潮澎湃""}"
idiom,L3,,「心潮澎湃」的意思是？,小学教辅常见成语,成语;综合;小升初高频,小学成语培优全书·教辅常见,idiom-l3-1180:meaning_choice,idiom:心潮澎湃,meaning_choice,idiom:心潮澎湃,心潮澎湃,meaning_choice,upper,"{""choices"": [""眼睛手都很快"", ""形容艺术水平的成语"", ""力量非常强大"", ""小学教辅常见成语""]}"
idiom,L3,,小学教辅常见成语（四字）,心灰意冷,成语;综合;小升初高频,小学成语培优全书·教辅常见,idiom-l3-1181,idiom:心灰意冷,recite,idiom:心灰意冷,心灰意冷,recite,all,
idiom,L3,,下面的写法对不对？,对,成语;综合;小升初高频,小学成语培优全书·教辅常见,idiom-l3-1181:char_judge,idiom:心灰意冷,char_judge,idiom:心灰意冷,心灰意冷,char_judge,lower,"{""display"": ""心灰意冷""}"
idiom,L3,,「心灰意冷」的意思是？,小学教辅常见成语,成语;综合;小升初高频,小学成语培优全书·教辅常见,idiom-l3-1181:meaning_choice,idiom:心灰意冷,meaning_choice,idiom:心灰意冷,心灰意冷,meaning_choice,upper,"{""choices"": [""铺天盖地而来"", ""到处是冰和雪"", ""到处是流离失所的灾民"", ""小学教辅常见成语""]}"
idiom,L3,,小学教辅常见成语（四字）,心照不宣,成语;综合;小升初高频,小学成语培优全书·教辅常见,idiom-l3-1182,idiom:心照不宣,recite,idiom:心照不宣,心照不宣,recite,all,
idiom,L3,,下面的写法对不对？,对,成语;综合;小升初高频,小学成语培优全书·教辅常见,idiom-l3-1182:char_judge,idiom:心照不宣,char_judge,idiom:心照不宣,心照不宣,char_judge,lower,"{""display"": ""心照不宣""}"
idiom,L3,,「心照不宣」的意思是？,小学教辅常见成语,成语;综合;小升初高频,小学成语培优全书·教辅常见,idiom-l3-1182:meaning_choice,idiom:心照不宣,meaning_choice,idiom:心照不宣,心照不宣,meaning_choice,upper,"{""choices"": [""嘴里很干"", ""小学教辅常见成语"", ""名声传到国内外"", ""一下子明白过来""]}"
idiom,L3,,小学教辅常见成语（四字）,心神不宁,成语;综合;小升初高频,小学成语培优全书·教辅常见,idiom-l3-1183,idiom:心神不宁,recite,idiom:心神不宁,心神不宁,recite,all,
idiom,L3,,下面的写法对不对？,对,成语;综合;小升初高频,小学成语培优全书·教辅常见,idiom-l3-1183:char_judge,idiom:心神不宁,char_judge,idiom:心神不宁,心神不宁,char_judge,lower,"{""display"": ""心神不宁""}"
idiom,L3,,「心神不宁」的意思是？,小学教辅常见成语,成语;综合;小升初高频,小学成语培优全书·教辅常见,idiom-l3-1183:meaning_choice,idiom:心神不宁,meaning_choice,idiom:心神不宁,心神不宁,meaning_choice,upper,"{""choices"": [""色彩又多又好看"", ""天地非常广阔"", ""小学教辅常见成语"", ""累得一点力气也没有""]}"
idiom,L3,,小学教辅常见成语（四字）,心领神会,成语;综合;小升初高频,小学成语培优全书·教辅常见,idiom-l3-1184,idiom:心领神会,recite,idiom:心领神会,心领神会,recite,all,
idiom,L3,,下面的写法对不对？,错,成语;综合;小升初高频,小学成语培优全书·教辅常见,idiom-l3-1184:char_judge,idiom:心领神会,char_judge,idiom:心领神会,心领神会,char_judge,lower,"{""display"": ""心领甲会""}"
idiom,L3,,「心领神会」的意思是？,小学教辅常见成语,成语;综合;小升初高频,小学成语培优全书·教辅常见,idiom-l3-1184:meaning_choice,idiom:心领神会,meaning_choice,idiom:心领神会,心领神会,meaning_choice,upper,"{""choices"": [""高兴得自己都受不住"", ""费尽心思谋划（多含贬义）"", ""小学教辅常见成语"", ""完全看不见了""]}"
idiom,L3,,小学教辅常见成语（四字）,心驰神往,成语;综合;小升初高频,小学成语培优全书·教辅常见,idiom-l3-1185,idiom:心驰神往,recite,idiom:心驰神往,心驰神往,recite,all,
idiom,L3,,下面的写法对不对？,错,成语;综合;小升初高频,小学成语培优全书·教辅常见,idiom-l3-1185:char_judge,idiom:心驰神往,char_judge,idiom:心驰神往,心驰神往,char_judge,lower,"{""display"": ""心甲神往""}"
idiom,L3,,「心驰神往」的意思是？,小学教辅常见成语,成语;综合;小升初高频,小学成语培优全书·教辅常见,idiom-l3-1185:meaning_choice,idiom:心驰神往,meaning_choice,idiom:心驰神往,心驰神往,meaning_choice,upper,"{""choices"": [""小学教辅常见成语"", ""没有烦恼"", ""国家太平，人民安乐"", ""生活安定，工作愉快""]}"
idiom,L3,,小学教辅常见成语（四字）,必恭必敬,成语;综合;小升初高频,小学成语培优全书·教辅常见,idiom-l3-1186,idiom:必恭必敬,recite,idiom:必恭必敬,必恭必敬,recite,all,
idiom,L3,,下面的写法对不对？,错,成语;综合;小升初高频,小学成语培优全书·教辅常见,idiom-l3-1186:char_judge,idiom:必恭必敬,char_judge,idiom:必恭必敬,必恭必敬,char_judge,lower,"{""display"": ""必甲必敬""}"
idiom,L3,,「必恭必敬」的意思是？,小学教辅常见成语,成语;综合;小升初高频,小学成语培优全书·教辅常见,idiom-l3-1186:meaning_choice,idiom:必恭必敬,meaning_choice,idiom:必恭必敬,必恭必敬,meaning_choice,upper,"{""choices"": [""没有烦恼"", ""用萤火虫的光夜里读书"", ""精神完全集中"", ""小学教辅常见成语""]}"
idiom,L3,,小学教辅常见成语（四字）,忍俊不禁,成语;综合;小升初高频,小学成语培优全书·教辅常见,idiom-l3-1187,idiom:忍俊不禁,recite,idiom:忍俊不禁,忍俊不禁,recite,all,
idiom,L3,,下面的写法对不对？,对,成语;综合;小升初高频,小学成语培优全书·教辅常见,idiom-l3-1187:char_judge,idiom:忍俊不禁,char_judge,idiom:忍俊不禁,忍俊不禁,char_judge,lower,"{""display"": ""忍俊不禁""}"
idiom,L3,,「忍俊不禁」的意思是？,小学教辅常见成语,成语;综合;小升初高频,小学成语培优全书·教辅常见,idiom-l3-1187:meaning_choice,idiom:忍俊不禁,meaning_choice,idiom:忍俊不禁,忍俊不禁,meaning_choice,upper,"{""choices"": [""春天回来了，大地苏醒"", ""累得一点力气也没有"", ""人长寿，收成好"", ""小学教辅常见成语""]}"
idiom,L3,,小学教辅常见成语（四字）,志同道合,成语;综合;小升初高频,小学成语培优全书·教辅常见,idiom-l3-1188,idiom:志同道合,recite,idiom:志同道合,志同道合,recite,all,
idiom,L3,,下面的写法对不对？,错,成语;综合;小升初高频,小学成语培优全书·教辅常见,idiom-l3-1188:char_judge,idiom:志同道合,char_judge,idiom:志同道合,志同道合,char_judge,lower,"{""display"": ""甲同道合""}"
idiom,L3,,「志同道合」的意思是？,小学教辅常见成语,成语;综合;小升初高频,小学成语培优全书·教辅常见,idiom-l3-1188:meaning_choice,idiom:志同道合,meaning_choice,idiom:志同道合,志同道合,meaning_choice,upper,"{""choices"": [""抬起头、挺起胸，很有精神"", ""吃或听得非常有兴趣"", ""小学教辅常见成语"", ""闪电打雷""]}"
idiom,L3,,小学教辅常见成语（四字）,志向远大,成语;综合;小升初高频,小学成语培优全书·教辅常见,idiom-l3-1189,idiom:志向远大,recite,idiom:志向远大,志向远大,recite,all,
idiom,L3,,下面的写法对不对？,对,成语;综合;小升初高频,小学成语培优全书·教辅常见,idiom-l3-1189:char_judge,idiom:志向远大,char_judge,idiom:志向远大,志向远大,char_judge,lower,"{""display"": ""志向远大""}"
idiom,L3,,「志向远大」的意思是？,小学教辅常见成语,成语;综合;小升初高频,小学成语培优全书·教辅常见,idiom-l3-1189:meaning_choice,idiom:志向远大,meaning_choice,idiom:志向远大,志向远大,meaning_choice,upper,"{""choices"": [""情况变了还用老办法"", ""小学教辅常见成语"", ""百姓生活在极端困苦中"", ""在困难时给人帮助""]}"
idiom,L3,,小学教辅常见成语（四字）,忘恩负义,成语;综合;小升初高频,小学成语培优全书·教辅常见,idiom-l3-1191,idiom:忘恩负义,recite,idiom:忘恩负义,忘恩负义,recite,all,
idiom,L3,,下面的写法对不对？,对,成语;综合;小升初高频,小学成语培优全书·教辅常见,idiom-l3-1191:char_judge,idiom:忘恩负义,char_judge,idiom:忘恩负义,忘恩负义,char_judge,lower,"{""display"": ""忘恩负义""}"
idiom,L3,,「忘恩负义」的意思是？,小学教辅常见成语,成语;综合;小升初高频,小学成语培优全书·教辅常见,idiom-l3-1191:meaning_choice,idiom:忘恩负义,meaning_choice,idiom:忘恩负义,忘恩负义,meaning_choice,upper,"{""choices"": [""不清楚、弄不明白"", ""小学教辅常见成语"", ""样子很庄重认真"", ""天地非常广阔""]}"
idiom,L3,,小学教辅常见成语（四字）,忧国忧民,成语;综合;小升初高频,小学成语培优全书·教辅常见,idiom-l3-1192,idiom:忧国忧民,recite,idiom:忧国忧民,忧国忧民,recite,all,
idiom,L3,,下面的写法对不对？,对,成语;综合;小升初高频,小学成语培优全书·教辅常见,idiom-l3-1192:char_judge,idiom:忧国忧民,char_judge,idiom:忧国忧民,忧国忧民,char_judge,lower,"{""display"": ""忧国忧民""}"
idiom,L3,,「忧国忧民」的意思是？,小学教辅常见成语,成语;综合;小升初高频,小学成语培优全书·教辅常见,idiom-l3-1192:meaning_choice,idiom:忧国忧民,meaning_choice,idiom:忧国忧民,忧国忧民,meaning_choice,upper,"{""choices"": [""风景优美"", ""内部困难又加上外来威胁"", ""小学教辅常见成语"", ""刚哭完又笑了""]}"
idiom,L3,,小学教辅常见成语（四字）,怡然自得,成语;综合;小升初高频,小学成语培优全书·教辅常见,idiom-l3-1193,idiom:怡然自得,recite,idiom:怡然自得,怡然自得,recite,all,
idiom,L3,,下面的写法对不对？,错,成语;综合;小升初高频,小学成语培优全书·教辅常见,idiom-l3-1193:char_judge,idiom:怡然自得,char_judge,idiom:怡然自得,怡然自得,char_judge,lower,"{""display"": ""怡然字得""}"
idiom,L3,,「怡然自得」的意思是？,小学教辅常见成语,成语;综合;小升初高频,小学成语培优全书·教辅常见,idiom-l3-1193:meaning_choice,idiom:怡然自得,meaning_choice,idiom:怡然自得,怡然自得,meaning_choice,upper,"{""choices"": [""一点儿也不马虎"", ""描写秋天的成语"", ""小学教辅常见成语"", ""头发散乱""]}"
idiom,L3,,小学教辅常见成语（四字）,急中生智,成语;综合;小升初高频,小学成语培优全书·教辅常见,idiom-l3-1194,idiom:急中生智,recite,idiom:急中生智,急中生智,recite,all,
idiom,L3,,下面的写法对不对？,错,成语;综合;小升初高频,小学成语培优全书·教辅常见,idiom-l3-1194:char_judge,idiom:急中生智,char_judge,idiom:急中生智,急中生智,char_judge,lower,"{""display"": ""急中甲智""}"
idiom,L3,,「急中生智」的意思是？,小学教辅常见成语,成语;综合;小升初高频,小学成语培优全书·教辅常见,idiom-l3-1194:meaning_choice,idiom:急中生智,meaning_choice,idiom:急中生智,急中生智,meaning_choice,upper,"{""choices"": [""完全看不见了"", ""小学教辅常见成语"", ""描写春天的成语"", ""描写春天的成语""]}"
idiom,L3,,小学教辅常见成语（四字）,怨天尤人,成语;综合;小升初高频,小学成语培优全书·教辅常见,idiom-l3-1195,idiom:怨天尤人,recite,idiom:怨天尤人,怨天尤人,recite,all,
idiom,L3,,下面的写法对不对？,对,成语;综合;小升初高频,小学成语培优全书·教辅常见,idiom-l3-1195:char_judge,idiom:怨天尤人,char_judge,idiom:怨天尤人,怨天尤人,char_judge,lower,"{""display"": ""怨天尤人""}"
idiom,L3,,「怨天尤人」的意思是？,小学教辅常见成语,成语;综合;小升初高频,小学成语培优全书·教辅常见,idiom-l3-1195:meaning_choice,idiom:怨天尤人,meaning_choice,idiom:怨天尤人,怨天尤人,meaning_choice,upper,"{""choices"": [""小学教辅常见成语"", ""大体很好，还有一点缺憾"", ""黄莺唱歌、燕子飞舞"", ""吓得不知道该怎么办""]}"
idiom,L3,,小学教辅常见成语（四字）,怪模怪样,成语;综合;小升初高频,小学成语培优全书·教辅常见,idiom-l3-1196,idiom:怪模怪样,recite,idiom:怪模怪样,怪模怪样,recite,all,
idiom,L3,,下面的写法对不对？,对,成语;综合;小升初高频,小学成语培优全书·教辅常见,idiom-l3-1196:char_judge,idiom:怪模怪样,char_judge,idiom:怪模怪样,怪模怪样,char_judge,lower,"{""display"": ""怪模怪样""}"
idiom,L3,,「怪模怪样」的意思是？,小学教辅常见成语,成语;综合;小升初高频,小学成语培优全书·教辅常见,idiom-l3-1196:meaning_choice,idiom:怪模怪样,meaning_choice,idiom:怪模怪样,怪模怪样,meaning_choice,upper,"{""choices"": [""小学教辅常见成语"", ""危害集体的人"", ""人民没法生活下去"", ""到处是冰和雪""]}"
idiom,L3,,小学教辅常见成语（四字）,怪石嶙峋,成语;综合;小升初高频,小学成语培优全书·教辅常见,idiom-l3-1197,idiom:怪石嶙峋,recite,idiom:怪石嶙峋,怪石嶙峋,recite,all,
idiom,L3,,下面的写法对不对？,错,成语;综合;小升初高频,小学成语培优全书·教辅常见,idiom-l3-1197:char_judge,idiom:怪石嶙峋,char_judge,idiom:怪石嶙峋,怪石嶙峋,char_judge,lower,"{""display"": ""怪石甲峋""}"
idiom,L3,,「怪石嶙峋」的意思是？,小学教辅常见成语,成语;综合;小升初高频,小学成语培优全书·教辅常见,idiom-l3-1197:meaning_choice,idiom:怪石嶙峋,meaning_choice,idiom:怪石嶙峋,怪石嶙峋,meaning_choice,upper,"{""choices"": [""小学教辅常见成语"", ""树林层层翠绿"", ""铺天盖地而来"", ""变化很多""]}"
idiom,L3,,小学教辅常见成语（四字）,怯懦无能,成语;综合;小升初高频,小学成语培优全书·教辅常见,idiom-l3-1198,idiom:怯懦无能,recite,idiom:怯懦无能,怯懦无能,recite,all,
idiom,L3,,下面的写法对不对？,对,成语;综合;小升初高频,小学成语培优全书·教辅常见,idiom-l3-1198:char_judge,idiom:怯懦无能,char_judge,idiom:怯懦无能,怯懦无能,char_judge,lower,"{""display"": ""怯懦无能""}"
idiom,L3,,「怯懦无能」的意思是？,小学教辅常见成语,成语;综合;小升初高频,小学成语培优全书·教辅常见,idiom-l3-1198:meaning_choice,idiom:怯懦无能,meaning_choice,idiom:怯懦无能,怯懦无能,meaning_choice,upper,"{""choices"": [""头摇来摇去，得意或入神"", ""风景优美"", ""小学教辅常见成语"", ""百姓生活在极端困苦中""]}"
idiom,L3,,小学教辅常见成语（四字）,总而言之,成语;综合;小升初高频,小学成语培优全书·教辅常见,idiom-l3-1199,idiom:总而言之,recite,idiom:总而言之,总而言之,recite,all,
idiom,L3,,下面的写法对不对？,对,成语;综合;小升初高频,小学成语培优全书·教辅常见,idiom-l3-1199:char_judge,idiom:总而言之,char_judge,idiom:总而言之,总而言之,char_judge,lower,"{""display"": ""总而言之""}"
idiom,L3,,「总而言之」的意思是？,小学教辅常见成语,成语;综合;小升初高频,小学成语培优全书·教辅常见,idiom-l3-1199:meaning_choice,idiom:总而言之,meaning_choice,idiom:总而言之,总而言之,meaning_choice,upper,"{""choices"": [""小学教辅常见成语"", ""大得看不到边"", ""像老虎一样盯着，想扑上去"", ""高兴得快要发狂""]}"
idiom,L3,,小学教辅常见成语（四字）,恩将仇报,成语;综合;小升初高频,小学成语培优全书·教辅常见,idiom-l3-1201,idiom:恩将仇报,recite,idiom:恩将仇报,恩将仇报,recite,all,
idiom,L3,,下面的写法对不对？,错,成语;综合;小升初高频,小学成语培优全书·教辅常见,idiom-l3-1201:char_judge,idiom:恩将仇报,char_judge,idiom:恩将仇报,恩将仇报,char_judge,lower,"{""display"": ""恩将甲报""}"
idiom,L3,,「恩将仇报」的意思是？,小学教辅常见成语,成语;综合;小升初高频,小学成语培优全书·教辅常见,idiom-l3-1201:meaning_choice,idiom:恩将仇报,meaning_choice,idiom:恩将仇报,恩将仇报,meaning_choice,upper,"{""choices"": [""文雅有礼貌"", ""丢在路上的东西也没人捡走"", ""出主意、想办法"", ""小学教辅常见成语""]}"
idiom,L3,,小学教辅常见成语（四字）,息事宁人,成语;综合;小升初高频,小学成语培优全书·教辅常见,idiom-l3-1202,idiom:息事宁人,recite,idiom:息事宁人,息事宁人,recite,all,
idiom,L3,,下面的写法对不对？,对,成语;综合;小升初高频,小学成语培优全书·教辅常见,idiom-l3-1202:char_judge,idiom:息事宁人,char_judge,idiom:息事宁人,息事宁人,char_judge,lower,"{""display"": ""息事宁人""}"
idiom,L3,,「息事宁人」的意思是？,小学教辅常见成语,成语;综合;小升初高频,小学成语培优全书·教辅常见,idiom-l3-1202:meaning_choice,idiom:息事宁人,meaning_choice,idiom:息事宁人,息事宁人,meaning_choice,upper,"{""choices"": [""气势很大、规模很大"", ""刚哭完又笑了"", ""小学教辅常见成语"", ""眼睛手都很快""]}"
idiom,L3,,小学教辅常见成语（四字）,恰到好处,成语;综合;小升初高频,小学成语培优全书·教辅常见,idiom-l3-1203,idiom:恰到好处,recite,idiom:恰到好处,恰到好处,recite,all,
idiom,L3,,下面的写法对不对？,错,成语;综合;小升初高频,小学成语培优全书·教辅常见,idiom-l3-1203:char_judge,idiom:恰到好处,char_judge,idiom:恰到好处,恰到好处,char_judge,lower,"{""display"": ""恰道好处""}"
idiom,L3,,「恰到好处」的意思是？,小学教辅常见成语,成语;综合;小升初高频,小学成语培优全书·教辅常见,idiom-l3-1203:meaning_choice,idiom:恰到好处,meaning_choice,idiom:恰到好处,恰到好处,meaning_choice,upper,"{""choices"": [""到哪儿都能安下心来"", ""主动认错、请求责罚"", ""小学教辅常见成语"", ""鸡叫狗叫形容喧闹""]}"
idiom,L3,,小学教辅常见成语（四字）,悄无声息,成语;综合;小升初高频,小学成语培优全书·教辅常见,idiom-l3-1204,idiom:悄无声息,recite,idiom:悄无声息,悄无声息,recite,all,
idiom,L3,,下面的写法对不对？,对,成语;综合;小升初高频,小学成语培优全书·教辅常见,idiom-l3-1204:char_judge,idiom:悄无声息,char_judge,idiom:悄无声息,悄无声息,char_judge,lower,"{""display"": ""悄无声息""}"
idiom,L3,,「悄无声息」的意思是？,小学教辅常见成语,成语;综合;小升初高频,小学成语培优全书·教辅常见,idiom-l3-1204:meaning_choice,idiom:悄无声息,meaning_choice,idiom:悄无声息,悄无声息,meaning_choice,upper,"{""choices"": [""弄错了对象或事实"", ""不想努力，只等现成的"", ""闪电打雷"", ""小学教辅常见成语""]}"
idiom,L3,,小学教辅常见成语（四字）,悄然无声,成语;综合;小升初高频,小学成语培优全书·教辅常见,idiom-l3-1205,idiom:悄然无声,recite,idiom:悄然无声,悄然无声,recite,all,
idiom,L3,,下面的写法对不对？,对,成语;综合;小升初高频,小学成语培优全书·教辅常见,idiom-l3-1205:char_judge,idiom:悄然无声,char_judge,idiom:悄然无声,悄然无声,char_judge,lower,"{""display"": ""悄然无声""}"
idiom,L3,,「悄然无声」的意思是？,小学教辅常见成语,成语;综合;小升初高频,小学成语培优全书·教辅常见,idiom-l3-1205:meaning_choice,idiom:悄然无声,meaning_choice,idiom:悄然无声,悄然无声,meaning_choice,upper,"{""choices"": [""小学教辅常见成语"", ""像烟云一样消失了"", ""描写场面的成语"", ""本领比别人高一截""]}"
idiom,L3,,小学教辅常见成语（四字）,悔过自新,成语;综合;小升初高频,小学成语培优全书·教辅常见,idiom-l3-1206,idiom:悔过自新,recite,idiom:悔过自新,悔过自新,recite,all,
idiom,L3,,下面的写法对不对？,错,成语;综合;小升初高频,小学成语培优全书·教辅常见,idiom-l3-1206:char_judge,idiom:悔过自新,char_judge,idiom:悔过自新,悔过自新,char_judge,lower,"{""display"": ""甲过自新""}"
idiom,L3,,「悔过自新」的意思是？,小学教辅常见成语,成语;综合;小升初高频,小学成语培优全书·教辅常见,idiom-l3-1206:meaning_choice,idiom:悔过自新,meaning_choice,idiom:悔过自新,悔过自新,meaning_choice,upper,"{""choices"": [""小学教辅常见成语"", ""春天开花秋天结果"", ""精神完全集中"", ""在风里飘动""]}"
idiom,L3,,小学教辅常见成语（四字）,悠然自得,成语;综合;小升初高频,小学成语培优全书·教辅常见,idiom-l3-1207,idiom:悠然自得,recite,idiom:悠然自得,悠然自得,recite,all,
idiom,L3,,下面的写法对不对？,对,成语;综合;小升初高频,小学成语培优全书·教辅常见,idiom-l3-1207:char_judge,idiom:悠然自得,char_judge,idiom:悠然自得,悠然自得,char_judge,lower,"{""display"": ""悠然自得""}"
idiom,L3,,「悠然自得」的意思是？,小学教辅常见成语,成语;综合;小升初高频,小学成语培优全书·教辅常见,idiom-l3-1207:meaning_choice,idiom:悠然自得,meaning_choice,idiom:悠然自得,悠然自得,meaning_choice,upper,"{""choices"": [""精神完全集中"", ""小学教辅常见成语"", ""自己控制不住感情"", ""人民没法生活下去""]}"
idiom,L3,,小学教辅常见成语（四字）,患难与共,成语;综合;小升初高频,小学成语培优全书·教辅常见,idiom-l3-1208,idiom:患难与共,recite,idiom:患难与共,患难与共,recite,all,
idiom,L3,,下面的写法对不对？,错,成语;综合;小升初高频,小学成语培优全书·教辅常见,idiom-l3-1208:char_judge,idiom:患难与共,char_judge,idiom:患难与共,患难与共,char_judge,lower,"{""display"": ""患甲与共""}"
idiom,L3,,「患难与共」的意思是？,小学教辅常见成语,成语;综合;小升初高频,小学成语培优全书·教辅常见,idiom-l3-1208:meaning_choice,idiom:患难与共,meaning_choice,idiom:患难与共,患难与共,meaning_choice,upper,"{""choices"": [""出自历史故事的成语"", ""出自历史故事的成语"", ""小学教辅常见成语"", ""不慌不忙""]}"
idiom,L3,,小学教辅常见成语（四字）,悬崖峭壁,成语;综合;小升初高频,小学成语培优全书·教辅常见,idiom-l3-1209,idiom:悬崖峭壁,recite,idiom:悬崖峭壁,悬崖峭壁,recite,all,
idiom,L3,,下面的写法对不对？,错,成语;综合;小升初高频,小学成语培优全书·教辅常见,idiom-l3-1209:char_judge,idiom:悬崖峭壁,char_judge,idiom:悬崖峭壁,悬崖峭壁,char_judge,lower,"{""display"": ""甲崖峭壁""}"
idiom,L3,,「悬崖峭壁」的意思是？,小学教辅常见成语,成语;综合;小升初高频,小学成语培优全书·教辅常见,idiom-l3-1209:meaning_choice,idiom:悬崖峭壁,meaning_choice,idiom:悬崖峭壁,悬崖峭壁,meaning_choice,upper,"{""choices"": [""头摇来摇去，得意或入神"", ""从细小处看出大趋势"", ""小学教辅常见成语"", ""舍不得离开""]}"
idiom,L3,,小学教辅常见成语（四字）,悲喜交集,成语;综合;小升初高频,小学成语培优全书·教辅常见,idiom-l3-1211,idiom:悲喜交集,recite,idiom:悲喜交集,悲喜交集,recite,all,
idiom,L3,,下面的写法对不对？,对,成语;综合;小升初高频,小学成语培优全书·教辅常见,idiom-l3-1211:char_judge,idiom:悲喜交集,char_judge,idiom:悲喜交集,悲喜交集,char_judge,lower,"{""display"": ""悲喜交集""}"
idiom,L3,,「悲喜交集」的意思是？,小学教辅常见成语,成语;综合;小升初高频,小学成语培优全书·教辅常见,idiom-l3-1211:meaning_choice,idiom:悲喜交集,meaning_choice,idiom:悲喜交集,悲喜交集,meaning_choice,upper,"{""choices"": [""小学教辅常见成语"", ""样子慈善和气"", ""自然界最美的声音"", ""政事顺利，百姓和睦""]}"
idiom,L3,,小学教辅常见成语（四字）,悲欢离合,成语;综合;小升初高频,小学成语培优全书·教辅常见,idiom-l3-1212,idiom:悲欢离合,recite,idiom:悲欢离合,悲欢离合,recite,all,
idiom,L3,,下面的写法对不对？,错,成语;综合;小升初高频,小学成语培优全书·教辅常见,idiom-l3-1212:char_judge,idiom:悲欢离合,char_judge,idiom:悲欢离合,悲欢离合,char_judge,lower,"{""display"": ""悲甲离合""}"
idiom,L3,,「悲欢离合」的意思是？,小学教辅常见成语,成语;综合;小升初高频,小学成语培优全书·教辅常见,idiom-l3-1212:meaning_choice,idiom:悲欢离合,meaning_choice,idiom:悲欢离合,悲欢离合,meaning_choice,upper,"{""choices"": [""自以为了不起的样子"", ""样子慈善和气"", ""人非常多"", ""小学教辅常见成语""]}"
idiom,L3,,小学教辅常见成语（四字）,情同手足,成语;综合;小升初高频,小学成语培优全书·教辅常见,idiom-l3-1214,idiom:情同手足,recite,idiom:情同手足,情同手足,recite,all,
idiom,L3,,下面的写法对不对？,错,成语;综合;小升初高频,小学成语培优全书·教辅常见,idiom-l3-1214:char_judge,idiom:情同手足,char_judge,idiom:情同手足,情同手足,char_judge,lower,"{""display"": ""情甲手足""}"
idiom,L3,,「情同手足」的意思是？,小学教辅常见成语,成语;综合;小升初高频,小学成语培优全书·教辅常见,idiom-l3-1214:meaning_choice,idiom:情同手足,meaning_choice,idiom:情同手足,情同手足,meaning_choice,upper,"{""choices"": [""天空蓝得像洗过一样"", ""充满活力"", ""黄莺唱歌、燕子飞舞"", ""小学教辅常见成语""]}"
idiom,L3,,小学教辅常见成语（四字）,情有可原,成语;综合;小升初高频,小学成语培优全书·教辅常见,idiom-l3-1215,idiom:情有可原,recite,idiom:情有可原,情有可原,recite,all,
idiom,L3,,下面的写法对不对？,错,成语;综合;小升初高频,小学成语培优全书·教辅常见,idiom-l3-1215:char_judge,idiom:情有可原,char_judge,idiom:情有可原,情有可原,char_judge,lower,"{""display"": ""情有可甲""}"
idiom,L3,,「情有可原」的意思是？,小学教辅常见成语,成语;综合;小升初高频,小学成语培优全书·教辅常见,idiom-l3-1215:meaning_choice,idiom:情有可原,meaning_choice,idiom:情有可原,情有可原,meaning_choice,upper,"{""choices"": [""描写冬天的成语"", ""描写冬天的成语"", ""小学教辅常见成语"", ""自己控制不住感情""]}"
idiom,L3,,小学教辅常见成语（四字）,惊心动魄,成语;综合;小升初高频,小学成语培优全书·教辅常见,idiom-l3-1217,idiom:惊心动魄,recite,idiom:惊心动魄,惊心动魄,recite,all,
idiom,L3,,下面的写法对不对？,错,成语;综合;小升初高频,小学成语培优全书·教辅常见,idiom-l3-1217:char_judge,idiom:惊心动魄,char_judge,idiom:惊心动魄,惊心动魄,char_judge,lower,"{""display"": ""甲心动魄""}"
idiom,L3,,「惊心动魄」的意思是？,小学教辅常见成语,成语;综合;小升初高频,小学成语培优全书·教辅常见,idiom-l3-1217:meaning_choice,idiom:惊心动魄,meaning_choice,idiom:惊心动魄,惊心动魄,meaning_choice,upper,"{""choices"": [""黄莺唱歌、燕子飞舞"", ""小学教辅常见成语"", ""事情还没发生就知道"", ""把东西完好无损地归还原主""]}"
idiom,L3,,小学教辅常见成语（四字）,惊惶失措,成语;综合;小升初高频,小学成语培优全书·教辅常见,idiom-l3-1218,idiom:惊惶失措,recite,idiom:惊惶失措,惊惶失措,recite,all,
idiom,L3,,下面的写法对不对？,对,成语;综合;小升初高频,小学成语培优全书·教辅常见,idiom-l3-1218:char_judge,idiom:惊惶失措,char_judge,idiom:惊惶失措,惊惶失措,char_judge,lower,"{""display"": ""惊惶失措""}"
idiom,L3,,「惊惶失措」的意思是？,小学教辅常见成语,成语;综合;小升初高频,小学成语培优全书·教辅常见,idiom-l3-1218:meaning_choice,idiom:惊惶失措,meaning_choice,idiom:惊惶失措,惊惶失措,meaning_choice,upper,"{""choices"": [""雪片又大又密"", ""情绪非常激动"", ""人长寿，收成好"", ""小学教辅常见成语""]}"
idiom,L3,,小学教辅常见成语（四字）,惊涛骇浪,成语;综合;小升初高频,小学成语培优全书·教辅常见,idiom-l3-1220,idiom:惊涛骇浪,recite,idiom:惊涛骇浪,惊涛骇浪,recite,all,
idiom,L3,,下面的写法对不对？,错,成语;综合;小升初高频,小学成语培优全书·教辅常见,idiom-l3-1220:char_judge,idiom:惊涛骇浪,char_judge,idiom:惊涛骇浪,惊涛骇浪,char_judge,lower,"{""display"": ""甲涛骇浪""}"
idiom,L3,,「惊涛骇浪」的意思是？,小学教辅常见成语,成语;综合;小升初高频,小学成语培优全书·教辅常见,idiom-l3-1220:meaning_choice,idiom:惊涛骇浪,meaning_choice,idiom:惊涛骇浪,惊涛骇浪,meaning_choice,upper,"{""choices"": [""小学教辅常见成语"", ""全国各地，四面八方"", ""看惯了，不觉得奇怪"", ""占据高处，向下俯视""]}"
idiom,L3,,小学教辅常见成语（四字）,惜墨如金,成语;综合;小升初高频,小学成语培优全书·教辅常见,idiom-l3-1221,idiom:惜墨如金,recite,idiom:惜墨如金,惜墨如金,recite,all,
idiom,L3,,下面的写法对不对？,对,成语;综合;小升初高频,小学成语培优全书·教辅常见,idiom-l3-1221:char_judge,idiom:惜墨如金,char_judge,idiom:惜墨如金,惜墨如金,char_judge,lower,"{""display"": ""惜墨如金""}"
idiom,L3,,「惜墨如金」的意思是？,小学教辅常见成语,成语;综合;小升初高频,小学成语培优全书·教辅常见,idiom-l3-1221:meaning_choice,idiom:惜墨如金,meaning_choice,idiom:惜墨如金,惜墨如金,meaning_choice,upper,"{""choices"": [""小学教辅常见成语"", ""很多人或动物聚在一起"", ""出自寓言故事的成语"", ""出自寓言故事的成语""]}"
idiom,L3,,小学教辅常见成语（四字）,惨不忍睹,成语;综合;小升初高频,小学成语培优全书·教辅常见,idiom-l3-1222,idiom:惨不忍睹,recite,idiom:惨不忍睹,惨不忍睹,recite,all,
idiom,L3,,下面的写法对不对？,对,成语;综合;小升初高频,小学成语培优全书·教辅常见,idiom-l3-1222:char_judge,idiom:惨不忍睹,char_judge,idiom:惨不忍睹,惨不忍睹,char_judge,lower,"{""display"": ""惨不忍睹""}"
idiom,L3,,「惨不忍睹」的意思是？,小学教辅常见成语,成语;综合;小升初高频,小学成语培优全书·教辅常见,idiom-l3-1222:meaning_choice,idiom:惨不忍睹,meaning_choice,idiom:惨不忍睹,惨不忍睹,meaning_choice,upper,"{""choices"": [""吓得或急得没了主意"", ""小学教辅常见成语"", ""笑得直不起腰"", ""情绪非常激动""]}"
idiom,L3,,小学教辅常见成语（四字）,想方设法,成语;综合;小升初高频,小学成语培优全书·教辅常见,idiom-l3-1223,idiom:想方设法,recite,idiom:想方设法,想方设法,recite,all,
idiom,L3,,下面的写法对不对？,对,成语;综合;小升初高频,小学成语培优全书·教辅常见,idiom-l3-1223:char_judge,idiom:想方设法,char_judge,idiom:想方设法,想方设法,char_judge,lower,"{""display"": ""想方设法""}"
idiom,L3,,「想方设法」的意思是？,小学教辅常见成语,成语;综合;小升初高频,小学成语培优全书·教辅常见,idiom-l3-1223:meaning_choice,idiom:想方设法,meaning_choice,idiom:想方设法,想方设法,meaning_choice,upper,"{""choices"": [""一会儿看得见一会儿看不见"", ""仪表端正、很有气派"", ""小学教辅常见成语"", ""在困难时给人帮助""]}"
idiom,L3,,小学教辅常见成语（四字）,惶恐不安,成语;综合;小升初高频,小学成语培优全书·教辅常见,idiom-l3-1224,idiom:惶恐不安,recite,idiom:惶恐不安,惶恐不安,recite,all,
idiom,L3,,下面的写法对不对？,错,成语;综合;小升初高频,小学成语培优全书·教辅常见,idiom-l3-1224:char_judge,idiom:惶恐不安,char_judge,idiom:惶恐不安,惶恐不安,char_judge,lower,"{""display"": ""惶甲不安""}"
idiom,L3,,「惶恐不安」的意思是？,小学教辅常见成语,成语;综合;小升初高频,小学成语培优全书·教辅常见,idiom-l3-1224:meaning_choice,idiom:惶恐不安,meaning_choice,idiom:惶恐不安,惶恐不安,meaning_choice,upper,"{""choices"": [""样子很庄重认真"", ""齐心合力"", ""小学教辅常见成语"", ""得到帮助后更强""]}"
idiom,L3,,小学教辅常见成语（四字）,惹是生非,成语;综合;小升初高频,小学成语培优全书·教辅常见,idiom-l3-1225,idiom:惹是生非,recite,idiom:惹是生非,惹是生非,recite,all,
idiom,L3,,下面的写法对不对？,错,成语;综合;小升初高频,小学成语培优全书·教辅常见,idiom-l3-1225:char_judge,idiom:惹是生非,char_judge,idiom:惹是生非,惹是生非,char_judge,lower,"{""display"": ""惹是生甲""}"
idiom,L3,,「惹是生非」的意思是？,小学教辅常见成语,成语;综合;小升初高频,小学成语培优全书·教辅常见,idiom-l3-1225:meaning_choice,idiom:惹是生非,meaning_choice,idiom:惹是生非,惹是生非,meaning_choice,upper,"{""choices"": [""气魄很大的话"", ""含有动物的成语"", ""小学教辅常见成语"", ""在风里飘动""]}"
idiom,L3,,小学教辅常见成语（四字）,愚昧无知,成语;综合;小升初高频,小学成语培优全书·教辅常见,idiom-l3-1226,idiom:愚昧无知,recite,idiom:愚昧无知,愚昧无知,recite,all,
idiom,L3,,下面的写法对不对？,对,成语;综合;小升初高频,小学成语培优全书·教辅常见,idiom-l3-1226:char_judge,idiom:愚昧无知,char_judge,idiom:愚昧无知,愚昧无知,char_judge,lower,"{""display"": ""愚昧无知""}"
idiom,L3,,「愚昧无知」的意思是？,小学教辅常见成语,成语;综合;小升初高频,小学成语培优全书·教辅常见,idiom-l3-1226:meaning_choice,idiom:愚昧无知,meaning_choice,idiom:愚昧无知,愚昧无知,meaning_choice,upper,"{""choices"": [""人民没法生活下去"", ""形象生动得像活的一样"", ""小学教辅常见成语"", ""到了山和水的尽头，没有出路""]}"
idiom,L3,,小学教辅常见成语（四字）,感恩戴德,成语;综合;小升初高频,小学成语培优全书·教辅常见,idiom-l3-1227,idiom:感恩戴德,recite,idiom:感恩戴德,感恩戴德,recite,all,
idiom,L3,,下面的写法对不对？,错,成语;综合;小升初高频,小学成语培优全书·教辅常见,idiom-l3-1227:char_judge,idiom:感恩戴德,char_judge,idiom:感恩戴德,感恩戴德,char_judge,lower,"{""display"": ""感恩戴甲""}"
idiom,L3,,「感恩戴德」的意思是？,小学教辅常见成语,成语;综合;小升初高频,小学成语培优全书·教辅常见,idiom-l3-1227:meaning_choice,idiom:感恩戴德,meaning_choice,idiom:感恩戴德,感恩戴德,meaning_choice,upper,"{""choices"": [""小学教辅常见成语"", ""智谋很多"", ""描写品质的成语"", ""描写品质的成语""]}"
idiom,L3,,小学教辅常见成语（四字）,感激涕零,成语;综合;小升初高频,小学成语培优全书·教辅常见,idiom-l3-1228,idiom:感激涕零,recite,idiom:感激涕零,感激涕零,recite,all,
idiom,L3,,下面的写法对不对？,错,成语;综合;小升初高频,小学成语培优全书·教辅常见,idiom-l3-1228:char_judge,idiom:感激涕零,char_judge,idiom:感激涕零,感激涕零,char_judge,lower,"{""display"": ""甲激涕零""}"
idiom,L3,,「感激涕零」的意思是？,小学教辅常见成语,成语;综合;小升初高频,小学成语培优全书·教辅常见,idiom-l3-1228:meaning_choice,idiom:感激涕零,meaning_choice,idiom:感激涕零,感激涕零,meaning_choice,upper,"{""choices"": [""完全看不见了"", ""用萤火虫的光夜里读书"", ""得意得忘了自己是谁"", ""小学教辅常见成语""]}"
idiom,L3,,小学教辅常见成语（四字）,慈祥可亲,成语;综合;小升初高频,小学成语培优全书·教辅常见,idiom-l3-1229,idiom:慈祥可亲,recite,idiom:慈祥可亲,慈祥可亲,recite,all,
idiom,L3,,下面的写法对不对？,错,成语;综合;小升初高频,小学成语培优全书·教辅常见,idiom-l3-1229:char_judge,idiom:慈祥可亲,char_judge,idiom:慈祥可亲,慈祥可亲,char_judge,lower,"{""display"": ""甲祥可亲""}"
idiom,L3,,「慈祥可亲」的意思是？,小学教辅常见成语,成语;综合;小升初高频,小学成语培优全书·教辅常见,idiom-l3-1229:meaning_choice,idiom:慈祥可亲,meaning_choice,idiom:慈祥可亲,慈祥可亲,meaning_choice,upper,"{""choices"": [""完全看不见了"", ""小学教辅常见成语"", ""AABB 结构的成语"", ""AABB 结构的成语""]}"
idiom,L3,,小学教辅常见成语（四字）,慢条斯理,成语;综合;小升初高频,小学成语培优全书·教辅常见,idiom-l3-1230,idiom:慢条斯理,recite,idiom:慢条斯理,慢条斯理,recite,all,
idiom,L3,,下面的写法对不对？,对,成语;综合;小升初高频,小学成语培优全书·教辅常见,idiom-l3-1230:char_judge,idiom:慢条斯理,char_judge,idiom:慢条斯理,慢条斯理,char_judge,lower,"{""display"": ""慢条斯理""}"
idiom,L3,,「慢条斯理」的意思是？,小学教辅常见成语,成语;综合;小升初高频,小学成语培优全书·教辅常见,idiom-l3-1230:meaning_choice,idiom:慢条斯理,meaning_choice,idiom:慢条斯理,慢条斯理,meaning_choice,upper,"{""choices"": [""关键处一点就使整体生动"", ""在风里飘动"", ""小学教辅常见成语"", ""人长寿，收成好""]}"
idiom,L3,,小学教辅常见成语（四字）,成事在天,成语;综合;小升初高频,小学成语培优全书·教辅常见,idiom-l3-1231,idiom:成事在天,recite,idiom:成事在天,成事在天,recite,all,
idiom,L3,,下面的写法对不对？,错,成语;综合;小升初高频,小学成语培优全书·教辅常见,idiom-l3-1231:char_judge,idiom:成事在天,char_judge,idiom:成事在天,成事在天,char_judge,lower,"{""display"": ""成事甲天""}"
idiom,L3,,「成事在天」的意思是？,小学教辅常见成语,成语;综合;小升初高频,小学成语培优全书·教辅常见,idiom-l3-1231:meaning_choice,idiom:成事在天,meaning_choice,idiom:成事在天,成事在天,meaning_choice,upper,"{""choices"": [""全国各地，四面八方"", ""小学教辅常见成语"", ""形容艺术水平的成语"", ""形容艺术水平的成语""]}"
idiom,L3,,小学教辅常见成语（四字）,成人之美,成语;综合;小升初高频,小学成语培优全书·教辅常见,idiom-l3-1232,idiom:成人之美,recite,idiom:成人之美,成人之美,recite,all,
idiom,L3,,下面的写法对不对？,对,成语;综合;小升初高频,小学成语培优全书·教辅常见,idiom-l3-1232:char_judge,idiom:成人之美,char_judge,idiom:成人之美,成人之美,char_judge,lower,"{""display"": ""成人之美""}"
idiom,L3,,「成人之美」的意思是？,小学教辅常见成语,成语;综合;小升初高频,小学成语培优全书·教辅常见,idiom-l3-1232:meaning_choice,idiom:成人之美,meaning_choice,idiom:成人之美,成人之美,meaning_choice,upper,"{""choices"": [""遇到危险也不害怕"", ""很得意、很有精神的样子"", ""小学教辅常见成语"", ""天空蓝得像洗过一样""]}"
idiom,L3,,小学教辅常见成语（四字）,我行我素,成语;综合;小升初高频,小学成语培优全书·教辅常见,idiom-l3-1233,idiom:我行我素,recite,idiom:我行我素,我行我素,recite,all,
idiom,L3,,下面的写法对不对？,对,成语;综合;小升初高频,小学成语培优全书·教辅常见,idiom-l3-1233:char_judge,idiom:我行我素,char_judge,idiom:我行我素,我行我素,char_judge,lower,"{""display"": ""我行我素""}"
idiom,L3,,「我行我素」的意思是？,小学教辅常见成语,成语;综合;小升初高频,小学成语培优全书·教辅常见,idiom-l3-1233:meaning_choice,idiom:我行我素,meaning_choice,idiom:我行我素,我行我素,meaning_choice,upper,"{""choices"": [""描写春天的成语"", ""描写春天的成语"", ""描写春天的成语"", ""小学教辅常见成语""]}"
idiom,L3,,小学教辅常见成语（四字）,戒骄戒躁,成语;综合;小升初高频,小学成语培优全书·教辅常见,idiom-l3-1234,idiom:戒骄戒躁,recite,idiom:戒骄戒躁,戒骄戒躁,recite,all,
idiom,L3,,下面的写法对不对？,对,成语;综合;小升初高频,小学成语培优全书·教辅常见,idiom-l3-1234:char_judge,idiom:戒骄戒躁,char_judge,idiom:戒骄戒躁,戒骄戒躁,char_judge,lower,"{""display"": ""戒骄戒躁""}"
idiom,L3,,「戒骄戒躁」的意思是？,小学教辅常见成语,成语;综合;小升初高频,小学成语培优全书·教辅常见,idiom-l3-1234:meaning_choice,idiom:戒骄戒躁,meaning_choice,idiom:戒骄戒躁,戒骄戒躁,meaning_choice,upper,"{""choices"": [""小学教辅常见成语"", ""全国各地，四面八方"", ""样子慈善和气"", ""充满活力""]}"
idiom,L3,,小学教辅常见成语（四字）,所向披靡,成语;综合;小升初高频,小学成语培优全书·教辅常见,idiom-l3-1236,idiom:所向披靡,recite,idiom:所向披靡,所向披靡,recite,all,
idiom,L3,,下面的写法对不对？,对,成语;综合;小升初高频,小学成语培优全书·教辅常见,idiom-l3-1236:char_judge,idiom:所向披靡,char_judge,idiom:所向披靡,所向披靡,char_judge,lower,"{""display"": ""所向披靡""}"
idiom,L3,,「所向披靡」的意思是？,小学教辅常见成语,成语;综合;小升初高频,小学成语培优全书·教辅常见,idiom-l3-1236:meaning_choice,idiom:所向披靡,meaning_choice,idiom:所向披靡,所向披靡,meaning_choice,upper,"{""choices"": [""仪表端正、很有气派"", ""气势很大、规模很大"", ""小学教辅常见成语"", ""吓得或急得没了主意""]}"
idiom,L3,,小学教辅常见成语（四字）,手到擒来,成语;综合;小升初高频,小学成语培优全书·教辅常见,idiom-l3-1237,idiom:手到擒来,recite,idiom:手到擒来,手到擒来,recite,all,
idiom,L3,,下面的写法对不对？,对,成语;综合;小升初高频,小学成语培优全书·教辅常见,idiom-l3-1237:char_judge,idiom:手到擒来,char_judge,idiom:手到擒来,手到擒来,char_judge,lower,"{""display"": ""手到擒来""}"
idiom,L3,,「手到擒来」的意思是？,小学教辅常见成语,成语;综合;小升初高频,小学成语培优全书·教辅常见,idiom-l3-1237:meaning_choice,idiom:手到擒来,meaning_choice,idiom:手到擒来,手到擒来,meaning_choice,upper,"{""choices"": [""含有数字的成语"", ""含有数字的成语"", ""事情还没发生就知道"", ""小学教辅常见成语""]}"
idiom,L3,,小学教辅常见成语（四字）,手无寸铁,成语;综合;小升初高频,小学成语培优全书·教辅常见,idiom-l3-1239,idiom:手无寸铁,recite,idiom:手无寸铁,手无寸铁,recite,all,
idiom,L3,,下面的写法对不对？,错,成语;综合;小升初高频,小学成语培优全书·教辅常见,idiom-l3-1239:char_judge,idiom:手无寸铁,char_judge,idiom:手无寸铁,手无寸铁,char_judge,lower,"{""display"": ""手无甲铁""}"
idiom,L3,,「手无寸铁」的意思是？,小学教辅常见成语,成语;综合;小升初高频,小学成语培优全书·教辅常见,idiom-l3-1239:meaning_choice,idiom:手无寸铁,meaning_choice,idiom:手无寸铁,手无寸铁,meaning_choice,upper,"{""choices"": [""拘束、心里不踏实"", ""小学教辅常见成语"", ""办法很多，本领很大"", ""全国各地，四面八方""]}"
idiom,L3,,小学教辅常见成语（四字）,手舞足蹈,成语;综合;小升初高频,小学成语培优全书·教辅常见,idiom-l3-1240,idiom:手舞足蹈,recite,idiom:手舞足蹈,手舞足蹈,recite,all,
idiom,L3,,下面的写法对不对？,错,成语;综合;小升初高频,小学成语培优全书·教辅常见,idiom-l3-1240:char_judge,idiom:手舞足蹈,char_judge,idiom:手舞足蹈,手舞足蹈,char_judge,lower,"{""display"": ""手舞足甲""}"
idiom,L3,,「手舞足蹈」的意思是？,小学教辅常见成语,成语;综合;小升初高频,小学成语培优全书·教辅常见,idiom-l3-1240:meaning_choice,idiom:手舞足蹈,meaning_choice,idiom:手舞足蹈,手舞足蹈,meaning_choice,upper,"{""choices"": [""小声地私下说话"", ""小学教辅常见成语"", ""用萤火虫的光夜里读书"", ""跃跃欲试、准备动手""]}"
idiom,L3,,小学教辅常见成语（四字）,手足无措,成语;综合;小升初高频,小学成语培优全书·教辅常见,idiom-l3-1241,idiom:手足无措,recite,idiom:手足无措,手足无措,recite,all,
idiom,L3,,下面的写法对不对？,错,成语;综合;小升初高频,小学成语培优全书·教辅常见,idiom-l3-1241:char_judge,idiom:手足无措,char_judge,idiom:手足无措,手足无措,char_judge,lower,"{""display"": ""手足无甲""}"
idiom,L3,,「手足无措」的意思是？,小学教辅常见成语,成语;综合;小升初高频,小学成语培优全书·教辅常见,idiom-l3-1241:meaning_choice,idiom:手足无措,meaning_choice,idiom:手足无措,手足无措,meaning_choice,upper,"{""choices"": [""小学教辅常见成语"", ""颜色很多"", ""费尽心思谋划（多含贬义）"", ""到处都可以当作家""]}"
idiom,L3,,小学教辅常见成语（四字）,扑朔迷离,成语;综合;小升初高频,小学成语培优全书·教辅常见,idiom-l3-1242,idiom:扑朔迷离,recite,idiom:扑朔迷离,扑朔迷离,recite,all,
idiom,L3,,下面的写法对不对？,对,成语;综合;小升初高频,小学成语培优全书·教辅常见,idiom-l3-1242:char_judge,idiom:扑朔迷离,char_judge,idiom:扑朔迷离,扑朔迷离,char_judge,lower,"{""display"": ""扑朔迷离""}"
idiom,L3,,「扑朔迷离」的意思是？,小学教辅常见成语,成语;综合;小升初高频,小学成语培优全书·教辅常见,idiom-l3-1242:meaning_choice,idiom:扑朔迷离,meaning_choice,idiom:扑朔迷离,扑朔迷离,meaning_choice,upper,"{""choices"": [""危害集体的人"", ""不止一个，还有配对的"", ""小学教辅常见成语"", ""不知该哭还是该笑""]}"
idiom,L3,,小学教辅常见成语（四字）,打抱不平,成语;综合;小升初高频,小学成语培优全书·教辅常见,idiom-l3-1243,idiom:打抱不平,recite,idiom:打抱不平,打抱不平,recite,all,
idiom,L3,,下面的写法对不对？,对,成语;综合;小升初高频,小学成语培优全书·教辅常见,idiom-l3-1243:char_judge,idiom:打抱不平,char_judge,idiom:打抱不平,打抱不平,char_judge,lower,"{""display"": ""打抱不平""}"
idiom,L3,,「打抱不平」的意思是？,小学教辅常见成语,成语;综合;小升初高频,小学成语培优全书·教辅常见,idiom-l3-1243:meaning_choice,idiom:打抱不平,meaning_choice,idiom:打抱不平,打抱不平,meaning_choice,upper,"{""choices"": [""铺天盖地而来"", ""国家太平，人民安乐"", ""自己控制不住感情"", ""小学教辅常见成语""]}"
idiom,L3,,小学教辅常见成语（四字）,执迷不悟,成语;综合;小升初高频,小学成语培优全书·教辅常见,idiom-l3-1244,idiom:执迷不悟,recite,idiom:执迷不悟,执迷不悟,recite,all,
idiom,L3,,下面的写法对不对？,错,成语;综合;小升初高频,小学成语培优全书·教辅常见,idiom-l3-1244:char_judge,idiom:执迷不悟,char_judge,idiom:执迷不悟,执迷不悟,char_judge,lower,"{""display"": ""执甲不悟""}"
idiom,L3,,「执迷不悟」的意思是？,小学教辅常见成语,成语;综合;小升初高频,小学成语培优全书·教辅常见,idiom-l3-1244:meaning_choice,idiom:执迷不悟,meaning_choice,idiom:执迷不悟,执迷不悟,meaning_choice,upper,"{""choices"": [""小学教辅常见成语"", ""内部困难又加上外来威胁"", ""人工比自然还精巧"", ""描写品质的成语""]}"
idiom,L3,,小学教辅常见成语（四字）,扶老携幼,成语;综合;小升初高频,小学成语培优全书·教辅常见,idiom-l3-1245,idiom:扶老携幼,recite,idiom:扶老携幼,扶老携幼,recite,all,
idiom,L3,,下面的写法对不对？,对,成语;综合;小升初高频,小学成语培优全书·教辅常见,idiom-l3-1245:char_judge,idiom:扶老携幼,char_judge,idiom:扶老携幼,扶老携幼,char_judge,lower,"{""display"": ""扶老携幼""}"
idiom,L3,,「扶老携幼」的意思是？,小学教辅常见成语,成语;综合;小升初高频,小学成语培优全书·教辅常见,idiom-l3-1245:meaning_choice,idiom:扶老携幼,meaning_choice,idiom:扶老携幼,扶老携幼,meaning_choice,upper,"{""choices"": [""小学教辅常见成语"", ""出主意、想办法"", ""生活安定，工作愉快"", ""心里着急、烦躁""]}"
idiom,L3,,小学教辅常见成语（四字）,承前启后,成语;综合;小升初高频,小学成语培优全书·教辅常见,idiom-l3-1246,idiom:承前启后,recite,idiom:承前启后,承前启后,recite,all,
idiom,L3,,下面的写法对不对？,对,成语;综合;小升初高频,小学成语培优全书·教辅常见,idiom-l3-1246:char_judge,idiom:承前启后,char_judge,idiom:承前启后,承前启后,char_judge,lower,"{""display"": ""承前启后""}"
idiom,L3,,「承前启后」的意思是？,小学教辅常见成语,成语;综合;小升初高频,小学成语培优全书·教辅常见,idiom-l3-1246:meaning_choice,idiom:承前启后,meaning_choice,idiom:承前启后,承前启后,meaning_choice,upper,"{""choices"": [""小学教辅常见成语"", ""夜里不用关门，社会安定"", ""闪电打雷"", ""身材修长美丽""]}"
idiom,L3,,小学教辅常见成语（四字）,抑扬顿挫,成语;综合;小升初高频,小学成语培优全书·教辅常见,idiom-l3-1247,idiom:抑扬顿挫,recite,idiom:抑扬顿挫,抑扬顿挫,recite,all,
idiom,L3,,下面的写法对不对？,错,成语;综合;小升初高频,小学成语培优全书·教辅常见,idiom-l3-1247:char_judge,idiom:抑扬顿挫,char_judge,idiom:抑扬顿挫,抑扬顿挫,char_judge,lower,"{""display"": ""抑扬顿甲""}"
idiom,L3,,「抑扬顿挫」的意思是？,小学教辅常见成语,成语;综合;小升初高频,小学成语培优全书·教辅常见,idiom-l3-1247:meaning_choice,idiom:抑扬顿挫,meaning_choice,idiom:抑扬顿挫,抑扬顿挫,meaning_choice,upper,"{""choices"": [""色彩又多又好看"", ""小学教辅常见成语"", ""像烟云一样消失了"", ""脸和耳朵都红了""]}"
idiom,L3,,小学教辅常见成语（四字）,抛砖引玉,成语;综合;小升初高频,小学成语培优全书·教辅常见,idiom-l3-1248,idiom:抛砖引玉,recite,idiom:抛砖引玉,抛砖引玉,recite,all,
idiom,L3,,下面的写法对不对？,错,成语;综合;小升初高频,小学成语培优全书·教辅常见,idiom-l3-1248:char_judge,idiom:抛砖引玉,char_judge,idiom:抛砖引玉,抛砖引玉,char_judge,lower,"{""display"": ""甲砖引玉""}"
idiom,L3,,「抛砖引玉」的意思是？,小学教辅常见成语,成语;综合;小升初高频,小学成语培优全书·教辅常见,idiom-l3-1248:meaning_choice,idiom:抛砖引玉,meaning_choice,idiom:抛砖引玉,抛砖引玉,meaning_choice,upper,"{""choices"": [""非常吃惊"", ""凶狠或得意地挥舞"", ""小学教辅常见成语"", ""字写得有气势""]}"
idiom,L3,,小学教辅常见成语（四字）,披荆斩棘,成语;综合;小升初高频,小学成语培优全书·教辅常见,idiom-l3-1249,idiom:披荆斩棘,recite,idiom:披荆斩棘,披荆斩棘,recite,all,
idiom,L3,,下面的写法对不对？,错,成语;综合;小升初高频,小学成语培优全书·教辅常见,idiom-l3-1249:char_judge,idiom:披荆斩棘,char_judge,idiom:披荆斩棘,披荆斩棘,char_judge,lower,"{""display"": ""披荆甲棘""}"
idiom,L3,,「披荆斩棘」的意思是？,小学教辅常见成语,成语;综合;小升初高频,小学成语培优全书·教辅常见,idiom-l3-1249:meaning_choice,idiom:披荆斩棘,meaning_choice,idiom:披荆斩棘,披荆斩棘,meaning_choice,upper,"{""choices"": [""充满活力"", ""春天回来了，大地苏醒"", ""色彩又多又好看"", ""小学教辅常见成语""]}"
idiom,L3,,小学教辅常见成语（四字）,拍案叫绝,成语;综合;小升初高频,小学成语培优全书·教辅常见,idiom-l3-1250,idiom:拍案叫绝,recite,idiom:拍案叫绝,拍案叫绝,recite,all,
idiom,L3,,下面的写法对不对？,对,成语;综合;小升初高频,小学成语培优全书·教辅常见,idiom-l3-1250:char_judge,idiom:拍案叫绝,char_judge,idiom:拍案叫绝,拍案叫绝,char_judge,lower,"{""display"": ""拍案叫绝""}"
idiom,L3,,「拍案叫绝」的意思是？,小学教辅常见成语,成语;综合;小升初高频,小学成语培优全书·教辅常见,idiom-l3-1250:meaning_choice,idiom:拍案叫绝,meaning_choice,idiom:拍案叫绝,拍案叫绝,meaning_choice,upper,"{""choices"": [""完全看不见了"", ""脸和耳朵都红了"", ""不知该哭还是该笑"", ""小学教辅常见成语""]}"
idiom,L3,,小学教辅常见成语（四字）,拐弯抹角,成语;综合;小升初高频,小学成语培优全书·教辅常见,idiom-l3-1251,idiom:拐弯抹角,recite,idiom:拐弯抹角,拐弯抹角,recite,all,
idiom,L3,,下面的写法对不对？,对,成语;综合;小升初高频,小学成语培优全书·教辅常见,idiom-l3-1251:char_judge,idiom:拐弯抹角,char_judge,idiom:拐弯抹角,拐弯抹角,char_judge,lower,"{""display"": ""拐弯抹角""}"
idiom,L3,,「拐弯抹角」的意思是？,小学教辅常见成语,成语;综合;小升初高频,小学成语培优全书·教辅常见,idiom-l3-1251:meaning_choice,idiom:拐弯抹角,meaning_choice,idiom:拐弯抹角,拐弯抹角,meaning_choice,upper,"{""choices"": [""见识很短浅"", ""人声嘈杂得像开了锅"", ""全国各地，四面八方"", ""小学教辅常见成语""]}"
idiom,L3,,小学教辅常见成语（四字）,招摇撞骗,成语;综合;小升初高频,小学成语培优全书·教辅常见,idiom-l3-1252,idiom:招摇撞骗,recite,idiom:招摇撞骗,招摇撞骗,recite,all,
idiom,L3,,下面的写法对不对？,对,成语;综合;小升初高频,小学成语培优全书·教辅常见,idiom-l3-1252:char_judge,idiom:招摇撞骗,char_judge,idiom:招摇撞骗,招摇撞骗,char_judge,lower,"{""display"": ""招摇撞骗""}"
idiom,L3,,「招摇撞骗」的意思是？,小学教辅常见成语,成语;综合;小升初高频,小学成语培优全书·教辅常见,idiom-l3-1252:meaning_choice,idiom:招摇撞骗,meaning_choice,idiom:招摇撞骗,招摇撞骗,meaning_choice,upper,"{""choices"": [""家庭毁了，人也没了"", ""仪表端正、很有气派"", ""小学教辅常见成语"", ""人工比自然还精巧""]}"
idiom,L3,,小学教辅常见成语（四字）,拾金不昧,成语;综合;小升初高频,小学成语培优全书·教辅常见,idiom-l3-1253,idiom:拾金不昧,recite,idiom:拾金不昧,拾金不昧,recite,all,
idiom,L3,,下面的写法对不对？,对,成语;综合;小升初高频,小学成语培优全书·教辅常见,idiom-l3-1253:char_judge,idiom:拾金不昧,char_judge,idiom:拾金不昧,拾金不昧,char_judge,lower,"{""display"": ""拾金不昧""}"
idiom,L3,,「拾金不昧」的意思是？,小学教辅常见成语,成语;综合;小升初高频,小学成语培优全书·教辅常见,idiom-l3-1253:meaning_choice,idiom:拾金不昧,meaning_choice,idiom:拾金不昧,拾金不昧,meaning_choice,upper,"{""choices"": [""小学教辅常见成语"", ""没有烦恼"", ""变化很多"", ""走路很神气、满不在乎""]}"
idiom,L3,,小学教辅常见成语（四字）,持之以恒,成语;综合;小升初高频,小学成语培优全书·教辅常见,idiom-l3-1254,idiom:持之以恒,recite,idiom:持之以恒,持之以恒,recite,all,
idiom,L3,,下面的写法对不对？,错,成语;综合;小升初高频,小学成语培优全书·教辅常见,idiom-l3-1254:char_judge,idiom:持之以恒,char_judge,idiom:持之以恒,持之以恒,char_judge,lower,"{""display"": ""甲之以恒""}"
idiom,L3,,「持之以恒」的意思是？,小学教辅常见成语,成语;综合;小升初高频,小学成语培优全书·教辅常见,idiom-l3-1254:meaning_choice,idiom:持之以恒,meaning_choice,idiom:持之以恒,持之以恒,meaning_choice,upper,"{""choices"": [""果实结得很多"", ""小学教辅常见成语"", ""色彩繁多"", ""主动认错、请求责罚""]}"
idiom,L3,,小学教辅常见成语（四字）,指手画脚,成语;综合;小升初高频,小学成语培优全书·教辅常见,idiom-l3-1255,idiom:指手画脚,recite,idiom:指手画脚,指手画脚,recite,all,
idiom,L3,,下面的写法对不对？,错,成语;综合;小升初高频,小学成语培优全书·教辅常见,idiom-l3-1255:char_judge,idiom:指手画脚,char_judge,idiom:指手画脚,指手画脚,char_judge,lower,"{""display"": ""指手画甲""}"
idiom,L3,,「指手画脚」的意思是？,小学教辅常见成语,成语;综合;小升初高频,小学成语培优全书·教辅常见,idiom-l3-1255:meaning_choice,idiom:指手画脚,meaning_choice,idiom:指手画脚,指手画脚,meaning_choice,upper,"{""choices"": [""自以为了不起的样子"", ""小学教辅常见成语"", ""气势很大、规模很大"", ""高兴得眉眼都舒展开""]}"
idiom,L3,,小学教辅常见成语（四字）,指桑骂槐,成语;综合;小升初高频,小学成语培优全书·教辅常见,idiom-l3-1256,idiom:指桑骂槐,recite,idiom:指桑骂槐,指桑骂槐,recite,all,
idiom,L3,,下面的写法对不对？,错,成语;综合;小升初高频,小学成语培优全书·教辅常见,idiom-l3-1256:char_judge,idiom:指桑骂槐,char_judge,idiom:指桑骂槐,指桑骂槐,char_judge,lower,"{""display"": ""指桑骂甲""}"
idiom,L3,,「指桑骂槐」的意思是？,小学教辅常见成语,成语;综合;小升初高频,小学成语培优全书·教辅常见,idiom-l3-1256:meaning_choice,idiom:指桑骂槐,meaning_choice,idiom:指桑骂槐,指桑骂槐,meaning_choice,upper,"{""choices"": [""一点儿也不马虎"", ""充满活力"", ""头发散乱"", ""小学教辅常见成语""]}"
idiom,L3,,小学教辅常见成语（四字）,按图索骥,成语;综合;小升初高频,小学成语培优全书·教辅常见,idiom-l3-1257,idiom:按图索骥,recite,idiom:按图索骥,按图索骥,recite,all,
idiom,L3,,下面的写法对不对？,错,成语;综合;小升初高频,小学成语培优全书·教辅常见,idiom-l3-1257:char_judge,idiom:按图索骥,char_judge,idiom:按图索骥,按图索骥,char_judge,lower,"{""display"": ""甲图索骥""}"
idiom,L3,,「按图索骥」的意思是？,小学教辅常见成语,成语;综合;小升初高频,小学成语培优全书·教辅常见,idiom-l3-1257:meaning_choice,idiom:按图索骥,meaning_choice,idiom:按图索骥,按图索骥,meaning_choice,upper,"{""choices"": [""小学教辅常见成语"", ""色彩繁多"", ""形象生动得像活的一样"", ""天空一片晴朗""]}"
idiom,L3,,小学教辅常见成语（四字）,按部就班,成语;综合;小升初高频,小学成语培优全书·教辅常见,idiom-l3-1258,idiom:按部就班,recite,idiom:按部就班,按部就班,recite,all,
idiom,L3,,下面的写法对不对？,对,成语;综合;小升初高频,小学成语培优全书·教辅常见,idiom-l3-1258:char_judge,idiom:按部就班,char_judge,idiom:按部就班,按部就班,char_judge,lower,"{""display"": ""按部就班""}"
idiom,L3,,「按部就班」的意思是？,小学教辅常见成语,成语;综合;小升初高频,小学成语培优全书·教辅常见,idiom-l3-1258:meaning_choice,idiom:按部就班,meaning_choice,idiom:按部就班,按部就班,meaning_choice,upper,"{""choices"": [""文雅有礼貌"", ""闪电打雷"", ""小学教辅常见成语"", ""一直坚持，不放弃""]}"
idiom,L3,,小学教辅常见成语（四字）,挑拨离间,成语;综合;小升初高频,小学成语培优全书·教辅常见,idiom-l3-1259,idiom:挑拨离间,recite,idiom:挑拨离间,挑拨离间,recite,all,
idiom,L3,,下面的写法对不对？,对,成语;综合;小升初高频,小学成语培优全书·教辅常见,idiom-l3-1259:char_judge,idiom:挑拨离间,char_judge,idiom:挑拨离间,挑拨离间,char_judge,lower,"{""display"": ""挑拨离间""}"
idiom,L3,,「挑拨离间」的意思是？,小学教辅常见成语,成语;综合;小升初高频,小学成语培优全书·教辅常见,idiom-l3-1259:meaning_choice,idiom:挑拨离间,meaning_choice,idiom:挑拨离间,挑拨离间,meaning_choice,upper,"{""choices"": [""描写秋天的成语"", ""描写秋天的成语"", ""描写秋天的成语"", ""小学教辅常见成语""]}"
idiom,L3,,小学教辅常见成语（四字）,挥金如土,成语;综合;小升初高频,小学成语培优全书·教辅常见,idiom-l3-1260,idiom:挥金如土,recite,idiom:挥金如土,挥金如土,recite,all,
idiom,L3,,下面的写法对不对？,错,成语;综合;小升初高频,小学成语培优全书·教辅常见,idiom-l3-1260:char_judge,idiom:挥金如土,char_judge,idiom:挥金如土,挥金如土,char_judge,lower,"{""display"": ""挥甲如土""}"
idiom,L3,,「挥金如土」的意思是？,小学教辅常见成语,成语;综合;小升初高频,小学成语培优全书·教辅常见,idiom-l3-1260:meaning_choice,idiom:挥金如土,meaning_choice,idiom:挥金如土,挥金如土,meaning_choice,upper,"{""choices"": [""描写场面的成语"", ""找出事物的根由"", ""弄错了对象或事实"", ""小学教辅常见成语""]}"
idiom,L3,,小学教辅常见成语（四字）,挥霍无度,成语;综合;小升初高频,小学成语培优全书·教辅常见,idiom-l3-1261,idiom:挥霍无度,recite,idiom:挥霍无度,挥霍无度,recite,all,
idiom,L3,,下面的写法对不对？,错,成语;综合;小升初高频,小学成语培优全书·教辅常见,idiom-l3-1261:char_judge,idiom:挥霍无度,char_judge,idiom:挥霍无度,挥霍无度,char_judge,lower,"{""display"": ""挥霍无甲""}"
idiom,L3,,「挥霍无度」的意思是？,小学教辅常见成语,成语;综合;小升初高频,小学成语培优全书·教辅常见,idiom-l3-1261:meaning_choice,idiom:挥霍无度,meaning_choice,idiom:挥霍无度,挥霍无度,meaning_choice,upper,"{""choices"": [""小学教辅常见成语"", ""心里急得像火烧"", ""吓得不知道该怎么办"", ""受过惊吓后非常害怕""]}"
idiom,L3,,小学教辅常见成语（四字）,振奋人心,成语;综合;小升初高频,小学成语培优全书·教辅常见,idiom-l3-1262,idiom:振奋人心,recite,idiom:振奋人心,振奋人心,recite,all,
idiom,L3,,下面的写法对不对？,错,成语;综合;小升初高频,小学成语培优全书·教辅常见,idiom-l3-1262:char_judge,idiom:振奋人心,char_judge,idiom:振奋人心,振奋人心,char_judge,lower,"{""display"": ""振奋入心""}"
idiom,L3,,「振奋人心」的意思是？,小学教辅常见成语,成语;综合;小升初高频,小学成语培优全书·教辅常见,idiom-l3-1262:meaning_choice,idiom:振奋人心,meaning_choice,idiom:振奋人心,振奋人心,meaning_choice,upper,"{""choices"": [""柳树绿、花儿红"", ""关键处一点就使整体生动"", ""小学教辅常见成语"", ""百姓生活在极端困苦中""]}"
idiom,L3,,小学教辅常见成语（四字）,挺身而出,成语;综合;小升初高频,小学成语培优全书·教辅常见,idiom-l3-1263,idiom:挺身而出,recite,idiom:挺身而出,挺身而出,recite,all,
idiom,L3,,下面的写法对不对？,对,成语;综合;小升初高频,小学成语培优全书·教辅常见,idiom-l3-1263:char_judge,idiom:挺身而出,char_judge,idiom:挺身而出,挺身而出,char_judge,lower,"{""display"": ""挺身而出""}"
idiom,L3,,「挺身而出」的意思是？,小学教辅常见成语,成语;综合;小升初高频,小学成语培优全书·教辅常见,idiom-l3-1263:meaning_choice,idiom:挺身而出,meaning_choice,idiom:挺身而出,挺身而出,meaning_choice,upper,"{""choices"": [""人长寿，收成好"", ""主动认错、请求责罚"", ""小学教辅常见成语"", ""天空蓝得像洗过一样""]}"
idiom,L3,,小学教辅常见成语（四字）,损人利己,成语;综合;小升初高频,小学成语培优全书·教辅常见,idiom-l3-1264,idiom:损人利己,recite,idiom:损人利己,损人利己,recite,all,
idiom,L3,,下面的写法对不对？,对,成语;综合;小升初高频,小学成语培优全书·教辅常见,idiom-l3-1264:char_judge,idiom:损人利己,char_judge,idiom:损人利己,损人利己,char_judge,lower,"{""display"": ""损人利己""}"
idiom,L3,,「损人利己」的意思是？,小学教辅常见成语,成语;综合;小升初高频,小学成语培优全书·教辅常见,idiom-l3-1264:meaning_choice,idiom:损人利己,meaning_choice,idiom:损人利己,损人利己,meaning_choice,upper,"{""choices"": [""小学教辅常见成语"", ""精神完全集中"", ""不慌不忙"", ""很得意、很有精神的样子""]}"
idiom,L3,,小学教辅常见成语（四字）,据理力争,成语;综合;小升初高频,小学成语培优全书·教辅常见,idiom-l3-1266,idiom:据理力争,recite,idiom:据理力争,据理力争,recite,all,
idiom,L3,,下面的写法对不对？,错,成语;综合;小升初高频,小学成语培优全书·教辅常见,idiom-l3-1266:char_judge,idiom:据理力争,char_judge,idiom:据理力争,据理力争,char_judge,lower,"{""display"": ""据理力甲""}"
idiom,L3,,「据理力争」的意思是？,小学教辅常见成语,成语;综合;小升初高频,小学成语培优全书·教辅常见,idiom-l3-1266:meaning_choice,idiom:据理力争,meaning_choice,idiom:据理力争,据理力争,meaning_choice,upper,"{""choices"": [""小学教辅常见成语"", ""死得有意义、有价值"", ""用萤火虫的光夜里读书"", ""得到帮助后更强""]}"
idiom,L3,,小学教辅常见成语（四字）,掉以轻心,成语;综合;小升初高频,小学成语培优全书·教辅常见,idiom-l3-1267,idiom:掉以轻心,recite,idiom:掉以轻心,掉以轻心,recite,all,
idiom,L3,,下面的写法对不对？,对,成语;综合;小升初高频,小学成语培优全书·教辅常见,idiom-l3-1267:char_judge,idiom:掉以轻心,char_judge,idiom:掉以轻心,掉以轻心,char_judge,lower,"{""display"": ""掉以轻心""}"
idiom,L3,,「掉以轻心」的意思是？,小学教辅常见成语,成语;综合;小升初高频,小学成语培优全书·教辅常见,idiom-l3-1267:meaning_choice,idiom:掉以轻心,meaning_choice,idiom:掉以轻心,掉以轻心,meaning_choice,upper,"{""choices"": [""在困难时给人帮助"", ""小学教辅常见成语"", ""本领极大，哪儿都能去"", ""形象生动得像活的一样""]}"
idiom,L3,,小学教辅常见成语（四字）,掌上明珠,成语;综合;小升初高频,小学成语培优全书·教辅常见,idiom-l3-1268,idiom:掌上明珠,recite,idiom:掌上明珠,掌上明珠,recite,all,
idiom,L3,,下面的写法对不对？,对,成语;综合;小升初高频,小学成语培优全书·教辅常见,idiom-l3-1268:char_judge,idiom:掌上明珠,char_judge,idiom:掌上明珠,掌上明珠,char_judge,lower,"{""display"": ""掌上明珠""}"
idiom,L3,,「掌上明珠」的意思是？,小学教辅常见成语,成语;综合;小升初高频,小学成语培优全书·教辅常见,idiom-l3-1268:meaning_choice,idiom:掌上明珠,meaning_choice,idiom:掌上明珠,掌上明珠,meaning_choice,upper,"{""choices"": [""天空高远，云很淡"", ""把东西完好无损地归还原主"", ""小学教辅常见成语"", ""出主意、想办法""]}"
idiom,L3,,小学教辅常见成语（四字）,掌声雷动,成语;综合;小升初高频,小学成语培优全书·教辅常见,idiom-l3-1269,idiom:掌声雷动,recite,idiom:掌声雷动,掌声雷动,recite,all,
idiom,L3,,下面的写法对不对？,错,成语;综合;小升初高频,小学成语培优全书·教辅常见,idiom-l3-1269:char_judge,idiom:掌声雷动,char_judge,idiom:掌声雷动,掌声雷动,char_judge,lower,"{""display"": ""掌声雷甲""}"
idiom,L3,,「掌声雷动」的意思是？,小学教辅常见成语,成语;综合;小升初高频,小学成语培优全书·教辅常见,idiom-l3-1269:meaning_choice,idiom:掌声雷动,meaning_choice,idiom:掌声雷动,掌声雷动,meaning_choice,upper,"{""choices"": [""刻苦学习，不敢打瞌睡"", ""说话直截了当，一下子说到要害"", ""小学教辅常见成语"", ""得到帮助后更强""]}"
idiom,L3,,小学教辅常见成语（四字）,接踵而来,成语;综合;小升初高频,小学成语培优全书·教辅常见,idiom-l3-1270,idiom:接踵而来,recite,idiom:接踵而来,接踵而来,recite,all,
idiom,L3,,下面的写法对不对？,错,成语;综合;小升初高频,小学成语培优全书·教辅常见,idiom-l3-1270:char_judge,idiom:接踵而来,char_judge,idiom:接踵而来,接踵而来,char_judge,lower,"{""display"": ""接踵而甲""}"
idiom,L3,,「接踵而来」的意思是？,小学教辅常见成语,成语;综合;小升初高频,小学成语培优全书·教辅常见,idiom-l3-1270:meaning_choice,idiom:接踵而来,meaning_choice,idiom:接踵而来,接踵而来,meaning_choice,upper,"{""choices"": [""小学教辅常见成语"", ""实在没有别的办法"", ""描写冬天的成语"", ""说话直截了当，一下子说到要害""]}"
idiom,L3,,小学教辅常见成语（四字）,推己及人,成语;综合;小升初高频,小学成语培优全书·教辅常见,idiom-l3-1271,idiom:推己及人,recite,idiom:推己及人,推己及人,recite,all,
idiom,L3,,下面的写法对不对？,对,成语;综合;小升初高频,小学成语培优全书·教辅常见,idiom-l3-1271:char_judge,idiom:推己及人,char_judge,idiom:推己及人,推己及人,char_judge,lower,"{""display"": ""推己及人""}"
idiom,L3,,「推己及人」的意思是？,小学教辅常见成语,成语;综合;小升初高频,小学成语培优全书·教辅常见,idiom-l3-1271:meaning_choice,idiom:推己及人,meaning_choice,idiom:推己及人,推己及人,meaning_choice,upper,"{""choices"": [""颜色很多"", ""小学教辅常见成语"", ""跃跃欲试、准备动手"", ""一眼望不到边""]}"
idiom,L3,,小学教辅常见成语（四字）,推心置腹,成语;综合;小升初高频,小学成语培优全书·教辅常见,idiom-l3-1272,idiom:推心置腹,recite,idiom:推心置腹,推心置腹,recite,all,
idiom,L3,,下面的写法对不对？,对,成语;综合;小升初高频,小学成语培优全书·教辅常见,idiom-l3-1272:char_judge,idiom:推心置腹,char_judge,idiom:推心置腹,推心置腹,char_judge,lower,"{""display"": ""推心置腹""}"
idiom,L3,,「推心置腹」的意思是？,小学教辅常见成语,成语;综合;小升初高频,小学成语培优全书·教辅常见,idiom-l3-1272:meaning_choice,idiom:推心置腹,meaning_choice,idiom:推心置腹,推心置腹,meaning_choice,upper,"{""choices"": [""小学教辅常见成语"", ""身体粉碎，也指不惜牺牲"", ""描摹得十分逼真"", ""政事顺利，百姓和睦""]}"
idiom,L3,,小学教辅常见成语（四字）,推陈出新,成语;综合;小升初高频,小学成语培优全书·教辅常见,idiom-l3-1273,idiom:推陈出新,recite,idiom:推陈出新,推陈出新,recite,all,
idiom,L3,,下面的写法对不对？,错,成语;综合;小升初高频,小学成语培优全书·教辅常见,idiom-l3-1273:char_judge,idiom:推陈出新,char_judge,idiom:推陈出新,推陈出新,char_judge,lower,"{""display"": ""推陈出甲""}"
idiom,L3,,「推陈出新」的意思是？,小学教辅常见成语,成语;综合;小升初高频,小学成语培优全书·教辅常见,idiom-l3-1273:meaning_choice,idiom:推陈出新,meaning_choice,idiom:推陈出新,推陈出新,meaning_choice,upper,"{""choices"": [""描写秋天的成语"", ""描写秋天的成语"", ""文章或动作很流畅"", ""小学教辅常见成语""]}"
idiom,L3,,小学教辅常见成语（四字）,措手不及,成语;综合;小升初高频,小学成语培优全书·教辅常见,idiom-l3-1274,idiom:措手不及,recite,idiom:措手不及,措手不及,recite,all,
idiom,L3,,下面的写法对不对？,错,成语;综合;小升初高频,小学成语培优全书·教辅常见,idiom-l3-1274:char_judge,idiom:措手不及,char_judge,idiom:措手不及,措手不及,char_judge,lower,"{""display"": ""甲手不及""}"
idiom,L3,,「措手不及」的意思是？,小学教辅常见成语,成语;综合;小升初高频,小学成语培优全书·教辅常见,idiom-l3-1274:meaning_choice,idiom:措手不及,meaning_choice,idiom:措手不及,措手不及,meaning_choice,upper,"{""choices"": [""知音难遇或乐曲高妙"", ""小学教辅常见成语"", ""没有尽头"", ""本领很大，像能驾着云雾飞""]}"
idiom,L3,,小学教辅常见成语（四字）,揭竿而起,成语;综合;小升初高频,小学成语培优全书·教辅常见,idiom-l3-1275,idiom:揭竿而起,recite,idiom:揭竿而起,揭竿而起,recite,all,
idiom,L3,,下面的写法对不对？,错,成语;综合;小升初高频,小学成语培优全书·教辅常见,idiom-l3-1275:char_judge,idiom:揭竿而起,char_judge,idiom:揭竿而起,揭竿而起,char_judge,lower,"{""display"": ""揭甲而起""}"
idiom,L3,,「揭竿而起」的意思是？,小学教辅常见成语,成语;综合;小升初高频,小学成语培优全书·教辅常见,idiom-l3-1275:meaning_choice,idiom:揭竿而起,meaning_choice,idiom:揭竿而起,揭竿而起,meaning_choice,upper,"{""choices"": [""小学教辅常见成语"", ""死得有意义、有价值"", ""到处都可以当作家"", ""自己控制不住感情""]}"
idiom,L3,,小学教辅常见成语（四字）,摇旗呐喊,成语;综合;小升初高频,小学成语培优全书·教辅常见,idiom-l3-1276,idiom:摇旗呐喊,recite,idiom:摇旗呐喊,摇旗呐喊,recite,all,
idiom,L3,,下面的写法对不对？,对,成语;综合;小升初高频,小学成语培优全书·教辅常见,idiom-l3-1276:char_judge,idiom:摇旗呐喊,char_judge,idiom:摇旗呐喊,摇旗呐喊,char_judge,lower,"{""display"": ""摇旗呐喊""}"
idiom,L3,,「摇旗呐喊」的意思是？,小学教辅常见成语,成语;综合;小升初高频,小学成语培优全书·教辅常见,idiom-l3-1276:meaning_choice,idiom:摇旗呐喊,meaning_choice,idiom:摇旗呐喊,摇旗呐喊,meaning_choice,upper,"{""choices"": [""冰和雪化了"", ""书法笔势奔放"", ""小学教辅常见成语"", ""本领特别大""]}"
idiom,L3,,小学教辅常见成语（四字）,操之过急,成语;综合;小升初高频,小学成语培优全书·教辅常见,idiom-l3-1278,idiom:操之过急,recite,idiom:操之过急,操之过急,recite,all,
idiom,L3,,下面的写法对不对？,对,成语;综合;小升初高频,小学成语培优全书·教辅常见,idiom-l3-1278:char_judge,idiom:操之过急,char_judge,idiom:操之过急,操之过急,char_judge,lower,"{""display"": ""操之过急""}"
idiom,L3,,「操之过急」的意思是？,小学教辅常见成语,成语;综合;小升初高频,小学成语培优全书·教辅常见,idiom-l3-1278:meaning_choice,idiom:操之过急,meaning_choice,idiom:操之过急,操之过急,meaning_choice,upper,"{""choices"": [""雪片又大又密"", ""乐音很久还在回响"", ""天空一片晴朗"", ""小学教辅常见成语""]}"
idiom,L3,,小学教辅常见成语（四字）,支离破碎,成语;综合;小升初高频,小学成语培优全书·教辅常见,idiom-l3-1279,idiom:支离破碎,recite,idiom:支离破碎,支离破碎,recite,all,
idiom,L3,,下面的写法对不对？,对,成语;综合;小升初高频,小学成语培优全书·教辅常见,idiom-l3-1279:char_judge,idiom:支离破碎,char_judge,idiom:支离破碎,支离破碎,char_judge,lower,"{""display"": ""支离破碎""}"
idiom,L3,,「支离破碎」的意思是？,小学教辅常见成语,成语;综合;小升初高频,小学成语培优全书·教辅常见,idiom-l3-1279:meaning_choice,idiom:支离破碎,meaning_choice,idiom:支离破碎,支离破碎,meaning_choice,upper,"{""choices"": [""小学教辅常见成语"", ""人长寿，收成好"", ""占据高处，向下俯视"", ""家庭毁了，人也没了""]}"
idiom,L3,,小学教辅常见成语（四字）,改过自新,成语;综合;小升初高频,小学成语培优全书·教辅常见,idiom-l3-1280,idiom:改过自新,recite,idiom:改过自新,改过自新,recite,all,
idiom,L3,,下面的写法对不对？,错,成语;综合;小升初高频,小学成语培优全书·教辅常见,idiom-l3-1280:char_judge,idiom:改过自新,char_judge,idiom:改过自新,改过自新,char_judge,lower,"{""display"": ""甲过自新""}"
idiom,L3,,「改过自新」的意思是？,小学教辅常见成语,成语;综合;小升初高频,小学成语培优全书·教辅常见,idiom-l3-1280:meaning_choice,idiom:改过自新,meaning_choice,idiom:改过自新,改过自新,meaning_choice,upper,"{""choices"": [""小学教辅常见成语"", ""危害集体的人"", ""好上加好"", ""模仿别人反而把自己的本事忘了""]}"
idiom,L3,,小学教辅常见成语（四字）,改邪归正,成语;综合;小升初高频,小学成语培优全书·教辅常见,idiom-l3-1281,idiom:改邪归正,recite,idiom:改邪归正,改邪归正,recite,all,
idiom,L3,,下面的写法对不对？,对,成语;综合;小升初高频,小学成语培优全书·教辅常见,idiom-l3-1281:char_judge,idiom:改邪归正,char_judge,idiom:改邪归正,改邪归正,char_judge,lower,"{""display"": ""改邪归正""}"
idiom,L3,,「改邪归正」的意思是？,小学教辅常见成语,成语;综合;小升初高频,小学成语培优全书·教辅常见,idiom-l3-1281:meaning_choice,idiom:改邪归正,meaning_choice,idiom:改邪归正,改邪归正,meaning_choice,upper,"{""choices"": [""雪片又大又密"", ""颜色很多"", ""什么植物都长不出来"", ""小学教辅常见成语""]}"
idiom,L3,,小学教辅常见成语（四字）,攻其不备,成语;综合;小升初高频,小学成语培优全书·教辅常见,idiom-l3-1282,idiom:攻其不备,recite,idiom:攻其不备,攻其不备,recite,all,
idiom,L3,,下面的写法对不对？,错,成语;综合;小升初高频,小学成语培优全书·教辅常见,idiom-l3-1282:char_judge,idiom:攻其不备,char_judge,idiom:攻其不备,攻其不备,char_judge,lower,"{""display"": ""攻其不甲""}"
idiom,L3,,「攻其不备」的意思是？,小学教辅常见成语,成语;综合;小升初高频,小学成语培优全书·教辅常见,idiom-l3-1282:meaning_choice,idiom:攻其不备,meaning_choice,idiom:攻其不备,攻其不备,meaning_choice,upper,"{""choices"": [""把东西完好无损地归还原主"", ""得意得忘了自己是谁"", ""小学教辅常见成语"", ""个子小但精明强干""]}"
idiom,L3,,小学教辅常见成语（四字）,攻无不克,成语;综合;小升初高频,小学成语培优全书·教辅常见,idiom-l3-1283,idiom:攻无不克,recite,idiom:攻无不克,攻无不克,recite,all,
idiom,L3,,下面的写法对不对？,对,成语;综合;小升初高频,小学成语培优全书·教辅常见,idiom-l3-1283:char_judge,idiom:攻无不克,char_judge,idiom:攻无不克,攻无不克,char_judge,lower,"{""display"": ""攻无不克""}"
idiom,L3,,「攻无不克」的意思是？,小学教辅常见成语,成语;综合;小升初高频,小学成语培优全书·教辅常见,idiom-l3-1283:meaning_choice,idiom:攻无不克,meaning_choice,idiom:攻无不克,攻无不克,meaning_choice,upper,"{""choices"": [""描写冬天的成语"", ""描写冬天的成语"", ""描写冬天的成语"", ""小学教辅常见成语""]}"
idiom,L3,,小学教辅常见成语（四字）,放荡不羁,成语;综合;小升初高频,小学成语培优全书·教辅常见,idiom-l3-1284,idiom:放荡不羁,recite,idiom:放荡不羁,放荡不羁,recite,all,
idiom,L3,,下面的写法对不对？,错,成语;综合;小升初高频,小学成语培优全书·教辅常见,idiom-l3-1284:char_judge,idiom:放荡不羁,char_judge,idiom:放荡不羁,放荡不羁,char_judge,lower,"{""display"": ""放甲不羁""}"
idiom,L3,,「放荡不羁」的意思是？,小学教辅常见成语,成语;综合;小升初高频,小学成语培优全书·教辅常见,idiom-l3-1284:meaning_choice,idiom:放荡不羁,meaning_choice,idiom:放荡不羁,放荡不羁,meaning_choice,upper,"{""choices"": [""小学教辅常见成语"", ""弄错了对象或事实"", ""没有精神"", ""走路很神气、满不在乎""]}"
idiom,L3,,小学教辅常见成语（四字）,故弄玄虚,成语;综合;小升初高频,小学成语培优全书·教辅常见,idiom-l3-1285,idiom:故弄玄虚,recite,idiom:故弄玄虚,故弄玄虚,recite,all,
idiom,L3,,下面的写法对不对？,对,成语;综合;小升初高频,小学成语培优全书·教辅常见,idiom-l3-1285:char_judge,idiom:故弄玄虚,char_judge,idiom:故弄玄虚,故弄玄虚,char_judge,lower,"{""display"": ""故弄玄虚""}"
idiom,L3,,「故弄玄虚」的意思是？,小学教辅常见成语,成语;综合;小升初高频,小学成语培优全书·教辅常见,idiom-l3-1285:meaning_choice,idiom:故弄玄虚,meaning_choice,idiom:故弄玄虚,故弄玄虚,meaning_choice,upper,"{""choices"": [""经历过很多艰苦"", ""小学教辅常见成语"", ""办法很多，本领很大"", ""头发散乱""]}"
idiom,L3,,小学教辅常见成语（四字）,故步自封,成语;综合;小升初高频,小学成语培优全书·教辅常见,idiom-l3-1286,idiom:故步自封,recite,idiom:故步自封,故步自封,recite,all,
idiom,L3,,下面的写法对不对？,错,成语;综合;小升初高频,小学成语培优全书·教辅常见,idiom-l3-1286:char_judge,idiom:故步自封,char_judge,idiom:故步自封,故步自封,char_judge,lower,"{""display"": ""故步自甲""}"
idiom,L3,,「故步自封」的意思是？,小学教辅常见成语,成语;综合;小升初高频,小学成语培优全书·教辅常见,idiom-l3-1286:meaning_choice,idiom:故步自封,meaning_choice,idiom:故步自封,故步自封,meaning_choice,upper,"{""choices"": [""精神完全集中"", ""天空一片晴朗"", ""小学教辅常见成语"", ""经历过很多艰苦""]}"
idiom,L3,,小学教辅常见成语（四字）,敬而远之,成语;综合;小升初高频,小学成语培优全书·教辅常见,idiom-l3-1287,idiom:敬而远之,recite,idiom:敬而远之,敬而远之,recite,all,
idiom,L3,,下面的写法对不对？,对,成语;综合;小升初高频,小学成语培优全书·教辅常见,idiom-l3-1287:char_judge,idiom:敬而远之,char_judge,idiom:敬而远之,敬而远之,char_judge,lower,"{""display"": ""敬而远之""}"
idiom,L3,,「敬而远之」的意思是？,小学教辅常见成语,成语;综合;小升初高频,小学成语培优全书·教辅常见,idiom-l3-1287:meaning_choice,idiom:敬而远之,meaning_choice,idiom:敬而远之,敬而远之,meaning_choice,upper,"{""choices"": [""为不必担心的事发愁"", ""费尽心思谋划（多含贬义）"", ""小学教辅常见成语"", ""轻快地唱、柔美地舞""]}"
idiom,L3,,小学教辅常见成语（四字）,数不胜数,成语;综合;小升初高频,小学成语培优全书·教辅常见,idiom-l3-1288,idiom:数不胜数,recite,idiom:数不胜数,数不胜数,recite,all,
idiom,L3,,下面的写法对不对？,对,成语;综合;小升初高频,小学成语培优全书·教辅常见,idiom-l3-1288:char_judge,idiom:数不胜数,char_judge,idiom:数不胜数,数不胜数,char_judge,lower,"{""display"": ""数不胜数""}"
idiom,L3,,「数不胜数」的意思是？,小学教辅常见成语,成语;综合;小升初高频,小学成语培优全书·教辅常见,idiom-l3-1288:meaning_choice,idiom:数不胜数,meaning_choice,idiom:数不胜数,数不胜数,meaning_choice,upper,"{""choices"": [""这边看看那边看看"", ""这边看看那边看看"", ""不由得产生敬意"", ""小学教辅常见成语""]}"
idiom,L3,,小学教辅常见成语（四字）,敲诈勒索,成语;综合;小升初高频,小学成语培优全书·教辅常见,idiom-l3-1289,idiom:敲诈勒索,recite,idiom:敲诈勒索,敲诈勒索,recite,all,
idiom,L3,,下面的写法对不对？,对,成语;综合;小升初高频,小学成语培优全书·教辅常见,idiom-l3-1289:char_judge,idiom:敲诈勒索,char_judge,idiom:敲诈勒索,敲诈勒索,char_judge,lower,"{""display"": ""敲诈勒索""}"
idiom,L3,,「敲诈勒索」的意思是？,小学教辅常见成语,成语;综合;小升初高频,小学成语培优全书·教辅常见,idiom-l3-1289:meaning_choice,idiom:敲诈勒索,meaning_choice,idiom:敲诈勒索,敲诈勒索,meaning_choice,upper,"{""choices"": [""小学教辅常见成语"", ""声音大得耳朵都要聋了"", ""本领特别大"", ""人非常多""]}"
idiom,L3,,小学教辅常见成语（四字）,敷衍了事,成语;综合;小升初高频,小学成语培优全书·教辅常见,idiom-l3-1290,idiom:敷衍了事,recite,idiom:敷衍了事,敷衍了事,recite,all,
idiom,L3,,下面的写法对不对？,错,成语;综合;小升初高频,小学成语培优全书·教辅常见,idiom-l3-1290:char_judge,idiom:敷衍了事,char_judge,idiom:敷衍了事,敷衍了事,char_judge,lower,"{""display"": ""敷衍了甲""}"
idiom,L3,,「敷衍了事」的意思是？,小学教辅常见成语,成语;综合;小升初高频,小学成语培优全书·教辅常见,idiom-l3-1290:meaning_choice,idiom:敷衍了事,meaning_choice,idiom:敷衍了事,敷衍了事,meaning_choice,upper,"{""choices"": [""出自历史故事的成语"", ""出自历史故事的成语"", ""出自历史故事的成语"", ""小学教辅常见成语""]}"
idiom,L3,,小学教辅常见成语（四字）,斗志昂扬,成语;综合;小升初高频,小学成语培优全书·教辅常见,idiom-l3-1291,idiom:斗志昂扬,recite,idiom:斗志昂扬,斗志昂扬,recite,all,
idiom,L3,,下面的写法对不对？,对,成语;综合;小升初高频,小学成语培优全书·教辅常见,idiom-l3-1291:char_judge,idiom:斗志昂扬,char_judge,idiom:斗志昂扬,斗志昂扬,char_judge,lower,"{""display"": ""斗志昂扬""}"
idiom,L3,,「斗志昂扬」的意思是？,小学教辅常见成语,成语;综合;小升初高频,小学成语培优全书·教辅常见,idiom-l3-1291:meaning_choice,idiom:斗志昂扬,meaning_choice,idiom:斗志昂扬,斗志昂扬,meaning_choice,upper,"{""choices"": [""小学教辅常见成语"", ""没想到的好事让人高兴"", ""舍不得离开"", ""天空一片晴朗""]}"
idiom,L3,,小学教辅常见成语（四字）,斩草除根,成语;综合;小升初高频,小学成语培优全书·教辅常见,idiom-l3-1292,idiom:斩草除根,recite,idiom:斩草除根,斩草除根,recite,all,
idiom,L3,,下面的写法对不对？,对,成语;综合;小升初高频,小学成语培优全书·教辅常见,idiom-l3-1292:char_judge,idiom:斩草除根,char_judge,idiom:斩草除根,斩草除根,char_judge,lower,"{""display"": ""斩草除根""}"
idiom,L3,,「斩草除根」的意思是？,小学教辅常见成语,成语;综合;小升初高频,小学成语培优全书·教辅常见,idiom-l3-1292:meaning_choice,idiom:斩草除根,meaning_choice,idiom:斩草除根,斩草除根,meaning_choice,upper,"{""choices"": [""小学教辅常见成语"", ""描写外貌的成语"", ""形容艺术水平的成语"", ""形容艺术水平的成语""]}"
idiom,L3,,小学教辅常见成语（四字）,新陈代谢,成语;综合;小升初高频,小学成语培优全书·教辅常见,idiom-l3-1294,idiom:新陈代谢,recite,idiom:新陈代谢,新陈代谢,recite,all,
idiom,L3,,下面的写法对不对？,错,成语;综合;小升初高频,小学成语培优全书·教辅常见,idiom-l3-1294:char_judge,idiom:新陈代谢,char_judge,idiom:新陈代谢,新陈代谢,char_judge,lower,"{""display"": ""甲陈代谢""}"
idiom,L3,,「新陈代谢」的意思是？,小学教辅常见成语,成语;综合;小升初高频,小学成语培优全书·教辅常见,idiom-l3-1294:meaning_choice,idiom:新陈代谢,meaning_choice,idiom:新陈代谢,新陈代谢,meaning_choice,upper,"{""choices"": [""小学教辅常见成语"", ""不想努力，只等现成的"", ""急于求成反而把事情弄坏"", ""智谋很多""]}"
idiom,L3,,小学教辅常见成语（四字）,方兴未艾,成语;综合;小升初高频,小学成语培优全书·教辅常见,idiom-l3-1295,idiom:方兴未艾,recite,idiom:方兴未艾,方兴未艾,recite,all,
idiom,L3,,下面的写法对不对？,对,成语;综合;小升初高频,小学成语培优全书·教辅常见,idiom-l3-1295:char_judge,idiom:方兴未艾,char_judge,idiom:方兴未艾,方兴未艾,char_judge,lower,"{""display"": ""方兴未艾""}"
idiom,L3,,「方兴未艾」的意思是？,小学教辅常见成语,成语;综合;小升初高频,小学成语培优全书·教辅常见,idiom-l3-1295:meaning_choice,idiom:方兴未艾,meaning_choice,idiom:方兴未艾,方兴未艾,meaning_choice,upper,"{""choices"": [""眼睛手都很快"", ""小学教辅常见成语"", ""在困难时给人帮助"", ""做事非常顺手""]}"
idiom,L3,,小学教辅常见成语（四字）,旁征博引,成语;综合;小升初高频,小学成语培优全书·教辅常见,idiom-l3-1296,idiom:旁征博引,recite,idiom:旁征博引,旁征博引,recite,all,
idiom,L3,,下面的写法对不对？,对,成语;综合;小升初高频,小学成语培优全书·教辅常见,idiom-l3-1296:char_judge,idiom:旁征博引,char_judge,idiom:旁征博引,旁征博引,char_judge,lower,"{""display"": ""旁征博引""}"
idiom,L3,,「旁征博引」的意思是？,小学教辅常见成语,成语;综合;小升初高频,小学成语培优全书·教辅常见,idiom-l3-1296:meaning_choice,idiom:旁征博引,meaning_choice,idiom:旁征博引,旁征博引,meaning_choice,upper,"{""choices"": [""靠近山、靠近水"", ""好上加好"", ""特别容易被人看见"", ""小学教辅常见成语""]}"
idiom,L3,,小学教辅常见成语（四字）,旁敲侧击,成语;综合;小升初高频,小学成语培优全书·教辅常见,idiom-l3-1297,idiom:旁敲侧击,recite,idiom:旁敲侧击,旁敲侧击,recite,all,
idiom,L3,,下面的写法对不对？,错,成语;综合;小升初高频,小学成语培优全书·教辅常见,idiom-l3-1297:char_judge,idiom:旁敲侧击,char_judge,idiom:旁敲侧击,旁敲侧击,char_judge,lower,"{""display"": ""旁敲侧甲""}"
idiom,L3,,「旁敲侧击」的意思是？,小学教辅常见成语,成语;综合;小升初高频,小学成语培优全书·教辅常见,idiom-l3-1297:meaning_choice,idiom:旁敲侧击,meaning_choice,idiom:旁敲侧击,旁敲侧击,meaning_choice,upper,"{""choices"": [""AABB 结构的成语"", ""AABB 结构的成语"", ""AABB 结构的成语"", ""小学教辅常见成语""]}"
idiom,L3,,小学教辅常见成语（四字）,旁若无人,成语;综合;小升初高频,小学成语培优全书·教辅常见,idiom-l3-1298,idiom:旁若无人,recite,idiom:旁若无人,旁若无人,recite,all,
idiom,L3,,下面的写法对不对？,错,成语;综合;小升初高频,小学成语培优全书·教辅常见,idiom-l3-1298:char_judge,idiom:旁若无人,char_judge,idiom:旁若无人,旁若无人,char_judge,lower,"{""display"": ""旁若天人""}"
idiom,L3,,「旁若无人」的意思是？,小学教辅常见成语,成语;综合;小升初高频,小学成语培优全书·教辅常见,idiom-l3-1298:meaning_choice,idiom:旁若无人,meaning_choice,idiom:旁若无人,旁若无人,meaning_choice,upper,"{""choices"": [""身材魁梧"", ""人民没法生活下去"", ""小学教辅常见成语"", ""能听见邻家鸡狗的叫声，形容住得近""]}"
idiom,L3,,小学教辅常见成语（四字）,旗开得胜,成语;综合;小升初高频,小学成语培优全书·教辅常见,idiom-l3-1299,idiom:旗开得胜,recite,idiom:旗开得胜,旗开得胜,recite,all,
idiom,L3,,下面的写法对不对？,对,成语;综合;小升初高频,小学成语培优全书·教辅常见,idiom-l3-1299:char_judge,idiom:旗开得胜,char_judge,idiom:旗开得胜,旗开得胜,char_judge,lower,"{""display"": ""旗开得胜""}"
idiom,L3,,「旗开得胜」的意思是？,小学教辅常见成语,成语;综合;小升初高频,小学成语培优全书·教辅常见,idiom-l3-1299:meaning_choice,idiom:旗开得胜,meaning_choice,idiom:旗开得胜,旗开得胜,meaning_choice,upper,"{""choices"": [""像烟云一样消失了"", ""拘束、心里不踏实"", ""说得很动听讨人喜欢"", ""小学教辅常见成语""]}"
idiom,L3,,小学教辅常见成语（四字）,旗鼓相当,成语;综合;小升初高频,小学成语培优全书·教辅常见,idiom-l3-1300,idiom:旗鼓相当,recite,idiom:旗鼓相当,旗鼓相当,recite,all,
idiom,L3,,下面的写法对不对？,对,成语;综合;小升初高频,小学成语培优全书·教辅常见,idiom-l3-1300:char_judge,idiom:旗鼓相当,char_judge,idiom:旗鼓相当,旗鼓相当,char_judge,lower,"{""display"": ""旗鼓相当""}"
idiom,L3,,「旗鼓相当」的意思是？,小学教辅常见成语,成语;综合;小升初高频,小学成语培优全书·教辅常见,idiom-l3-1300:meaning_choice,idiom:旗鼓相当,meaning_choice,idiom:旗鼓相当,旗鼓相当,meaning_choice,upper,"{""choices"": [""夜里不用关门，社会安定"", ""头发散乱"", ""气势使人敬畏"", ""小学教辅常见成语""]}"
idiom,L3,,小学教辅常见成语（四字）,无与伦比,成语;综合;小升初高频,小学成语培优全书·教辅常见,idiom-l3-1301,idiom:无与伦比,recite,idiom:无与伦比,无与伦比,recite,all,
idiom,L3,,下面的写法对不对？,对,成语;综合;小升初高频,小学成语培优全书·教辅常见,idiom-l3-1301:char_judge,idiom:无与伦比,char_judge,idiom:无与伦比,无与伦比,char_judge,lower,"{""display"": ""无与伦比""}"
idiom,L3,,「无与伦比」的意思是？,小学教辅常见成语,成语;综合;小升初高频,小学成语培优全书·教辅常见,idiom-l3-1301:meaning_choice,idiom:无与伦比,meaning_choice,idiom:无与伦比,无与伦比,meaning_choice,upper,"{""choices"": [""在困难时给人帮助"", ""小学教辅常见成语"", ""刚哭完又笑了"", ""没有烦恼""]}"
idiom,L3,,小学教辅常见成语（四字）,无事生非,成语;综合;小升初高频,小学成语培优全书·教辅常见,idiom-l3-1302,idiom:无事生非,recite,idiom:无事生非,无事生非,recite,all,
idiom,L3,,下面的写法对不对？,错,成语;综合;小升初高频,小学成语培优全书·教辅常见,idiom-l3-1302:char_judge,idiom:无事生非,char_judge,idiom:无事生非,无事生非,char_judge,lower,"{""display"": ""无事生甲""}"
idiom,L3,,「无事生非」的意思是？,小学教辅常见成语,成语;综合;小升初高频,小学成语培优全书·教辅常见,idiom-l3-1302:meaning_choice,idiom:无事生非,meaning_choice,idiom:无事生非,无事生非,meaning_choice,upper,"{""choices"": [""描写夏天的成语"", ""急于求成反而把事情弄坏"", ""事故很多的时期"", ""小学教辅常见成语""]}"
idiom,L3,,小学教辅常见成语（四字）,无价之宝,成语;综合;小升初高频,小学成语培优全书·教辅常见,idiom-l3-1303,idiom:无价之宝,recite,idiom:无价之宝,无价之宝,recite,all,
idiom,L3,,下面的写法对不对？,对,成语;综合;小升初高频,小学成语培优全书·教辅常见,idiom-l3-1303:char_judge,idiom:无价之宝,char_judge,idiom:无价之宝,无价之宝,char_judge,lower,"{""display"": ""无价之宝""}"
idiom,L3,,「无价之宝」的意思是？,小学教辅常见成语,成语;综合;小升初高频,小学成语培优全书·教辅常见,idiom-l3-1303:meaning_choice,idiom:无价之宝,meaning_choice,idiom:无价之宝,无价之宝,meaning_choice,upper,"{""choices"": [""夜里不用关门，社会安定"", ""描写景物的成语"", ""小学教辅常见成语"", ""百姓生活在极端困苦中""]}"
idiom,L3,,小学教辅常见成语（四字）,无关紧要,成语;综合;小升初高频,小学成语培优全书·教辅常见,idiom-l3-1304,idiom:无关紧要,recite,idiom:无关紧要,无关紧要,recite,all,
idiom,L3,,下面的写法对不对？,对,成语;综合;小升初高频,小学成语培优全书·教辅常见,idiom-l3-1304:char_judge,idiom:无关紧要,char_judge,idiom:无关紧要,无关紧要,char_judge,lower,"{""display"": ""无关紧要""}"
idiom,L3,,「无关紧要」的意思是？,小学教辅常见成语,成语;综合;小升初高频,小学成语培优全书·教辅常见,idiom-l3-1304:meaning_choice,idiom:无关紧要,meaning_choice,idiom:无关紧要,无关紧要,meaning_choice,upper,"{""choices"": [""小学教辅常见成语"", ""人非常多"", ""与学习有关的成语"", ""脸色温和愉快""]}"
idiom,L3,,小学教辅常见成语（四字）,无动于衷,成语;综合;小升初高频,小学成语培优全书·教辅常见,idiom-l3-1305,idiom:无动于衷,recite,idiom:无动于衷,无动于衷,recite,all,
idiom,L3,,下面的写法对不对？,对,成语;综合;小升初高频,小学成语培优全书·教辅常见,idiom-l3-1305:char_judge,idiom:无动于衷,char_judge,idiom:无动于衷,无动于衷,char_judge,lower,"{""display"": ""无动于衷""}"
idiom,L3,,「无动于衷」的意思是？,小学教辅常见成语,成语;综合;小升初高频,小学成语培优全书·教辅常见,idiom-l3-1305:meaning_choice,idiom:无动于衷,meaning_choice,idiom:无动于衷,无动于衷,meaning_choice,upper,"{""choices"": [""没有精神"", ""急于求成反而把事情弄坏"", ""小学教辅常见成语"", ""高兴得快要发狂""]}"
idiom,L3,,小学教辅常见成语（四字）,无可奈何,成语;综合;小升初高频,小学成语培优全书·教辅常见,idiom-l3-1306,idiom:无可奈何,recite,idiom:无可奈何,无可奈何,recite,all,
idiom,L3,,下面的写法对不对？,错,成语;综合;小升初高频,小学成语培优全书·教辅常见,idiom-l3-1306:char_judge,idiom:无可奈何,char_judge,idiom:无可奈何,无可奈何,char_judge,lower,"{""display"": ""无甲奈何""}"
idiom,L3,,「无可奈何」的意思是？,小学教辅常见成语,成语;综合;小升初高频,小学成语培优全书·教辅常见,idiom-l3-1306:meaning_choice,idiom:无可奈何,meaning_choice,idiom:无可奈何,无可奈何,meaning_choice,upper,"{""choices"": [""笑得直不起腰"", ""小学教辅常见成语"", ""自己骗自己"", ""着急或高兴得又抓耳朵又挠腮""]}"
idiom,L3,,小学教辅常见成语（四字）,无地自容,成语;综合;小升初高频,小学成语培优全书·教辅常见,idiom-l3-1307,idiom:无地自容,recite,idiom:无地自容,无地自容,recite,all,
idiom,L3,,下面的写法对不对？,对,成语;综合;小升初高频,小学成语培优全书·教辅常见,idiom-l3-1307:char_judge,idiom:无地自容,char_judge,idiom:无地自容,无地自容,char_judge,lower,"{""display"": ""无地自容""}"
idiom,L3,,「无地自容」的意思是？,小学教辅常见成语,成语;综合;小升初高频,小学成语培优全书·教辅常见,idiom-l3-1307:meaning_choice,idiom:无地自容,meaning_choice,idiom:无地自容,无地自容,meaning_choice,upper,"{""choices"": [""全部显露出来，什么也藏不住"", ""仪表端正、很有气派"", ""小学教辅常见成语"", ""眼睛手都很快""]}"
idiom,L3,,小学教辅常见成语（四字）,无坚不摧,成语;综合;小升初高频,小学成语培优全书·教辅常见,idiom-l3-1308,idiom:无坚不摧,recite,idiom:无坚不摧,无坚不摧,recite,all,
idiom,L3,,下面的写法对不对？,错,成语;综合;小升初高频,小学成语培优全书·教辅常见,idiom-l3-1308:char_judge,idiom:无坚不摧,char_judge,idiom:无坚不摧,无坚不摧,char_judge,lower,"{""display"": ""无甲不摧""}"
idiom,L3,,「无坚不摧」的意思是？,小学教辅常见成语,成语;综合;小升初高频,小学成语培优全书·教辅常见,idiom-l3-1308:meaning_choice,idiom:无坚不摧,meaning_choice,idiom:无坚不摧,无坚不摧,meaning_choice,upper,"{""choices"": [""小学教辅常见成语"", ""兴趣很浓"", ""到处是流离失所的灾民"", ""高兴得自己都受不住""]}"
idiom,L3,,小学教辅常见成语（四字）,无声无息,成语;综合;小升初高频,小学成语培优全书·教辅常见,idiom-l3-1309,idiom:无声无息,recite,idiom:无声无息,无声无息,recite,all,
idiom,L3,,下面的写法对不对？,错,成语;综合;小升初高频,小学成语培优全书·教辅常见,idiom-l3-1309:char_judge,idiom:无声无息,char_judge,idiom:无声无息,无声无息,char_judge,lower,"{""display"": ""天声无息""}"
idiom,L3,,「无声无息」的意思是？,小学教辅常见成语,成语;综合;小升初高频,小学成语培优全书·教辅常见,idiom-l3-1309:meaning_choice,idiom:无声无息,meaning_choice,idiom:无声无息,无声无息,meaning_choice,upper,"{""choices"": [""小学教辅常见成语"", ""很得意、很有精神的样子"", ""树林层层变色"", ""吃或听得非常有兴趣""]}"
idiom,L3,,小学教辅常见成语（四字）,无孔不入,成语;综合;小升初高频,小学成语培优全书·教辅常见,idiom-l3-1310,idiom:无孔不入,recite,idiom:无孔不入,无孔不入,recite,all,
idiom,L3,,下面的写法对不对？,错,成语;综合;小升初高频,小学成语培优全书·教辅常见,idiom-l3-1310:char_judge,idiom:无孔不入,char_judge,idiom:无孔不入,无孔不入,char_judge,lower,"{""display"": ""无甲不入""}"
idiom,L3,,「无孔不入」的意思是？,小学教辅常见成语,成语;综合;小升初高频,小学成语培优全书·教辅常见,idiom-l3-1310:meaning_choice,idiom:无孔不入,meaning_choice,idiom:无孔不入,无孔不入,meaning_choice,upper,"{""choices"": [""侥幸逃脱的人"", ""吓得或急得没了主意"", ""周围各个方向"", ""小学教辅常见成语""]}"
idiom,L3,,小学教辅常见成语（四字）,无微不至,成语;综合;小升初高频,小学成语培优全书·教辅常见,idiom-l3-1312,idiom:无微不至,recite,idiom:无微不至,无微不至,recite,all,
idiom,L3,,下面的写法对不对？,对,成语;综合;小升初高频,小学成语培优全书·教辅常见,idiom-l3-1312:char_judge,idiom:无微不至,char_judge,idiom:无微不至,无微不至,char_judge,lower,"{""display"": ""无微不至""}"
idiom,L3,,「无微不至」的意思是？,小学教辅常见成语,成语;综合;小升初高频,小学成语培优全书·教辅常见,idiom-l3-1312:meaning_choice,idiom:无微不至,meaning_choice,idiom:无微不至,无微不至,meaning_choice,upper,"{""choices"": [""小学教辅常见成语"", ""自己骗自己"", ""吓得或急得没了主意"", ""说得很动听讨人喜欢""]}"
idiom,L3,,小学教辅常见成语（四字）,无恶不作,成语;综合;小升初高频,小学成语培优全书·教辅常见,idiom-l3-1314,idiom:无恶不作,recite,idiom:无恶不作,无恶不作,recite,all,
idiom,L3,,下面的写法对不对？,对,成语;综合;小升初高频,小学成语培优全书·教辅常见,idiom-l3-1314:char_judge,idiom:无恶不作,char_judge,idiom:无恶不作,无恶不作,char_judge,lower,"{""display"": ""无恶不作""}"
idiom,L3,,「无恶不作」的意思是？,小学教辅常见成语,成语;综合;小升初高频,小学成语培优全书·教辅常见,idiom-l3-1314:meaning_choice,idiom:无恶不作,meaning_choice,idiom:无恶不作,无恶不作,meaning_choice,upper,"{""choices"": [""小学教辅常见成语"", ""描写品质的成语"", ""描写品质的成语"", ""描写品质的成语""]}"
idiom,L3,,小学教辅常见成语（四字）,无懈可击,成语;综合;小升初高频,小学成语培优全书·教辅常见,idiom-l3-1315,idiom:无懈可击,recite,idiom:无懈可击,无懈可击,recite,all,
idiom,L3,,下面的写法对不对？,错,成语;综合;小升初高频,小学成语培优全书·教辅常见,idiom-l3-1315:char_judge,idiom:无懈可击,char_judge,idiom:无懈可击,无懈可击,char_judge,lower,"{""display"": ""天懈可击""}"
idiom,L3,,「无懈可击」的意思是？,小学教辅常见成语,成语;综合;小升初高频,小学成语培优全书·教辅常见,idiom-l3-1315:meaning_choice,idiom:无懈可击,meaning_choice,idiom:无懈可击,无懈可击,meaning_choice,upper,"{""choices"": [""想尽办法读书"", ""小学教辅常见成语"", ""比谁更美丽出众"", ""刚哭完又笑了""]}"
idiom,L3,,小学教辅常见成语（四字）,无所不为,成语;综合;小升初高频,小学成语培优全书·教辅常见,idiom-l3-1316,idiom:无所不为,recite,idiom:无所不为,无所不为,recite,all,
idiom,L3,,下面的写法对不对？,错,成语;综合;小升初高频,小学成语培优全书·教辅常见,idiom-l3-1316:char_judge,idiom:无所不为,char_judge,idiom:无所不为,无所不为,char_judge,lower,"{""display"": ""无所步为""}"
idiom,L3,,「无所不为」的意思是？,小学教辅常见成语,成语;综合;小升初高频,小学成语培优全书·教辅常见,idiom-l3-1316:meaning_choice,idiom:无所不为,meaning_choice,idiom:无所不为,无所不为,meaning_choice,upper,"{""choices"": [""小学教辅常见成语"", ""万物重新生长"", ""生活在优裕的环境里"", ""称心如意、神气十足""]}"
idiom,L3,,小学教辅常见成语（四字）,无所作为,成语;综合;小升初高频,小学成语培优全书·教辅常见,idiom-l3-1317,idiom:无所作为,recite,idiom:无所作为,无所作为,recite,all,
idiom,L3,,下面的写法对不对？,对,成语;综合;小升初高频,小学成语培优全书·教辅常见,idiom-l3-1317:char_judge,idiom:无所作为,char_judge,idiom:无所作为,无所作为,char_judge,lower,"{""display"": ""无所作为""}"
idiom,L3,,「无所作为」的意思是？,小学教辅常见成语,成语;综合;小升初高频,小学成语培优全书·教辅常见,idiom-l3-1317:meaning_choice,idiom:无所作为,meaning_choice,idiom:无所作为,无所作为,meaning_choice,upper,"{""choices"": [""描写景物的成语"", ""描写景物的成语"", ""描写景物的成语"", ""小学教辅常见成语""]}"
idiom,L3,,小学教辅常见成语（四字）,无所适从,成语;综合;小升初高频,小学成语培优全书·教辅常见,idiom-l3-1318,idiom:无所适从,recite,idiom:无所适从,无所适从,recite,all,
idiom,L3,,下面的写法对不对？,错,成语;综合;小升初高频,小学成语培优全书·教辅常见,idiom-l3-1318:char_judge,idiom:无所适从,char_judge,idiom:无所适从,无所适从,char_judge,lower,"{""display"": ""无甲适从""}"
idiom,L3,,「无所适从」的意思是？,小学教辅常见成语,成语;综合;小升初高频,小学成语培优全书·教辅常见,idiom-l3-1318:meaning_choice,idiom:无所适从,meaning_choice,idiom:无所适从,无所适从,meaning_choice,upper,"{""choices"": [""小学教辅常见成语"", ""只剩下一口气，快不行了"", ""正宗高雅的音乐"", ""自然界最美的声音""]}"
idiom,L3,,小学教辅常见成语（四字）,无法无天,成语;综合;小升初高频,小学成语培优全书·教辅常见,idiom-l3-1319,idiom:无法无天,recite,idiom:无法无天,无法无天,recite,all,
idiom,L3,,下面的写法对不对？,对,成语;综合;小升初高频,小学成语培优全书·教辅常见,idiom-l3-1319:char_judge,idiom:无法无天,char_judge,idiom:无法无天,无法无天,char_judge,lower,"{""display"": ""无法无天""}"
idiom,L3,,「无法无天」的意思是？,小学教辅常见成语,成语;综合;小升初高频,小学成语培优全书·教辅常见,idiom-l3-1319:meaning_choice,idiom:无法无天,meaning_choice,idiom:无法无天,无法无天,meaning_choice,upper,"{""choices"": [""靠近山、靠近水"", ""小学教辅常见成语"", ""一直不停地流"", ""得意得忘了自己是谁""]}"
idiom,L3,,小学教辅常见成语（四字）,无济于事,成语;综合;小升初高频,小学成语培优全书·教辅常见,idiom-l3-1320,idiom:无济于事,recite,idiom:无济于事,无济于事,recite,all,
idiom,L3,,下面的写法对不对？,对,成语;综合;小升初高频,小学成语培优全书·教辅常见,idiom-l3-1320:char_judge,idiom:无济于事,char_judge,idiom:无济于事,无济于事,char_judge,lower,"{""display"": ""无济于事""}"
idiom,L3,,「无济于事」的意思是？,小学教辅常见成语,成语;综合;小升初高频,小学成语培优全书·教辅常见,idiom-l3-1320:meaning_choice,idiom:无济于事,meaning_choice,idiom:无济于事,无济于事,meaning_choice,upper,"{""choices"": [""在风里飘动"", ""树林层层翠绿"", ""小学教辅常见成语"", ""没有风浪，也指局势安定""]}"
idiom,L3,,小学教辅常见成语（四字）,无理取闹,成语;综合;小升初高频,小学成语培优全书·教辅常见,idiom-l3-1321,idiom:无理取闹,recite,idiom:无理取闹,无理取闹,recite,all,
idiom,L3,,下面的写法对不对？,错,成语;综合;小升初高频,小学成语培优全书·教辅常见,idiom-l3-1321:char_judge,idiom:无理取闹,char_judge,idiom:无理取闹,无理取闹,char_judge,lower,"{""display"": ""天理取闹""}"
idiom,L3,,「无理取闹」的意思是？,小学教辅常见成语,成语;综合;小升初高频,小学成语培优全书·教辅常见,idiom-l3-1321:meaning_choice,idiom:无理取闹,meaning_choice,idiom:无理取闹,无理取闹,meaning_choice,upper,"{""choices"": [""精神完全集中"", ""头发白了，脸色却像小孩一样红润"", ""小学教辅常见成语"", ""不想努力，只等现成的""]}"
idiom,L3,,小学教辅常见成语（四字）,无稽之谈,成语;综合;小升初高频,小学成语培优全书·教辅常见,idiom-l3-1322,idiom:无稽之谈,recite,idiom:无稽之谈,无稽之谈,recite,all,
idiom,L3,,下面的写法对不对？,对,成语;综合;小升初高频,小学成语培优全书·教辅常见,idiom-l3-1322:char_judge,idiom:无稽之谈,char_judge,idiom:无稽之谈,无稽之谈,char_judge,lower,"{""display"": ""无稽之谈""}"
idiom,L3,,「无稽之谈」的意思是？,小学教辅常见成语,成语;综合;小升初高频,小学成语培优全书·教辅常见,idiom-l3-1322:meaning_choice,idiom:无稽之谈,meaning_choice,idiom:无稽之谈,无稽之谈,meaning_choice,upper,"{""choices"": [""国家太平，人民安乐"", ""完全不一样"", ""小学教辅常见成语"", ""蔺相如在渑池会上维护赵国尊严""]}"
idiom,L3,,小学教辅常见成语（四字）,无精打采,成语;综合;小升初高频,小学成语培优全书·教辅常见,idiom-l3-1324,idiom:无精打采,recite,idiom:无精打采,无精打采,recite,all,
idiom,L3,,下面的写法对不对？,对,成语;综合;小升初高频,小学成语培优全书·教辅常见,idiom-l3-1324:char_judge,idiom:无精打采,char_judge,idiom:无精打采,无精打采,char_judge,lower,"{""display"": ""无精打采""}"
idiom,L3,,「无精打采」的意思是？,小学教辅常见成语,成语;综合;小升初高频,小学成语培优全书·教辅常见,idiom-l3-1324:meaning_choice,idiom:无精打采,meaning_choice,idiom:无精打采,无精打采,meaning_choice,upper,"{""choices"": [""气势像高山大河一样雄伟"", ""死得有意义、有价值"", ""小学教辅常见成语"", ""乐音很久还在回响""]}"
idiom,L3,,小学教辅常见成语（四字）,无缘无故,成语;综合;小升初高频,小学成语培优全书·教辅常见,idiom-l3-1325,idiom:无缘无故,recite,idiom:无缘无故,无缘无故,recite,all,
idiom,L3,,下面的写法对不对？,对,成语;综合;小升初高频,小学成语培优全书·教辅常见,idiom-l3-1325:char_judge,idiom:无缘无故,char_judge,idiom:无缘无故,无缘无故,char_judge,lower,"{""display"": ""无缘无故""}"
idiom,L3,,「无缘无故」的意思是？,小学教辅常见成语,成语;综合;小升初高频,小学成语培优全书·教辅常见,idiom-l3-1325:meaning_choice,idiom:无缘无故,meaning_choice,idiom:无缘无故,无缘无故,meaning_choice,upper,"{""choices"": [""小学教辅常见成语"", ""大声地笑"", ""什么都伤害不了"", ""形象生动得像活的一样""]}"
idiom,L3,,小学教辅常见成语（四字）,无能无力,成语;综合;小升初高频,小学成语培优全书·教辅常见,idiom-l3-1326,idiom:无能无力,recite,idiom:无能无力,无能无力,recite,all,
idiom,L3,,下面的写法对不对？,错,成语;综合;小升初高频,小学成语培优全书·教辅常见,idiom-l3-1326:char_judge,idiom:无能无力,char_judge,idiom:无能无力,无能无力,char_judge,lower,"{""display"": ""无能天力""}"
idiom,L3,,「无能无力」的意思是？,小学教辅常见成语,成语;综合;小升初高频,小学成语培优全书·教辅常见,idiom-l3-1326:meaning_choice,idiom:无能无力,meaning_choice,idiom:无能无力,无能无力,meaning_choice,upper,"{""choices"": [""急于求成反而把事情弄坏"", ""好上加好"", ""本领特别大"", ""小学教辅常见成语""]}"
idiom,L3,,小学教辅常见成语（四字）,无论如何,成语;综合;小升初高频,小学成语培优全书·教辅常见,idiom-l3-1327,idiom:无论如何,recite,idiom:无论如何,无论如何,recite,all,
idiom,L3,,下面的写法对不对？,错,成语;综合;小升初高频,小学成语培优全书·教辅常见,idiom-l3-1327:char_judge,idiom:无论如何,char_judge,idiom:无论如何,无论如何,char_judge,lower,"{""display"": ""无论如甲""}"
idiom,L3,,「无论如何」的意思是？,小学教辅常见成语,成语;综合;小升初高频,小学成语培优全书·教辅常见,idiom-l3-1327:meaning_choice,idiom:无论如何,meaning_choice,idiom:无论如何,无论如何,meaning_choice,upper,"{""choices"": [""气魄很大的话"", ""颜色又多又好看"", ""小学教辅常见成语"", ""五官清秀好看""]}"
idiom,L3,,小学教辅常见成语（四字）,既往不咎,成语;综合;小升初高频,小学成语培优全书·教辅常见,idiom-l3-1329,idiom:既往不咎,recite,idiom:既往不咎,既往不咎,recite,all,
idiom,L3,,下面的写法对不对？,错,成语;综合;小升初高频,小学成语培优全书·教辅常见,idiom-l3-1329:char_judge,idiom:既往不咎,char_judge,idiom:既往不咎,既往不咎,char_judge,lower,"{""display"": ""既往步咎""}"
idiom,L3,,「既往不咎」的意思是？,小学教辅常见成语,成语;综合;小升初高频,小学成语培优全书·教辅常见,idiom-l3-1329:meaning_choice,idiom:既往不咎,meaning_choice,idiom:既往不咎,既往不咎,meaning_choice,upper,"{""choices"": [""小学教辅常见成语"", ""侥幸逃脱的人"", ""凶狠或得意地挥舞"", ""急于求成反而把事情弄坏""]}"
idiom,L3,,小学教辅常见成语（四字）,日久天长,成语;综合;小升初高频,小学成语培优全书·教辅常见,idiom-l3-1330,idiom:日久天长,recite,idiom:日久天长,日久天长,recite,all,
idiom,L3,,下面的写法对不对？,对,成语;综合;小升初高频,小学成语培优全书·教辅常见,idiom-l3-1330:char_judge,idiom:日久天长,char_judge,idiom:日久天长,日久天长,char_judge,lower,"{""display"": ""日久天长""}"
idiom,L3,,「日久天长」的意思是？,小学教辅常见成语,成语;综合;小升初高频,小学成语培优全书·教辅常见,idiom-l3-1330:meaning_choice,idiom:日久天长,meaning_choice,idiom:日久天长,日久天长,meaning_choice,upper,"{""choices"": [""小学教辅常见成语"", ""本领比别人高一截"", ""在风里飘动"", ""描摹得十分逼真""]}"
idiom,L3,,小学教辅常见成语（四字）,日夜兼程,成语;综合;小升初高频,小学成语培优全书·教辅常见,idiom-l3-1331,idiom:日夜兼程,recite,idiom:日夜兼程,日夜兼程,recite,all,
idiom,L3,,下面的写法对不对？,错,成语;综合;小升初高频,小学成语培优全书·教辅常见,idiom-l3-1331:char_judge,idiom:日夜兼程,char_judge,idiom:日夜兼程,日夜兼程,char_judge,lower,"{""display"": ""日夜兼甲""}"
idiom,L3,,「日夜兼程」的意思是？,小学教辅常见成语,成语;综合;小升初高频,小学成语培优全书·教辅常见,idiom-l3-1331:meaning_choice,idiom:日夜兼程,meaning_choice,idiom:日夜兼程,日夜兼程,meaning_choice,upper,"{""choices"": [""做事非常顺手"", ""累得一点力气也没有"", ""秋天天气清爽"", ""小学教辅常见成语""]}"
idiom,L3,,小学教辅常见成语（四字）,日暮途穷,成语;综合;小升初高频,小学成语培优全书·教辅常见,idiom-l3-1332,idiom:日暮途穷,recite,idiom:日暮途穷,日暮途穷,recite,all,
idiom,L3,,下面的写法对不对？,对,成语;综合;小升初高频,小学成语培优全书·教辅常见,idiom-l3-1332:char_judge,idiom:日暮途穷,char_judge,idiom:日暮途穷,日暮途穷,char_judge,lower,"{""display"": ""日暮途穷""}"
idiom,L3,,「日暮途穷」的意思是？,小学教辅常见成语,成语;综合;小升初高频,小学成语培优全书·教辅常见,idiom-l3-1332:meaning_choice,idiom:日暮途穷,meaning_choice,idiom:日暮途穷,日暮途穷,meaning_choice,upper,"{""choices"": [""万物重新生长"", ""小学教辅常见成语"", ""没有烦恼"", ""天地非常广阔""]}"
idiom,L3,,小学教辅常见成语（四字）,旭日东升,成语;综合;小升初高频,小学成语培优全书·教辅常见,idiom-l3-1333,idiom:旭日东升,recite,idiom:旭日东升,旭日东升,recite,all,
idiom,L3,,下面的写法对不对？,错,成语;综合;小升初高频,小学成语培优全书·教辅常见,idiom-l3-1333:char_judge,idiom:旭日东升,char_judge,idiom:旭日东升,旭日东升,char_judge,lower,"{""display"": ""旭甲东升""}"
idiom,L3,,「旭日东升」的意思是？,小学教辅常见成语,成语;综合;小升初高频,小学成语培优全书·教辅常见,idiom-l3-1333:meaning_choice,idiom:旭日东升,meaning_choice,idiom:旭日东升,旭日东升,meaning_choice,upper,"{""choices"": [""文章或动作很流畅"", ""不说话"", ""抬起头、挺起胸，很有精神"", ""小学教辅常见成语""]}"
idiom,L3,,小学教辅常见成语（四字）,时隐时现,成语;综合;小升初高频,小学成语培优全书·教辅常见,idiom-l3-1334,idiom:时隐时现,recite,idiom:时隐时现,时隐时现,recite,all,
idiom,L3,,下面的写法对不对？,对,成语;综合;小升初高频,小学成语培优全书·教辅常见,idiom-l3-1334:char_judge,idiom:时隐时现,char_judge,idiom:时隐时现,时隐时现,char_judge,lower,"{""display"": ""时隐时现""}"
idiom,L3,,「时隐时现」的意思是？,小学教辅常见成语,成语;综合;小升初高频,小学成语培优全书·教辅常见,idiom-l3-1334:meaning_choice,idiom:时隐时现,meaning_choice,idiom:时隐时现,时隐时现,meaning_choice,upper,"{""choices"": [""只要肯下功夫就能成功"", ""什么植物都长不出来"", ""小学教辅常见成语"", ""用萤火虫的光夜里读书""]}"
idiom,L3,,小学教辅常见成语（四字）,明争暗斗,成语;综合;小升初高频,小学成语培优全书·教辅常见,idiom-l3-1335,idiom:明争暗斗,recite,idiom:明争暗斗,明争暗斗,recite,all,
idiom,L3,,下面的写法对不对？,错,成语;综合;小升初高频,小学成语培优全书·教辅常见,idiom-l3-1335:char_judge,idiom:明争暗斗,char_judge,idiom:明争暗斗,明争暗斗,char_judge,lower,"{""display"": ""甲争暗斗""}"
idiom,L3,,「明争暗斗」的意思是？,小学教辅常见成语,成语;综合;小升初高频,小学成语培优全书·教辅常见,idiom-l3-1335:meaning_choice,idiom:明争暗斗,meaning_choice,idiom:明争暗斗,明争暗斗,meaning_choice,upper,"{""choices"": [""想出和别人不一样的办法"", ""小学教辅常见成语"", ""人声嘈杂得像开了锅"", ""没有风浪，也指局势安定""]}"
idiom,L3,,小学教辅常见成语（四字）,明升暗降,成语;综合;小升初高频,小学成语培优全书·教辅常见,idiom-l3-1336,idiom:明升暗降,recite,idiom:明升暗降,明升暗降,recite,all,
idiom,L3,,下面的写法对不对？,错,成语;综合;小升初高频,小学成语培优全书·教辅常见,idiom-l3-1336:char_judge,idiom:明升暗降,char_judge,idiom:明升暗降,明升暗降,char_judge,lower,"{""display"": ""明升暗甲""}"
idiom,L3,,「明升暗降」的意思是？,小学教辅常见成语,成语;综合;小升初高频,小学成语培优全书·教辅常见,idiom-l3-1336:meaning_choice,idiom:明升暗降,meaning_choice,idiom:明升暗降,明升暗降,meaning_choice,upper,"{""choices"": [""小学教辅常见成语"", ""树林层层变色"", ""没有尽头"", ""颜色很多""]}"
idiom,L3,,小学教辅常见成语（四字）,明枪暗箭,成语;综合;小升初高频,小学成语培优全书·教辅常见,idiom-l3-1337,idiom:明枪暗箭,recite,idiom:明枪暗箭,明枪暗箭,recite,all,
idiom,L3,,下面的写法对不对？,对,成语;综合;小升初高频,小学成语培优全书·教辅常见,idiom-l3-1337:char_judge,idiom:明枪暗箭,char_judge,idiom:明枪暗箭,明枪暗箭,char_judge,lower,"{""display"": ""明枪暗箭""}"
idiom,L3,,「明枪暗箭」的意思是？,小学教辅常见成语,成语;综合;小升初高频,小学成语培优全书·教辅常见,idiom-l3-1337:meaning_choice,idiom:明枪暗箭,meaning_choice,idiom:明枪暗箭,明枪暗箭,meaning_choice,upper,"{""choices"": [""实在没有别的办法"", ""形容艺术水平的成语"", ""形容艺术水平的成语"", ""小学教辅常见成语""]}"
idiom,L3,,小学教辅常见成语（四字）,易如反掌,成语;综合;小升初高频,小学成语培优全书·教辅常见,idiom-l3-1338,idiom:易如反掌,recite,idiom:易如反掌,易如反掌,recite,all,
idiom,L3,,下面的写法对不对？,对,成语;综合;小升初高频,小学成语培优全书·教辅常见,idiom-l3-1338:char_judge,idiom:易如反掌,char_judge,idiom:易如反掌,易如反掌,char_judge,lower,"{""display"": ""易如反掌""}"
idiom,L3,,「易如反掌」的意思是？,小学教辅常见成语,成语;综合;小升初高频,小学成语培优全书·教辅常见,idiom-l3-1338:meaning_choice,idiom:易如反掌,meaning_choice,idiom:易如反掌,易如反掌,meaning_choice,upper,"{""choices"": [""到处是流离失所的灾民"", ""小学教辅常见成语"", ""本领很大，像能驾着云雾飞"", ""非常安静""]}"
idiom,L3,,小学教辅常见成语（四字）,昭然若揭,成语;综合;小升初高频,小学成语培优全书·教辅常见,idiom-l3-1339,idiom:昭然若揭,recite,idiom:昭然若揭,昭然若揭,recite,all,
idiom,L3,,下面的写法对不对？,对,成语;综合;小升初高频,小学成语培优全书·教辅常见,idiom-l3-1339:char_judge,idiom:昭然若揭,char_judge,idiom:昭然若揭,昭然若揭,char_judge,lower,"{""display"": ""昭然若揭""}"
idiom,L3,,「昭然若揭」的意思是？,小学教辅常见成语,成语;综合;小升初高频,小学成语培优全书·教辅常见,idiom-l3-1339:meaning_choice,idiom:昭然若揭,meaning_choice,idiom:昭然若揭,昭然若揭,meaning_choice,upper,"{""choices"": [""眼睛明亮、牙齿洁白"", ""含有动物的成语"", ""含有动物的成语"", ""小学教辅常见成语""]}"
idiom,L3,,小学教辅常见成语（四字）,是非分明,成语;综合;小升初高频,小学成语培优全书·教辅常见,idiom-l3-1340,idiom:是非分明,recite,idiom:是非分明,是非分明,recite,all,
idiom,L3,,下面的写法对不对？,错,成语;综合;小升初高频,小学成语培优全书·教辅常见,idiom-l3-1340:char_judge,idiom:是非分明,char_judge,idiom:是非分明,是非分明,char_judge,lower,"{""display"": ""甲非分明""}"
idiom,L3,,「是非分明」的意思是？,小学教辅常见成语,成语;综合;小升初高频,小学成语培优全书·教辅常见,idiom-l3-1340:meaning_choice,idiom:是非分明,meaning_choice,idiom:是非分明,是非分明,meaning_choice,upper,"{""choices"": [""有些信、有些不信"", ""很少说话"", ""没有尽头"", ""小学教辅常见成语""]}"
idiom,L3,,小学教辅常见成语（四字）,显而易见,成语;综合;小升初高频,小学成语培优全书·教辅常见,idiom-l3-1341,idiom:显而易见,recite,idiom:显而易见,显而易见,recite,all,
idiom,L3,,下面的写法对不对？,错,成语;综合;小升初高频,小学成语培优全书·教辅常见,idiom-l3-1341:char_judge,idiom:显而易见,char_judge,idiom:显而易见,显而易见,char_judge,lower,"{""display"": ""显甲易见""}"
idiom,L3,,「显而易见」的意思是？,小学教辅常见成语,成语;综合;小升初高频,小学成语培优全书·教辅常见,idiom-l3-1341:meaning_choice,idiom:显而易见,meaning_choice,idiom:显而易见,显而易见,meaning_choice,upper,"{""choices"": [""全部显露出来，什么也藏不住"", ""特别容易被人看见"", ""吃或听得非常有兴趣"", ""小学教辅常见成语""]}"
idiom,L3,,小学教辅常见成语（四字）,晚霞满天,成语;综合;小升初高频,小学成语培优全书·教辅常见,idiom-l3-1342,idiom:晚霞满天,recite,idiom:晚霞满天,晚霞满天,recite,all,
idiom,L3,,下面的写法对不对？,错,成语;综合;小升初高频,小学成语培优全书·教辅常见,idiom-l3-1342:char_judge,idiom:晚霞满天,char_judge,idiom:晚霞满天,晚霞满天,char_judge,lower,"{""display"": ""甲霞满天""}"
idiom,L3,,「晚霞满天」的意思是？,小学教辅常见成语,成语;综合;小升初高频,小学成语培优全书·教辅常见,idiom-l3-1342:meaning_choice,idiom:晚霞满天,meaning_choice,idiom:晚霞满天,晚霞满天,meaning_choice,upper,"{""choices"": [""把东西完好无损地归还原主"", ""费尽心思"", ""不清楚、弄不明白"", ""小学教辅常见成语""]}"
idiom,L3,,小学教辅常见成语（四字）,晴天霹雳,成语;综合;小升初高频,小学成语培优全书·教辅常见,idiom-l3-1343,idiom:晴天霹雳,recite,idiom:晴天霹雳,晴天霹雳,recite,all,
idiom,L3,,下面的写法对不对？,错,成语;综合;小升初高频,小学成语培优全书·教辅常见,idiom-l3-1343:char_judge,idiom:晴天霹雳,char_judge,idiom:晴天霹雳,晴天霹雳,char_judge,lower,"{""display"": ""晴天甲雳""}"
idiom,L3,,「晴天霹雳」的意思是？,小学教辅常见成语,成语;综合;小升初高频,小学成语培优全书·教辅常见,idiom-l3-1343:meaning_choice,idiom:晴天霹雳,meaning_choice,idiom:晴天霹雳,晴天霹雳,meaning_choice,upper,"{""choices"": [""小学教辅常见成语"", ""受过惊吓后非常害怕"", ""色彩又多又好看"", ""一会儿看得见一会儿看不见""]}"
idiom,L3,,小学教辅常见成语（四字）,暗箭伤人,成语;综合;小升初高频,小学成语培优全书·教辅常见,idiom-l3-1344,idiom:暗箭伤人,recite,idiom:暗箭伤人,暗箭伤人,recite,all,
idiom,L3,,下面的写法对不对？,错,成语;综合;小升初高频,小学成语培优全书·教辅常见,idiom-l3-1344:char_judge,idiom:暗箭伤人,char_judge,idiom:暗箭伤人,暗箭伤人,char_judge,lower,"{""display"": ""暗甲伤人""}"
idiom,L3,,「暗箭伤人」的意思是？,小学教辅常见成语,成语;综合;小升初高频,小学成语培优全书·教辅常见,idiom-l3-1344:meaning_choice,idiom:暗箭伤人,meaning_choice,idiom:暗箭伤人,暗箭伤人,meaning_choice,upper,"{""choices"": [""夜里不用关门，社会安定"", ""声音大得耳朵都要聋了"", ""小学教辅常见成语"", ""有很多话要说""]}"
idiom,L3,,小学教辅常见成语（四字）,暴跳如雷,成语;综合;小升初高频,小学成语培优全书·教辅常见,idiom-l3-1345,idiom:暴跳如雷,recite,idiom:暴跳如雷,暴跳如雷,recite,all,
idiom,L3,,下面的写法对不对？,错,成语;综合;小升初高频,小学成语培优全书·教辅常见,idiom-l3-1345:char_judge,idiom:暴跳如雷,char_judge,idiom:暴跳如雷,暴跳如雷,char_judge,lower,"{""display"": ""暴甲如雷""}"
idiom,L3,,「暴跳如雷」的意思是？,小学教辅常见成语,成语;综合;小升初高频,小学成语培优全书·教辅常见,idiom-l3-1345:meaning_choice,idiom:暴跳如雷,meaning_choice,idiom:暴跳如雷,暴跳如雷,meaning_choice,upper,"{""choices"": [""小学教辅常见成语"", ""一直不停地流"", ""样子慈善和气"", ""称心如意、神气十足""]}"
idiom,L3,,小学教辅常见成语（四字）,曾几何时,成语;综合;小升初高频,小学成语培优全书·教辅常见,idiom-l3-1346,idiom:曾几何时,recite,idiom:曾几何时,曾几何时,recite,all,
idiom,L3,,下面的写法对不对？,错,成语;综合;小升初高频,小学成语培优全书·教辅常见,idiom-l3-1346:char_judge,idiom:曾几何时,char_judge,idiom:曾几何时,曾几何时,char_judge,lower,"{""display"": ""甲几何时""}"
idiom,L3,,「曾几何时」的意思是？,小学教辅常见成语,成语;综合;小升初高频,小学成语培优全书·教辅常见,idiom-l3-1346:meaning_choice,idiom:曾几何时,meaning_choice,idiom:曾几何时,曾几何时,meaning_choice,upper,"{""choices"": [""树林层层变色"", ""小学教辅常见成语"", ""乐音很久还在回响"", ""称心如意、神气十足""]}"
idiom,L3,,小学教辅常见成语（四字）,有口皆碑,成语;综合;小升初高频,小学成语培优全书·教辅常见,idiom-l3-1347,idiom:有口皆碑,recite,idiom:有口皆碑,有口皆碑,recite,all,
idiom,L3,,下面的写法对不对？,错,成语;综合;小升初高频,小学成语培优全书·教辅常见,idiom-l3-1347:char_judge,idiom:有口皆碑,char_judge,idiom:有口皆碑,有口皆碑,char_judge,lower,"{""display"": ""有甲皆碑""}"
idiom,L3,,「有口皆碑」的意思是？,小学教辅常见成语,成语;综合;小升初高频,小学成语培优全书·教辅常见,idiom-l3-1347:meaning_choice,idiom:有口皆碑,meaning_choice,idiom:有口皆碑,有口皆碑,meaning_choice,upper,"{""choices"": [""小学教辅常见成语"", ""春天开花秋天结果"", ""桂花香气飘散"", ""各自拿出本事""]}"
idiom,L3,,小学教辅常见成语（四字）,有名无实,成语;综合;小升初高频,小学成语培优全书·教辅常见,idiom-l3-1348,idiom:有名无实,recite,idiom:有名无实,有名无实,recite,all,
idiom,L3,,下面的写法对不对？,错,成语;综合;小升初高频,小学成语培优全书·教辅常见,idiom-l3-1348:char_judge,idiom:有名无实,char_judge,idiom:有名无实,有名无实,char_judge,lower,"{""display"": ""友名无实""}"
idiom,L3,,「有名无实」的意思是？,小学教辅常见成语,成语;综合;小升初高频,小学成语培优全书·教辅常见,idiom-l3-1348:meaning_choice,idiom:有名无实,meaning_choice,idiom:有名无实,有名无实,meaning_choice,upper,"{""choices"": [""五官清秀好看"", ""举止文雅"", ""泉水发出叮咚声"", ""小学教辅常见成语""]}"
idiom,L3,,小学教辅常见成语（四字）,有声有色,成语;综合;小升初高频,小学成语培优全书·教辅常见,idiom-l3-1349,idiom:有声有色,recite,idiom:有声有色,有声有色,recite,all,
idiom,L3,,下面的写法对不对？,对,成语;综合;小升初高频,小学成语培优全书·教辅常见,idiom-l3-1349:char_judge,idiom:有声有色,char_judge,idiom:有声有色,有声有色,char_judge,lower,"{""display"": ""有声有色""}"
idiom,L3,,「有声有色」的意思是？,小学教辅常见成语,成语;综合;小升初高频,小学成语培优全书·教辅常见,idiom-l3-1349:meaning_choice,idiom:有声有色,meaning_choice,idiom:有声有色,有声有色,meaning_choice,upper,"{""choices"": [""鸡叫狗叫形容喧闹"", ""得到帮助后更强"", ""小学教辅常见成语"", ""费尽心思""]}"
idiom,L3,,小学教辅常见成语（四字）,有备无患,成语;综合;小升初高频,小学成语培优全书·教辅常见,idiom-l3-1350,idiom:有备无患,recite,idiom:有备无患,有备无患,recite,all,
idiom,L3,,下面的写法对不对？,错,成语;综合;小升初高频,小学成语培优全书·教辅常见,idiom-l3-1350:char_judge,idiom:有备无患,char_judge,idiom:有备无患,有备无患,char_judge,lower,"{""display"": ""有备无甲""}"
idiom,L3,,「有备无患」的意思是？,小学教辅常见成语,成语;综合;小升初高频,小学成语培优全书·教辅常见,idiom-l3-1350:meaning_choice,idiom:有备无患,meaning_choice,idiom:有备无患,有备无患,meaning_choice,upper,"{""choices"": [""全部显露出来，什么也藏不住"", ""小学教辅常见成语"", ""到处是流离失所的灾民"", ""描写景物的成语""]}"
idiom,L3,,小学教辅常见成语（四字）,有头无尾,成语;综合;小升初高频,小学成语培优全书·教辅常见,idiom-l3-1351,idiom:有头无尾,recite,idiom:有头无尾,有头无尾,recite,all,
idiom,L3,,下面的写法对不对？,对,成语;综合;小升初高频,小学成语培优全书·教辅常见,idiom-l3-1351:char_judge,idiom:有头无尾,char_judge,idiom:有头无尾,有头无尾,char_judge,lower,"{""display"": ""有头无尾""}"
idiom,L3,,「有头无尾」的意思是？,小学教辅常见成语,成语;综合;小升初高频,小学成语培优全书·教辅常见,idiom-l3-1351:meaning_choice,idiom:有头无尾,meaning_choice,idiom:有头无尾,有头无尾,meaning_choice,upper,"{""choices"": [""非常吃惊"", ""小学教辅常见成语"", ""冰和雪化了"", ""自己跟自己说话""]}"
idiom,L3,,小学教辅常见成语（四字）,有头有尾,成语;综合;小升初高频,小学成语培优全书·教辅常见,idiom-l3-1352,idiom:有头有尾,recite,idiom:有头有尾,有头有尾,recite,all,
idiom,L3,,下面的写法对不对？,错,成语;综合;小升初高频,小学成语培优全书·教辅常见,idiom-l3-1352:char_judge,idiom:有头有尾,char_judge,idiom:有头有尾,有头有尾,char_judge,lower,"{""display"": ""有甲有尾""}"
idiom,L3,,「有头有尾」的意思是？,小学教辅常见成语,成语;综合;小升初高频,小学成语培优全书·教辅常见,idiom-l3-1352:meaning_choice,idiom:有头有尾,meaning_choice,idiom:有头有尾,有头有尾,meaning_choice,upper,"{""choices"": [""眼睛手都很快"", ""鸟儿叫、花儿香"", ""小学教辅常见成语"", ""夜里不用关门，社会安定""]}"
idiom,L3,,小学教辅常见成语（四字）,有始无终,成语;综合;小升初高频,小学成语培优全书·教辅常见,idiom-l3-1353,idiom:有始无终,recite,idiom:有始无终,有始无终,recite,all,
idiom,L3,,下面的写法对不对？,错,成语;综合;小升初高频,小学成语培优全书·教辅常见,idiom-l3-1353:char_judge,idiom:有始无终,char_judge,idiom:有始无终,有始无终,char_judge,lower,"{""display"": ""有甲无终""}"
idiom,L3,,「有始无终」的意思是？,小学教辅常见成语,成语;综合;小升初高频,小学成语培优全书·教辅常见,idiom-l3-1353:meaning_choice,idiom:有始无终,meaning_choice,idiom:有始无终,有始无终,meaning_choice,upper,"{""choices"": [""小学教辅常见成语"", ""柳树绿、花儿红"", ""样子各不相同"", ""不加咀嚼地整吞，比喻不求甚解""]}"
idiom,L3,,小学教辅常见成语（四字）,有始有终,成语;综合;小升初高频,小学成语培优全书·教辅常见,idiom-l3-1354,idiom:有始有终,recite,idiom:有始有终,有始有终,recite,all,
idiom,L3,,下面的写法对不对？,错,成语;综合;小升初高频,小学成语培优全书·教辅常见,idiom-l3-1354:char_judge,idiom:有始有终,char_judge,idiom:有始有终,有始有终,char_judge,lower,"{""display"": ""友始有终""}"
idiom,L3,,「有始有终」的意思是？,小学教辅常见成语,成语;综合;小升初高频,小学成语培优全书·教辅常见,idiom-l3-1354:meaning_choice,idiom:有始有终,meaning_choice,idiom:有始有终,有始有终,meaning_choice,upper,"{""choices"": [""占据高处，向下俯视"", ""自己骗自己"", ""小学教辅常见成语"", ""美丽得没有谁能比""]}"
idiom,L3,,小学教辅常见成语（四字）,有志竟成,成语;综合;小升初高频,小学成语培优全书·教辅常见,idiom-l3-1355,idiom:有志竟成,recite,idiom:有志竟成,有志竟成,recite,all,
idiom,L3,,下面的写法对不对？,对,成语;综合;小升初高频,小学成语培优全书·教辅常见,idiom-l3-1355:char_judge,idiom:有志竟成,char_judge,idiom:有志竟成,有志竟成,char_judge,lower,"{""display"": ""有志竟成""}"
idiom,L3,,「有志竟成」的意思是？,小学教辅常见成语,成语;综合;小升初高频,小学成语培优全书·教辅常见,idiom-l3-1355:meaning_choice,idiom:有志竟成,meaning_choice,idiom:有志竟成,有志竟成,meaning_choice,upper,"{""choices"": [""蔺相如在渑池会上维护赵国尊严"", ""颜色很多"", ""比谁更美丽出众"", ""小学教辅常见成语""]}"
idiom,L3,,小学教辅常见成语（四字）,有恃无恐,成语;综合;小升初高频,小学成语培优全书·教辅常见,idiom-l3-1356,idiom:有恃无恐,recite,idiom:有恃无恐,有恃无恐,recite,all,
idiom,L3,,下面的写法对不对？,对,成语;综合;小升初高频,小学成语培优全书·教辅常见,idiom-l3-1356:char_judge,idiom:有恃无恐,char_judge,idiom:有恃无恐,有恃无恐,char_judge,lower,"{""display"": ""有恃无恐""}"
idiom,L3,,「有恃无恐」的意思是？,小学教辅常见成语,成语;综合;小升初高频,小学成语培优全书·教辅常见,idiom-l3-1356:meaning_choice,idiom:有恃无恐,meaning_choice,idiom:有恃无恐,有恃无恐,meaning_choice,upper,"{""choices"": [""见识很短浅"", ""失去信心，情绪低落"", ""像是天地特意安排的，非常合适"", ""小学教辅常见成语""]}"
idiom,L3,,小学教辅常见成语（四字）,有条不紊,成语;综合;小升初高频,小学成语培优全书·教辅常见,idiom-l3-1357,idiom:有条不紊,recite,idiom:有条不紊,有条不紊,recite,all,
idiom,L3,,下面的写法对不对？,对,成语;综合;小升初高频,小学成语培优全书·教辅常见,idiom-l3-1357:char_judge,idiom:有条不紊,char_judge,idiom:有条不紊,有条不紊,char_judge,lower,"{""display"": ""有条不紊""}"
idiom,L3,,「有条不紊」的意思是？,小学教辅常见成语,成语;综合;小升初高频,小学成语培优全书·教辅常见,idiom-l3-1357:meaning_choice,idiom:有条不紊,meaning_choice,idiom:有条不紊,有条不紊,meaning_choice,upper,"{""choices"": [""含有动物的成语"", ""含有动物的成语"", ""泉水发出叮咚声"", ""小学教辅常见成语""]}"
idiom,L3,,小学教辅常见成语（四字）,有条有理,成语;综合;小升初高频,小学成语培优全书·教辅常见,idiom-l3-1358,idiom:有条有理,recite,idiom:有条有理,有条有理,recite,all,
idiom,L3,,下面的写法对不对？,错,成语;综合;小升初高频,小学成语培优全书·教辅常见,idiom-l3-1358:char_judge,idiom:有条有理,char_judge,idiom:有条有理,有条有理,char_judge,lower,"{""display"": ""有条友理""}"
idiom,L3,,「有条有理」的意思是？,小学教辅常见成语,成语;综合;小升初高频,小学成语培优全书·教辅常见,idiom-l3-1358:meaning_choice,idiom:有条有理,meaning_choice,idiom:有条有理,有条有理,meaning_choice,upper,"{""choices"": [""自以为了不起的样子"", ""小学教辅常见成语"", ""智谋很多"", ""力量非常强大""]}"
idiom,L3,,小学教辅常见成语（四字）,有板有眼,成语;综合;小升初高频,小学成语培优全书·教辅常见,idiom-l3-1359,idiom:有板有眼,recite,idiom:有板有眼,有板有眼,recite,all,
idiom,L3,,下面的写法对不对？,对,成语;综合;小升初高频,小学成语培优全书·教辅常见,idiom-l3-1359:char_judge,idiom:有板有眼,char_judge,idiom:有板有眼,有板有眼,char_judge,lower,"{""display"": ""有板有眼""}"
idiom,L3,,「有板有眼」的意思是？,小学教辅常见成语,成语;综合;小升初高频,小学成语培优全书·教辅常见,idiom-l3-1359:meaning_choice,idiom:有板有眼,meaning_choice,idiom:有板有眼,有板有眼,meaning_choice,upper,"{""choices"": [""著名的高山和大河"", ""小学教辅常见成语"", ""眼睛手都很快"", ""很少说话""]}"
idiom,L3,,小学教辅常见成语（四字）,有的放矢,成语;综合;小升初高频,小学成语培优全书·教辅常见,idiom-l3-1360,idiom:有的放矢,recite,idiom:有的放矢,有的放矢,recite,all,
idiom,L3,,下面的写法对不对？,错,成语;综合;小升初高频,小学成语培优全书·教辅常见,idiom-l3-1360:char_judge,idiom:有的放矢,char_judge,idiom:有的放矢,有的放矢,char_judge,lower,"{""display"": ""友的放矢""}"
idiom,L3,,「有的放矢」的意思是？,小学教辅常见成语,成语;综合;小升初高频,小学成语培优全书·教辅常见,idiom-l3-1360:meaning_choice,idiom:有的放矢,meaning_choice,idiom:有的放矢,有的放矢,meaning_choice,upper,"{""choices"": [""心里急得像火烧"", ""小学教辅常见成语"", ""只要肯下功夫就能成功"", ""没想到的好事让人高兴""]}"
idiom,L3,,小学教辅常见成语（四字）,有目共睹,成语;综合;小升初高频,小学成语培优全书·教辅常见,idiom-l3-1361,idiom:有目共睹,recite,idiom:有目共睹,有目共睹,recite,all,
idiom,L3,,下面的写法对不对？,错,成语;综合;小升初高频,小学成语培优全书·教辅常见,idiom-l3-1361:char_judge,idiom:有目共睹,char_judge,idiom:有目共睹,有目共睹,char_judge,lower,"{""display"": ""有目甲睹""}"
idiom,L3,,「有目共睹」的意思是？,小学教辅常见成语,成语;综合;小升初高频,小学成语培优全书·教辅常见,idiom-l3-1361:meaning_choice,idiom:有目共睹,meaning_choice,idiom:有目共睹,有目共睹,meaning_choice,upper,"{""choices"": [""人声嘈杂得像开了锅"", ""走路不稳，跌跌撞撞"", ""描写春天的成语"", ""小学教辅常见成语""]}"
idiom,L3,,小学教辅常见成语（四字）,有眼无珠,成语;综合;小升初高频,小学成语培优全书·教辅常见,idiom-l3-1362,idiom:有眼无珠,recite,idiom:有眼无珠,有眼无珠,recite,all,
idiom,L3,,下面的写法对不对？,错,成语;综合;小升初高频,小学成语培优全书·教辅常见,idiom-l3-1362:char_judge,idiom:有眼无珠,char_judge,idiom:有眼无珠,有眼无珠,char_judge,lower,"{""display"": ""有眼天珠""}"
idiom,L3,,「有眼无珠」的意思是？,小学教辅常见成语,成语;综合;小升初高频,小学成语培优全书·教辅常见,idiom-l3-1362:meaning_choice,idiom:有眼无珠,meaning_choice,idiom:有眼无珠,有眼无珠,meaning_choice,upper,"{""choices"": [""用萤火虫的光夜里读书"", ""小学教辅常见成语"", ""家庭毁了，人也没了"", ""人声嘈杂得像开了锅""]}"
idiom,L3,,小学教辅常见成语（四字）,朋比为奸,成语;综合;小升初高频,小学成语培优全书·教辅常见,idiom-l3-1363,idiom:朋比为奸,recite,idiom:朋比为奸,朋比为奸,recite,all,
idiom,L3,,下面的写法对不对？,错,成语;综合;小升初高频,小学成语培优全书·教辅常见,idiom-l3-1363:char_judge,idiom:朋比为奸,char_judge,idiom:朋比为奸,朋比为奸,char_judge,lower,"{""display"": ""甲比为奸""}"
idiom,L3,,「朋比为奸」的意思是？,小学教辅常见成语,成语;综合;小升初高频,小学成语培优全书·教辅常见,idiom-l3-1363:meaning_choice,idiom:朋比为奸,meaning_choice,idiom:朋比为奸,朋比为奸,meaning_choice,upper,"{""choices"": [""含有动物的成语"", ""含有动物的成语"", ""含有动物的成语"", ""小学教辅常见成语""]}"
idiom,L3,,小学教辅常见成语（四字）,望尘莫及,成语;综合;小升初高频,小学成语培优全书·教辅常见,idiom-l3-1364,idiom:望尘莫及,recite,idiom:望尘莫及,望尘莫及,recite,all,
idiom,L3,,下面的写法对不对？,错,成语;综合;小升初高频,小学成语培优全书·教辅常见,idiom-l3-1364:char_judge,idiom:望尘莫及,char_judge,idiom:望尘莫及,望尘莫及,char_judge,lower,"{""display"": ""望甲莫及""}"
idiom,L3,,「望尘莫及」的意思是？,小学教辅常见成语,成语;综合;小升初高频,小学成语培优全书·教辅常见,idiom-l3-1364:meaning_choice,idiom:望尘莫及,meaning_choice,idiom:望尘莫及,望尘莫及,meaning_choice,upper,"{""choices"": [""泉水发出叮咚声"", ""小学教辅常见成语"", ""抬起头、挺起胸，很有精神"", ""文笔非常出色""]}"
idiom,L3,,小学教辅常见成语（四字）,望文生义,成语;综合;小升初高频,小学成语培优全书·教辅常见,idiom-l3-1365,idiom:望文生义,recite,idiom:望文生义,望文生义,recite,all,
idiom,L3,,下面的写法对不对？,错,成语;综合;小升初高频,小学成语培优全书·教辅常见,idiom-l3-1365:char_judge,idiom:望文生义,char_judge,idiom:望文生义,望文生义,char_judge,lower,"{""display"": ""甲文生义""}"
idiom,L3,,「望文生义」的意思是？,小学教辅常见成语,成语;综合;小升初高频,小学成语培优全书·教辅常见,idiom-l3-1365:meaning_choice,idiom:望文生义,meaning_choice,idiom:望文生义,望文生义,meaning_choice,upper,"{""choices"": [""到处都可以当作家"", ""字写得有气势"", ""小学教辅常见成语"", ""桂花香气飘散""]}"
idiom,L3,,小学教辅常见成语（四字）,望梅止渴,成语;综合;小升初高频,小学成语培优全书·教辅常见,idiom-l3-1366,idiom:望梅止渴,recite,idiom:望梅止渴,望梅止渴,recite,all,
idiom,L3,,下面的写法对不对？,错,成语;综合;小升初高频,小学成语培优全书·教辅常见,idiom-l3-1366:char_judge,idiom:望梅止渴,char_judge,idiom:望梅止渴,望梅止渴,char_judge,lower,"{""display"": ""望甲止渴""}"
idiom,L3,,「望梅止渴」的意思是？,小学教辅常见成语,成语;综合;小升初高频,小学成语培优全书·教辅常见,idiom-l3-1366:meaning_choice,idiom:望梅止渴,meaning_choice,idiom:望梅止渴,望梅止渴,meaning_choice,upper,"{""choices"": [""小学教辅常见成语"", ""比谁更美丽出众"", ""气势使人敬畏"", ""不慌不忙""]}"
idiom,L3,,小学教辅常见成语（四字）,望洋兴叹,成语;综合;小升初高频,小学成语培优全书·教辅常见,idiom-l3-1367,idiom:望洋兴叹,recite,idiom:望洋兴叹,望洋兴叹,recite,all,
idiom,L3,,下面的写法对不对？,对,成语;综合;小升初高频,小学成语培优全书·教辅常见,idiom-l3-1367:char_judge,idiom:望洋兴叹,char_judge,idiom:望洋兴叹,望洋兴叹,char_judge,lower,"{""display"": ""望洋兴叹""}"
idiom,L3,,「望洋兴叹」的意思是？,小学教辅常见成语,成语;综合;小升初高频,小学成语培优全书·教辅常见,idiom-l3-1367:meaning_choice,idiom:望洋兴叹,meaning_choice,idiom:望洋兴叹,望洋兴叹,meaning_choice,upper,"{""choices"": [""小学教辅常见成语"", ""没想到的好事让人高兴"", ""到哪儿都能安下心来"", ""头发白了，脸色却像小孩一样红润""]}"
idiom,L3,,小学教辅常见成语（四字）,望而却步,成语;综合;小升初高频,小学成语培优全书·教辅常见,idiom-l3-1368,idiom:望而却步,recite,idiom:望而却步,望而却步,recite,all,
idiom,L3,,下面的写法对不对？,对,成语;综合;小升初高频,小学成语培优全书·教辅常见,idiom-l3-1368:char_judge,idiom:望而却步,char_judge,idiom:望而却步,望而却步,char_judge,lower,"{""display"": ""望而却步""}"
idiom,L3,,「望而却步」的意思是？,小学教辅常见成语,成语;综合;小升初高频,小学成语培优全书·教辅常见,idiom-l3-1368:meaning_choice,idiom:望而却步,meaning_choice,idiom:望而却步,望而却步,meaning_choice,upper,"{""choices"": [""风很轻、雨很细"", ""小学教辅常见成语"", ""树林层层翠绿"", ""精神力气都用尽了""]}"
idiom,L3,,小学教辅常见成语（四字）,朝气蓬勃,成语;综合;小升初高频,小学成语培优全书·教辅常见,idiom-l3-1369,idiom:朝气蓬勃,recite,idiom:朝气蓬勃,朝气蓬勃,recite,all,
idiom,L3,,下面的写法对不对？,错,成语;综合;小升初高频,小学成语培优全书·教辅常见,idiom-l3-1369:char_judge,idiom:朝气蓬勃,char_judge,idiom:朝气蓬勃,朝气蓬勃,char_judge,lower,"{""display"": ""朝气蓬甲""}"
idiom,L3,,「朝气蓬勃」的意思是？,小学教辅常见成语,成语;综合;小升初高频,小学成语培优全书·教辅常见,idiom-l3-1369:meaning_choice,idiom:朝气蓬勃,meaning_choice,idiom:朝气蓬勃,朝气蓬勃,meaning_choice,upper,"{""choices"": [""到哪儿都能安下心来"", ""把东西完好无损地归还原主"", ""小学教辅常见成语"", ""完全看不见了""]}"
idiom,L3,,小学教辅常见成语（四字）,朝霞满天,成语;综合;小升初高频,小学成语培优全书·教辅常见,idiom-l3-1370,idiom:朝霞满天,recite,idiom:朝霞满天,朝霞满天,recite,all,
idiom,L3,,下面的写法对不对？,对,成语;综合;小升初高频,小学成语培优全书·教辅常见,idiom-l3-1370:char_judge,idiom:朝霞满天,char_judge,idiom:朝霞满天,朝霞满天,char_judge,lower,"{""display"": ""朝霞满天""}"
idiom,L3,,「朝霞满天」的意思是？,小学教辅常见成语,成语;综合;小升初高频,小学成语培优全书·教辅常见,idiom-l3-1370:meaning_choice,idiom:朝霞满天,meaning_choice,idiom:朝霞满天,朝霞满天,meaning_choice,upper,"{""choices"": [""受过惊吓后非常害怕"", ""小学教辅常见成语"", ""得意得忘了自己是谁"", ""模仿别人反而把自己的本事忘了""]}"
idiom,L3,,小学教辅常见成语（四字）,本末倒置,成语;综合;小升初高频,小学成语培优全书·教辅常见,idiom-l3-1371,idiom:本末倒置,recite,idiom:本末倒置,本末倒置,recite,all,
idiom,L3,,下面的写法对不对？,错,成语;综合;小升初高频,小学成语培优全书·教辅常见,idiom-l3-1371:char_judge,idiom:本末倒置,char_judge,idiom:本末倒置,本末倒置,char_judge,lower,"{""display"": ""本未倒置""}"
idiom,L3,,「本末倒置」的意思是？,小学教辅常见成语,成语;综合;小升初高频,小学成语培优全书·教辅常见,idiom-l3-1371:meaning_choice,idiom:本末倒置,meaning_choice,idiom:本末倒置,本末倒置,meaning_choice,upper,"{""choices"": [""小学教辅常见成语"", ""做多余的事反而坏事"", ""色彩又多又好看"", ""不说话""]}"
idiom,L3,,小学教辅常见成语（四字）,杂乱无章,成语;综合;小升初高频,小学成语培优全书·教辅常见,idiom-l3-1372,idiom:杂乱无章,recite,idiom:杂乱无章,杂乱无章,recite,all,
idiom,L3,,下面的写法对不对？,对,成语;综合;小升初高频,小学成语培优全书·教辅常见,idiom-l3-1372:char_judge,idiom:杂乱无章,char_judge,idiom:杂乱无章,杂乱无章,char_judge,lower,"{""display"": ""杂乱无章""}"
idiom,L3,,「杂乱无章」的意思是？,小学教辅常见成语,成语;综合;小升初高频,小学成语培优全书·教辅常见,idiom-l3-1372:meaning_choice,idiom:杂乱无章,meaning_choice,idiom:杂乱无章,杂乱无章,meaning_choice,upper,"{""choices"": [""天空一片晴朗"", ""小学教辅常见成语"", ""模仿别人反而把自己的本事忘了"", ""好上加好""]}"
idiom,L3,,小学教辅常见成语（四字）,权宜之计,成语;综合;小升初高频,小学成语培优全书·教辅常见,idiom-l3-1373,idiom:权宜之计,recite,idiom:权宜之计,权宜之计,recite,all,
idiom,L3,,下面的写法对不对？,对,成语;综合;小升初高频,小学成语培优全书·教辅常见,idiom-l3-1373:char_judge,idiom:权宜之计,char_judge,idiom:权宜之计,权宜之计,char_judge,lower,"{""display"": ""权宜之计""}"
idiom,L3,,「权宜之计」的意思是？,小学教辅常见成语,成语;综合;小升初高频,小学成语培优全书·教辅常见,idiom-l3-1373:meaning_choice,idiom:权宜之计,meaning_choice,idiom:权宜之计,权宜之计,meaning_choice,upper,"{""choices"": [""小学教辅常见成语"", ""风景优美"", ""形容艺术水平的成语"", ""从细小处看出大趋势""]}"
idiom,L3,,小学教辅常见成语（四字）,束手无策,成语;综合;小升初高频,小学成语培优全书·教辅常见,idiom-l3-1374,idiom:束手无策,recite,idiom:束手无策,束手无策,recite,all,
idiom,L3,,下面的写法对不对？,对,成语;综合;小升初高频,小学成语培优全书·教辅常见,idiom-l3-1374:char_judge,idiom:束手无策,char_judge,idiom:束手无策,束手无策,char_judge,lower,"{""display"": ""束手无策""}"
idiom,L3,,「束手无策」的意思是？,小学教辅常见成语,成语;综合;小升初高频,小学成语培优全书·教辅常见,idiom-l3-1374:meaning_choice,idiom:束手无策,meaning_choice,idiom:束手无策,束手无策,meaning_choice,upper,"{""choices"": [""气势很大、规模很大"", ""小学教辅常见成语"", ""无法想象，很难理解"", ""不慌不忙""]}"
idiom,L3,,小学教辅常见成语（四字）,条理分明,成语;综合;小升初高频,小学成语培优全书·教辅常见,idiom-l3-1375,idiom:条理分明,recite,idiom:条理分明,条理分明,recite,all,
idiom,L3,,下面的写法对不对？,对,成语;综合;小升初高频,小学成语培优全书·教辅常见,idiom-l3-1375:char_judge,idiom:条理分明,char_judge,idiom:条理分明,条理分明,char_judge,lower,"{""display"": ""条理分明""}"
idiom,L3,,「条理分明」的意思是？,小学教辅常见成语,成语;综合;小升初高频,小学成语培优全书·教辅常见,idiom-l3-1375:meaning_choice,idiom:条理分明,meaning_choice,idiom:条理分明,条理分明,meaning_choice,upper,"{""choices"": [""脸和耳朵都红了"", ""小学教辅常见成语"", ""书一直拿在手里，非常爱读"", ""危害集体的人""]}"
idiom,L3,,小学教辅常见成语（四字）,条理清晰,成语;综合;小升初高频,小学成语培优全书·教辅常见,idiom-l3-1376,idiom:条理清晰,recite,idiom:条理清晰,条理清晰,recite,all,
idiom,L3,,下面的写法对不对？,错,成语;综合;小升初高频,小学成语培优全书·教辅常见,idiom-l3-1376:char_judge,idiom:条理清晰,char_judge,idiom:条理清晰,条理清晰,char_judge,lower,"{""display"": ""条甲清晰""}"
idiom,L3,,「条理清晰」的意思是？,小学教辅常见成语,成语;综合;小升初高频,小学成语培优全书·教辅常见,idiom-l3-1376:meaning_choice,idiom:条理清晰,meaning_choice,idiom:条理清晰,条理清晰,meaning_choice,upper,"{""choices"": [""想出和别人不一样的办法"", ""吃或听得非常有兴趣"", ""国家太平，人民安乐"", ""小学教辅常见成语""]}"
idiom,L3,,小学教辅常见成语（四字）,枕戈待旦,成语;综合;小升初高频,小学成语培优全书·教辅常见,idiom-l3-1377,idiom:枕戈待旦,recite,idiom:枕戈待旦,枕戈待旦,recite,all,
idiom,L3,,下面的写法对不对？,对,成语;综合;小升初高频,小学成语培优全书·教辅常见,idiom-l3-1377:char_judge,idiom:枕戈待旦,char_judge,idiom:枕戈待旦,枕戈待旦,char_judge,lower,"{""display"": ""枕戈待旦""}"
idiom,L3,,「枕戈待旦」的意思是？,小学教辅常见成语,成语;综合;小升初高频,小学成语培优全书·教辅常见,idiom-l3-1377:meaning_choice,idiom:枕戈待旦,meaning_choice,idiom:枕戈待旦,枕戈待旦,meaning_choice,upper,"{""choices"": [""小学教辅常见成语"", ""吃东西又猛又急"", ""脸色温和愉快"", ""说得很动听讨人喜欢""]}"
idiom,L3,,小学教辅常见成语（四字）,枝繁叶茂,成语;综合;小升初高频,小学成语培优全书·教辅常见,idiom-l3-1378,idiom:枝繁叶茂,recite,idiom:枝繁叶茂,枝繁叶茂,recite,all,
idiom,L3,,下面的写法对不对？,对,成语;综合;小升初高频,小学成语培优全书·教辅常见,idiom-l3-1378:char_judge,idiom:枝繁叶茂,char_judge,idiom:枝繁叶茂,枝繁叶茂,char_judge,lower,"{""display"": ""枝繁叶茂""}"
idiom,L3,,「枝繁叶茂」的意思是？,小学教辅常见成语,成语;综合;小升初高频,小学成语培优全书·教辅常见,idiom-l3-1378:meaning_choice,idiom:枝繁叶茂,meaning_choice,idiom:枝繁叶茂,枝繁叶茂,meaning_choice,upper,"{""choices"": [""小学教辅常见成语"", ""身体粉碎，也指不惜牺牲"", ""到处是流离失所的灾民"", ""无家可归，四处流浪""]}"
idiom,L3,,小学教辅常见成语（四字）,枫叶似火,成语;综合;小升初高频,小学成语培优全书·教辅常见,idiom-l3-1379,idiom:枫叶似火,recite,idiom:枫叶似火,枫叶似火,recite,all,
idiom,L3,,下面的写法对不对？,对,成语;综合;小升初高频,小学成语培优全书·教辅常见,idiom-l3-1379:char_judge,idiom:枫叶似火,char_judge,idiom:枫叶似火,枫叶似火,char_judge,lower,"{""display"": ""枫叶似火""}"
idiom,L3,,「枫叶似火」的意思是？,小学教辅常见成语,成语;综合;小升初高频,小学成语培优全书·教辅常见,idiom-l3-1379:meaning_choice,idiom:枫叶似火,meaning_choice,idiom:枫叶似火,枫叶似火,meaning_choice,upper,"{""choices"": [""样子各不相同"", ""没有尽头"", ""国家太平，人民安乐"", ""小学教辅常见成语""]}"
idiom,L3,,小学教辅常见成语（四字）,枯燥无味,成语;综合;小升初高频,小学成语培优全书·教辅常见,idiom-l3-1380,idiom:枯燥无味,recite,idiom:枯燥无味,枯燥无味,recite,all,
idiom,L3,,下面的写法对不对？,错,成语;综合;小升初高频,小学成语培优全书·教辅常见,idiom-l3-1380:char_judge,idiom:枯燥无味,char_judge,idiom:枯燥无味,枯燥无味,char_judge,lower,"{""display"": ""枯甲无味""}"
idiom,L3,,「枯燥无味」的意思是？,小学教辅常见成语,成语;综合;小升初高频,小学成语培优全书·教辅常见,idiom-l3-1380:meaning_choice,idiom:枯燥无味,meaning_choice,idiom:枯燥无味,枯燥无味,meaning_choice,upper,"{""choices"": [""桂花香气飘散"", ""嘴里很干"", ""小学教辅常见成语"", ""危害集体的人""]}"
idiom,L3,,小学教辅常见成语（四字）,标新立异,成语;综合;小升初高频,小学成语培优全书·教辅常见,idiom-l3-1381,idiom:标新立异,recite,idiom:标新立异,标新立异,recite,all,
idiom,L3,,下面的写法对不对？,对,成语;综合;小升初高频,小学成语培优全书·教辅常见,idiom-l3-1381:char_judge,idiom:标新立异,char_judge,idiom:标新立异,标新立异,char_judge,lower,"{""display"": ""标新立异""}"
idiom,L3,,「标新立异」的意思是？,小学教辅常见成语,成语;综合;小升初高频,小学成语培优全书·教辅常见,idiom-l3-1381:meaning_choice,idiom:标新立异,meaning_choice,idiom:标新立异,标新立异,meaning_choice,upper,"{""choices"": [""本领特别大"", ""小学教辅常见成语"", ""计谋非常高明"", ""雪片又大又密""]}"
idiom,L3,,小学教辅常见成语（四字）,栋梁之才,成语;综合;小升初高频,小学成语培优全书·教辅常见,idiom-l3-1382,idiom:栋梁之才,recite,idiom:栋梁之才,栋梁之才,recite,all,
idiom,L3,,下面的写法对不对？,错,成语;综合;小升初高频,小学成语培优全书·教辅常见,idiom-l3-1382:char_judge,idiom:栋梁之才,char_judge,idiom:栋梁之才,栋梁之才,char_judge,lower,"{""display"": ""甲梁之才""}"
idiom,L3,,「栋梁之才」的意思是？,小学教辅常见成语,成语;综合;小升初高频,小学成语培优全书·教辅常见,idiom-l3-1382:meaning_choice,idiom:栋梁之才,meaning_choice,idiom:栋梁之才,栋梁之才,meaning_choice,upper,"{""choices"": [""小学教辅常见成语"", ""气势像高山大河一样雄伟"", ""形容艺术水平的成语"", ""形容艺术水平的成语""]}"
idiom,L3,,小学教辅常见成语（四字）,树碑立传,成语;综合;小升初高频,小学成语培优全书·教辅常见,idiom-l3-1383,idiom:树碑立传,recite,idiom:树碑立传,树碑立传,recite,all,
idiom,L3,,下面的写法对不对？,对,成语;综合;小升初高频,小学成语培优全书·教辅常见,idiom-l3-1383:char_judge,idiom:树碑立传,char_judge,idiom:树碑立传,树碑立传,char_judge,lower,"{""display"": ""树碑立传""}"
idiom,L3,,「树碑立传」的意思是？,小学教辅常见成语,成语;综合;小升初高频,小学成语培优全书·教辅常见,idiom-l3-1383:meaning_choice,idiom:树碑立传,meaning_choice,idiom:树碑立传,树碑立传,meaning_choice,upper,"{""choices"": [""小学教辅常见成语"", ""样子很庄重认真"", ""周围各个方向"", ""做事非常顺手""]}"
idiom,L3,,小学教辅常见成语（四字）,根深叶茂,成语;综合;小升初高频,小学成语培优全书·教辅常见,idiom-l3-1384,idiom:根深叶茂,recite,idiom:根深叶茂,根深叶茂,recite,all,
idiom,L3,,下面的写法对不对？,错,成语;综合;小升初高频,小学成语培优全书·教辅常见,idiom-l3-1384:char_judge,idiom:根深叶茂,char_judge,idiom:根深叶茂,根深叶茂,char_judge,lower,"{""display"": ""根深叶甲""}"
idiom,L3,,「根深叶茂」的意思是？,小学教辅常见成语,成语;综合;小升初高频,小学成语培优全书·教辅常见,idiom-l3-1384:meaning_choice,idiom:根深叶茂,meaning_choice,idiom:根深叶茂,根深叶茂,meaning_choice,upper,"{""choices"": [""为不必担心的事发愁"", ""描摹得十分逼真"", ""侥幸逃脱的人"", ""小学教辅常见成语""]}"
idiom,L3,,小学教辅常见成语（四字）,根深蒂固,成语;综合;小升初高频,小学成语培优全书·教辅常见,idiom-l3-1385,idiom:根深蒂固,recite,idiom:根深蒂固,根深蒂固,recite,all,
idiom,L3,,下面的写法对不对？,对,成语;综合;小升初高频,小学成语培优全书·教辅常见,idiom-l3-1385:char_judge,idiom:根深蒂固,char_judge,idiom:根深蒂固,根深蒂固,char_judge,lower,"{""display"": ""根深蒂固""}"
idiom,L3,,「根深蒂固」的意思是？,小学教辅常见成语,成语;综合;小升初高频,小学成语培优全书·教辅常见,idiom-l3-1385:meaning_choice,idiom:根深蒂固,meaning_choice,idiom:根深蒂固,根深蒂固,meaning_choice,upper,"{""choices"": [""情况变了还用老办法"", ""黄莺唱歌、燕子飞舞"", ""鸟儿叫、花儿香"", ""小学教辅常见成语""]}"
idiom,L3,,小学教辅常见成语（四字）,桃红李白,成语;综合;小升初高频,小学成语培优全书·教辅常见,idiom-l3-1386,idiom:桃红李白,recite,idiom:桃红李白,桃红李白,recite,all,
idiom,L3,,下面的写法对不对？,对,成语;综合;小升初高频,小学成语培优全书·教辅常见,idiom-l3-1386:char_judge,idiom:桃红李白,char_judge,idiom:桃红李白,桃红李白,char_judge,lower,"{""display"": ""桃红李白""}"
idiom,L3,,「桃红李白」的意思是？,小学教辅常见成语,成语;综合;小升初高频,小学成语培优全书·教辅常见,idiom-l3-1386:meaning_choice,idiom:桃红李白,meaning_choice,idiom:桃红李白,桃红李白,meaning_choice,upper,"{""choices"": [""失去信心，情绪低落"", ""小学教辅常见成语"", ""自己骗自己"", ""非常安静""]}"
idiom,L3,,小学教辅常见成语（四字）,桑榆暮景,成语;综合;小升初高频,小学成语培优全书·教辅常见,idiom-l3-1387,idiom:桑榆暮景,recite,idiom:桑榆暮景,桑榆暮景,recite,all,
idiom,L3,,下面的写法对不对？,对,成语;综合;小升初高频,小学成语培优全书·教辅常见,idiom-l3-1387:char_judge,idiom:桑榆暮景,char_judge,idiom:桑榆暮景,桑榆暮景,char_judge,lower,"{""display"": ""桑榆暮景""}"
idiom,L3,,「桑榆暮景」的意思是？,小学教辅常见成语,成语;综合;小升初高频,小学成语培优全书·教辅常见,idiom-l3-1387:meaning_choice,idiom:桑榆暮景,meaning_choice,idiom:桑榆暮景,桑榆暮景,meaning_choice,upper,"{""choices"": [""得到帮助后更强"", ""全国各地，四面八方"", ""小学教辅常见成语"", ""脸上很有光彩、很有精神""]}"
idiom,L3,,小学教辅常见成语（四字）,棋逢对手,成语;综合;小升初高频,小学成语培优全书·教辅常见,idiom-l3-1388,idiom:棋逢对手,recite,idiom:棋逢对手,棋逢对手,recite,all,
idiom,L3,,下面的写法对不对？,错,成语;综合;小升初高频,小学成语培优全书·教辅常见,idiom-l3-1388:char_judge,idiom:棋逢对手,char_judge,idiom:棋逢对手,棋逢对手,char_judge,lower,"{""display"": ""棋甲对手""}"
idiom,L3,,「棋逢对手」的意思是？,小学教辅常见成语,成语;综合;小升初高频,小学成语培优全书·教辅常见,idiom-l3-1388:meaning_choice,idiom:棋逢对手,meaning_choice,idiom:棋逢对手,棋逢对手,meaning_choice,upper,"{""choices"": [""小学教辅常见成语"", ""全国各地，四面八方"", ""按道理就该这样"", ""树林层层翠绿""]}"
idiom,L3,,小学教辅常见成语（四字）,模棱两可,成语;综合;小升初高频,小学成语培优全书·教辅常见,idiom-l3-1389,idiom:模棱两可,recite,idiom:模棱两可,模棱两可,recite,all,
idiom,L3,,下面的写法对不对？,对,成语;综合;小升初高频,小学成语培优全书·教辅常见,idiom-l3-1389:char_judge,idiom:模棱两可,char_judge,idiom:模棱两可,模棱两可,char_judge,lower,"{""display"": ""模棱两可""}"
idiom,L3,,「模棱两可」的意思是？,小学教辅常见成语,成语;综合;小升初高频,小学成语培优全书·教辅常见,idiom-l3-1389:meaning_choice,idiom:模棱两可,meaning_choice,idiom:模棱两可,模棱两可,meaning_choice,upper,"{""choices"": [""小学教辅常见成语"", ""乱七八糟地摆着"", ""含有数字的成语"", ""含有数字的成语""]}"
idiom,L3,,小学教辅常见成语（四字）,欢声笑语,成语;综合;小升初高频,小学成语培优全书·教辅常见,idiom-l3-1390,idiom:欢声笑语,recite,idiom:欢声笑语,欢声笑语,recite,all,
idiom,L3,,下面的写法对不对？,错,成语;综合;小升初高频,小学成语培优全书·教辅常见,idiom-l3-1390:char_judge,idiom:欢声笑语,char_judge,idiom:欢声笑语,欢声笑语,char_judge,lower,"{""display"": ""欢声笑悟""}"
idiom,L3,,「欢声笑语」的意思是？,小学教辅常见成语,成语;综合;小升初高频,小学成语培优全书·教辅常见,idiom-l3-1390:meaning_choice,idiom:欢声笑语,meaning_choice,idiom:欢声笑语,欢声笑语,meaning_choice,upper,"{""choices"": [""小学教辅常见成语"", ""书一直拿在手里，非常爱读"", ""乐音很久还在回响"", ""举止文雅""]}"
idiom,L3,,小学教辅常见成语（四字）,欢声雷动,成语;综合;小升初高频,小学成语培优全书·教辅常见,idiom-l3-1391,idiom:欢声雷动,recite,idiom:欢声雷动,欢声雷动,recite,all,
idiom,L3,,下面的写法对不对？,对,成语;综合;小升初高频,小学成语培优全书·教辅常见,idiom-l3-1391:char_judge,idiom:欢声雷动,char_judge,idiom:欢声雷动,欢声雷动,char_judge,lower,"{""display"": ""欢声雷动""}"
idiom,L3,,「欢声雷动」的意思是？,小学教辅常见成语,成语;综合;小升初高频,小学成语培优全书·教辅常见,idiom-l3-1391:meaning_choice,idiom:欢声雷动,meaning_choice,idiom:欢声雷动,欢声雷动,meaning_choice,upper,"{""choices"": [""小学教辅常见成语"", ""自己骗自己"", ""颜色很多"", ""描写神态的成语""]}"
idiom,L3,,小学教辅常见成语（四字）,欢欣鼓舞,成语;综合;小升初高频,小学成语培优全书·教辅常见,idiom-l3-1392,idiom:欢欣鼓舞,recite,idiom:欢欣鼓舞,欢欣鼓舞,recite,all,
idiom,L3,,下面的写法对不对？,错,成语;综合;小升初高频,小学成语培优全书·教辅常见,idiom-l3-1392:char_judge,idiom:欢欣鼓舞,char_judge,idiom:欢欣鼓舞,欢欣鼓舞,char_judge,lower,"{""display"": ""欢甲鼓舞""}"
idiom,L3,,「欢欣鼓舞」的意思是？,小学教辅常见成语,成语;综合;小升初高频,小学成语培优全书·教辅常见,idiom-l3-1392:meaning_choice,idiom:欢欣鼓舞,meaning_choice,idiom:欢欣鼓舞,欢欣鼓舞,meaning_choice,upper,"{""choices"": [""小学教辅常见成语"", ""借别人的威势吓唬人"", ""丢在路上的东西也没人捡走"", ""声势或影响极大""]}"
idiom,L3,,小学教辅常见成语（四字）,欲壑难填,成语;综合;小升初高频,小学成语培优全书·教辅常见,idiom-l3-1393,idiom:欲壑难填,recite,idiom:欲壑难填,欲壑难填,recite,all,
idiom,L3,,下面的写法对不对？,错,成语;综合;小升初高频,小学成语培优全书·教辅常见,idiom-l3-1393:char_judge,idiom:欲壑难填,char_judge,idiom:欲壑难填,欲壑难填,char_judge,lower,"{""display"": ""欲壑难甲""}"
idiom,L3,,「欲壑难填」的意思是？,小学教辅常见成语,成语;综合;小升初高频,小学成语培优全书·教辅常见,idiom-l3-1393:meaning_choice,idiom:欲壑难填,meaning_choice,idiom:欲壑难填,欲壑难填,meaning_choice,upper,"{""choices"": [""天地非常广阔"", ""小学教辅常见成语"", ""没有风浪，也指局势安定"", ""身材修长美丽""]}"
idiom,L3,,小学教辅常见成语（四字）,欲擒故纵,成语;综合;小升初高频,小学成语培优全书·教辅常见,idiom-l3-1394,idiom:欲擒故纵,recite,idiom:欲擒故纵,欲擒故纵,recite,all,
idiom,L3,,下面的写法对不对？,对,成语;综合;小升初高频,小学成语培优全书·教辅常见,idiom-l3-1394:char_judge,idiom:欲擒故纵,char_judge,idiom:欲擒故纵,欲擒故纵,char_judge,lower,"{""display"": ""欲擒故纵""}"
idiom,L3,,「欲擒故纵」的意思是？,小学教辅常见成语,成语;综合;小升初高频,小学成语培优全书·教辅常见,idiom-l3-1394:meaning_choice,idiom:欲擒故纵,meaning_choice,idiom:欲擒故纵,欲擒故纵,meaning_choice,upper,"{""choices"": [""乐音很久还在回响"", ""出主意、想办法"", ""没有风浪，也指局势安定"", ""小学教辅常见成语""]}"
idiom,L3,,小学教辅常见成语（四字）,欲盖弥彰,成语;综合;小升初高频,小学成语培优全书·教辅常见,idiom-l3-1395,idiom:欲盖弥彰,recite,idiom:欲盖弥彰,欲盖弥彰,recite,all,
idiom,L3,,下面的写法对不对？,错,成语;综合;小升初高频,小学成语培优全书·教辅常见,idiom-l3-1395:char_judge,idiom:欲盖弥彰,char_judge,idiom:欲盖弥彰,欲盖弥彰,char_judge,lower,"{""display"": ""欲盖甲彰""}"
idiom,L3,,「欲盖弥彰」的意思是？,小学教辅常见成语,成语;综合;小升初高频,小学成语培优全书·教辅常见,idiom-l3-1395:meaning_choice,idiom:欲盖弥彰,meaning_choice,idiom:欲盖弥彰,欲盖弥彰,meaning_choice,upper,"{""choices"": [""小学教辅常见成语"", ""完全不一样"", ""自以为了不起的样子"", ""字写得有气势""]}"
idiom,L3,,小学教辅常见成语（四字）,欲速不达,成语;综合;小升初高频,小学成语培优全书·教辅常见,idiom-l3-1396,idiom:欲速不达,recite,idiom:欲速不达,欲速不达,recite,all,
idiom,L3,,下面的写法对不对？,错,成语;综合;小升初高频,小学成语培优全书·教辅常见,idiom-l3-1396:char_judge,idiom:欲速不达,char_judge,idiom:欲速不达,欲速不达,char_judge,lower,"{""display"": ""欲速不甲""}"
idiom,L3,,「欲速不达」的意思是？,小学教辅常见成语,成语;综合;小升初高频,小学成语培优全书·教辅常见,idiom-l3-1396:meaning_choice,idiom:欲速不达,meaning_choice,idiom:欲速不达,欲速不达,meaning_choice,upper,"{""choices"": [""齐心合力"", ""本领极大，哪儿都能去"", ""小学教辅常见成语"", ""受过惊吓后非常害怕""]}"
idiom,L3,,小学教辅常见成语（四字）,歌功颂德,成语;综合;小升初高频,小学成语培优全书·教辅常见,idiom-l3-1397,idiom:歌功颂德,recite,idiom:歌功颂德,歌功颂德,recite,all,
idiom,L3,,下面的写法对不对？,对,成语;综合;小升初高频,小学成语培优全书·教辅常见,idiom-l3-1397:char_judge,idiom:歌功颂德,char_judge,idiom:歌功颂德,歌功颂德,char_judge,lower,"{""display"": ""歌功颂德""}"
idiom,L3,,「歌功颂德」的意思是？,小学教辅常见成语,成语;综合;小升初高频,小学成语培优全书·教辅常见,idiom-l3-1397:meaning_choice,idiom:歌功颂德,meaning_choice,idiom:歌功颂德,歌功颂德,meaning_choice,upper,"{""choices"": [""小学教辅常见成语"", ""色彩又多又好看"", ""天空蓝得像洗过一样"", ""费尽心思谋划（多含贬义）""]}"
idiom,L3,,小学教辅常见成语（四字）,止步不前,成语;综合;小升初高频,小学成语培优全书·教辅常见,idiom-l3-1398,idiom:止步不前,recite,idiom:止步不前,止步不前,recite,all,
idiom,L3,,下面的写法对不对？,错,成语;综合;小升初高频,小学成语培优全书·教辅常见,idiom-l3-1398:char_judge,idiom:止步不前,char_judge,idiom:止步不前,止步不前,char_judge,lower,"{""display"": ""止步不甲""}"
idiom,L3,,「止步不前」的意思是？,小学教辅常见成语,成语;综合;小升初高频,小学成语培优全书·教辅常见,idiom-l3-1398:meaning_choice,idiom:止步不前,meaning_choice,idiom:止步不前,止步不前,meaning_choice,upper,"{""choices"": [""蔺相如在渑池会上维护赵国尊严"", ""按道理就该这样"", ""一下子明白过来"", ""小学教辅常见成语""]}"
idiom,L3,,小学教辅常见成语（四字）,正大光明,成语;综合;小升初高频,小学成语培优全书·教辅常见,idiom-l3-1399,idiom:正大光明,recite,idiom:正大光明,正大光明,recite,all,
idiom,L3,,下面的写法对不对？,错,成语;综合;小升初高频,小学成语培优全书·教辅常见,idiom-l3-1399:char_judge,idiom:正大光明,char_judge,idiom:正大光明,正大光明,char_judge,lower,"{""display"": ""甲大光明""}"
idiom,L3,,「正大光明」的意思是？,小学教辅常见成语,成语;综合;小升初高频,小学成语培优全书·教辅常见,idiom-l3-1399:meaning_choice,idiom:正大光明,meaning_choice,idiom:正大光明,正大光明,meaning_choice,upper,"{""choices"": [""心里急得像火烧"", ""小学教辅常见成语"", ""万物重新生长"", ""生活安定，工作愉快""]}"
idiom,L3,,小学教辅常见成语（四字）,正颜厉色,成语;综合;小升初高频,小学成语培优全书·教辅常见,idiom-l3-1400,idiom:正颜厉色,recite,idiom:正颜厉色,正颜厉色,recite,all,
idiom,L3,,下面的写法对不对？,错,成语;综合;小升初高频,小学成语培优全书·教辅常见,idiom-l3-1400:char_judge,idiom:正颜厉色,char_judge,idiom:正颜厉色,正颜厉色,char_judge,lower,"{""display"": ""正颜厉甲""}"
idiom,L3,,「正颜厉色」的意思是？,小学教辅常见成语,成语;综合;小升初高频,小学成语培优全书·教辅常见,idiom-l3-1400:meaning_choice,idiom:正颜厉色,meaning_choice,idiom:正颜厉色,正颜厉色,meaning_choice,upper,"{""choices"": [""很少说话"", ""事情还没发生就知道"", ""小学教辅常见成语"", ""身材魁梧""]}"
idiom,L3,,小学教辅常见成语（四字）,此起彼伏,成语;综合;小升初高频,小学成语培优全书·教辅常见,idiom-l3-1401,idiom:此起彼伏,recite,idiom:此起彼伏,此起彼伏,recite,all,
idiom,L3,,下面的写法对不对？,错,成语;综合;小升初高频,小学成语培优全书·教辅常见,idiom-l3-1401:char_judge,idiom:此起彼伏,char_judge,idiom:此起彼伏,此起彼伏,char_judge,lower,"{""display"": ""此甲彼伏""}"
idiom,L3,,「此起彼伏」的意思是？,小学教辅常见成语,成语;综合;小升初高频,小学成语培优全书·教辅常见,idiom-l3-1401:meaning_choice,idiom:此起彼伏,meaning_choice,idiom:此起彼伏,此起彼伏,meaning_choice,upper,"{""choices"": [""风很轻、雨很细"", ""雪片又大又密"", ""ABCC 结构的成语"", ""小学教辅常见成语""]}"
idiom,L3,,小学教辅常见成语（四字）,步履维艰,成语;综合;小升初高频,小学成语培优全书·教辅常见,idiom-l3-1402,idiom:步履维艰,recite,idiom:步履维艰,步履维艰,recite,all,
idiom,L3,,下面的写法对不对？,错,成语;综合;小升初高频,小学成语培优全书·教辅常见,idiom-l3-1402:char_judge,idiom:步履维艰,char_judge,idiom:步履维艰,步履维艰,char_judge,lower,"{""display"": ""步甲维艰""}"
idiom,L3,,「步履维艰」的意思是？,小学教辅常见成语,成语;综合;小升初高频,小学成语培优全书·教辅常见,idiom-l3-1402:meaning_choice,idiom:步履维艰,meaning_choice,idiom:步履维艰,步履维艰,meaning_choice,upper,"{""choices"": [""小学教辅常见成语"", ""把东西完好无损地归还原主"", ""国家太平，人民安乐"", ""自己控制不住感情""]}"
idiom,L3,,小学教辅常见成语（四字）,死心塌地,成语;综合;小升初高频,小学成语培优全书·教辅常见,idiom-l3-1403,idiom:死心塌地,recite,idiom:死心塌地,死心塌地,recite,all,
idiom,L3,,下面的写法对不对？,对,成语;综合;小升初高频,小学成语培优全书·教辅常见,idiom-l3-1403:char_judge,idiom:死心塌地,char_judge,idiom:死心塌地,死心塌地,char_judge,lower,"{""display"": ""死心塌地""}"
idiom,L3,,「死心塌地」的意思是？,小学教辅常见成语,成语;综合;小升初高频,小学成语培优全书·教辅常见,idiom-l3-1403:meaning_choice,idiom:死心塌地,meaning_choice,idiom:死心塌地,死心塌地,meaning_choice,upper,"{""choices"": [""做多余的事反而坏事"", ""小学教辅常见成语"", ""眼界很小"", ""文雅有礼貌""]}"
idiom,L3,,小学教辅常见成语（四字）,死灰复燃,成语;综合;小升初高频,小学成语培优全书·教辅常见,idiom-l3-1404,idiom:死灰复燃,recite,idiom:死灰复燃,死灰复燃,recite,all,
idiom,L3,,下面的写法对不对？,对,成语;综合;小升初高频,小学成语培优全书·教辅常见,idiom-l3-1404:char_judge,idiom:死灰复燃,char_judge,idiom:死灰复燃,死灰复燃,char_judge,lower,"{""display"": ""死灰复燃""}"
idiom,L3,,「死灰复燃」的意思是？,小学教辅常见成语,成语;综合;小升初高频,小学成语培优全书·教辅常见,idiom-l3-1404:meaning_choice,idiom:死灰复燃,meaning_choice,idiom:死灰复燃,死灰复燃,meaning_choice,upper,"{""choices"": [""小学教辅常见成语"", ""风很轻、雨很细"", ""与学习有关的成语"", ""很多人或动物聚在一起""]}"
idiom,L3,,小学教辅常见成语（四字）,死而后已,成语;综合;小升初高频,小学成语培优全书·教辅常见,idiom-l3-1405,idiom:死而后已,recite,idiom:死而后已,死而后已,recite,all,
idiom,L3,,下面的写法对不对？,错,成语;综合;小升初高频,小学成语培优全书·教辅常见,idiom-l3-1405:char_judge,idiom:死而后已,char_judge,idiom:死而后已,死而后已,char_judge,lower,"{""display"": ""死而甲已""}"
idiom,L3,,「死而后已」的意思是？,小学教辅常见成语,成语;综合;小升初高频,小学成语培优全书·教辅常见,idiom-l3-1405:meaning_choice,idiom:死而后已,meaning_choice,idiom:死而后已,死而后已,meaning_choice,upper,"{""choices"": [""天空一片晴朗"", ""人声嘈杂得像开了锅"", ""小学教辅常见成语"", ""说话办事坚决果断""]}"
idiom,L3,,小学教辅常见成语（四字）,死里逃生,成语;综合;小升初高频,小学成语培优全书·教辅常见,idiom-l3-1406,idiom:死里逃生,recite,idiom:死里逃生,死里逃生,recite,all,
idiom,L3,,下面的写法对不对？,对,成语;综合;小升初高频,小学成语培优全书·教辅常见,idiom-l3-1406:char_judge,idiom:死里逃生,char_judge,idiom:死里逃生,死里逃生,char_judge,lower,"{""display"": ""死里逃生""}"
idiom,L3,,「死里逃生」的意思是？,小学教辅常见成语,成语;综合;小升初高频,小学成语培优全书·教辅常见,idiom-l3-1406:meaning_choice,idiom:死里逃生,meaning_choice,idiom:死里逃生,死里逃生,meaning_choice,upper,"{""choices"": [""小学教辅常见成语"", ""高兴得眉眼都舒展开"", ""情绪非常激动"", ""描摹得十分逼真""]}"
idiom,L3,,小学教辅常见成语（四字）,残阳如血,成语;综合;小升初高频,小学成语培优全书·教辅常见,idiom-l3-1407,idiom:残阳如血,recite,idiom:残阳如血,残阳如血,recite,all,
idiom,L3,,下面的写法对不对？,对,成语;综合;小升初高频,小学成语培优全书·教辅常见,idiom-l3-1407:char_judge,idiom:残阳如血,char_judge,idiom:残阳如血,残阳如血,char_judge,lower,"{""display"": ""残阳如血""}"
idiom,L3,,「残阳如血」的意思是？,小学教辅常见成语,成语;综合;小升初高频,小学成语培优全书·教辅常见,idiom-l3-1407:meaning_choice,idiom:残阳如血,meaning_choice,idiom:残阳如血,残阳如血,meaning_choice,upper,"{""choices"": [""占据高处，向下俯视"", ""小学教辅常见成语"", ""描写春天的成语"", ""描写春天的成语""]}"
idiom,L3,,小学教辅常见成语（四字）,殷切期望,成语;综合;小升初高频,小学成语培优全书·教辅常见,idiom-l3-1408,idiom:殷切期望,recite,idiom:殷切期望,殷切期望,recite,all,
idiom,L3,,下面的写法对不对？,对,成语;综合;小升初高频,小学成语培优全书·教辅常见,idiom-l3-1408:char_judge,idiom:殷切期望,char_judge,idiom:殷切期望,殷切期望,char_judge,lower,"{""display"": ""殷切期望""}"
idiom,L3,,「殷切期望」的意思是？,小学教辅常见成语,成语;综合;小升初高频,小学成语培优全书·教辅常见,idiom-l3-1408:meaning_choice,idiom:殷切期望,meaning_choice,idiom:殷切期望,殷切期望,meaning_choice,upper,"{""choices"": [""遇到危险也不害怕"", ""大得看不到边"", ""树林层层翠绿"", ""小学教辅常见成语""]}"
idiom,L3,,小学教辅常见成语（四字）,每况愈下,成语;综合;小升初高频,小学成语培优全书·教辅常见,idiom-l3-1409,idiom:每况愈下,recite,idiom:每况愈下,每况愈下,recite,all,
idiom,L3,,下面的写法对不对？,错,成语;综合;小升初高频,小学成语培优全书·教辅常见,idiom-l3-1409:char_judge,idiom:每况愈下,char_judge,idiom:每况愈下,每况愈下,char_judge,lower,"{""display"": ""甲况愈下""}"
idiom,L3,,「每况愈下」的意思是？,小学教辅常见成语,成语;综合;小升初高频,小学成语培优全书·教辅常见,idiom-l3-1409:meaning_choice,idiom:每况愈下,meaning_choice,idiom:每况愈下,每况愈下,meaning_choice,upper,"{""choices"": [""得到帮助后更强"", ""模仿别人反而把自己的本事忘了"", ""着急或高兴得又抓耳朵又挠腮"", ""小学教辅常见成语""]}"
idiom,L3,,小学教辅常见成语（四字）,毕恭毕敬,成语;综合;小升初高频,小学成语培优全书·教辅常见,idiom-l3-1410,idiom:毕恭毕敬,recite,idiom:毕恭毕敬,毕恭毕敬,recite,all,
idiom,L3,,下面的写法对不对？,错,成语;综合;小升初高频,小学成语培优全书·教辅常见,idiom-l3-1410:char_judge,idiom:毕恭毕敬,char_judge,idiom:毕恭毕敬,毕恭毕敬,char_judge,lower,"{""display"": ""毕恭毕甲""}"
idiom,L3,,「毕恭毕敬」的意思是？,小学教辅常见成语,成语;综合;小升初高频,小学成语培优全书·教辅常见,idiom-l3-1410:meaning_choice,idiom:毕恭毕敬,meaning_choice,idiom:毕恭毕敬,毕恭毕敬,meaning_choice,upper,"{""choices"": [""没有风浪，也指局势安定"", ""小学教辅常见成语"", ""年老体衰、行动不灵便"", ""吃东西又猛又急""]}"
idiom,L3,,小学教辅常见成语（四字）,毫厘不爽,成语;综合;小升初高频,小学成语培优全书·教辅常见,idiom-l3-1411,idiom:毫厘不爽,recite,idiom:毫厘不爽,毫厘不爽,recite,all,
idiom,L3,,下面的写法对不对？,对,成语;综合;小升初高频,小学成语培优全书·教辅常见,idiom-l3-1411:char_judge,idiom:毫厘不爽,char_judge,idiom:毫厘不爽,毫厘不爽,char_judge,lower,"{""display"": ""毫厘不爽""}"
idiom,L3,,「毫厘不爽」的意思是？,小学教辅常见成语,成语;综合;小升初高频,小学成语培优全书·教辅常见,idiom-l3-1411:meaning_choice,idiom:毫厘不爽,meaning_choice,idiom:毫厘不爽,毫厘不爽,meaning_choice,upper,"{""choices"": [""人非常多"", ""靠近山、靠近水"", ""小学教辅常见成语"", ""描写景物的成语""]}"
idiom,L3,,小学教辅常见成语（四字）,气势磅礴,成语;综合;小升初高频,小学成语培优全书·教辅常见,idiom-l3-1412,idiom:气势磅礴,recite,idiom:气势磅礴,气势磅礴,recite,all,
idiom,L3,,下面的写法对不对？,错,成语;综合;小升初高频,小学成语培优全书·教辅常见,idiom-l3-1412:char_judge,idiom:气势磅礴,char_judge,idiom:气势磅礴,气势磅礴,char_judge,lower,"{""display"": ""气甲磅礴""}"
idiom,L3,,「气势磅礴」的意思是？,小学教辅常见成语,成语;综合;小升初高频,小学成语培优全书·教辅常见,idiom-l3-1412:meaning_choice,idiom:气势磅礴,meaning_choice,idiom:气势磅礴,气势磅礴,meaning_choice,upper,"{""choices"": [""形容艺术水平的成语"", ""形容艺术水平的成语"", ""小学教辅常见成语"", ""颜色又多又好看""]}"
idiom,L3,,小学教辅常见成语（四字）,气急败坏,成语;综合;小升初高频,小学成语培优全书·教辅常见,idiom-l3-1413,idiom:气急败坏,recite,idiom:气急败坏,气急败坏,recite,all,
idiom,L3,,下面的写法对不对？,错,成语;综合;小升初高频,小学成语培优全书·教辅常见,idiom-l3-1413:char_judge,idiom:气急败坏,char_judge,idiom:气急败坏,气急败坏,char_judge,lower,"{""display"": ""气甲败坏""}"
idiom,L3,,「气急败坏」的意思是？,小学教辅常见成语,成语;综合;小升初高频,小学成语培优全书·教辅常见,idiom-l3-1413:meaning_choice,idiom:气急败坏,meaning_choice,idiom:气急败坏,气急败坏,meaning_choice,upper,"{""choices"": [""把东西完好无损地归还原主"", ""跃跃欲试、准备动手"", ""小学教辅常见成语"", ""占据高处，向下俯视""]}"
idiom,L3,,小学教辅常见成语（四字）,永垂不朽,成语;综合;小升初高频,小学成语培优全书·教辅常见,idiom-l3-1414,idiom:永垂不朽,recite,idiom:永垂不朽,永垂不朽,recite,all,
idiom,L3,,下面的写法对不对？,对,成语;综合;小升初高频,小学成语培优全书·教辅常见,idiom-l3-1414:char_judge,idiom:永垂不朽,char_judge,idiom:永垂不朽,永垂不朽,char_judge,lower,"{""display"": ""永垂不朽""}"
idiom,L3,,「永垂不朽」的意思是？,小学教辅常见成语,成语;综合;小升初高频,小学成语培优全书·教辅常见,idiom-l3-1414:meaning_choice,idiom:永垂不朽,meaning_choice,idiom:永垂不朽,永垂不朽,meaning_choice,upper,"{""choices"": [""高兴得快要发狂"", ""本领比别人高一截"", ""小学教辅常见成语"", ""自以为了不起的样子""]}"
idiom,L3,,小学教辅常见成语（四字）,求全责备,成语;综合;小升初高频,小学成语培优全书·教辅常见,idiom-l3-1415,idiom:求全责备,recite,idiom:求全责备,求全责备,recite,all,
idiom,L3,,下面的写法对不对？,错,成语;综合;小升初高频,小学成语培优全书·教辅常见,idiom-l3-1415:char_judge,idiom:求全责备,char_judge,idiom:求全责备,求全责备,char_judge,lower,"{""display"": ""求甲责备""}"
idiom,L3,,「求全责备」的意思是？,小学教辅常见成语,成语;综合;小升初高频,小学成语培优全书·教辅常见,idiom-l3-1415:meaning_choice,idiom:求全责备,meaning_choice,idiom:求全责备,求全责备,meaning_choice,upper,"{""choices"": [""描写夏天的成语"", ""小学教辅常见成语"", ""很少的几句话"", ""不由得产生敬意""]}"
idiom,L3,,小学教辅常见成语（四字）,求真务实,成语;综合;小升初高频,小学成语培优全书·教辅常见,idiom-l3-1416,idiom:求真务实,recite,idiom:求真务实,求真务实,recite,all,
idiom,L3,,下面的写法对不对？,错,成语;综合;小升初高频,小学成语培优全书·教辅常见,idiom-l3-1416:char_judge,idiom:求真务实,char_judge,idiom:求真务实,求真务实,char_judge,lower,"{""display"": ""求真甲实""}"
idiom,L3,,「求真务实」的意思是？,小学教辅常见成语,成语;综合;小升初高频,小学成语培优全书·教辅常见,idiom-l3-1416:meaning_choice,idiom:求真务实,meaning_choice,idiom:求真务实,求真务实,meaning_choice,upper,"{""choices"": [""精神力气都用尽了"", ""小学教辅常见成语"", ""费尽心思"", ""柳树绿、花儿红""]}"
idiom,L3,,小学教辅常见成语（四字）,江郎才尽,成语;综合;小升初高频,小学成语培优全书·教辅常见,idiom-l3-1417,idiom:江郎才尽,recite,idiom:江郎才尽,江郎才尽,recite,all,
idiom,L3,,下面的写法对不对？,错,成语;综合;小升初高频,小学成语培优全书·教辅常见,idiom-l3-1417:char_judge,idiom:江郎才尽,char_judge,idiom:江郎才尽,江郎才尽,char_judge,lower,"{""display"": ""江郎才甲""}"
idiom,L3,,「江郎才尽」的意思是？,小学教辅常见成语,成语;综合;小升初高频,小学成语培优全书·教辅常见,idiom-l3-1417:meaning_choice,idiom:江郎才尽,meaning_choice,idiom:江郎才尽,江郎才尽,meaning_choice,upper,"{""choices"": [""在困难时给人帮助"", ""一眼望不到边"", ""侥幸逃脱的人"", ""小学教辅常见成语""]}"
idiom,L3,,小学教辅常见成语（四字）,沉默寡言,成语;综合;小升初高频,小学成语培优全书·教辅常见,idiom-l3-1418,idiom:沉默寡言,recite,idiom:沉默寡言,沉默寡言,recite,all,
idiom,L3,,下面的写法对不对？,错,成语;综合;小升初高频,小学成语培优全书·教辅常见,idiom-l3-1418:char_judge,idiom:沉默寡言,char_judge,idiom:沉默寡言,沉默寡言,char_judge,lower,"{""display"": ""沉甲寡言""}"
idiom,L3,,「沉默寡言」的意思是？,小学教辅常见成语,成语;综合;小升初高频,小学成语培优全书·教辅常见,idiom-l3-1418:meaning_choice,idiom:沉默寡言,meaning_choice,idiom:沉默寡言,沉默寡言,meaning_choice,upper,"{""choices"": [""累得一点力气也没有"", ""小学教辅常见成语"", ""不说话"", ""能听见邻家鸡狗的叫声，形容住得近""]}"
idiom,L3,,小学教辅常见成语（四字）,沧海桑田,成语;综合;小升初高频,小学成语培优全书·教辅常见,idiom-l3-1420,idiom:沧海桑田,recite,idiom:沧海桑田,沧海桑田,recite,all,
idiom,L3,,下面的写法对不对？,错,成语;综合;小升初高频,小学成语培优全书·教辅常见,idiom-l3-1420:char_judge,idiom:沧海桑田,char_judge,idiom:沧海桑田,沧海桑田,char_judge,lower,"{""display"": ""沧甲桑田""}"
idiom,L3,,「沧海桑田」的意思是？,小学教辅常见成语,成语;综合;小升初高频,小学成语培优全书·教辅常见,idiom-l3-1420:meaning_choice,idiom:沧海桑田,meaning_choice,idiom:沧海桑田,沧海桑田,meaning_choice,upper,"{""choices"": [""完全看不见了"", ""想出和别人不一样的办法"", ""小学教辅常见成语"", ""很多花一起开""]}"
idiom,L3,,小学教辅常见成语（四字）,油嘴滑舌,成语;综合;小升初高频,小学成语培优全书·教辅常见,idiom-l3-1421,idiom:油嘴滑舌,recite,idiom:油嘴滑舌,油嘴滑舌,recite,all,
idiom,L3,,下面的写法对不对？,错,成语;综合;小升初高频,小学成语培优全书·教辅常见,idiom-l3-1421:char_judge,idiom:油嘴滑舌,char_judge,idiom:油嘴滑舌,油嘴滑舌,char_judge,lower,"{""display"": ""油甲滑舌""}"
idiom,L3,,「油嘴滑舌」的意思是？,小学教辅常见成语,成语;综合;小升初高频,小学成语培优全书·教辅常见,idiom-l3-1421:meaning_choice,idiom:油嘴滑舌,meaning_choice,idiom:油嘴滑舌,油嘴滑舌,meaning_choice,upper,"{""choices"": [""全国各地，四面八方"", ""力量非常强大"", ""得意得忘了自己是谁"", ""小学教辅常见成语""]}"
idiom,L3,,小学教辅常见成语（四字）,治病救人,成语;综合;小升初高频,小学成语培优全书·教辅常见,idiom-l3-1422,idiom:治病救人,recite,idiom:治病救人,治病救人,recite,all,
idiom,L3,,下面的写法对不对？,错,成语;综合;小升初高频,小学成语培优全书·教辅常见,idiom-l3-1422:char_judge,idiom:治病救人,char_judge,idiom:治病救人,治病救人,char_judge,lower,"{""display"": ""治病甲人""}"
idiom,L3,,「治病救人」的意思是？,小学教辅常见成语,成语;综合;小升初高频,小学成语培优全书·教辅常见,idiom-l3-1422:meaning_choice,idiom:治病救人,meaning_choice,idiom:治病救人,治病救人,meaning_choice,upper,"{""choices"": [""小学教辅常见成语"", ""生活安定，工作愉快"", ""泉水发出叮咚声"", ""战争造成的混乱""]}"
idiom,L3,,小学教辅常见成语（四字）,泥牛入海,成语;综合;小升初高频,小学成语培优全书·教辅常见,idiom-l3-1423,idiom:泥牛入海,recite,idiom:泥牛入海,泥牛入海,recite,all,
idiom,L3,,下面的写法对不对？,错,成语;综合;小升初高频,小学成语培优全书·教辅常见,idiom-l3-1423:char_judge,idiom:泥牛入海,char_judge,idiom:泥牛入海,泥牛入海,char_judge,lower,"{""display"": ""泥甲入海""}"
idiom,L3,,「泥牛入海」的意思是？,小学教辅常见成语,成语;综合;小升初高频,小学成语培优全书·教辅常见,idiom-l3-1423:meaning_choice,idiom:泥牛入海,meaning_choice,idiom:泥牛入海,泥牛入海,meaning_choice,upper,"{""choices"": [""小学教辅常见成语"", ""政事顺利，百姓和睦"", ""人工比自然还精巧"", ""嘴里很干""]}"
idiom,L3,,小学教辅常见成语（四字）,泪流满面,成语;综合;小升初高频,小学成语培优全书·教辅常见,idiom-l3-1424,idiom:泪流满面,recite,idiom:泪流满面,泪流满面,recite,all,
idiom,L3,,下面的写法对不对？,错,成语;综合;小升初高频,小学成语培优全书·教辅常见,idiom-l3-1424:char_judge,idiom:泪流满面,char_judge,idiom:泪流满面,泪流满面,char_judge,lower,"{""display"": ""泪流甲面""}"
idiom,L3,,「泪流满面」的意思是？,小学教辅常见成语,成语;综合;小升初高频,小学成语培优全书·教辅常见,idiom-l3-1424:meaning_choice,idiom:泪流满面,meaning_choice,idiom:泪流满面,泪流满面,meaning_choice,upper,"{""choices"": [""小学教辅常见成语"", ""出自历史故事的成语"", ""出自历史故事的成语"", ""出自历史故事的成语""]}"
idiom,L3,,小学教辅常见成语（四字）,泰然自若,成语;综合;小升初高频,小学成语培优全书·教辅常见,idiom-l3-1425,idiom:泰然自若,recite,idiom:泰然自若,泰然自若,recite,all,
idiom,L3,,下面的写法对不对？,错,成语;综合;小升初高频,小学成语培优全书·教辅常见,idiom-l3-1425:char_judge,idiom:泰然自若,char_judge,idiom:泰然自若,泰然自若,char_judge,lower,"{""display"": ""泰然自甲""}"
idiom,L3,,「泰然自若」的意思是？,小学教辅常见成语,成语;综合;小升初高频,小学成语培优全书·教辅常见,idiom-l3-1425:meaning_choice,idiom:泰然自若,meaning_choice,idiom:泰然自若,泰然自若,meaning_choice,upper,"{""choices"": [""小学教辅常见成语"", ""描写品质的成语"", ""描写品质的成语"", ""在困难时给人帮助""]}"
idiom,L3,,小学教辅常见成语（四字）,泾渭分明,成语;综合;小升初高频,小学成语培优全书·教辅常见,idiom-l3-1426,idiom:泾渭分明,recite,idiom:泾渭分明,泾渭分明,recite,all,
idiom,L3,,下面的写法对不对？,错,成语;综合;小升初高频,小学成语培优全书·教辅常见,idiom-l3-1426:char_judge,idiom:泾渭分明,char_judge,idiom:泾渭分明,泾渭分明,char_judge,lower,"{""display"": ""泾渭分甲""}"
idiom,L3,,「泾渭分明」的意思是？,小学教辅常见成语,成语;综合;小升初高频,小学成语培优全书·教辅常见,idiom-l3-1426:meaning_choice,idiom:泾渭分明,meaning_choice,idiom:泾渭分明,泾渭分明,meaning_choice,upper,"{""choices"": [""脸上很有光彩、很有精神"", ""本领特别大"", ""小学教辅常见成语"", ""心里着急、烦躁""]}"
idiom,L3,,小学教辅常见成语（四字）,洁身自好,成语;综合;小升初高频,小学成语培优全书·教辅常见,idiom-l3-1427,idiom:洁身自好,recite,idiom:洁身自好,洁身自好,recite,all,
idiom,L3,,下面的写法对不对？,对,成语;综合;小升初高频,小学成语培优全书·教辅常见,idiom-l3-1427:char_judge,idiom:洁身自好,char_judge,idiom:洁身自好,洁身自好,char_judge,lower,"{""display"": ""洁身自好""}"
idiom,L3,,「洁身自好」的意思是？,小学教辅常见成语,成语;综合;小升初高频,小学成语培优全书·教辅常见,idiom-l3-1427:meaning_choice,idiom:洁身自好,meaning_choice,idiom:洁身自好,洁身自好,meaning_choice,upper,"{""choices"": [""不止一个，还有配对的"", ""小学教辅常见成语"", ""本领很大，像能驾着云雾飞"", ""蔺相如在渑池会上维护赵国尊严""]}"
idiom,L3,,小学教辅常见成语（四字）,洗耳恭听,成语;综合;小升初高频,小学成语培优全书·教辅常见,idiom-l3-1428,idiom:洗耳恭听,recite,idiom:洗耳恭听,洗耳恭听,recite,all,
idiom,L3,,下面的写法对不对？,错,成语;综合;小升初高频,小学成语培优全书·教辅常见,idiom-l3-1428:char_judge,idiom:洗耳恭听,char_judge,idiom:洗耳恭听,洗耳恭听,char_judge,lower,"{""display"": ""洗甲恭听""}"
idiom,L3,,「洗耳恭听」的意思是？,小学教辅常见成语,成语;综合;小升初高频,小学成语培优全书·教辅常见,idiom-l3-1428:meaning_choice,idiom:洗耳恭听,meaning_choice,idiom:洗耳恭听,洗耳恭听,meaning_choice,upper,"{""choices"": [""得到帮助后更强"", ""小学教辅常见成语"", ""自然界最美的声音"", ""到处是冰和雪""]}"
idiom,L3,,小学教辅常见成语（四字）,活灵活现,成语;综合;小升初高频,小学成语培优全书·教辅常见,idiom-l3-1429,idiom:活灵活现,recite,idiom:活灵活现,活灵活现,recite,all,
idiom,L3,,下面的写法对不对？,对,成语;综合;小升初高频,小学成语培优全书·教辅常见,idiom-l3-1429:char_judge,idiom:活灵活现,char_judge,idiom:活灵活现,活灵活现,char_judge,lower,"{""display"": ""活灵活现""}"
idiom,L3,,「活灵活现」的意思是？,小学教辅常见成语,成语;综合;小升初高频,小学成语培优全书·教辅常见,idiom-l3-1429:meaning_choice,idiom:活灵活现,meaning_choice,idiom:活灵活现,活灵活现,meaning_choice,upper,"{""choices"": [""小学教辅常见成语"", ""无法想象，很难理解"", ""天空蓝得像洗过一样"", ""精简机构、减少人员""]}"
idiom,L3,,小学教辅常见成语（四字）,流连忘返,成语;综合;小升初高频,小学成语培优全书·教辅常见,idiom-l3-1430,idiom:流连忘返,recite,idiom:流连忘返,流连忘返,recite,all,
idiom,L3,,下面的写法对不对？,错,成语;综合;小升初高频,小学成语培优全书·教辅常见,idiom-l3-1430:char_judge,idiom:流连忘返,char_judge,idiom:流连忘返,流连忘返,char_judge,lower,"{""display"": ""流甲忘返""}"
idiom,L3,,「流连忘返」的意思是？,小学教辅常见成语,成语;综合;小升初高频,小学成语培优全书·教辅常见,idiom-l3-1430:meaning_choice,idiom:流连忘返,meaning_choice,idiom:流连忘返,流连忘返,meaning_choice,upper,"{""choices"": [""本领很大，像能驾着云雾飞"", ""小学教辅常见成语"", ""眼睛手都很快"", ""声势或影响极大""]}"
idiom,L3,,小学教辅常见成语（四字）,浅尝辄止,成语;综合;小升初高频,小学成语培优全书·教辅常见,idiom-l3-1431,idiom:浅尝辄止,recite,idiom:浅尝辄止,浅尝辄止,recite,all,
idiom,L3,,下面的写法对不对？,对,成语;综合;小升初高频,小学成语培优全书·教辅常见,idiom-l3-1431:char_judge,idiom:浅尝辄止,char_judge,idiom:浅尝辄止,浅尝辄止,char_judge,lower,"{""display"": ""浅尝辄止""}"
idiom,L3,,「浅尝辄止」的意思是？,小学教辅常见成语,成语;综合;小升初高频,小学成语培优全书·教辅常见,idiom-l3-1431:meaning_choice,idiom:浅尝辄止,meaning_choice,idiom:浅尝辄止,浅尝辄止,meaning_choice,upper,"{""choices"": [""小学教辅常见成语"", ""描写冬天的成语"", ""描写冬天的成语"", ""笑得直不起腰""]}"
idiom,L3,,小学教辅常见成语（四字）,浩如烟海,成语;综合;小升初高频,小学成语培优全书·教辅常见,idiom-l3-1432,idiom:浩如烟海,recite,idiom:浩如烟海,浩如烟海,recite,all,
idiom,L3,,下面的写法对不对？,对,成语;综合;小升初高频,小学成语培优全书·教辅常见,idiom-l3-1432:char_judge,idiom:浩如烟海,char_judge,idiom:浩如烟海,浩如烟海,char_judge,lower,"{""display"": ""浩如烟海""}"
idiom,L3,,「浩如烟海」的意思是？,小学教辅常见成语,成语;综合;小升初高频,小学成语培优全书·教辅常见,idiom-l3-1432:meaning_choice,idiom:浩如烟海,meaning_choice,idiom:浩如烟海,浩如烟海,meaning_choice,upper,"{""choices"": [""高兴得快要发狂"", ""着急或高兴得又抓耳朵又挠腮"", ""小学教辅常见成语"", ""形象生动得像活的一样""]}"
idiom,L3,,小学教辅常见成语（四字）,浮光掠影,成语;综合;小升初高频,小学成语培优全书·教辅常见,idiom-l3-1433,idiom:浮光掠影,recite,idiom:浮光掠影,浮光掠影,recite,all,
idiom,L3,,下面的写法对不对？,对,成语;综合;小升初高频,小学成语培优全书·教辅常见,idiom-l3-1433:char_judge,idiom:浮光掠影,char_judge,idiom:浮光掠影,浮光掠影,char_judge,lower,"{""display"": ""浮光掠影""}"
idiom,L3,,「浮光掠影」的意思是？,小学教辅常见成语,成语;综合;小升初高频,小学成语培优全书·教辅常见,idiom-l3-1433:meaning_choice,idiom:浮光掠影,meaning_choice,idiom:浮光掠影,浮光掠影,meaning_choice,upper,"{""choices"": [""小学教辅常见成语"", ""着急或高兴得又抓耳朵又挠腮"", ""侥幸逃脱的人"", ""什么都伤害不了""]}"
idiom,L3,,小学教辅常见成语（四字）,海市蜃楼,成语;综合;小升初高频,小学成语培优全书·教辅常见,idiom-l3-1434,idiom:海市蜃楼,recite,idiom:海市蜃楼,海市蜃楼,recite,all,
idiom,L3,,下面的写法对不对？,对,成语;综合;小升初高频,小学成语培优全书·教辅常见,idiom-l3-1434:char_judge,idiom:海市蜃楼,char_judge,idiom:海市蜃楼,海市蜃楼,char_judge,lower,"{""display"": ""海市蜃楼""}"
idiom,L3,,「海市蜃楼」的意思是？,小学教辅常见成语,成语;综合;小升初高频,小学成语培优全书·教辅常见,idiom-l3-1434:meaning_choice,idiom:海市蜃楼,meaning_choice,idiom:海市蜃楼,海市蜃楼,meaning_choice,upper,"{""choices"": [""AABC 结构的成语"", ""AABC 结构的成语"", ""AABC 结构的成语"", ""小学教辅常见成语""]}"
idiom,L3,,小学教辅常见成语（四字）,海底捞针,成语;综合;小升初高频,小学成语培优全书·教辅常见,idiom-l3-1435,idiom:海底捞针,recite,idiom:海底捞针,海底捞针,recite,all,
idiom,L3,,下面的写法对不对？,错,成语;综合;小升初高频,小学成语培优全书·教辅常见,idiom-l3-1435:char_judge,idiom:海底捞针,char_judge,idiom:海底捞针,海底捞针,char_judge,lower,"{""display"": ""海甲捞针""}"
idiom,L3,,「海底捞针」的意思是？,小学教辅常见成语,成语;综合;小升初高频,小学成语培优全书·教辅常见,idiom-l3-1435:meaning_choice,idiom:海底捞针,meaning_choice,idiom:海底捞针,海底捞针,meaning_choice,upper,"{""choices"": [""小学教辅常见成语"", ""AABB 结构的成语"", ""AABB 结构的成语"", ""AABB 结构的成语""]}"
idiom,L3,,小学教辅常见成语（四字）,海阔天空,成语;综合;小升初高频,小学成语培优全书·教辅常见,idiom-l3-1436,idiom:海阔天空,recite,idiom:海阔天空,海阔天空,recite,all,
idiom,L3,,下面的写法对不对？,对,成语;综合;小升初高频,小学成语培优全书·教辅常见,idiom-l3-1436:char_judge,idiom:海阔天空,char_judge,idiom:海阔天空,海阔天空,char_judge,lower,"{""display"": ""海阔天空""}"
idiom,L3,,「海阔天空」的意思是？,小学教辅常见成语,成语;综合;小升初高频,小学成语培优全书·教辅常见,idiom-l3-1436:meaning_choice,idiom:海阔天空,meaning_choice,idiom:海阔天空,海阔天空,meaning_choice,upper,"{""choices"": [""气势很大、规模很大"", ""没有尽头"", ""小学教辅常见成语"", ""出主意、想办法""]}"
idiom,L3,,小学教辅常见成语（四字）,淋漓尽致,成语;综合;小升初高频,小学成语培优全书·教辅常见,idiom-l3-1437,idiom:淋漓尽致,recite,idiom:淋漓尽致,淋漓尽致,recite,all,
idiom,L3,,下面的写法对不对？,错,成语;综合;小升初高频,小学成语培优全书·教辅常见,idiom-l3-1437:char_judge,idiom:淋漓尽致,char_judge,idiom:淋漓尽致,淋漓尽致,char_judge,lower,"{""display"": ""甲漓尽致""}"
idiom,L3,,「淋漓尽致」的意思是？,小学教辅常见成语,成语;综合;小升初高频,小学成语培优全书·教辅常见,idiom-l3-1437:meaning_choice,idiom:淋漓尽致,meaning_choice,idiom:淋漓尽致,淋漓尽致,meaning_choice,upper,"{""choices"": [""恭敬地向老师求教"", ""失去信心，情绪低落"", ""占据高处，向下俯视"", ""小学教辅常见成语""]}"
idiom,L3,,小学教辅常见成语（四字）,深入浅出,成语;综合;小升初高频,小学成语培优全书·教辅常见,idiom-l3-1438,idiom:深入浅出,recite,idiom:深入浅出,深入浅出,recite,all,
idiom,L3,,下面的写法对不对？,错,成语;综合;小升初高频,小学成语培优全书·教辅常见,idiom-l3-1438:char_judge,idiom:深入浅出,char_judge,idiom:深入浅出,深入浅出,char_judge,lower,"{""display"": ""深入甲出""}"
idiom,L3,,「深入浅出」的意思是？,小学教辅常见成语,成语;综合;小升初高频,小学成语培优全书·教辅常见,idiom-l3-1438:meaning_choice,idiom:深入浅出,meaning_choice,idiom:深入浅出,深入浅出,meaning_choice,upper,"{""choices"": [""完全看不见了"", ""小学教辅常见成语"", ""遇到危险也不害怕"", ""描写品质的成语""]}"
idiom,L3,,小学教辅常见成语（四字）,深谋远虑,成语;综合;小升初高频,小学成语培优全书·教辅常见,idiom-l3-1439,idiom:深谋远虑,recite,idiom:深谋远虑,深谋远虑,recite,all,
idiom,L3,,下面的写法对不对？,对,成语;综合;小升初高频,小学成语培优全书·教辅常见,idiom-l3-1439:char_judge,idiom:深谋远虑,char_judge,idiom:深谋远虑,深谋远虑,char_judge,lower,"{""display"": ""深谋远虑""}"
idiom,L3,,「深谋远虑」的意思是？,小学教辅常见成语,成语;综合;小升初高频,小学成语培优全书·教辅常见,idiom-l3-1439:meaning_choice,idiom:深谋远虑,meaning_choice,idiom:深谋远虑,深谋远虑,meaning_choice,upper,"{""choices"": [""关键处一点就使整体生动"", ""自然界最美的声音"", ""小学教辅常见成语"", ""经历过很多艰苦""]}"
idiom,L3,,小学教辅常见成语（四字）,混淆是非,成语;综合;小升初高频,小学成语培优全书·教辅常见,idiom-l3-1440,idiom:混淆是非,recite,idiom:混淆是非,混淆是非,recite,all,
idiom,L3,,下面的写法对不对？,错,成语;综合;小升初高频,小学成语培优全书·教辅常见,idiom-l3-1440:char_judge,idiom:混淆是非,char_judge,idiom:混淆是非,混淆是非,char_judge,lower,"{""display"": ""混甲是非""}"
idiom,L3,,「混淆是非」的意思是？,小学教辅常见成语,成语;综合;小升初高频,小学成语培优全书·教辅常见,idiom-l3-1440:meaning_choice,idiom:混淆是非,meaning_choice,idiom:混淆是非,混淆是非,meaning_choice,upper,"{""choices"": [""形象生动得像活的一样"", ""情绪非常激动"", ""小学教辅常见成语"", ""不清楚、弄不明白""]}"
idiom,L3,,小学教辅常见成语（四字）,混淆黑白,成语;综合;小升初高频,小学成语培优全书·教辅常见,idiom-l3-1441,idiom:混淆黑白,recite,idiom:混淆黑白,混淆黑白,recite,all,
idiom,L3,,下面的写法对不对？,错,成语;综合;小升初高频,小学成语培优全书·教辅常见,idiom-l3-1441:char_judge,idiom:混淆黑白,char_judge,idiom:混淆黑白,混淆黑白,char_judge,lower,"{""display"": ""甲淆黑白""}"
idiom,L3,,「混淆黑白」的意思是？,小学教辅常见成语,成语;综合;小升初高频,小学成语培优全书·教辅常见,idiom-l3-1441:meaning_choice,idiom:混淆黑白,meaning_choice,idiom:混淆黑白,混淆黑白,meaning_choice,upper,"{""choices"": [""无家可归，四处流浪"", ""鸟儿叫、花儿香"", ""小学教辅常见成语"", ""样子各不相同""]}"
idiom,L3,,小学教辅常见成语（四字）,添油加醋,成语;综合;小升初高频,小学成语培优全书·教辅常见,idiom-l3-1442,idiom:添油加醋,recite,idiom:添油加醋,添油加醋,recite,all,
idiom,L3,,下面的写法对不对？,错,成语;综合;小升初高频,小学成语培优全书·教辅常见,idiom-l3-1442:char_judge,idiom:添油加醋,char_judge,idiom:添油加醋,添油加醋,char_judge,lower,"{""display"": ""添油甲醋""}"
idiom,L3,,「添油加醋」的意思是？,小学教辅常见成语,成语;综合;小升初高频,小学成语培优全书·教辅常见,idiom-l3-1442:meaning_choice,idiom:添油加醋,meaning_choice,idiom:添油加醋,添油加醋,meaning_choice,upper,"{""choices"": [""桂花香气飘散"", ""小学教辅常见成语"", ""这边看看那边看看"", ""这边看看那边看看""]}"
idiom,L3,,小学教辅常见成语（四字）,清规戒律,成语;综合;小升初高频,小学成语培优全书·教辅常见,idiom-l3-1443,idiom:清规戒律,recite,idiom:清规戒律,清规戒律,recite,all,
idiom,L3,,下面的写法对不对？,错,成语;综合;小升初高频,小学成语培优全书·教辅常见,idiom-l3-1443:char_judge,idiom:清规戒律,char_judge,idiom:清规戒律,清规戒律,char_judge,lower,"{""display"": ""清甲戒律""}"
idiom,L3,,「清规戒律」的意思是？,小学教辅常见成语,成语;综合;小升初高频,小学成语培优全书·教辅常见,idiom-l3-1443:meaning_choice,idiom:清规戒律,meaning_choice,idiom:清规戒律,清规戒律,meaning_choice,upper,"{""choices"": [""刻苦学习，不敢打瞌睡"", ""风景优美"", ""形容艺术水平的成语"", ""小学教辅常见成语""]}"
idiom,L3,,小学教辅常见成语（四字）,渐入佳境,成语;综合;小升初高频,小学成语培优全书·教辅常见,idiom-l3-1444,idiom:渐入佳境,recite,idiom:渐入佳境,渐入佳境,recite,all,
idiom,L3,,下面的写法对不对？,对,成语;综合;小升初高频,小学成语培优全书·教辅常见,idiom-l3-1444:char_judge,idiom:渐入佳境,char_judge,idiom:渐入佳境,渐入佳境,char_judge,lower,"{""display"": ""渐入佳境""}"
idiom,L3,,「渐入佳境」的意思是？,小学教辅常见成语,成语;综合;小升初高频,小学成语培优全书·教辅常见,idiom-l3-1444:meaning_choice,idiom:渐入佳境,meaning_choice,idiom:渐入佳境,渐入佳境,meaning_choice,upper,"{""choices"": [""大体很好，还有一点缺憾"", ""小学教辅常见成语"", ""舍不得离开"", ""百姓生活在极端困苦中""]}"
idiom,L3,,小学教辅常见成语（四字）,温故知新,成语;综合;小升初高频,小学成语培优全书·教辅常见,idiom-l3-1445,idiom:温故知新,recite,idiom:温故知新,温故知新,recite,all,
idiom,L3,,下面的写法对不对？,对,成语;综合;小升初高频,小学成语培优全书·教辅常见,idiom-l3-1445:char_judge,idiom:温故知新,char_judge,idiom:温故知新,温故知新,char_judge,lower,"{""display"": ""温故知新""}"
idiom,L3,,「温故知新」的意思是？,小学教辅常见成语,成语;综合;小升初高频,小学成语培优全书·教辅常见,idiom-l3-1445:meaning_choice,idiom:温故知新,meaning_choice,idiom:温故知新,温故知新,meaning_choice,upper,"{""choices"": [""什么都伤害不了"", ""完全看不见了"", ""小学教辅常见成语"", ""风景优美""]}"
idiom,L3,,小学教辅常见成语（四字）,游刃有余,成语;综合;小升初高频,小学成语培优全书·教辅常见,idiom-l3-1446,idiom:游刃有余,recite,idiom:游刃有余,游刃有余,recite,all,
idiom,L3,,下面的写法对不对？,错,成语;综合;小升初高频,小学成语培优全书·教辅常见,idiom-l3-1446:char_judge,idiom:游刃有余,char_judge,idiom:游刃有余,游刃有余,char_judge,lower,"{""display"": ""游甲有余""}"
idiom,L3,,「游刃有余」的意思是？,小学教辅常见成语,成语;综合;小升初高频,小学成语培优全书·教辅常见,idiom-l3-1446:meaning_choice,idiom:游刃有余,meaning_choice,idiom:游刃有余,游刃有余,meaning_choice,upper,"{""choices"": [""各自拿出本事"", ""完全看不见了"", ""恭敬地向老师求教"", ""小学教辅常见成语""]}"
idiom,L3,,小学教辅常见成语（四字）,游手好闲,成语;综合;小升初高频,小学成语培优全书·教辅常见,idiom-l3-1447,idiom:游手好闲,recite,idiom:游手好闲,游手好闲,recite,all,
idiom,L3,,下面的写法对不对？,对,成语;综合;小升初高频,小学成语培优全书·教辅常见,idiom-l3-1447:char_judge,idiom:游手好闲,char_judge,idiom:游手好闲,游手好闲,char_judge,lower,"{""display"": ""游手好闲""}"
idiom,L3,,「游手好闲」的意思是？,小学教辅常见成语,成语;综合;小升初高频,小学成语培优全书·教辅常见,idiom-l3-1447:meaning_choice,idiom:游手好闲,meaning_choice,idiom:游手好闲,游手好闲,meaning_choice,upper,"{""choices"": [""得到帮助后更强"", ""想尽办法读书"", ""气势使人敬畏"", ""小学教辅常见成语""]}"
idiom,L3,,小学教辅常见成语（四字）,溜之大吉,成语;综合;小升初高频,小学成语培优全书·教辅常见,idiom-l3-1448,idiom:溜之大吉,recite,idiom:溜之大吉,溜之大吉,recite,all,
idiom,L3,,下面的写法对不对？,错,成语;综合;小升初高频,小学成语培优全书·教辅常见,idiom-l3-1448:char_judge,idiom:溜之大吉,char_judge,idiom:溜之大吉,溜之大吉,char_judge,lower,"{""display"": ""溜之太吉""}"
idiom,L3,,「溜之大吉」的意思是？,小学教辅常见成语,成语;综合;小升初高频,小学成语培优全书·教辅常见,idiom-l3-1448:meaning_choice,idiom:溜之大吉,meaning_choice,idiom:溜之大吉,溜之大吉,meaning_choice,upper,"{""choices"": [""描写夏天的成语"", ""描写夏天的成语"", ""字写得有气势"", ""小学教辅常见成语""]}"
idiom,L3,,小学教辅常见成语（四字）,满不在乎,成语;综合;小升初高频,小学成语培优全书·教辅常见,idiom-l3-1449,idiom:满不在乎,recite,idiom:满不在乎,满不在乎,recite,all,
idiom,L3,,下面的写法对不对？,错,成语;综合;小升初高频,小学成语培优全书·教辅常见,idiom-l3-1449:char_judge,idiom:满不在乎,char_judge,idiom:满不在乎,满不在乎,char_judge,lower,"{""display"": ""满不在甲""}"
idiom,L3,,「满不在乎」的意思是？,小学教辅常见成语,成语;综合;小升初高频,小学成语培优全书·教辅常见,idiom-l3-1449:meaning_choice,idiom:满不在乎,meaning_choice,idiom:满不在乎,满不在乎,meaning_choice,upper,"{""choices"": [""到处是冰和雪"", ""举止文雅"", ""战争造成的混乱"", ""小学教辅常见成语""]}"
idiom,L3,,小学教辅常见成语（四字）,满腹经纶,成语;综合;小升初高频,小学成语培优全书·教辅常见,idiom-l3-1450,idiom:满腹经纶,recite,idiom:满腹经纶,满腹经纶,recite,all,
idiom,L3,,下面的写法对不对？,对,成语;综合;小升初高频,小学成语培优全书·教辅常见,idiom-l3-1450:char_judge,idiom:满腹经纶,char_judge,idiom:满腹经纶,满腹经纶,char_judge,lower,"{""display"": ""满腹经纶""}"
idiom,L3,,「满腹经纶」的意思是？,小学教辅常见成语,成语;综合;小升初高频,小学成语培优全书·教辅常见,idiom-l3-1450:meaning_choice,idiom:满腹经纶,meaning_choice,idiom:满腹经纶,满腹经纶,meaning_choice,upper,"{""choices"": [""本领特别大"", ""只剩下一口气，快不行了"", ""小学教辅常见成语"", ""样子各不相同""]}"
idiom,L3,,小学教辅常见成语（四字）,满载而归,成语;综合;小升初高频,小学成语培优全书·教辅常见,idiom-l3-1451,idiom:满载而归,recite,idiom:满载而归,满载而归,recite,all,
idiom,L3,,下面的写法对不对？,错,成语;综合;小升初高频,小学成语培优全书·教辅常见,idiom-l3-1451:char_judge,idiom:满载而归,char_judge,idiom:满载而归,满载而归,char_judge,lower,"{""display"": ""甲载而归""}"
idiom,L3,,「满载而归」的意思是？,小学教辅常见成语,成语;综合;小升初高频,小学成语培优全书·教辅常见,idiom-l3-1451:meaning_choice,idiom:满载而归,meaning_choice,idiom:满载而归,满载而归,meaning_choice,upper,"{""choices"": [""泉水发出叮咚声"", ""小学教辅常见成语"", ""很想马上试一试"", ""着急或高兴得又抓耳朵又挠腮""]}"
idiom,L3,,小学教辅常见成语（四字）,漫不经心,成语;综合;小升初高频,小学成语培优全书·教辅常见,idiom-l3-1452,idiom:漫不经心,recite,idiom:漫不经心,漫不经心,recite,all,
idiom,L3,,下面的写法对不对？,错,成语;综合;小升初高频,小学成语培优全书·教辅常见,idiom-l3-1452:char_judge,idiom:漫不经心,char_judge,idiom:漫不经心,漫不经心,char_judge,lower,"{""display"": ""漫步经心""}"
idiom,L3,,「漫不经心」的意思是？,小学教辅常见成语,成语;综合;小升初高频,小学成语培优全书·教辅常见,idiom-l3-1452:meaning_choice,idiom:漫不经心,meaning_choice,idiom:漫不经心,漫不经心,meaning_choice,upper,"{""choices"": [""在风里飘动"", ""小学教辅常见成语"", ""几句话就说完"", ""不说话""]}"
idiom,L3,,小学教辅常见成语（四字）,潜移默化,成语;综合;小升初高频,小学成语培优全书·教辅常见,idiom-l3-1453,idiom:潜移默化,recite,idiom:潜移默化,潜移默化,recite,all,
idiom,L3,,下面的写法对不对？,对,成语;综合;小升初高频,小学成语培优全书·教辅常见,idiom-l3-1453:char_judge,idiom:潜移默化,char_judge,idiom:潜移默化,潜移默化,char_judge,lower,"{""display"": ""潜移默化""}"
idiom,L3,,「潜移默化」的意思是？,小学教辅常见成语,成语;综合;小升初高频,小学成语培优全书·教辅常见,idiom-l3-1453:meaning_choice,idiom:潜移默化,meaning_choice,idiom:潜移默化,潜移默化,meaning_choice,upper,"{""choices"": [""气势像高山大河一样雄伟"", ""事故很多的时期"", ""自己骗自己"", ""小学教辅常见成语""]}"
idiom,L3,,小学教辅常见成语（四字）,激昂慷慨,成语;综合;小升初高频,小学成语培优全书·教辅常见,idiom-l3-1454,idiom:激昂慷慨,recite,idiom:激昂慷慨,激昂慷慨,recite,all,
idiom,L3,,下面的写法对不对？,对,成语;综合;小升初高频,小学成语培优全书·教辅常见,idiom-l3-1454:char_judge,idiom:激昂慷慨,char_judge,idiom:激昂慷慨,激昂慷慨,char_judge,lower,"{""display"": ""激昂慷慨""}"
idiom,L3,,「激昂慷慨」的意思是？,小学教辅常见成语,成语;综合;小升初高频,小学成语培优全书·教辅常见,idiom-l3-1454:meaning_choice,idiom:激昂慷慨,meaning_choice,idiom:激昂慷慨,激昂慷慨,meaning_choice,upper,"{""choices"": [""小学教辅常见成语"", ""不清楚、弄不明白"", ""一眼望不到边"", ""头发白了，脸色却像小孩一样红润""]}"
idiom,L3,,小学教辅常见成语（四字）,火上浇油,成语;综合;小升初高频,小学成语培优全书·教辅常见,idiom-l3-1455,idiom:火上浇油,recite,idiom:火上浇油,火上浇油,recite,all,
idiom,L3,,下面的写法对不对？,错,成语;综合;小升初高频,小学成语培优全书·教辅常见,idiom-l3-1455:char_judge,idiom:火上浇油,char_judge,idiom:火上浇油,火上浇油,char_judge,lower,"{""display"": ""甲上浇油""}"
idiom,L3,,「火上浇油」的意思是？,小学教辅常见成语,成语;综合;小升初高频,小学成语培优全书·教辅常见,idiom-l3-1455:meaning_choice,idiom:火上浇油,meaning_choice,idiom:火上浇油,火上浇油,meaning_choice,upper,"{""choices"": [""做事非常顺手"", ""与时间有关的成语"", ""小学教辅常见成语"", ""本领很大，像能驾着云雾飞""]}"
idiom,L3,,小学教辅常见成语（四字）,火光冲天,成语;综合;小升初高频,小学成语培优全书·教辅常见,idiom-l3-1456,idiom:火光冲天,recite,idiom:火光冲天,火光冲天,recite,all,
idiom,L3,,下面的写法对不对？,对,成语;综合;小升初高频,小学成语培优全书·教辅常见,idiom-l3-1456:char_judge,idiom:火光冲天,char_judge,idiom:火光冲天,火光冲天,char_judge,lower,"{""display"": ""火光冲天""}"
idiom,L3,,「火光冲天」的意思是？,小学教辅常见成语,成语;综合;小升初高频,小学成语培优全书·教辅常见,idiom-l3-1456:meaning_choice,idiom:火光冲天,meaning_choice,idiom:火光冲天,火光冲天,meaning_choice,upper,"{""choices"": [""描写心情的成语"", ""小学教辅常见成语"", ""人长寿，收成好"", ""百姓生活在极端困苦中""]}"
idiom,L3,,小学教辅常见成语（四字）,灭顶之灾,成语;综合;小升初高频,小学成语培优全书·教辅常见,idiom-l3-1457,idiom:灭顶之灾,recite,idiom:灭顶之灾,灭顶之灾,recite,all,
idiom,L3,,下面的写法对不对？,错,成语;综合;小升初高频,小学成语培优全书·教辅常见,idiom-l3-1457:char_judge,idiom:灭顶之灾,char_judge,idiom:灭顶之灾,灭顶之灾,char_judge,lower,"{""display"": ""甲顶之灾""}"
idiom,L3,,「灭顶之灾」的意思是？,小学教辅常见成语,成语;综合;小升初高频,小学成语培优全书·教辅常见,idiom-l3-1457:meaning_choice,idiom:灭顶之灾,meaning_choice,idiom:灭顶之灾,灭顶之灾,meaning_choice,upper,"{""choices"": [""美丽得没有谁能比"", ""正宗高雅的音乐"", ""生活在优裕的环境里"", ""小学教辅常见成语""]}"
idiom,L3,,小学教辅常见成语（四字）,炙手可热,成语;综合;小升初高频,小学成语培优全书·教辅常见,idiom-l3-1458,idiom:炙手可热,recite,idiom:炙手可热,炙手可热,recite,all,
idiom,L3,,下面的写法对不对？,对,成语;综合;小升初高频,小学成语培优全书·教辅常见,idiom-l3-1458:char_judge,idiom:炙手可热,char_judge,idiom:炙手可热,炙手可热,char_judge,lower,"{""display"": ""炙手可热""}"
idiom,L3,,「炙手可热」的意思是？,小学教辅常见成语,成语;综合;小升初高频,小学成语培优全书·教辅常见,idiom-l3-1458:meaning_choice,idiom:炙手可热,meaning_choice,idiom:炙手可热,炙手可热,meaning_choice,upper,"{""choices"": [""兴趣很浓"", ""文章或动作很流畅"", ""说得很动听讨人喜欢"", ""小学教辅常见成语""]}"
idiom,L3,,小学教辅常见成语（四字）,点石成金,成语;综合;小升初高频,小学成语培优全书·教辅常见,idiom-l3-1459,idiom:点石成金,recite,idiom:点石成金,点石成金,recite,all,
idiom,L3,,下面的写法对不对？,对,成语;综合;小升初高频,小学成语培优全书·教辅常见,idiom-l3-1459:char_judge,idiom:点石成金,char_judge,idiom:点石成金,点石成金,char_judge,lower,"{""display"": ""点石成金""}"
idiom,L3,,「点石成金」的意思是？,小学教辅常见成语,成语;综合;小升初高频,小学成语培优全书·教辅常见,idiom-l3-1459:meaning_choice,idiom:点石成金,meaning_choice,idiom:点石成金,点石成金,meaning_choice,upper,"{""choices"": [""鸟儿叫、花儿香"", ""脸和耳朵都红了"", ""小学教辅常见成语"", ""声势或影响极大""]}"
idiom,L3,,小学教辅常见成语（四字）,烟雾弥漫,成语;综合;小升初高频,小学成语培优全书·教辅常见,idiom-l3-1460,idiom:烟雾弥漫,recite,idiom:烟雾弥漫,烟雾弥漫,recite,all,
idiom,L3,,下面的写法对不对？,错,成语;综合;小升初高频,小学成语培优全书·教辅常见,idiom-l3-1460:char_judge,idiom:烟雾弥漫,char_judge,idiom:烟雾弥漫,烟雾弥漫,char_judge,lower,"{""display"": ""烟雾弥甲""}"
idiom,L3,,「烟雾弥漫」的意思是？,小学教辅常见成语,成语;综合;小升初高频,小学成语培优全书·教辅常见,idiom-l3-1460:meaning_choice,idiom:烟雾弥漫,meaning_choice,idiom:烟雾弥漫,烟雾弥漫,meaning_choice,upper,"{""choices"": [""书法笔势奔放"", ""刻苦学习，不敢打瞌睡"", ""小学教辅常见成语"", ""全部显露出来，什么也藏不住""]}"
idiom,L3,,小学教辅常见成语（四字）,烟雾缭绕,成语;综合;小升初高频,小学成语培优全书·教辅常见,idiom-l3-1461,idiom:烟雾缭绕,recite,idiom:烟雾缭绕,烟雾缭绕,recite,all,
idiom,L3,,下面的写法对不对？,对,成语;综合;小升初高频,小学成语培优全书·教辅常见,idiom-l3-1461:char_judge,idiom:烟雾缭绕,char_judge,idiom:烟雾缭绕,烟雾缭绕,char_judge,lower,"{""display"": ""烟雾缭绕""}"
idiom,L3,,「烟雾缭绕」的意思是？,小学教辅常见成语,成语;综合;小升初高频,小学成语培优全书·教辅常见,idiom-l3-1461:meaning_choice,idiom:烟雾缭绕,meaning_choice,idiom:烟雾缭绕,烟雾缭绕,meaning_choice,upper,"{""choices"": [""风很轻、雨很细"", ""小学教辅常见成语"", ""遇到危险也不害怕"", ""什么植物都长不出来""]}"
idiom,L3,,小学教辅常见成语（四字）,热泪盈眶,成语;综合;小升初高频,小学成语培优全书·教辅常见,idiom-l3-1462,idiom:热泪盈眶,recite,idiom:热泪盈眶,热泪盈眶,recite,all,
idiom,L3,,下面的写法对不对？,错,成语;综合;小升初高频,小学成语培优全书·教辅常见,idiom-l3-1462:char_judge,idiom:热泪盈眶,char_judge,idiom:热泪盈眶,热泪盈眶,char_judge,lower,"{""display"": ""热泪盈甲""}"
idiom,L3,,「热泪盈眶」的意思是？,小学教辅常见成语,成语;综合;小升初高频,小学成语培优全书·教辅常见,idiom-l3-1462:meaning_choice,idiom:热泪盈眶,meaning_choice,idiom:热泪盈眶,热泪盈眶,meaning_choice,upper,"{""choices"": [""气势像高山大河一样雄伟"", ""冰和雪化了"", ""有些信、有些不信"", ""小学教辅常见成语""]}"
idiom,L3,,小学教辅常见成语（四字）,热火朝天,成语;综合;小升初高频,小学成语培优全书·教辅常见,idiom-l3-1463,idiom:热火朝天,recite,idiom:热火朝天,热火朝天,recite,all,
idiom,L3,,下面的写法对不对？,对,成语;综合;小升初高频,小学成语培优全书·教辅常见,idiom-l3-1463:char_judge,idiom:热火朝天,char_judge,idiom:热火朝天,热火朝天,char_judge,lower,"{""display"": ""热火朝天""}"
idiom,L3,,「热火朝天」的意思是？,小学教辅常见成语,成语;综合;小升初高频,小学成语培优全书·教辅常见,idiom-l3-1463:meaning_choice,idiom:热火朝天,meaning_choice,idiom:热火朝天,热火朝天,meaning_choice,upper,"{""choices"": [""小学教辅常见成语"", ""含有动物的成语"", ""内部困难又加上外来威胁"", ""精神完全集中""]}"
idiom,L3,,小学教辅常见成语（四字）,焦头烂额,成语;综合;小升初高频,小学成语培优全书·教辅常见,idiom-l3-1464,idiom:焦头烂额,recite,idiom:焦头烂额,焦头烂额,recite,all,
idiom,L3,,下面的写法对不对？,对,成语;综合;小升初高频,小学成语培优全书·教辅常见,idiom-l3-1464:char_judge,idiom:焦头烂额,char_judge,idiom:焦头烂额,焦头烂额,char_judge,lower,"{""display"": ""焦头烂额""}"
idiom,L3,,「焦头烂额」的意思是？,小学教辅常见成语,成语;综合;小升初高频,小学成语培优全书·教辅常见,idiom-l3-1464:meaning_choice,idiom:焦头烂额,meaning_choice,idiom:焦头烂额,焦头烂额,meaning_choice,upper,"{""choices"": [""树林层层翠绿"", ""小学教辅常见成语"", ""本领比别人高一截"", ""实在没有别的办法""]}"
idiom,L3,,小学教辅常见成语（四字）,煞费苦心,成语;综合;小升初高频,小学成语培优全书·教辅常见,idiom-l3-1465,idiom:煞费苦心,recite,idiom:煞费苦心,煞费苦心,recite,all,
idiom,L3,,下面的写法对不对？,错,成语;综合;小升初高频,小学成语培优全书·教辅常见,idiom-l3-1465:char_judge,idiom:煞费苦心,char_judge,idiom:煞费苦心,煞费苦心,char_judge,lower,"{""display"": ""煞甲苦心""}"
idiom,L3,,「煞费苦心」的意思是？,小学教辅常见成语,成语;综合;小升初高频,小学成语培优全书·教辅常见,idiom-l3-1465:meaning_choice,idiom:煞费苦心,meaning_choice,idiom:煞费苦心,煞费苦心,meaning_choice,upper,"{""choices"": [""全部显露出来，什么也藏不住"", ""没有尽头"", ""完全看不见了"", ""小学教辅常见成语""]}"
idiom,L3,,小学教辅常见成语（四字）,照本宣科,成语;综合;小升初高频,小学成语培优全书·教辅常见,idiom-l3-1466,idiom:照本宣科,recite,idiom:照本宣科,照本宣科,recite,all,
idiom,L3,,下面的写法对不对？,对,成语;综合;小升初高频,小学成语培优全书·教辅常见,idiom-l3-1466:char_judge,idiom:照本宣科,char_judge,idiom:照本宣科,照本宣科,char_judge,lower,"{""display"": ""照本宣科""}"
idiom,L3,,「照本宣科」的意思是？,小学教辅常见成语,成语;综合;小升初高频,小学成语培优全书·教辅常见,idiom-l3-1466:meaning_choice,idiom:照本宣科,meaning_choice,idiom:照本宣科,照本宣科,meaning_choice,upper,"{""choices"": [""AABB 结构的成语"", ""AABB 结构的成语"", ""小学教辅常见成语"", ""样子慈善和气""]}"
idiom,L3,,小学教辅常见成语（四字）,熟能生巧,成语;综合;小升初高频,小学成语培优全书·教辅常见,idiom-l3-1467,idiom:熟能生巧,recite,idiom:熟能生巧,熟能生巧,recite,all,
idiom,L3,,下面的写法对不对？,对,成语;综合;小升初高频,小学成语培优全书·教辅常见,idiom-l3-1467:char_judge,idiom:熟能生巧,char_judge,idiom:熟能生巧,熟能生巧,char_judge,lower,"{""display"": ""熟能生巧""}"
idiom,L3,,「熟能生巧」的意思是？,小学教辅常见成语,成语;综合;小升初高频,小学成语培优全书·教辅常见,idiom-l3-1467:meaning_choice,idiom:熟能生巧,meaning_choice,idiom:熟能生巧,熟能生巧,meaning_choice,upper,"{""choices"": [""自己骗自己"", ""眼睛手都很快"", ""小学教辅常见成语"", ""见识很短浅""]}"
idiom,L3,,小学教辅常见成语（四字）,爽心悦目,成语;综合;小升初高频,小学成语培优全书·教辅常见,idiom-l3-1468,idiom:爽心悦目,recite,idiom:爽心悦目,爽心悦目,recite,all,
idiom,L3,,下面的写法对不对？,对,成语;综合;小升初高频,小学成语培优全书·教辅常见,idiom-l3-1468:char_judge,idiom:爽心悦目,char_judge,idiom:爽心悦目,爽心悦目,char_judge,lower,"{""display"": ""爽心悦目""}"
idiom,L3,,「爽心悦目」的意思是？,小学教辅常见成语,成语;综合;小升初高频,小学成语培优全书·教辅常见,idiom-l3-1468:meaning_choice,idiom:爽心悦目,meaning_choice,idiom:爽心悦目,爽心悦目,meaning_choice,upper,"{""choices"": [""小学教辅常见成语"", ""文雅有礼貌"", ""自以为了不起的样子"", ""样子很庄重认真""]}"
idiom,L3,,小学教辅常见成语（四字）,物以类聚,成语;综合;小升初高频,小学成语培优全书·教辅常见,idiom-l3-1469,idiom:物以类聚,recite,idiom:物以类聚,物以类聚,recite,all,
idiom,L3,,下面的写法对不对？,错,成语;综合;小升初高频,小学成语培优全书·教辅常见,idiom-l3-1469:char_judge,idiom:物以类聚,char_judge,idiom:物以类聚,物以类聚,char_judge,lower,"{""display"": ""物甲类聚""}"
idiom,L3,,「物以类聚」的意思是？,小学教辅常见成语,成语;综合;小升初高频,小学成语培优全书·教辅常见,idiom-l3-1469:meaning_choice,idiom:物以类聚,meaning_choice,idiom:物以类聚,物以类聚,meaning_choice,upper,"{""choices"": [""声音大得耳朵都要聋了"", ""ABCC 结构的成语"", ""ABCC 结构的成语"", ""小学教辅常见成语""]}"
idiom,L3,,小学教辅常见成语（四字）,犬牙交错,成语;综合;小升初高频,小学成语培优全书·教辅常见,idiom-l3-1470,idiom:犬牙交错,recite,idiom:犬牙交错,犬牙交错,recite,all,
idiom,L3,,下面的写法对不对？,错,成语;综合;小升初高频,小学成语培优全书·教辅常见,idiom-l3-1470:char_judge,idiom:犬牙交错,char_judge,idiom:犬牙交错,犬牙交错,char_judge,lower,"{""display"": ""犬牙甲错""}"
idiom,L3,,「犬牙交错」的意思是？,小学教辅常见成语,成语;综合;小升初高频,小学成语培优全书·教辅常见,idiom-l3-1470:meaning_choice,idiom:犬牙交错,meaning_choice,idiom:犬牙交错,犬牙交错,meaning_choice,upper,"{""choices"": [""小学教辅常见成语"", ""含有数字的成语"", ""含有数字的成语"", ""含有数字的成语""]}"
idiom,L3,,小学教辅常见成语（四字）,犹豫不决,成语;综合;小升初高频,小学成语培优全书·教辅常见,idiom-l3-1471,idiom:犹豫不决,recite,idiom:犹豫不决,犹豫不决,recite,all,
idiom,L3,,下面的写法对不对？,错,成语;综合;小升初高频,小学成语培优全书·教辅常见,idiom-l3-1471:char_judge,idiom:犹豫不决,char_judge,idiom:犹豫不决,犹豫不决,char_judge,lower,"{""display"": ""甲豫不决""}"
idiom,L3,,「犹豫不决」的意思是？,小学教辅常见成语,成语;综合;小升初高频,小学成语培优全书·教辅常见,idiom-l3-1471:meaning_choice,idiom:犹豫不决,meaning_choice,idiom:犹豫不决,犹豫不决,meaning_choice,upper,"{""choices"": [""小学教辅常见成语"", ""不想努力，只等现成的"", ""到了山和水的尽头，没有出路"", ""本领特别大""]}"
idiom,L3,,小学教辅常见成语（四字）,独具匠心,成语;综合;小升初高频,小学成语培优全书·教辅常见,idiom-l3-1472,idiom:独具匠心,recite,idiom:独具匠心,独具匠心,recite,all,
idiom,L3,,下面的写法对不对？,错,成语;综合;小升初高频,小学成语培优全书·教辅常见,idiom-l3-1472:char_judge,idiom:独具匠心,char_judge,idiom:独具匠心,独具匠心,char_judge,lower,"{""display"": ""独甲匠心""}"
idiom,L3,,「独具匠心」的意思是？,小学教辅常见成语,成语;综合;小升初高频,小学成语培优全书·教辅常见,idiom-l3-1472:meaning_choice,idiom:独具匠心,meaning_choice,idiom:独具匠心,独具匠心,meaning_choice,upper,"{""choices"": [""描写夏天的成语"", ""描写夏天的成语"", ""描写夏天的成语"", ""小学教辅常见成语""]}"
idiom,L3,,小学教辅常见成语（四字）,狭路相逢,成语;综合;小升初高频,小学成语培优全书·教辅常见,idiom-l3-1473,idiom:狭路相逢,recite,idiom:狭路相逢,狭路相逢,recite,all,
idiom,L3,,下面的写法对不对？,对,成语;综合;小升初高频,小学成语培优全书·教辅常见,idiom-l3-1473:char_judge,idiom:狭路相逢,char_judge,idiom:狭路相逢,狭路相逢,char_judge,lower,"{""display"": ""狭路相逢""}"
idiom,L3,,「狭路相逢」的意思是？,小学教辅常见成语,成语;综合;小升初高频,小学成语培优全书·教辅常见,idiom-l3-1473:meaning_choice,idiom:狭路相逢,meaning_choice,idiom:狭路相逢,狭路相逢,meaning_choice,upper,"{""choices"": [""乐音很久还在回响"", ""小学教辅常见成语"", ""齐心合力"", ""做事慌张没有条理""]}"
idiom,L3,,小学教辅常见成语（四字）,玉石俱焚,成语;综合;小升初高频,小学成语培优全书·教辅常见,idiom-l3-1474,idiom:玉石俱焚,recite,idiom:玉石俱焚,玉石俱焚,recite,all,
idiom,L3,,下面的写法对不对？,对,成语;综合;小升初高频,小学成语培优全书·教辅常见,idiom-l3-1474:char_judge,idiom:玉石俱焚,char_judge,idiom:玉石俱焚,玉石俱焚,char_judge,lower,"{""display"": ""玉石俱焚""}"
idiom,L3,,「玉石俱焚」的意思是？,小学教辅常见成语,成语;综合;小升初高频,小学成语培优全书·教辅常见,idiom-l3-1474:meaning_choice,idiom:玉石俱焚,meaning_choice,idiom:玉石俱焚,玉石俱焚,meaning_choice,upper,"{""choices"": [""样子慈善和气"", ""小学教辅常见成语"", ""描写场面的成语"", ""疑神疑鬼，自己吓自己""]}"
idiom,L3,,小学教辅常见成语（四字）,玩火自焚,成语;综合;小升初高频,小学成语培优全书·教辅常见,idiom-l3-1475,idiom:玩火自焚,recite,idiom:玩火自焚,玩火自焚,recite,all,
idiom,L3,,下面的写法对不对？,错,成语;综合;小升初高频,小学成语培优全书·教辅常见,idiom-l3-1475:char_judge,idiom:玩火自焚,char_judge,idiom:玩火自焚,玩火自焚,char_judge,lower,"{""display"": ""玩甲自焚""}"
idiom,L3,,「玩火自焚」的意思是？,小学教辅常见成语,成语;综合;小升初高频,小学成语培优全书·教辅常见,idiom-l3-1475:meaning_choice,idiom:玩火自焚,meaning_choice,idiom:玩火自焚,玩火自焚,meaning_choice,upper,"{""choices"": [""果实结得很多"", ""变化很多"", ""高兴得眉眼都舒展开"", ""小学教辅常见成语""]}"
idiom,L3,,小学教辅常见成语（四字）,班门弄斧,成语;综合;小升初高频,小学成语培优全书·教辅常见,idiom-l3-1476,idiom:班门弄斧,recite,idiom:班门弄斧,班门弄斧,recite,all,
idiom,L3,,下面的写法对不对？,错,成语;综合;小升初高频,小学成语培优全书·教辅常见,idiom-l3-1476:char_judge,idiom:班门弄斧,char_judge,idiom:班门弄斧,班门弄斧,char_judge,lower,"{""display"": ""甲门弄斧""}"
idiom,L3,,「班门弄斧」的意思是？,小学教辅常见成语,成语;综合;小升初高频,小学成语培优全书·教辅常见,idiom-l3-1476:meaning_choice,idiom:班门弄斧,meaning_choice,idiom:班门弄斧,班门弄斧,meaning_choice,upper,"{""choices"": [""本领比别人高一截"", ""小学教辅常见成语"", ""力量非常强大"", ""经历过很多艰苦""]}"
idiom,L3,,小学教辅常见成语（四字）,理屈词穷,成语;综合;小升初高频,小学成语培优全书·教辅常见,idiom-l3-1477,idiom:理屈词穷,recite,idiom:理屈词穷,理屈词穷,recite,all,
idiom,L3,,下面的写法对不对？,错,成语;综合;小升初高频,小学成语培优全书·教辅常见,idiom-l3-1477:char_judge,idiom:理屈词穷,char_judge,idiom:理屈词穷,理屈词穷,char_judge,lower,"{""display"": ""理屈甲穷""}"
idiom,L3,,「理屈词穷」的意思是？,小学教辅常见成语,成语;综合;小升初高频,小学成语培优全书·教辅常见,idiom-l3-1477:meaning_choice,idiom:理屈词穷,meaning_choice,idiom:理屈词穷,理屈词穷,meaning_choice,upper,"{""choices"": [""小学教辅常见成语"", ""事故很多的时期"", ""鸡叫狗叫形容喧闹"", ""高兴得快要发狂""]}"
idiom,L3,,小学教辅常见成语（四字）,理直气壮,成语;综合;小升初高频,小学成语培优全书·教辅常见,idiom-l3-1478,idiom:理直气壮,recite,idiom:理直气壮,理直气壮,recite,all,
idiom,L3,,下面的写法对不对？,对,成语;综合;小升初高频,小学成语培优全书·教辅常见,idiom-l3-1478:char_judge,idiom:理直气壮,char_judge,idiom:理直气壮,理直气壮,char_judge,lower,"{""display"": ""理直气壮""}"
idiom,L3,,「理直气壮」的意思是？,小学教辅常见成语,成语;综合;小升初高频,小学成语培优全书·教辅常见,idiom-l3-1478:meaning_choice,idiom:理直气壮,meaning_choice,idiom:理直气壮,理直气壮,meaning_choice,upper,"{""choices"": [""小学教辅常见成语"", ""这边看看那边看看"", ""春天开花秋天结果"", ""一点儿也不马虎""]}"
idiom,L3,,小学教辅常见成语（四字）,琳琅满目,成语;综合;小升初高频,小学成语培优全书·教辅常见,idiom-l3-1479,idiom:琳琅满目,recite,idiom:琳琅满目,琳琅满目,recite,all,
idiom,L3,,下面的写法对不对？,错,成语;综合;小升初高频,小学成语培优全书·教辅常见,idiom-l3-1479:char_judge,idiom:琳琅满目,char_judge,idiom:琳琅满目,琳琅满目,char_judge,lower,"{""display"": ""甲琅满目""}"
idiom,L3,,「琳琅满目」的意思是？,小学教辅常见成语,成语;综合;小升初高频,小学成语培优全书·教辅常见,idiom-l3-1479:meaning_choice,idiom:琳琅满目,meaning_choice,idiom:琳琅满目,琳琅满目,meaning_choice,upper,"{""choices"": [""按道理就该这样"", ""嘴里很干"", ""小学教辅常见成语"", ""到处是流离失所的灾民""]}"
idiom,L3,,小学教辅常见成语（四字）,瓜熟蒂落,成语;综合;小升初高频,小学成语培优全书·教辅常见,idiom-l3-1480,idiom:瓜熟蒂落,recite,idiom:瓜熟蒂落,瓜熟蒂落,recite,all,
idiom,L3,,下面的写法对不对？,对,成语;综合;小升初高频,小学成语培优全书·教辅常见,idiom-l3-1480:char_judge,idiom:瓜熟蒂落,char_judge,idiom:瓜熟蒂落,瓜熟蒂落,char_judge,lower,"{""display"": ""瓜熟蒂落""}"
idiom,L3,,「瓜熟蒂落」的意思是？,小学教辅常见成语,成语;综合;小升初高频,小学成语培优全书·教辅常见,idiom-l3-1480:meaning_choice,idiom:瓜熟蒂落,meaning_choice,idiom:瓜熟蒂落,瓜熟蒂落,meaning_choice,upper,"{""choices"": [""这边看看那边看看"", ""这边看看那边看看"", ""小学教辅常见成语"", ""借别人的威势吓唬人""]}"
idiom,L3,,小学教辅常见成语（四字）,瓮中之鳖,成语;综合;小升初高频,小学成语培优全书·教辅常见,idiom-l3-1481,idiom:瓮中之鳖,recite,idiom:瓮中之鳖,瓮中之鳖,recite,all,
idiom,L3,,下面的写法对不对？,错,成语;综合;小升初高频,小学成语培优全书·教辅常见,idiom-l3-1481:char_judge,idiom:瓮中之鳖,char_judge,idiom:瓮中之鳖,瓮中之鳖,char_judge,lower,"{""display"": ""瓮中甲鳖""}"
idiom,L3,,「瓮中之鳖」的意思是？,小学教辅常见成语,成语;综合;小升初高频,小学成语培优全书·教辅常见,idiom-l3-1481:meaning_choice,idiom:瓮中之鳖,meaning_choice,idiom:瓮中之鳖,瓮中之鳖,meaning_choice,upper,"{""choices"": [""人声嘈杂得像开了锅"", ""文章或动作很流畅"", ""小学教辅常见成语"", ""有很多话要说""]}"
idiom,L3,,小学教辅常见成语（四字）,甘心情愿,成语;综合;小升初高频,小学成语培优全书·教辅常见,idiom-l3-1482,idiom:甘心情愿,recite,idiom:甘心情愿,甘心情愿,recite,all,
idiom,L3,,下面的写法对不对？,对,成语;综合;小升初高频,小学成语培优全书·教辅常见,idiom-l3-1482:char_judge,idiom:甘心情愿,char_judge,idiom:甘心情愿,甘心情愿,char_judge,lower,"{""display"": ""甘心情愿""}"
idiom,L3,,「甘心情愿」的意思是？,小学教辅常见成语,成语;综合;小升初高频,小学成语培优全书·教辅常见,idiom-l3-1482:meaning_choice,idiom:甘心情愿,meaning_choice,idiom:甘心情愿,甘心情愿,meaning_choice,upper,"{""choices"": [""吃东西又猛又急"", ""字写得有气势"", ""美丽得没有谁能比"", ""小学教辅常见成语""]}"
idiom,L3,,小学教辅常见成语（四字）,生搬硬套,成语;综合;小升初高频,小学成语培优全书·教辅常见,idiom-l3-1484,idiom:生搬硬套,recite,idiom:生搬硬套,生搬硬套,recite,all,
idiom,L3,,下面的写法对不对？,错,成语;综合;小升初高频,小学成语培优全书·教辅常见,idiom-l3-1484:char_judge,idiom:生搬硬套,char_judge,idiom:生搬硬套,生搬硬套,char_judge,lower,"{""display"": ""生搬硬甲""}"
idiom,L3,,「生搬硬套」的意思是？,小学教辅常见成语,成语;综合;小升初高频,小学成语培优全书·教辅常见,idiom-l3-1484:meaning_choice,idiom:生搬硬套,meaning_choice,idiom:生搬硬套,生搬硬套,meaning_choice,upper,"{""choices"": [""得意得忘了自己是谁"", ""AABC 结构的成语"", ""AABC 结构的成语"", ""小学教辅常见成语""]}"
idiom,L3,,小学教辅常见成语（四字）,生死存亡,成语;综合;小升初高频,小学成语培优全书·教辅常见,idiom-l3-1485,idiom:生死存亡,recite,idiom:生死存亡,生死存亡,recite,all,
idiom,L3,,下面的写法对不对？,对,成语;综合;小升初高频,小学成语培优全书·教辅常见,idiom-l3-1485:char_judge,idiom:生死存亡,char_judge,idiom:生死存亡,生死存亡,char_judge,lower,"{""display"": ""生死存亡""}"
idiom,L3,,「生死存亡」的意思是？,小学教辅常见成语,成语;综合;小升初高频,小学成语培优全书·教辅常见,idiom-l3-1485:meaning_choice,idiom:生死存亡,meaning_choice,idiom:生死存亡,生死存亡,meaning_choice,upper,"{""choices"": [""闪电打雷"", ""形象生动得像活的一样"", ""小学教辅常见成语"", ""身体粉碎，也指不惜牺牲""]}"
idiom,L3,,小学教辅常见成语（四字）,生老病死,成语;综合;小升初高频,小学成语培优全书·教辅常见,idiom-l3-1486,idiom:生老病死,recite,idiom:生老病死,生老病死,recite,all,
idiom,L3,,下面的写法对不对？,错,成语;综合;小升初高频,小学成语培优全书·教辅常见,idiom-l3-1486:char_judge,idiom:生老病死,char_judge,idiom:生老病死,生老病死,char_judge,lower,"{""display"": ""甲老病死""}"
idiom,L3,,「生老病死」的意思是？,小学教辅常见成语,成语;综合;小升初高频,小学成语培优全书·教辅常见,idiom-l3-1486:meaning_choice,idiom:生老病死,meaning_choice,idiom:生老病死,生老病死,meaning_choice,upper,"{""choices"": [""小学教辅常见成语"", ""侥幸逃脱的人"", ""抬起头、挺起胸，很有精神"", ""死得有意义、有价值""]}"
idiom,L3,,小学教辅常见成语（四字）,由浅入深,成语;综合;小升初高频,小学成语培优全书·教辅常见,idiom-l3-1487,idiom:由浅入深,recite,idiom:由浅入深,由浅入深,recite,all,
idiom,L3,,下面的写法对不对？,错,成语;综合;小升初高频,小学成语培优全书·教辅常见,idiom-l3-1487:char_judge,idiom:由浅入深,char_judge,idiom:由浅入深,由浅入深,char_judge,lower,"{""display"": ""由浅入甲""}"
idiom,L3,,「由浅入深」的意思是？,小学教辅常见成语,成语;综合;小升初高频,小学成语培优全书·教辅常见,idiom-l3-1487:meaning_choice,idiom:由浅入深,meaning_choice,idiom:由浅入深,由浅入深,meaning_choice,upper,"{""choices"": [""有很多话要说"", ""急得不能再等"", ""舍不得离开"", ""小学教辅常见成语""]}"
idiom,L3,,小学教辅常见成语（四字）,画饼充饥,成语;综合;小升初高频,小学成语培优全书·教辅常见,idiom-l3-1489,idiom:画饼充饥,recite,idiom:画饼充饥,画饼充饥,recite,all,
idiom,L3,,下面的写法对不对？,错,成语;综合;小升初高频,小学成语培优全书·教辅常见,idiom-l3-1489:char_judge,idiom:画饼充饥,char_judge,idiom:画饼充饥,画饼充饥,char_judge,lower,"{""display"": ""画饼甲饥""}"
idiom,L3,,「画饼充饥」的意思是？,小学教辅常见成语,成语;综合;小升初高频,小学成语培优全书·教辅常见,idiom-l3-1489:meaning_choice,idiom:画饼充饥,meaning_choice,idiom:画饼充饥,画饼充饥,meaning_choice,upper,"{""choices"": [""小学教辅常见成语"", ""描写外貌的成语"", ""描写外貌的成语"", ""描写外貌的成语""]}"
idiom,L3,,小学教辅常见成语（四字）,畅所欲言,成语;综合;小升初高频,小学成语培优全书·教辅常见,idiom-l3-1490,idiom:畅所欲言,recite,idiom:畅所欲言,畅所欲言,recite,all,
idiom,L3,,下面的写法对不对？,错,成语;综合;小升初高频,小学成语培优全书·教辅常见,idiom-l3-1490:char_judge,idiom:畅所欲言,char_judge,idiom:畅所欲言,畅所欲言,char_judge,lower,"{""display"": ""畅所欲信""}"
idiom,L3,,「畅所欲言」的意思是？,小学教辅常见成语,成语;综合;小升初高频,小学成语培优全书·教辅常见,idiom-l3-1490:meaning_choice,idiom:畅所欲言,meaning_choice,idiom:畅所欲言,畅所欲言,meaning_choice,upper,"{""choices"": [""身材修长美丽"", ""心里急得像火烧"", ""小学教辅常见成语"", ""看惯了，不觉得奇怪""]}"
idiom,L3,,小学教辅常见成语（四字）,畏缩不前,成语;综合;小升初高频,小学成语培优全书·教辅常见,idiom-l3-1491,idiom:畏缩不前,recite,idiom:畏缩不前,畏缩不前,recite,all,
idiom,L3,,下面的写法对不对？,对,成语;综合;小升初高频,小学成语培优全书·教辅常见,idiom-l3-1491:char_judge,idiom:畏缩不前,char_judge,idiom:畏缩不前,畏缩不前,char_judge,lower,"{""display"": ""畏缩不前""}"
idiom,L3,,「畏缩不前」的意思是？,小学教辅常见成语,成语;综合;小升初高频,小学成语培优全书·教辅常见,idiom-l3-1491:meaning_choice,idiom:畏缩不前,meaning_choice,idiom:畏缩不前,畏缩不前,meaning_choice,upper,"{""choices"": [""小学教辅常见成语"", ""几句话就说完"", ""自以为了不起的样子"", ""很多人或动物聚在一起""]}"
idiom,L3,,小学教辅常见成语（四字）,畏首畏尾,成语;综合;小升初高频,小学成语培优全书·教辅常见,idiom-l3-1492,idiom:畏首畏尾,recite,idiom:畏首畏尾,畏首畏尾,recite,all,
idiom,L3,,下面的写法对不对？,对,成语;综合;小升初高频,小学成语培优全书·教辅常见,idiom-l3-1492:char_judge,idiom:畏首畏尾,char_judge,idiom:畏首畏尾,畏首畏尾,char_judge,lower,"{""display"": ""畏首畏尾""}"
idiom,L3,,「畏首畏尾」的意思是？,小学教辅常见成语,成语;综合;小升初高频,小学成语培优全书·教辅常见,idiom-l3-1492:meaning_choice,idiom:畏首畏尾,meaning_choice,idiom:畏首畏尾,畏首畏尾,meaning_choice,upper,"{""choices"": [""小学教辅常见成语"", ""高兴得自己都受不住"", ""坏主意很多"", ""名声和实际相符""]}"
idiom,L3,,小学教辅常见成语（四字）,疾言厉色,成语;综合;小升初高频,小学成语培优全书·教辅常见,idiom-l3-1493,idiom:疾言厉色,recite,idiom:疾言厉色,疾言厉色,recite,all,
idiom,L3,,下面的写法对不对？,错,成语;综合;小升初高频,小学成语培优全书·教辅常见,idiom-l3-1493:char_judge,idiom:疾言厉色,char_judge,idiom:疾言厉色,疾言厉色,char_judge,lower,"{""display"": ""甲言厉色""}"
idiom,L3,,「疾言厉色」的意思是？,小学教辅常见成语,成语;综合;小升初高频,小学成语培优全书·教辅常见,idiom-l3-1493:meaning_choice,idiom:疾言厉色,meaning_choice,idiom:疾言厉色,疾言厉色,meaning_choice,upper,"{""choices"": [""吓得不知道该怎么办"", ""心里急得像火烧"", ""情况变了还用老办法"", ""小学教辅常见成语""]}"
idiom,L3,,小学教辅常见成语（四字）,痛心疾首,成语;综合;小升初高频,小学成语培优全书·教辅常见,idiom-l3-1494,idiom:痛心疾首,recite,idiom:痛心疾首,痛心疾首,recite,all,
idiom,L3,,下面的写法对不对？,错,成语;综合;小升初高频,小学成语培优全书·教辅常见,idiom-l3-1494:char_judge,idiom:痛心疾首,char_judge,idiom:痛心疾首,痛心疾首,char_judge,lower,"{""display"": ""痛必疾首""}"
idiom,L3,,「痛心疾首」的意思是？,小学教辅常见成语,成语;综合;小升初高频,小学成语培优全书·教辅常见,idiom-l3-1494:meaning_choice,idiom:痛心疾首,meaning_choice,idiom:痛心疾首,痛心疾首,meaning_choice,upper,"{""choices"": [""小学教辅常见成语"", ""说话办事坚决果断"", ""像烟云一样消失了"", ""费尽心思""]}"
idiom,L3,,小学教辅常见成语（四字）,痛改前非,成语;综合;小升初高频,小学成语培优全书·教辅常见,idiom-l3-1495,idiom:痛改前非,recite,idiom:痛改前非,痛改前非,recite,all,
idiom,L3,,下面的写法对不对？,对,成语;综合;小升初高频,小学成语培优全书·教辅常见,idiom-l3-1495:char_judge,idiom:痛改前非,char_judge,idiom:痛改前非,痛改前非,char_judge,lower,"{""display"": ""痛改前非""}"
idiom,L3,,「痛改前非」的意思是？,小学教辅常见成语,成语;综合;小升初高频,小学成语培优全书·教辅常见,idiom-l3-1495:meaning_choice,idiom:痛改前非,meaning_choice,idiom:痛改前非,痛改前非,meaning_choice,upper,"{""choices"": [""做多余的事反而坏事"", ""小学教辅常见成语"", ""夜里不用关门，社会安定"", ""称心如意、神气十足""]}"
idiom,L3,,小学教辅常见成语（四字）,痴心妄想,成语;综合;小升初高频,小学成语培优全书·教辅常见,idiom-l3-1496,idiom:痴心妄想,recite,idiom:痴心妄想,痴心妄想,recite,all,
idiom,L3,,下面的写法对不对？,错,成语;综合;小升初高频,小学成语培优全书·教辅常见,idiom-l3-1496:char_judge,idiom:痴心妄想,char_judge,idiom:痴心妄想,痴心妄想,char_judge,lower,"{""display"": ""痴必妄想""}"
idiom,L3,,「痴心妄想」的意思是？,小学教辅常见成语,成语;综合;小升初高频,小学成语培优全书·教辅常见,idiom-l3-1496:meaning_choice,idiom:痴心妄想,meaning_choice,idiom:痴心妄想,痴心妄想,meaning_choice,upper,"{""choices"": [""树林层层翠绿"", ""侥幸逃脱的人"", ""小学教辅常见成语"", ""高兴得快要发狂""]}"
idiom,L3,,小学教辅常见成语（四字）,皆大欢喜,成语;综合;小升初高频,小学成语培优全书·教辅常见,idiom-l3-1497,idiom:皆大欢喜,recite,idiom:皆大欢喜,皆大欢喜,recite,all,
idiom,L3,,下面的写法对不对？,对,成语;综合;小升初高频,小学成语培优全书·教辅常见,idiom-l3-1497:char_judge,idiom:皆大欢喜,char_judge,idiom:皆大欢喜,皆大欢喜,char_judge,lower,"{""display"": ""皆大欢喜""}"
idiom,L3,,「皆大欢喜」的意思是？,小学教辅常见成语,成语;综合;小升初高频,小学成语培优全书·教辅常见,idiom-l3-1497:meaning_choice,idiom:皆大欢喜,meaning_choice,idiom:皆大欢喜,皆大欢喜,meaning_choice,upper,"{""choices"": [""费尽心思谋划（多含贬义）"", ""刻苦学习，不敢打瞌睡"", ""费尽心思"", ""小学教辅常见成语""]}"
idiom,L3,,小学教辅常见成语（四字）,皮开肉绽,成语;综合;小升初高频,小学成语培优全书·教辅常见,idiom-l3-1498,idiom:皮开肉绽,recite,idiom:皮开肉绽,皮开肉绽,recite,all,
idiom,L3,,下面的写法对不对？,对,成语;综合;小升初高频,小学成语培优全书·教辅常见,idiom-l3-1498:char_judge,idiom:皮开肉绽,char_judge,idiom:皮开肉绽,皮开肉绽,char_judge,lower,"{""display"": ""皮开肉绽""}"
idiom,L3,,「皮开肉绽」的意思是？,小学教辅常见成语,成语;综合;小升初高频,小学成语培优全书·教辅常见,idiom-l3-1498:meaning_choice,idiom:皮开肉绽,meaning_choice,idiom:皮开肉绽,皮开肉绽,meaning_choice,upper,"{""choices"": [""战争造成的混乱"", ""小学教辅常见成语"", ""高兴得自己都受不住"", ""举止文雅""]}"
idiom,L3,,小学教辅常见成语（四字）,盘根错节,成语;综合;小升初高频,小学成语培优全书·教辅常见,idiom-l3-1499,idiom:盘根错节,recite,idiom:盘根错节,盘根错节,recite,all,
idiom,L3,,下面的写法对不对？,错,成语;综合;小升初高频,小学成语培优全书·教辅常见,idiom-l3-1499:char_judge,idiom:盘根错节,char_judge,idiom:盘根错节,盘根错节,char_judge,lower,"{""display"": ""甲根错节""}"
idiom,L3,,「盘根错节」的意思是？,小学教辅常见成语,成语;综合;小升初高频,小学成语培优全书·教辅常见,idiom-l3-1499:meaning_choice,idiom:盘根错节,meaning_choice,idiom:盘根错节,盘根错节,meaning_choice,upper,"{""choices"": [""无法想象，很难理解"", ""小学教辅常见成语"", ""借别人的威势吓唬人"", ""描写冬天的成语""]}"
idiom,L3,,小学教辅常见成语（四字）,盛气凌人,成语;综合;小升初高频,小学成语培优全书·教辅常见,idiom-l3-1500,idiom:盛气凌人,recite,idiom:盛气凌人,盛气凌人,recite,all,
idiom,L3,,下面的写法对不对？,对,成语;综合;小升初高频,小学成语培优全书·教辅常见,idiom-l3-1500:char_judge,idiom:盛气凌人,char_judge,idiom:盛气凌人,盛气凌人,char_judge,lower,"{""display"": ""盛气凌人""}"
idiom,L3,,「盛气凌人」的意思是？,小学教辅常见成语,成语;综合;小升初高频,小学成语培优全书·教辅常见,idiom-l3-1500:meaning_choice,idiom:盛气凌人,meaning_choice,idiom:盛气凌人,盛气凌人,meaning_choice,upper,"{""choices"": [""小学教辅常见成语"", ""见识很短浅"", ""周围各个方向"", ""情绪非常激动""]}"
idiom,L3,,小学教辅常见成语（四字）,目中无人,成语;综合;小升初高频,小学成语培优全书·教辅常见,idiom-l3-1501,idiom:目中无人,recite,idiom:目中无人,目中无人,recite,all,
idiom,L3,,下面的写法对不对？,错,成语;综合;小升初高频,小学成语培优全书·教辅常见,idiom-l3-1501:char_judge,idiom:目中无人,char_judge,idiom:目中无人,目中无人,char_judge,lower,"{""display"": ""目中天人""}"
idiom,L3,,「目中无人」的意思是？,小学教辅常见成语,成语;综合;小升初高频,小学成语培优全书·教辅常见,idiom-l3-1501:meaning_choice,idiom:目中无人,meaning_choice,idiom:目中无人,目中无人,meaning_choice,upper,"{""choices"": [""模仿别人反而把自己的本事忘了"", ""小学教辅常见成语"", ""脸色温和愉快"", ""正宗高雅的音乐""]}"
idiom,L3,,小学教辅常见成语（四字）,目光如炬,成语;综合;小升初高频,小学成语培优全书·教辅常见,idiom-l3-1502,idiom:目光如炬,recite,idiom:目光如炬,目光如炬,recite,all,
idiom,L3,,下面的写法对不对？,错,成语;综合;小升初高频,小学成语培优全书·教辅常见,idiom-l3-1502:char_judge,idiom:目光如炬,char_judge,idiom:目光如炬,目光如炬,char_judge,lower,"{""display"": ""甲光如炬""}"
idiom,L3,,「目光如炬」的意思是？,小学教辅常见成语,成语;综合;小升初高频,小学成语培优全书·教辅常见,idiom-l3-1502:meaning_choice,idiom:目光如炬,meaning_choice,idiom:目光如炬,目光如炬,meaning_choice,upper,"{""choices"": [""小学教辅常见成语"", ""描写景物的成语"", ""描写景物的成语"", ""描写景物的成语""]}"
idiom,L3,,小学教辅常见成语（四字）,盲人摸象,成语;综合;小升初高频,小学成语培优全书·教辅常见,idiom-l3-1503,idiom:盲人摸象,recite,idiom:盲人摸象,盲人摸象,recite,all,
idiom,L3,,下面的写法对不对？,错,成语;综合;小升初高频,小学成语培优全书·教辅常见,idiom-l3-1503:char_judge,idiom:盲人摸象,char_judge,idiom:盲人摸象,盲人摸象,char_judge,lower,"{""display"": ""盲人甲象""}"
idiom,L3,,「盲人摸象」的意思是？,小学教辅常见成语,成语;综合;小升初高频,小学成语培优全书·教辅常见,idiom-l3-1503:meaning_choice,idiom:盲人摸象,meaning_choice,idiom:盲人摸象,盲人摸象,meaning_choice,upper,"{""choices"": [""小学教辅常见成语"", ""事故很多的时期"", ""说话直截了当，一下子说到要害"", ""天空一片晴朗""]}"
idiom,L3,,小学教辅常见成语（四字）,直截了当,成语;综合;小升初高频,小学成语培优全书·教辅常见,idiom-l3-1504,idiom:直截了当,recite,idiom:直截了当,直截了当,recite,all,
idiom,L3,,下面的写法对不对？,错,成语;综合;小升初高频,小学成语培优全书·教辅常见,idiom-l3-1504:char_judge,idiom:直截了当,char_judge,idiom:直截了当,直截了当,char_judge,lower,"{""display"": ""直截了甲""}"
idiom,L3,,「直截了当」的意思是？,小学教辅常见成语,成语;综合;小升初高频,小学成语培优全书·教辅常见,idiom-l3-1504:meaning_choice,idiom:直截了当,meaning_choice,idiom:直截了当,直截了当,meaning_choice,upper,"{""choices"": [""在风里飘动"", ""事情还没发生就知道"", ""小学教辅常见成语"", ""气魄很大的话""]}"
idiom,L3,,小学教辅常见成语（四字）,直言不讳,成语;综合;小升初高频,小学成语培优全书·教辅常见,idiom-l3-1505,idiom:直言不讳,recite,idiom:直言不讳,直言不讳,recite,all,
idiom,L3,,下面的写法对不对？,对,成语;综合;小升初高频,小学成语培优全书·教辅常见,idiom-l3-1505:char_judge,idiom:直言不讳,char_judge,idiom:直言不讳,直言不讳,char_judge,lower,"{""display"": ""直言不讳""}"
idiom,L3,,「直言不讳」的意思是？,小学教辅常见成语,成语;综合;小升初高频,小学成语培优全书·教辅常见,idiom-l3-1505:meaning_choice,idiom:直言不讳,meaning_choice,idiom:直言不讳,直言不讳,meaning_choice,upper,"{""choices"": [""自己骗自己"", ""小学教辅常见成语"", ""拘束、心里不踏实"", ""年老体衰、行动不灵便""]}"
idiom,L3,,小学教辅常见成语（四字）,相依为命,成语;综合;小升初高频,小学成语培优全书·教辅常见,idiom-l3-1506,idiom:相依为命,recite,idiom:相依为命,相依为命,recite,all,
idiom,L3,,下面的写法对不对？,错,成语;综合;小升初高频,小学成语培优全书·教辅常见,idiom-l3-1506:char_judge,idiom:相依为命,char_judge,idiom:相依为命,相依为命,char_judge,lower,"{""display"": ""相依为甲""}"
idiom,L3,,「相依为命」的意思是？,小学教辅常见成语,成语;综合;小升初高频,小学成语培优全书·教辅常见,idiom-l3-1506:meaning_choice,idiom:相依为命,meaning_choice,idiom:相依为命,相依为命,meaning_choice,upper,"{""choices"": [""小声地私下说话"", ""走路很神气、满不在乎"", ""非常吃惊"", ""小学教辅常见成语""]}"
idiom,L3,,小学教辅常见成语（四字）,相安无事,成语;综合;小升初高频,小学成语培优全书·教辅常见,idiom-l3-1507,idiom:相安无事,recite,idiom:相安无事,相安无事,recite,all,
idiom,L3,,下面的写法对不对？,对,成语;综合;小升初高频,小学成语培优全书·教辅常见,idiom-l3-1507:char_judge,idiom:相安无事,char_judge,idiom:相安无事,相安无事,char_judge,lower,"{""display"": ""相安无事""}"
idiom,L3,,「相安无事」的意思是？,小学教辅常见成语,成语;综合;小升初高频,小学成语培优全书·教辅常见,idiom-l3-1507:meaning_choice,idiom:相安无事,meaning_choice,idiom:相安无事,相安无事,meaning_choice,upper,"{""choices"": [""小声地私下说话"", ""小学教辅常见成语"", ""树林层层翠绿"", ""情况变了还用老办法""]}"
idiom,L3,,小学教辅常见成语（四字）,相差甚远,成语;综合;小升初高频,小学成语培优全书·教辅常见,idiom-l3-1508,idiom:相差甚远,recite,idiom:相差甚远,相差甚远,recite,all,
idiom,L3,,下面的写法对不对？,错,成语;综合;小升初高频,小学成语培优全书·教辅常见,idiom-l3-1508:char_judge,idiom:相差甚远,char_judge,idiom:相差甚远,相差甚远,char_judge,lower,"{""display"": ""相差甲远""}"
idiom,L3,,「相差甚远」的意思是？,小学教辅常见成语,成语;综合;小升初高频,小学成语培优全书·教辅常见,idiom-l3-1508:meaning_choice,idiom:相差甚远,meaning_choice,idiom:相差甚远,相差甚远,meaning_choice,upper,"{""choices"": [""柳树绿、花儿红"", ""小学教辅常见成语"", ""想出和别人不一样的办法"", ""知音难遇或乐曲高妙""]}"
idiom,L3,,小学教辅常见成语（四字）,相形见绌,成语;综合;小升初高频,小学成语培优全书·教辅常见,idiom-l3-1509,idiom:相形见绌,recite,idiom:相形见绌,相形见绌,recite,all,
idiom,L3,,下面的写法对不对？,对,成语;综合;小升初高频,小学成语培优全书·教辅常见,idiom-l3-1509:char_judge,idiom:相形见绌,char_judge,idiom:相形见绌,相形见绌,char_judge,lower,"{""display"": ""相形见绌""}"
idiom,L3,,「相形见绌」的意思是？,小学教辅常见成语,成语;综合;小升初高频,小学成语培优全书·教辅常见,idiom-l3-1509:meaning_choice,idiom:相形见绌,meaning_choice,idiom:相形见绌,相形见绌,meaning_choice,upper,"{""choices"": [""按道理就该这样"", ""小学教辅常见成语"", ""关键处一点就使整体生动"", ""内部困难又加上外来威胁""]}"
idiom,L3,,小学教辅常见成语（四字）,相得益彰,成语;综合;小升初高频,小学成语培优全书·教辅常见,idiom-l3-1510,idiom:相得益彰,recite,idiom:相得益彰,相得益彰,recite,all,
idiom,L3,,下面的写法对不对？,错,成语;综合;小升初高频,小学成语培优全书·教辅常见,idiom-l3-1510:char_judge,idiom:相得益彰,char_judge,idiom:相得益彰,相得益彰,char_judge,lower,"{""display"": ""相得益甲""}"
idiom,L3,,「相得益彰」的意思是？,小学教辅常见成语,成语;综合;小升初高频,小学成语培优全书·教辅常见,idiom-l3-1510:meaning_choice,idiom:相得益彰,meaning_choice,idiom:相得益彰,相得益彰,meaning_choice,upper,"{""choices"": [""铺天盖地而来"", ""小学教辅常见成语"", ""描写场面的成语"", ""描写场面的成语""]}"
idiom,L3,,小学教辅常见成语（四字）,相提并论,成语;综合;小升初高频,小学成语培优全书·教辅常见,idiom-l3-1511,idiom:相提并论,recite,idiom:相提并论,相提并论,recite,all,
idiom,L3,,下面的写法对不对？,错,成语;综合;小升初高频,小学成语培优全书·教辅常见,idiom-l3-1511:char_judge,idiom:相提并论,char_judge,idiom:相提并论,相提并论,char_judge,lower,"{""display"": ""相提并甲""}"
idiom,L3,,「相提并论」的意思是？,小学教辅常见成语,成语;综合;小升初高频,小学成语培优全书·教辅常见,idiom-l3-1511:meaning_choice,idiom:相提并论,meaning_choice,idiom:相提并论,相提并论,meaning_choice,upper,"{""choices"": [""不慌不忙"", ""跃跃欲试、准备动手"", ""小学教辅常见成语"", ""没有尽头""]}"
idiom,L3,,小学教辅常见成语（四字）,真心实意,成语;综合;小升初高频,小学成语培优全书·教辅常见,idiom-l3-1512,idiom:真心实意,recite,idiom:真心实意,真心实意,recite,all,
idiom,L3,,下面的写法对不对？,对,成语;综合;小升初高频,小学成语培优全书·教辅常见,idiom-l3-1512:char_judge,idiom:真心实意,char_judge,idiom:真心实意,真心实意,char_judge,lower,"{""display"": ""真心实意""}"
idiom,L3,,「真心实意」的意思是？,小学教辅常见成语,成语;综合;小升初高频,小学成语培优全书·教辅常见,idiom-l3-1512:meaning_choice,idiom:真心实意,meaning_choice,idiom:真心实意,真心实意,meaning_choice,upper,"{""choices"": [""计谋非常高明"", ""小学教辅常见成语"", ""名声传到国内外"", ""像老虎一样盯着，想扑上去""]}"
idiom,L3,,小学教辅常见成语（四字）,真心真意,成语;综合;小升初高频,小学成语培优全书·教辅常见,idiom-l3-1513,idiom:真心真意,recite,idiom:真心真意,真心真意,recite,all,
idiom,L3,,下面的写法对不对？,错,成语;综合;小升初高频,小学成语培优全书·教辅常见,idiom-l3-1513:char_judge,idiom:真心真意,char_judge,idiom:真心真意,真心真意,char_judge,lower,"{""display"": ""真必真意""}"
idiom,L3,,「真心真意」的意思是？,小学教辅常见成语,成语;综合;小升初高频,小学成语培优全书·教辅常见,idiom-l3-1513:meaning_choice,idiom:真心真意,meaning_choice,idiom:真心真意,真心真意,meaning_choice,upper,"{""choices"": [""小学教辅常见成语"", ""本领极大，哪儿都能去"", ""不由得产生敬意"", ""到了山和水的尽头，没有出路""]}"
idiom,L3,,小学教辅常见成语（四字）,真相大白,成语;综合;小升初高频,小学成语培优全书·教辅常见,idiom-l3-1514,idiom:真相大白,recite,idiom:真相大白,真相大白,recite,all,
idiom,L3,,下面的写法对不对？,对,成语;综合;小升初高频,小学成语培优全书·教辅常见,idiom-l3-1514:char_judge,idiom:真相大白,char_judge,idiom:真相大白,真相大白,char_judge,lower,"{""display"": ""真相大白""}"
idiom,L3,,「真相大白」的意思是？,小学教辅常见成语,成语;综合;小升初高频,小学成语培优全书·教辅常见,idiom-l3-1514:meaning_choice,idiom:真相大白,meaning_choice,idiom:真相大白,真相大白,meaning_choice,upper,"{""choices"": [""铺天盖地而来"", ""小学教辅常见成语"", ""力量非常强大"", ""样子很庄重认真""]}"
idiom,L3,,小学教辅常见成语（四字）,真知灼见,成语;综合;小升初高频,小学成语培优全书·教辅常见,idiom-l3-1515,idiom:真知灼见,recite,idiom:真知灼见,真知灼见,recite,all,
idiom,L3,,下面的写法对不对？,对,成语;综合;小升初高频,小学成语培优全书·教辅常见,idiom-l3-1515:char_judge,idiom:真知灼见,char_judge,idiom:真知灼见,真知灼见,char_judge,lower,"{""display"": ""真知灼见""}"
idiom,L3,,「真知灼见」的意思是？,小学教辅常见成语,成语;综合;小升初高频,小学成语培优全书·教辅常见,idiom-l3-1515:meaning_choice,idiom:真知灼见,meaning_choice,idiom:真知灼见,真知灼见,meaning_choice,upper,"{""choices"": [""着急或高兴得又抓耳朵又挠腮"", ""人声嘈杂得像开了锅"", ""小学教辅常见成语"", ""人长寿，收成好""]}"
idiom,L3,,小学教辅常见成语（四字）,眨眼之间,成语;综合;小升初高频,小学成语培优全书·教辅常见,idiom-l3-1516,idiom:眨眼之间,recite,idiom:眨眼之间,眨眼之间,recite,all,
idiom,L3,,下面的写法对不对？,错,成语;综合;小升初高频,小学成语培优全书·教辅常见,idiom-l3-1516:char_judge,idiom:眨眼之间,char_judge,idiom:眨眼之间,眨眼之间,char_judge,lower,"{""display"": ""甲眼之间""}"
idiom,L3,,「眨眼之间」的意思是？,小学教辅常见成语,成语;综合;小升初高频,小学成语培优全书·教辅常见,idiom-l3-1516:meaning_choice,idiom:眨眼之间,meaning_choice,idiom:眨眼之间,眨眼之间,meaning_choice,upper,"{""choices"": [""形象生动得像活的一样"", ""人声嘈杂得像开了锅"", ""费尽心思谋划（多含贬义）"", ""小学教辅常见成语""]}"
idiom,L3,,小学教辅常见成语（四字）,眼高手低,成语;综合;小升初高频,小学成语培优全书·教辅常见,idiom-l3-1517,idiom:眼高手低,recite,idiom:眼高手低,眼高手低,recite,all,
idiom,L3,,下面的写法对不对？,对,成语;综合;小升初高频,小学成语培优全书·教辅常见,idiom-l3-1517:char_judge,idiom:眼高手低,char_judge,idiom:眼高手低,眼高手低,char_judge,lower,"{""display"": ""眼高手低""}"
idiom,L3,,「眼高手低」的意思是？,小学教辅常见成语,成语;综合;小升初高频,小学成语培优全书·教辅常见,idiom-l3-1517:meaning_choice,idiom:眼高手低,meaning_choice,idiom:眼高手低,眼高手低,meaning_choice,upper,"{""choices"": [""气势使人敬畏"", ""小学教辅常见成语"", ""微风轻轻吹"", ""冰和雪化了""]}"
idiom,L3,,小学教辅常见成语（四字）,瞻前顾后,成语;综合;小升初高频,小学成语培优全书·教辅常见,idiom-l3-1518,idiom:瞻前顾后,recite,idiom:瞻前顾后,瞻前顾后,recite,all,
idiom,L3,,下面的写法对不对？,错,成语;综合;小升初高频,小学成语培优全书·教辅常见,idiom-l3-1518:char_judge,idiom:瞻前顾后,char_judge,idiom:瞻前顾后,瞻前顾后,char_judge,lower,"{""display"": ""瞻前甲后""}"
idiom,L3,,「瞻前顾后」的意思是？,小学教辅常见成语,成语;综合;小升初高频,小学成语培优全书·教辅常见,idiom-l3-1518:meaning_choice,idiom:瞻前顾后,meaning_choice,idiom:瞻前顾后,瞻前顾后,meaning_choice,upper,"{""choices"": [""没有尽头"", ""小学教辅常见成语"", ""舍不得离开"", ""全国各地，四面八方""]}"
idiom,L3,,小学教辅常见成语（四字）,知己知彼,成语;综合;小升初高频,小学成语培优全书·教辅常见,idiom-l3-1519,idiom:知己知彼,recite,idiom:知己知彼,知己知彼,recite,all,
idiom,L3,,下面的写法对不对？,错,成语;综合;小升初高频,小学成语培优全书·教辅常见,idiom-l3-1519:char_judge,idiom:知己知彼,char_judge,idiom:知己知彼,知己知彼,char_judge,lower,"{""display"": ""甲己知彼""}"
idiom,L3,,「知己知彼」的意思是？,小学教辅常见成语,成语;综合;小升初高频,小学成语培优全书·教辅常见,idiom-l3-1519:meaning_choice,idiom:知己知彼,meaning_choice,idiom:知己知彼,知己知彼,meaning_choice,upper,"{""choices"": [""小学教辅常见成语"", ""颜色很多"", ""得意得忘了自己是谁"", ""政事顺利，百姓和睦""]}"
idiom,L3,,小学教辅常见成语（四字）,知法犯法,成语;综合;小升初高频,小学成语培优全书·教辅常见,idiom-l3-1520,idiom:知法犯法,recite,idiom:知法犯法,知法犯法,recite,all,
idiom,L3,,下面的写法对不对？,对,成语;综合;小升初高频,小学成语培优全书·教辅常见,idiom-l3-1520:char_judge,idiom:知法犯法,char_judge,idiom:知法犯法,知法犯法,char_judge,lower,"{""display"": ""知法犯法""}"
idiom,L3,,「知法犯法」的意思是？,小学教辅常见成语,成语;综合;小升初高频,小学成语培优全书·教辅常见,idiom-l3-1520:meaning_choice,idiom:知法犯法,meaning_choice,idiom:知法犯法,知法犯法,meaning_choice,upper,"{""choices"": [""不想努力，只等现成的"", ""个子小但精明强干"", ""舍不得离开"", ""小学教辅常见成语""]}"
idiom,L3,,小学教辅常见成语（四字）,知难而进,成语;综合;小升初高频,小学成语培优全书·教辅常见,idiom-l3-1521,idiom:知难而进,recite,idiom:知难而进,知难而进,recite,all,
idiom,L3,,下面的写法对不对？,错,成语;综合;小升初高频,小学成语培优全书·教辅常见,idiom-l3-1521:char_judge,idiom:知难而进,char_judge,idiom:知难而进,知难而进,char_judge,lower,"{""display"": ""知甲而进""}"
idiom,L3,,「知难而进」的意思是？,小学教辅常见成语,成语;综合;小升初高频,小学成语培优全书·教辅常见,idiom-l3-1521:meaning_choice,idiom:知难而进,meaning_choice,idiom:知难而进,知难而进,meaning_choice,upper,"{""choices"": [""精神完全集中"", ""与学习有关的成语"", ""与学习有关的成语"", ""小学教辅常见成语""]}"
idiom,L3,,小学教辅常见成语（四字）,短兵相接,成语;综合;小升初高频,小学成语培优全书·教辅常见,idiom-l3-1522,idiom:短兵相接,recite,idiom:短兵相接,短兵相接,recite,all,
idiom,L3,,下面的写法对不对？,对,成语;综合;小升初高频,小学成语培优全书·教辅常见,idiom-l3-1522:char_judge,idiom:短兵相接,char_judge,idiom:短兵相接,短兵相接,char_judge,lower,"{""display"": ""短兵相接""}"
idiom,L3,,「短兵相接」的意思是？,小学教辅常见成语,成语;综合;小升初高频,小学成语培优全书·教辅常见,idiom-l3-1522:meaning_choice,idiom:短兵相接,meaning_choice,idiom:短兵相接,短兵相接,meaning_choice,upper,"{""choices"": [""小学教辅常见成语"", ""刻苦学习，不敢打瞌睡"", ""雪片又大又密"", ""在风里飘动""]}"
idiom,L3,,小学教辅常见成语（四字）,石沉大海,成语;综合;小升初高频,小学成语培优全书·教辅常见,idiom-l3-1524,idiom:石沉大海,recite,idiom:石沉大海,石沉大海,recite,all,
idiom,L3,,下面的写法对不对？,错,成语;综合;小升初高频,小学成语培优全书·教辅常见,idiom-l3-1524:char_judge,idiom:石沉大海,char_judge,idiom:石沉大海,石沉大海,char_judge,lower,"{""display"": ""石沉大甲""}"
idiom,L3,,「石沉大海」的意思是？,小学教辅常见成语,成语;综合;小升初高频,小学成语培优全书·教辅常见,idiom-l3-1524:meaning_choice,idiom:石沉大海,meaning_choice,idiom:石沉大海,石沉大海,meaning_choice,upper,"{""choices"": [""小学教辅常见成语"", ""含有数字的成语"", ""含有数字的成语"", ""含有数字的成语""]}"
idiom,L3,,小学教辅常见成语（四字）,破镜重圆,成语;综合;小升初高频,小学成语培优全书·教辅常见,idiom-l3-1526,idiom:破镜重圆,recite,idiom:破镜重圆,破镜重圆,recite,all,
idiom,L3,,下面的写法对不对？,错,成语;综合;小升初高频,小学成语培优全书·教辅常见,idiom-l3-1526:char_judge,idiom:破镜重圆,char_judge,idiom:破镜重圆,破镜重圆,char_judge,lower,"{""display"": ""甲镜重圆""}"
idiom,L3,,「破镜重圆」的意思是？,小学教辅常见成语,成语;综合;小升初高频,小学成语培优全书·教辅常见,idiom-l3-1526:meaning_choice,idiom:破镜重圆,meaning_choice,idiom:破镜重圆,破镜重圆,meaning_choice,upper,"{""choices"": [""小学教辅常见成语"", ""形容艺术水平的成语"", ""形容艺术水平的成语"", ""人声嘈杂得像开了锅""]}"
idiom,L3,,小学教辅常见成语（四字）,磨杵成针,成语;综合;小升初高频,小学成语培优全书·教辅常见,idiom-l3-1528,idiom:磨杵成针,recite,idiom:磨杵成针,磨杵成针,recite,all,
idiom,L3,,下面的写法对不对？,对,成语;综合;小升初高频,小学成语培优全书·教辅常见,idiom-l3-1528:char_judge,idiom:磨杵成针,char_judge,idiom:磨杵成针,磨杵成针,char_judge,lower,"{""display"": ""磨杵成针""}"
idiom,L3,,「磨杵成针」的意思是？,小学教辅常见成语,成语;综合;小升初高频,小学成语培优全书·教辅常见,idiom-l3-1528:meaning_choice,idiom:磨杵成针,meaning_choice,idiom:磨杵成针,磨杵成针,meaning_choice,upper,"{""choices"": [""大声地笑"", ""小学教辅常见成语"", ""描写春天的成语"", ""描写春天的成语""]}"
idiom,L3,,小学教辅常见成语（四字）,礼尚往来,成语;综合;小升初高频,小学成语培优全书·教辅常见,idiom-l3-1529,idiom:礼尚往来,recite,idiom:礼尚往来,礼尚往来,recite,all,
idiom,L3,,下面的写法对不对？,对,成语;综合;小升初高频,小学成语培优全书·教辅常见,idiom-l3-1529:char_judge,idiom:礼尚往来,char_judge,idiom:礼尚往来,礼尚往来,char_judge,lower,"{""display"": ""礼尚往来""}"
idiom,L3,,「礼尚往来」的意思是？,小学教辅常见成语,成语;综合;小升初高频,小学成语培优全书·教辅常见,idiom-l3-1529:meaning_choice,idiom:礼尚往来,meaning_choice,idiom:礼尚往来,礼尚往来,meaning_choice,upper,"{""choices"": [""秋风轻轻吹"", ""小学教辅常见成语"", ""想出和别人不一样的办法"", ""充满活力""]}"
idiom,L3,,小学教辅常见成语（四字）,神出鬼没,成语;综合;小升初高频,小学成语培优全书·教辅常见,idiom-l3-1530,idiom:神出鬼没,recite,idiom:神出鬼没,神出鬼没,recite,all,
idiom,L3,,下面的写法对不对？,错,成语;综合;小升初高频,小学成语培优全书·教辅常见,idiom-l3-1530:char_judge,idiom:神出鬼没,char_judge,idiom:神出鬼没,神出鬼没,char_judge,lower,"{""display"": ""神出鬼甲""}"
idiom,L3,,「神出鬼没」的意思是？,小学教辅常见成语,成语;综合;小升初高频,小学成语培优全书·教辅常见,idiom-l3-1530:meaning_choice,idiom:神出鬼没,meaning_choice,idiom:神出鬼没,神出鬼没,meaning_choice,upper,"{""choices"": [""能听见邻家鸡狗的叫声，形容住得近"", ""从一片落叶知道秋天到了"", ""山塌地裂，声势极大"", ""小学教辅常见成语""]}"
idiom,L3,,小学教辅常见成语（四字）,神色慌张,成语;综合;小升初高频,小学成语培优全书·教辅常见,idiom-l3-1533,idiom:神色慌张,recite,idiom:神色慌张,神色慌张,recite,all,
idiom,L3,,下面的写法对不对？,错,成语;综合;小升初高频,小学成语培优全书·教辅常见,idiom-l3-1533:char_judge,idiom:神色慌张,char_judge,idiom:神色慌张,神色慌张,char_judge,lower,"{""display"": ""神甲慌张""}"
idiom,L3,,「神色慌张」的意思是？,小学教辅常见成语,成语;综合;小升初高频,小学成语培优全书·教辅常见,idiom-l3-1533:meaning_choice,idiom:神色慌张,meaning_choice,idiom:神色慌张,神色慌张,meaning_choice,upper,"{""choices"": [""有很多话要说"", ""不想努力，只等现成的"", ""脸色温和愉快"", ""小学教辅常见成语""]}"
idiom,L3,,小学教辅常见成语（四字）,离乡背井,成语;综合;小升初高频,小学成语培优全书·教辅常见,idiom-l3-1534,idiom:离乡背井,recite,idiom:离乡背井,离乡背井,recite,all,
idiom,L3,,下面的写法对不对？,对,成语;综合;小升初高频,小学成语培优全书·教辅常见,idiom-l3-1534:char_judge,idiom:离乡背井,char_judge,idiom:离乡背井,离乡背井,char_judge,lower,"{""display"": ""离乡背井""}"
idiom,L3,,「离乡背井」的意思是？,小学教辅常见成语,成语;综合;小升初高频,小学成语培优全书·教辅常见,idiom-l3-1534:meaning_choice,idiom:离乡背井,meaning_choice,idiom:离乡背井,离乡背井,meaning_choice,upper,"{""choices"": [""与时间有关的成语"", ""与时间有关的成语"", ""与时间有关的成语"", ""小学教辅常见成语""]}"
idiom,L3,,小学教辅常见成语（四字）,积少成多,成语;综合;小升初高频,小学成语培优全书·教辅常见,idiom-l3-1535,idiom:积少成多,recite,idiom:积少成多,积少成多,recite,all,
idiom,L3,,下面的写法对不对？,错,成语;综合;小升初高频,小学成语培优全书·教辅常见,idiom-l3-1535:char_judge,idiom:积少成多,char_judge,idiom:积少成多,积少成多,char_judge,lower,"{""display"": ""甲少成多""}"
idiom,L3,,「积少成多」的意思是？,小学教辅常见成语,成语;综合;小升初高频,小学成语培优全书·教辅常见,idiom-l3-1535:meaning_choice,idiom:积少成多,meaning_choice,idiom:积少成多,积少成多,meaning_choice,upper,"{""choices"": [""含有动物的成语"", ""含有动物的成语"", ""含有动物的成语"", ""小学教辅常见成语""]}"
idiom,L3,,小学教辅常见成语（四字）,称心如意,成语;综合;小升初高频,小学成语培优全书·教辅常见,idiom-l3-1536,idiom:称心如意,recite,idiom:称心如意,称心如意,recite,all,
idiom,L3,,下面的写法对不对？,对,成语;综合;小升初高频,小学成语培优全书·教辅常见,idiom-l3-1536:char_judge,idiom:称心如意,char_judge,idiom:称心如意,称心如意,char_judge,lower,"{""display"": ""称心如意""}"
idiom,L3,,「称心如意」的意思是？,小学教辅常见成语,成语;综合;小升初高频,小学成语培优全书·教辅常见,idiom-l3-1536:meaning_choice,idiom:称心如意,meaning_choice,idiom:称心如意,称心如意,meaning_choice,upper,"{""choices"": [""小学教辅常见成语"", ""乱七八糟地摆着"", ""主动认错、请求责罚"", ""情况变了还用老办法""]}"
idiom,L3,,小学教辅常见成语（四字）,稍不注意,成语;综合;小升初高频,小学成语培优全书·教辅常见,idiom-l3-1537,idiom:稍不注意,recite,idiom:稍不注意,稍不注意,recite,all,
idiom,L3,,下面的写法对不对？,对,成语;综合;小升初高频,小学成语培优全书·教辅常见,idiom-l3-1537:char_judge,idiom:稍不注意,char_judge,idiom:稍不注意,稍不注意,char_judge,lower,"{""display"": ""稍不注意""}"
idiom,L3,,「稍不注意」的意思是？,小学教辅常见成语,成语;综合;小升初高频,小学成语培优全书·教辅常见,idiom-l3-1537:meaning_choice,idiom:稍不注意,meaning_choice,idiom:稍不注意,稍不注意,meaning_choice,upper,"{""choices"": [""小学教辅常见成语"", ""很多鸟一起叫"", ""描写春天的成语"", ""到哪儿都能安下心来""]}"
idiom,L3,,小学教辅常见成语（四字）,穷兵黩武,成语;综合;小升初高频,小学成语培优全书·教辅常见,idiom-l3-1538,idiom:穷兵黩武,recite,idiom:穷兵黩武,穷兵黩武,recite,all,
idiom,L3,,下面的写法对不对？,对,成语;综合;小升初高频,小学成语培优全书·教辅常见,idiom-l3-1538:char_judge,idiom:穷兵黩武,char_judge,idiom:穷兵黩武,穷兵黩武,char_judge,lower,"{""display"": ""穷兵黩武""}"
idiom,L3,,「穷兵黩武」的意思是？,小学教辅常见成语,成语;综合;小升初高频,小学成语培优全书·教辅常见,idiom-l3-1538:meaning_choice,idiom:穷兵黩武,meaning_choice,idiom:穷兵黩武,穷兵黩武,meaning_choice,upper,"{""choices"": [""柳树绿、花儿红"", ""小学教辅常见成语"", ""在风里飘动"", ""从细小处看出大趋势""]}"
idiom,L3,,小学教辅常见成语（四字）,穷凶极恶,成语;综合;小升初高频,小学成语培优全书·教辅常见,idiom-l3-1539,idiom:穷凶极恶,recite,idiom:穷凶极恶,穷凶极恶,recite,all,
idiom,L3,,下面的写法对不对？,对,成语;综合;小升初高频,小学成语培优全书·教辅常见,idiom-l3-1539:char_judge,idiom:穷凶极恶,char_judge,idiom:穷凶极恶,穷凶极恶,char_judge,lower,"{""display"": ""穷凶极恶""}"
idiom,L3,,「穷凶极恶」的意思是？,小学教辅常见成语,成语;综合;小升初高频,小学成语培优全书·教辅常见,idiom-l3-1539:meaning_choice,idiom:穷凶极恶,meaning_choice,idiom:穷凶极恶,穷凶极恶,meaning_choice,upper,"{""choices"": [""很想马上试一试"", ""五官清秀好看"", ""小学教辅常见成语"", ""生活安定，工作愉快""]}"
idiom,L3,,小学教辅常见成语（四字）,穷途末路,成语;综合;小升初高频,小学成语培优全书·教辅常见,idiom-l3-1540,idiom:穷途末路,recite,idiom:穷途末路,穷途末路,recite,all,
idiom,L3,,下面的写法对不对？,错,成语;综合;小升初高频,小学成语培优全书·教辅常见,idiom-l3-1540:char_judge,idiom:穷途末路,char_judge,idiom:穷途末路,穷途末路,char_judge,lower,"{""display"": ""穷途末甲""}"
idiom,L3,,「穷途末路」的意思是？,小学教辅常见成语,成语;综合;小升初高频,小学成语培优全书·教辅常见,idiom-l3-1540:meaning_choice,idiom:穷途末路,meaning_choice,idiom:穷途末路,穷途末路,meaning_choice,upper,"{""choices"": [""小学教辅常见成语"", ""描写品质的成语"", ""描写品质的成语"", ""描写品质的成语""]}"
idiom,L3,,小学教辅常见成语（四字）,空前绝后,成语;综合;小升初高频,小学成语培优全书·教辅常见,idiom-l3-1541,idiom:空前绝后,recite,idiom:空前绝后,空前绝后,recite,all,
idiom,L3,,下面的写法对不对？,对,成语;综合;小升初高频,小学成语培优全书·教辅常见,idiom-l3-1541:char_judge,idiom:空前绝后,char_judge,idiom:空前绝后,空前绝后,char_judge,lower,"{""display"": ""空前绝后""}"
idiom,L3,,「空前绝后」的意思是？,小学教辅常见成语,成语;综合;小升初高频,小学成语培优全书·教辅常见,idiom-l3-1541:meaning_choice,idiom:空前绝后,meaning_choice,idiom:空前绝后,空前绝后,meaning_choice,upper,"{""choices"": [""做多余的事反而坏事"", ""小学教辅常见成语"", ""生活安定，工作愉快"", ""智谋很多""]}"
idiom,L3,,小学教辅常见成语（四字）,突如其来,成语;综合;小升初高频,小学成语培优全书·教辅常见,idiom-l3-1542,idiom:突如其来,recite,idiom:突如其来,突如其来,recite,all,
idiom,L3,,下面的写法对不对？,对,成语;综合;小升初高频,小学成语培优全书·教辅常见,idiom-l3-1542:char_judge,idiom:突如其来,char_judge,idiom:突如其来,突如其来,char_judge,lower,"{""display"": ""突如其来""}"
idiom,L3,,「突如其来」的意思是？,小学教辅常见成语,成语;综合;小升初高频,小学成语培优全书·教辅常见,idiom-l3-1542:meaning_choice,idiom:突如其来,meaning_choice,idiom:突如其来,突如其来,meaning_choice,upper,"{""choices"": [""不说话"", ""小学教辅常见成语"", ""身体粉碎，也指不惜牺牲"", ""只剩下一口气，快不行了""]}"
idiom,L3,,小学教辅常见成语（四字）,突飞猛进,成语;综合;小升初高频,小学成语培优全书·教辅常见,idiom-l3-1543,idiom:突飞猛进,recite,idiom:突飞猛进,突飞猛进,recite,all,
idiom,L3,,下面的写法对不对？,对,成语;综合;小升初高频,小学成语培优全书·教辅常见,idiom-l3-1543:char_judge,idiom:突飞猛进,char_judge,idiom:突飞猛进,突飞猛进,char_judge,lower,"{""display"": ""突飞猛进""}"
idiom,L3,,「突飞猛进」的意思是？,小学教辅常见成语,成语;综合;小升初高频,小学成语培优全书·教辅常见,idiom-l3-1543:meaning_choice,idiom:突飞猛进,meaning_choice,idiom:突飞猛进,突飞猛进,meaning_choice,upper,"{""choices"": [""失去信心，情绪低落"", ""在风里飘动"", ""乱七八糟地摆着"", ""小学教辅常见成语""]}"
idiom,L3,,小学教辅常见成语（四字）,窗明几净,成语;综合;小升初高频,小学成语培优全书·教辅常见,idiom-l3-1544,idiom:窗明几净,recite,idiom:窗明几净,窗明几净,recite,all,
idiom,L3,,下面的写法对不对？,对,成语;综合;小升初高频,小学成语培优全书·教辅常见,idiom-l3-1544:char_judge,idiom:窗明几净,char_judge,idiom:窗明几净,窗明几净,char_judge,lower,"{""display"": ""窗明几净""}"
idiom,L3,,「窗明几净」的意思是？,小学教辅常见成语,成语;综合;小升初高频,小学成语培优全书·教辅常见,idiom-l3-1544:meaning_choice,idiom:窗明几净,meaning_choice,idiom:窗明几净,窗明几净,meaning_choice,upper,"{""choices"": [""闪电打雷"", ""小学教辅常见成语"", ""大得看不到边"", ""很多人或动物聚在一起""]}"
idiom,L3,,小学教辅常见成语（四字）,立竿见影,成语;综合;小升初高频,小学成语培优全书·教辅常见,idiom-l3-1545,idiom:立竿见影,recite,idiom:立竿见影,立竿见影,recite,all,
idiom,L3,,下面的写法对不对？,对,成语;综合;小升初高频,小学成语培优全书·教辅常见,idiom-l3-1545:char_judge,idiom:立竿见影,char_judge,idiom:立竿见影,立竿见影,char_judge,lower,"{""display"": ""立竿见影""}"
idiom,L3,,「立竿见影」的意思是？,小学教辅常见成语,成语;综合;小升初高频,小学成语培优全书·教辅常见,idiom-l3-1545:meaning_choice,idiom:立竿见影,meaning_choice,idiom:立竿见影,立竿见影,meaning_choice,upper,"{""choices"": [""描写冬天的成语"", ""描写冬天的成语"", ""描写冬天的成语"", ""小学教辅常见成语""]}"
idiom,L3,,小学教辅常见成语（四字）,竭尽全力,成语;综合;小升初高频,小学成语培优全书·教辅常见,idiom-l3-1546,idiom:竭尽全力,recite,idiom:竭尽全力,竭尽全力,recite,all,
idiom,L3,,下面的写法对不对？,错,成语;综合;小升初高频,小学成语培优全书·教辅常见,idiom-l3-1546:char_judge,idiom:竭尽全力,char_judge,idiom:竭尽全力,竭尽全力,char_judge,lower,"{""display"": ""竭尽甲力""}"
idiom,L3,,「竭尽全力」的意思是？,小学教辅常见成语,成语;综合;小升初高频,小学成语培优全书·教辅常见,idiom-l3-1546:meaning_choice,idiom:竭尽全力,meaning_choice,idiom:竭尽全力,竭尽全力,meaning_choice,upper,"{""choices"": [""吓得或急得没了主意"", ""像烟云一样消失了"", ""自以为了不起的样子"", ""小学教辅常见成语""]}"
idiom,L3,,小学教辅常见成语（四字）,笑容可掬,成语;综合;小升初高频,小学成语培优全书·教辅常见,idiom-l3-1547,idiom:笑容可掬,recite,idiom:笑容可掬,笑容可掬,recite,all,
idiom,L3,,下面的写法对不对？,错,成语;综合;小升初高频,小学成语培优全书·教辅常见,idiom-l3-1547:char_judge,idiom:笑容可掬,char_judge,idiom:笑容可掬,笑容可掬,char_judge,lower,"{""display"": ""笑容甲掬""}"
idiom,L3,,「笑容可掬」的意思是？,小学教辅常见成语,成语;综合;小升初高频,小学成语培优全书·教辅常见,idiom-l3-1547:meaning_choice,idiom:笑容可掬,meaning_choice,idiom:笑容可掬,笑容可掬,meaning_choice,upper,"{""choices"": [""天地非常广阔"", ""本领极大，哪儿都能去"", ""蔺相如在渑池会上维护赵国尊严"", ""小学教辅常见成语""]}"
idiom,L3,,小学教辅常见成语（四字）,笑容满面,成语;综合;小升初高频,小学成语培优全书·教辅常见,idiom-l3-1548,idiom:笑容满面,recite,idiom:笑容满面,笑容满面,recite,all,
idiom,L3,,下面的写法对不对？,对,成语;综合;小升初高频,小学成语培优全书·教辅常见,idiom-l3-1548:char_judge,idiom:笑容满面,char_judge,idiom:笑容满面,笑容满面,char_judge,lower,"{""display"": ""笑容满面""}"
idiom,L3,,「笑容满面」的意思是？,小学教辅常见成语,成语;综合;小升初高频,小学成语培优全书·教辅常见,idiom-l3-1548:meaning_choice,idiom:笑容满面,meaning_choice,idiom:笑容满面,笑容满面,meaning_choice,upper,"{""choices"": [""小学教辅常见成语"", ""文章或动作很流畅"", ""家庭毁了，人也没了"", ""正宗高雅的音乐""]}"
idiom,L3,,小学教辅常见成语（四字）,笑语喧哗,成语;综合;小升初高频,小学成语培优全书·教辅常见,idiom-l3-1549,idiom:笑语喧哗,recite,idiom:笑语喧哗,笑语喧哗,recite,all,
idiom,L3,,下面的写法对不对？,对,成语;综合;小升初高频,小学成语培优全书·教辅常见,idiom-l3-1549:char_judge,idiom:笑语喧哗,char_judge,idiom:笑语喧哗,笑语喧哗,char_judge,lower,"{""display"": ""笑语喧哗""}"
idiom,L3,,「笑语喧哗」的意思是？,小学教辅常见成语,成语;综合;小升初高频,小学成语培优全书·教辅常见,idiom-l3-1549:meaning_choice,idiom:笑语喧哗,meaning_choice,idiom:笑语喧哗,笑语喧哗,meaning_choice,upper,"{""choices"": [""小学教辅常见成语"", ""这边看看那边看看"", ""天空高远，云很淡"", ""胆子很小""]}"
idiom,L3,,小学教辅常见成语（四字）,笑逐颜开,成语;综合;小升初高频,小学成语培优全书·教辅常见,idiom-l3-1550,idiom:笑逐颜开,recite,idiom:笑逐颜开,笑逐颜开,recite,all,
idiom,L3,,下面的写法对不对？,错,成语;综合;小升初高频,小学成语培优全书·教辅常见,idiom-l3-1550:char_judge,idiom:笑逐颜开,char_judge,idiom:笑逐颜开,笑逐颜开,char_judge,lower,"{""display"": ""笑逐甲开""}"
idiom,L3,,「笑逐颜开」的意思是？,小学教辅常见成语,成语;综合;小升初高频,小学成语培优全书·教辅常见,idiom-l3-1550:meaning_choice,idiom:笑逐颜开,meaning_choice,idiom:笑逐颜开,笑逐颜开,meaning_choice,upper,"{""choices"": [""描写心情的成语"", ""十分担心害怕"", ""颜色又多又好看"", ""小学教辅常见成语""]}"
idiom,L3,,小学教辅常见成语（四字）,笑里藏刀,成语;综合;小升初高频,小学成语培优全书·教辅常见,idiom-l3-1551,idiom:笑里藏刀,recite,idiom:笑里藏刀,笑里藏刀,recite,all,
idiom,L3,,下面的写法对不对？,错,成语;综合;小升初高频,小学成语培优全书·教辅常见,idiom-l3-1551:char_judge,idiom:笑里藏刀,char_judge,idiom:笑里藏刀,笑里藏刀,char_judge,lower,"{""display"": ""笑里甲刀""}"
idiom,L3,,「笑里藏刀」的意思是？,小学教辅常见成语,成语;综合;小升初高频,小学成语培优全书·教辅常见,idiom-l3-1551:meaning_choice,idiom:笑里藏刀,meaning_choice,idiom:笑里藏刀,笑里藏刀,meaning_choice,upper,"{""choices"": [""小学教辅常见成语"", ""乱七八糟地摆着"", ""经历过很多艰苦"", ""没想到的好事让人高兴""]}"
idiom,L3,,小学教辅常见成语（四字）,笨手笨脚,成语;综合;小升初高频,小学成语培优全书·教辅常见,idiom-l3-1552,idiom:笨手笨脚,recite,idiom:笨手笨脚,笨手笨脚,recite,all,
idiom,L3,,下面的写法对不对？,错,成语;综合;小升初高频,小学成语培优全书·教辅常见,idiom-l3-1552:char_judge,idiom:笨手笨脚,char_judge,idiom:笨手笨脚,笨手笨脚,char_judge,lower,"{""display"": ""笨手笨甲""}"
idiom,L3,,「笨手笨脚」的意思是？,小学教辅常见成语,成语;综合;小升初高频,小学成语培优全书·教辅常见,idiom-l3-1552:meaning_choice,idiom:笨手笨脚,meaning_choice,idiom:笨手笨脚,笨手笨脚,meaning_choice,upper,"{""choices"": [""周围各个方向"", ""小学教辅常见成语"", ""不清楚、弄不明白"", ""颜色很多""]}"
idiom,L3,,小学教辅常见成语（四字）,等闲视之,成语;综合;小升初高频,小学成语培优全书·教辅常见,idiom-l3-1553,idiom:等闲视之,recite,idiom:等闲视之,等闲视之,recite,all,
idiom,L3,,下面的写法对不对？,错,成语;综合;小升初高频,小学成语培优全书·教辅常见,idiom-l3-1553:char_judge,idiom:等闲视之,char_judge,idiom:等闲视之,等闲视之,char_judge,lower,"{""display"": ""甲闲视之""}"
idiom,L3,,「等闲视之」的意思是？,小学教辅常见成语,成语;综合;小升初高频,小学成语培优全书·教辅常见,idiom-l3-1553:meaning_choice,idiom:等闲视之,meaning_choice,idiom:等闲视之,等闲视之,meaning_choice,upper,"{""choices"": [""铺天盖地而来"", ""自己跟自己说话"", ""描写景物的成语"", ""小学教辅常见成语""]}"
idiom,L3,,小学教辅常见成语（四字）,简明扼要,成语;综合;小升初高频,小学成语培优全书·教辅常见,idiom-l3-1554,idiom:简明扼要,recite,idiom:简明扼要,简明扼要,recite,all,
idiom,L3,,下面的写法对不对？,错,成语;综合;小升初高频,小学成语培优全书·教辅常见,idiom-l3-1554:char_judge,idiom:简明扼要,char_judge,idiom:简明扼要,简明扼要,char_judge,lower,"{""display"": ""简明扼甲""}"
idiom,L3,,「简明扼要」的意思是？,小学教辅常见成语,成语;综合;小升初高频,小学成语培优全书·教辅常见,idiom-l3-1554:meaning_choice,idiom:简明扼要,meaning_choice,idiom:简明扼要,简明扼要,meaning_choice,upper,"{""choices"": [""眼睛明亮、牙齿洁白"", ""小学教辅常见成语"", ""想尽办法读书"", ""样子慈善和气""]}"
idiom,L3,,小学教辅常见成语（四字）,管中窥豹,成语;综合;小升初高频,小学成语培优全书·教辅常见,idiom-l3-1555,idiom:管中窥豹,recite,idiom:管中窥豹,管中窥豹,recite,all,
idiom,L3,,下面的写法对不对？,错,成语;综合;小升初高频,小学成语培优全书·教辅常见,idiom-l3-1555:char_judge,idiom:管中窥豹,char_judge,idiom:管中窥豹,管中窥豹,char_judge,lower,"{""display"": ""管中甲豹""}"
idiom,L3,,「管中窥豹」的意思是？,小学教辅常见成语,成语;综合;小升初高频,小学成语培优全书·教辅常见,idiom-l3-1555:meaning_choice,idiom:管中窥豹,meaning_choice,idiom:管中窥豹,管中窥豹,meaning_choice,upper,"{""choices"": [""不知该哭还是该笑"", ""小学教辅常见成语"", ""说得很动听讨人喜欢"", ""变化很多""]}"
idiom,L3,,小学教辅常见成语（四字）,粗制滥造,成语;综合;小升初高频,小学成语培优全书·教辅常见,idiom-l3-1556,idiom:粗制滥造,recite,idiom:粗制滥造,粗制滥造,recite,all,
idiom,L3,,下面的写法对不对？,对,成语;综合;小升初高频,小学成语培优全书·教辅常见,idiom-l3-1556:char_judge,idiom:粗制滥造,char_judge,idiom:粗制滥造,粗制滥造,char_judge,lower,"{""display"": ""粗制滥造""}"
idiom,L3,,「粗制滥造」的意思是？,小学教辅常见成语,成语;综合;小升初高频,小学成语培优全书·教辅常见,idiom-l3-1556:meaning_choice,idiom:粗制滥造,meaning_choice,idiom:粗制滥造,粗制滥造,meaning_choice,upper,"{""choices"": [""百姓生活在极端困苦中"", ""年老体衰、行动不灵便"", ""事情还没发生就知道"", ""小学教辅常见成语""]}"
idiom,L3,,小学教辅常见成语（四字）,粗枝大叶,成语;综合;小升初高频,小学成语培优全书·教辅常见,idiom-l3-1557,idiom:粗枝大叶,recite,idiom:粗枝大叶,粗枝大叶,recite,all,
idiom,L3,,下面的写法对不对？,对,成语;综合;小升初高频,小学成语培优全书·教辅常见,idiom-l3-1557:char_judge,idiom:粗枝大叶,char_judge,idiom:粗枝大叶,粗枝大叶,char_judge,lower,"{""display"": ""粗枝大叶""}"
idiom,L3,,「粗枝大叶」的意思是？,小学教辅常见成语,成语;综合;小升初高频,小学成语培优全书·教辅常见,idiom-l3-1557:meaning_choice,idiom:粗枝大叶,meaning_choice,idiom:粗枝大叶,粗枝大叶,meaning_choice,upper,"{""choices"": [""到了山和水的尽头，没有出路"", ""雪片又大又密"", ""小学教辅常见成语"", ""脸上很有光彩、很有精神""]}"
idiom,L3,,小学教辅常见成语（四字）,精打细算,成语;综合;小升初高频,小学成语培优全书·教辅常见,idiom-l3-1558,idiom:精打细算,recite,idiom:精打细算,精打细算,recite,all,
idiom,L3,,下面的写法对不对？,对,成语;综合;小升初高频,小学成语培优全书·教辅常见,idiom-l3-1558:char_judge,idiom:精打细算,char_judge,idiom:精打细算,精打细算,char_judge,lower,"{""display"": ""精打细算""}"
idiom,L3,,「精打细算」的意思是？,小学教辅常见成语,成语;综合;小升初高频,小学成语培优全书·教辅常见,idiom-l3-1558:meaning_choice,idiom:精打细算,meaning_choice,idiom:精打细算,精打细算,meaning_choice,upper,"{""choices"": [""智谋很多"", ""小学教辅常见成语"", ""AABB 结构的成语"", ""秋天天气清爽""]}"
idiom,L3,,小学教辅常见成语（四字）,精疲力尽,成语;综合;小升初高频,小学成语培优全书·教辅常见,idiom-l3-1559,idiom:精疲力尽,recite,idiom:精疲力尽,精疲力尽,recite,all,
idiom,L3,,下面的写法对不对？,对,成语;综合;小升初高频,小学成语培优全书·教辅常见,idiom-l3-1559:char_judge,idiom:精疲力尽,char_judge,idiom:精疲力尽,精疲力尽,char_judge,lower,"{""display"": ""精疲力尽""}"
idiom,L3,,「精疲力尽」的意思是？,小学教辅常见成语,成语;综合;小升初高频,小学成语培优全书·教辅常见,idiom-l3-1559:meaning_choice,idiom:精疲力尽,meaning_choice,idiom:精疲力尽,精疲力尽,meaning_choice,upper,"{""choices"": [""自己控制不住感情"", ""小学教辅常见成语"", ""没有办法可想"", ""自己的说法或做法互相冲突""]}"
idiom,L3,,小学教辅常见成语（四字）,精益求精,成语;综合;小升初高频,小学成语培优全书·教辅常见,idiom-l3-1560,idiom:精益求精,recite,idiom:精益求精,精益求精,recite,all,
idiom,L3,,下面的写法对不对？,错,成语;综合;小升初高频,小学成语培优全书·教辅常见,idiom-l3-1560:char_judge,idiom:精益求精,char_judge,idiom:精益求精,精益求精,char_judge,lower,"{""display"": ""甲益求精""}"
idiom,L3,,「精益求精」的意思是？,小学教辅常见成语,成语;综合;小升初高频,小学成语培优全书·教辅常见,idiom-l3-1560:meaning_choice,idiom:精益求精,meaning_choice,idiom:精益求精,精益求精,meaning_choice,upper,"{""choices"": [""恭敬地向老师求教"", ""字写得有气势"", ""小学教辅常见成语"", ""风景优美""]}"
idiom,L3,,小学教辅常见成语（四字）,精神抖擞,成语;综合;小升初高频,小学成语培优全书·教辅常见,idiom-l3-1561,idiom:精神抖擞,recite,idiom:精神抖擞,精神抖擞,recite,all,
idiom,L3,,下面的写法对不对？,对,成语;综合;小升初高频,小学成语培优全书·教辅常见,idiom-l3-1561:char_judge,idiom:精神抖擞,char_judge,idiom:精神抖擞,精神抖擞,char_judge,lower,"{""display"": ""精神抖擞""}"
idiom,L3,,「精神抖擞」的意思是？,小学教辅常见成语,成语;综合;小升初高频,小学成语培优全书·教辅常见,idiom-l3-1561:meaning_choice,idiom:精神抖擞,meaning_choice,idiom:精神抖擞,精神抖擞,meaning_choice,upper,"{""choices"": [""人工比自然还精巧"", ""走路不稳，跌跌撞撞"", ""全国各地，四面八方"", ""小学教辅常见成语""]}"
idiom,L3,,小学教辅常见成语（四字）,精神焕发,成语;综合;小升初高频,小学成语培优全书·教辅常见,idiom-l3-1562,idiom:精神焕发,recite,idiom:精神焕发,精神焕发,recite,all,
idiom,L3,,下面的写法对不对？,对,成语;综合;小升初高频,小学成语培优全书·教辅常见,idiom-l3-1562:char_judge,idiom:精神焕发,char_judge,idiom:精神焕发,精神焕发,char_judge,lower,"{""display"": ""精神焕发""}"
idiom,L3,,「精神焕发」的意思是？,小学教辅常见成语,成语;综合;小升初高频,小学成语培优全书·教辅常见,idiom-l3-1562:meaning_choice,idiom:精神焕发,meaning_choice,idiom:精神焕发,精神焕发,meaning_choice,upper,"{""choices"": [""轻快地唱、柔美地舞"", ""小学教辅常见成语"", ""文章或动作很流畅"", ""身材修长美丽""]}"
idiom,L3,,小学教辅常见成语（四字）,精美绝伦,成语;综合;小升初高频,小学成语培优全书·教辅常见,idiom-l3-1563,idiom:精美绝伦,recite,idiom:精美绝伦,精美绝伦,recite,all,
idiom,L3,,下面的写法对不对？,对,成语;综合;小升初高频,小学成语培优全书·教辅常见,idiom-l3-1563:char_judge,idiom:精美绝伦,char_judge,idiom:精美绝伦,精美绝伦,char_judge,lower,"{""display"": ""精美绝伦""}"
idiom,L3,,「精美绝伦」的意思是？,小学教辅常见成语,成语;综合;小升初高频,小学成语培优全书·教辅常见,idiom-l3-1563:meaning_choice,idiom:精美绝伦,meaning_choice,idiom:精美绝伦,精美绝伦,meaning_choice,upper,"{""choices"": [""没有烦恼"", ""一眼望不到边"", ""小学教辅常见成语"", ""样子慈善和气""]}"
idiom,L3,,小学教辅常见成语（四字）,素不相识,成语;综合;小升初高频,小学成语培优全书·教辅常见,idiom-l3-1564,idiom:素不相识,recite,idiom:素不相识,素不相识,recite,all,
idiom,L3,,下面的写法对不对？,对,成语;综合;小升初高频,小学成语培优全书·教辅常见,idiom-l3-1564:char_judge,idiom:素不相识,char_judge,idiom:素不相识,素不相识,char_judge,lower,"{""display"": ""素不相识""}"
idiom,L3,,「素不相识」的意思是？,小学教辅常见成语,成语;综合;小升初高频,小学成语培优全书·教辅常见,idiom-l3-1564:meaning_choice,idiom:素不相识,meaning_choice,idiom:素不相识,素不相识,meaning_choice,upper,"{""choices"": [""吓得或急得没了主意"", ""样子很庄重认真"", ""百姓生活在极端困苦中"", ""小学教辅常见成语""]}"
idiom,L3,,小学教辅常见成语（四字）,索然无味,成语;综合;小升初高频,小学成语培优全书·教辅常见,idiom-l3-1565,idiom:索然无味,recite,idiom:索然无味,索然无味,recite,all,
idiom,L3,,下面的写法对不对？,错,成语;综合;小升初高频,小学成语培优全书·教辅常见,idiom-l3-1565:char_judge,idiom:索然无味,char_judge,idiom:索然无味,索然无味,char_judge,lower,"{""display"": ""索然天味""}"
idiom,L3,,「索然无味」的意思是？,小学教辅常见成语,成语;综合;小升初高频,小学成语培优全书·教辅常见,idiom-l3-1565:meaning_choice,idiom:索然无味,meaning_choice,idiom:索然无味,索然无味,meaning_choice,upper,"{""choices"": [""一切都换成了新气象"", ""天空蓝得像洗过一样"", ""见识很短浅"", ""小学教辅常见成语""]}"
idiom,L3,,小学教辅常见成语（四字）,繁文缛节,成语;综合;小升初高频,小学成语培优全书·教辅常见,idiom-l3-1566,idiom:繁文缛节,recite,idiom:繁文缛节,繁文缛节,recite,all,
idiom,L3,,下面的写法对不对？,对,成语;综合;小升初高频,小学成语培优全书·教辅常见,idiom-l3-1566:char_judge,idiom:繁文缛节,char_judge,idiom:繁文缛节,繁文缛节,char_judge,lower,"{""display"": ""繁文缛节""}"
idiom,L3,,「繁文缛节」的意思是？,小学教辅常见成语,成语;综合;小升初高频,小学成语培优全书·教辅常见,idiom-l3-1566:meaning_choice,idiom:繁文缛节,meaning_choice,idiom:繁文缛节,繁文缛节,meaning_choice,upper,"{""choices"": [""云雾散开，眼前明亮"", ""小学教辅常见成语"", ""情况变了还用老办法"", ""生活安定，工作愉快""]}"
idiom,L3,,小学教辅常见成语（四字）,繁荣昌盛,成语;综合;小升初高频,小学成语培优全书·教辅常见,idiom-l3-1567,idiom:繁荣昌盛,recite,idiom:繁荣昌盛,繁荣昌盛,recite,all,
idiom,L3,,下面的写法对不对？,对,成语;综合;小升初高频,小学成语培优全书·教辅常见,idiom-l3-1567:char_judge,idiom:繁荣昌盛,char_judge,idiom:繁荣昌盛,繁荣昌盛,char_judge,lower,"{""display"": ""繁荣昌盛""}"
idiom,L3,,「繁荣昌盛」的意思是？,小学教辅常见成语,成语;综合;小升初高频,小学成语培优全书·教辅常见,idiom-l3-1567:meaning_choice,idiom:繁荣昌盛,meaning_choice,idiom:繁荣昌盛,繁荣昌盛,meaning_choice,upper,"{""choices"": [""样子各不相同"", ""小学教辅常见成语"", ""情绪非常激动"", ""做多余的事反而坏事""]}"
idiom,L3,,小学教辅常见成语（四字）,红旗招展,成语;综合;小升初高频,小学成语培优全书·教辅常见,idiom-l3-1568,idiom:红旗招展,recite,idiom:红旗招展,红旗招展,recite,all,
idiom,L3,,下面的写法对不对？,对,成语;综合;小升初高频,小学成语培优全书·教辅常见,idiom-l3-1568:char_judge,idiom:红旗招展,char_judge,idiom:红旗招展,红旗招展,char_judge,lower,"{""display"": ""红旗招展""}"
idiom,L3,,「红旗招展」的意思是？,小学教辅常见成语,成语;综合;小升初高频,小学成语培优全书·教辅常见,idiom-l3-1568:meaning_choice,idiom:红旗招展,meaning_choice,idiom:红旗招展,红旗招展,meaning_choice,upper,"{""choices"": [""描写外貌的成语"", ""十分担心害怕"", ""小学教辅常见成语"", ""能听见邻家鸡狗的叫声，形容住得近""]}"
idiom,L3,,小学教辅常见成语（四字）,红日高照,成语;综合;小升初高频,小学成语培优全书·教辅常见,idiom-l3-1569,idiom:红日高照,recite,idiom:红日高照,红日高照,recite,all,
idiom,L3,,下面的写法对不对？,错,成语;综合;小升初高频,小学成语培优全书·教辅常见,idiom-l3-1569:char_judge,idiom:红日高照,char_judge,idiom:红日高照,红日高照,char_judge,lower,"{""display"": ""红甲高照""}"
idiom,L3,,「红日高照」的意思是？,小学教辅常见成语,成语;综合;小升初高频,小学成语培优全书·教辅常见,idiom-l3-1569:meaning_choice,idiom:红日高照,meaning_choice,idiom:红日高照,红日高照,meaning_choice,upper,"{""choices"": [""到处都可以当作家"", ""小学教辅常见成语"", ""一切都换成了新气象"", ""自然界最美的声音""]}"
idiom,L3,,小学教辅常见成语（四字）,约定俗成,成语;综合;小升初高频,小学成语培优全书·教辅常见,idiom-l3-1570,idiom:约定俗成,recite,idiom:约定俗成,约定俗成,recite,all,
idiom,L3,,下面的写法对不对？,对,成语;综合;小升初高频,小学成语培优全书·教辅常见,idiom-l3-1570:char_judge,idiom:约定俗成,char_judge,idiom:约定俗成,约定俗成,char_judge,lower,"{""display"": ""约定俗成""}"
idiom,L3,,「约定俗成」的意思是？,小学教辅常见成语,成语;综合;小升初高频,小学成语培优全书·教辅常见,idiom-l3-1570:meaning_choice,idiom:约定俗成,meaning_choice,idiom:约定俗成,约定俗成,meaning_choice,upper,"{""choices"": [""精神完全集中"", ""小学教辅常见成语"", ""好上加好"", ""急得不能再等""]}"
idiom,L3,,小学教辅常见成语（四字）,纷至沓来,成语;综合;小升初高频,小学成语培优全书·教辅常见,idiom-l3-1571,idiom:纷至沓来,recite,idiom:纷至沓来,纷至沓来,recite,all,
idiom,L3,,下面的写法对不对？,错,成语;综合;小升初高频,小学成语培优全书·教辅常见,idiom-l3-1571:char_judge,idiom:纷至沓来,char_judge,idiom:纷至沓来,纷至沓来,char_judge,lower,"{""display"": ""甲至沓来""}"
idiom,L3,,「纷至沓来」的意思是？,小学教辅常见成语,成语;综合;小升初高频,小学成语培优全书·教辅常见,idiom-l3-1571:meaning_choice,idiom:纷至沓来,meaning_choice,idiom:纷至沓来,纷至沓来,meaning_choice,upper,"{""choices"": [""小学教辅常见成语"", ""不想努力，只等现成的"", ""不清楚、弄不明白"", ""心里急得像火烧""]}"
idiom,L3,,小学教辅常见成语（四字）,细心观察,成语;综合;小升初高频,小学成语培优全书·教辅常见,idiom-l3-1572,idiom:细心观察,recite,idiom:细心观察,细心观察,recite,all,
idiom,L3,,下面的写法对不对？,对,成语;综合;小升初高频,小学成语培优全书·教辅常见,idiom-l3-1572:char_judge,idiom:细心观察,char_judge,idiom:细心观察,细心观察,char_judge,lower,"{""display"": ""细心观察""}"
idiom,L3,,「细心观察」的意思是？,小学教辅常见成语,成语;综合;小升初高频,小学成语培优全书·教辅常见,idiom-l3-1572:meaning_choice,idiom:细心观察,meaning_choice,idiom:细心观察,细心观察,meaning_choice,upper,"{""choices"": [""到哪儿都能安下心来"", ""小学教辅常见成语"", ""眼界很小"", ""气势像高山大河一样雄伟""]}"
idiom,L3,,小学教辅常见成语（四字）,绘声绘色,成语;综合;小升初高频,小学成语培优全书·教辅常见,idiom-l3-1573,idiom:绘声绘色,recite,idiom:绘声绘色,绘声绘色,recite,all,
idiom,L3,,下面的写法对不对？,对,成语;综合;小升初高频,小学成语培优全书·教辅常见,idiom-l3-1573:char_judge,idiom:绘声绘色,char_judge,idiom:绘声绘色,绘声绘色,char_judge,lower,"{""display"": ""绘声绘色""}"
idiom,L3,,「绘声绘色」的意思是？,小学教辅常见成语,成语;综合;小升初高频,小学成语培优全书·教辅常见,idiom-l3-1573:meaning_choice,idiom:绘声绘色,meaning_choice,idiom:绘声绘色,绘声绘色,meaning_choice,upper,"{""choices"": [""小学教辅常见成语"", ""描写神态的成语"", ""描写神态的成语"", ""描写神态的成语""]}"
idiom,L3,,小学教辅常见成语（四字）,络绎不绝,成语;综合;小升初高频,小学成语培优全书·教辅常见,idiom-l3-1575,idiom:络绎不绝,recite,idiom:络绎不绝,络绎不绝,recite,all,
idiom,L3,,下面的写法对不对？,对,成语;综合;小升初高频,小学成语培优全书·教辅常见,idiom-l3-1575:char_judge,idiom:络绎不绝,char_judge,idiom:络绎不绝,络绎不绝,char_judge,lower,"{""display"": ""络绎不绝""}"
idiom,L3,,「络绎不绝」的意思是？,小学教辅常见成语,成语;综合;小升初高频,小学成语培优全书·教辅常见,idiom-l3-1575:meaning_choice,idiom:络绎不绝,meaning_choice,idiom:络绎不绝,络绎不绝,meaning_choice,upper,"{""choices"": [""小学教辅常见成语"", ""想尽办法读书"", ""事情还没发生就知道"", ""眼睛明亮、牙齿洁白""]}"
idiom,L3,,小学教辅常见成语（四字）,绝处逢生,成语;综合;小升初高频,小学成语培优全书·教辅常见,idiom-l3-1576,idiom:绝处逢生,recite,idiom:绝处逢生,绝处逢生,recite,all,
idiom,L3,,下面的写法对不对？,对,成语;综合;小升初高频,小学成语培优全书·教辅常见,idiom-l3-1576:char_judge,idiom:绝处逢生,char_judge,idiom:绝处逢生,绝处逢生,char_judge,lower,"{""display"": ""绝处逢生""}"
idiom,L3,,「绝处逢生」的意思是？,小学教辅常见成语,成语;综合;小升初高频,小学成语培优全书·教辅常见,idiom-l3-1576:meaning_choice,idiom:绝处逢生,meaning_choice,idiom:绝处逢生,绝处逢生,meaning_choice,upper,"{""choices"": [""小学教辅常见成语"", ""十分担心害怕"", ""什么植物都长不出来"", ""很多人或动物聚在一起""]}"
idiom,L3,,小学教辅常见成语（四字）,继往开来,成语;综合;小升初高频,小学成语培优全书·教辅常见,idiom-l3-1577,idiom:继往开来,recite,idiom:继往开来,继往开来,recite,all,
idiom,L3,,下面的写法对不对？,错,成语;综合;小升初高频,小学成语培优全书·教辅常见,idiom-l3-1577:char_judge,idiom:继往开来,char_judge,idiom:继往开来,继往开来,char_judge,lower,"{""display"": ""继往开甲""}"
idiom,L3,,「继往开来」的意思是？,小学教辅常见成语,成语;综合;小升初高频,小学成语培优全书·教辅常见,idiom-l3-1577:meaning_choice,idiom:继往开来,meaning_choice,idiom:继往开来,继往开来,meaning_choice,upper,"{""choices"": [""不止一个，还有配对的"", ""很得意、很有精神的样子"", ""小学教辅常见成语"", ""想出和别人不一样的办法""]}"
idiom,L3,,小学教辅常见成语（四字）,绳锯木断,成语;综合;小升初高频,小学成语培优全书·教辅常见,idiom-l3-1578,idiom:绳锯木断,recite,idiom:绳锯木断,绳锯木断,recite,all,
idiom,L3,,下面的写法对不对？,对,成语;综合;小升初高频,小学成语培优全书·教辅常见,idiom-l3-1578:char_judge,idiom:绳锯木断,char_judge,idiom:绳锯木断,绳锯木断,char_judge,lower,"{""display"": ""绳锯木断""}"
idiom,L3,,「绳锯木断」的意思是？,小学教辅常见成语,成语;综合;小升初高频,小学成语培优全书·教辅常见,idiom-l3-1578:meaning_choice,idiom:绳锯木断,meaning_choice,idiom:绳锯木断,绳锯木断,meaning_choice,upper,"{""choices"": [""能听见邻家鸡狗的叫声，形容住得近"", ""小学教辅常见成语"", ""脸色温和愉快"", ""描写景物的成语""]}"
idiom,L3,,小学教辅常见成语（四字）,绿意盎然,成语;综合;小升初高频,小学成语培优全书·教辅常见,idiom-l3-1579,idiom:绿意盎然,recite,idiom:绿意盎然,绿意盎然,recite,all,
idiom,L3,,下面的写法对不对？,对,成语;综合;小升初高频,小学成语培优全书·教辅常见,idiom-l3-1579:char_judge,idiom:绿意盎然,char_judge,idiom:绿意盎然,绿意盎然,char_judge,lower,"{""display"": ""绿意盎然""}"
idiom,L3,,「绿意盎然」的意思是？,小学教辅常见成语,成语;综合;小升初高频,小学成语培优全书·教辅常见,idiom-l3-1579:meaning_choice,idiom:绿意盎然,meaning_choice,idiom:绿意盎然,绿意盎然,meaning_choice,upper,"{""choices"": [""费尽心思"", ""小学教辅常见成语"", ""名声传到国内外"", ""说得很动听讨人喜欢""]}"
idiom,L3,,小学教辅常见成语（四字）,绿树成荫,成语;综合;小升初高频,小学成语培优全书·教辅常见,idiom-l3-1580,idiom:绿树成荫,recite,idiom:绿树成荫,绿树成荫,recite,all,
idiom,L3,,下面的写法对不对？,错,成语;综合;小升初高频,小学成语培优全书·教辅常见,idiom-l3-1580:char_judge,idiom:绿树成荫,char_judge,idiom:绿树成荫,绿树成荫,char_judge,lower,"{""display"": ""绿树城荫""}"
idiom,L3,,「绿树成荫」的意思是？,小学教辅常见成语,成语;综合;小升初高频,小学成语培优全书·教辅常见,idiom-l3-1580:meaning_choice,idiom:绿树成荫,meaning_choice,idiom:绿树成荫,绿树成荫,meaning_choice,upper,"{""choices"": [""国家太平，人民安乐"", ""到处是冰和雪"", ""小学教辅常见成语"", ""字写得有气势""]}"
idiom,L3,,小学教辅常见成语（四字）,绿肥红瘦,成语;综合;小升初高频,小学成语培优全书·教辅常见,idiom-l3-1581,idiom:绿肥红瘦,recite,idiom:绿肥红瘦,绿肥红瘦,recite,all,
idiom,L3,,下面的写法对不对？,错,成语;综合;小升初高频,小学成语培优全书·教辅常见,idiom-l3-1581:char_judge,idiom:绿肥红瘦,char_judge,idiom:绿肥红瘦,绿肥红瘦,char_judge,lower,"{""display"": ""甲肥红瘦""}"
idiom,L3,,「绿肥红瘦」的意思是？,小学教辅常见成语,成语;综合;小升初高频,小学成语培优全书·教辅常见,idiom-l3-1581:meaning_choice,idiom:绿肥红瘦,meaning_choice,idiom:绿肥红瘦,绿肥红瘦,meaning_choice,upper,"{""choices"": [""侥幸逃脱的人"", ""得到帮助后更强"", ""小学教辅常见成语"", ""文雅有礼貌""]}"
idiom,L3,,小学教辅常见成语（四字）,绿草如茵,成语;综合;小升初高频,小学成语培优全书·教辅常见,idiom-l3-1582,idiom:绿草如茵,recite,idiom:绿草如茵,绿草如茵,recite,all,
idiom,L3,,下面的写法对不对？,错,成语;综合;小升初高频,小学成语培优全书·教辅常见,idiom-l3-1582:char_judge,idiom:绿草如茵,char_judge,idiom:绿草如茵,绿草如茵,char_judge,lower,"{""display"": ""绿草甲茵""}"
idiom,L3,,「绿草如茵」的意思是？,小学教辅常见成语,成语;综合;小升初高频,小学成语培优全书·教辅常见,idiom-l3-1582:meaning_choice,idiom:绿草如茵,meaning_choice,idiom:绿草如茵,绿草如茵,meaning_choice,upper,"{""choices"": [""形容艺术水平的成语"", ""形容艺术水平的成语"", ""含有动物的成语"", ""小学教辅常见成语""]}"
idiom,L3,,小学教辅常见成语（四字）,缠绵悱恻,成语;综合;小升初高频,小学成语培优全书·教辅常见,idiom-l3-1583,idiom:缠绵悱恻,recite,idiom:缠绵悱恻,缠绵悱恻,recite,all,
idiom,L3,,下面的写法对不对？,对,成语;综合;小升初高频,小学成语培优全书·教辅常见,idiom-l3-1583:char_judge,idiom:缠绵悱恻,char_judge,idiom:缠绵悱恻,缠绵悱恻,char_judge,lower,"{""display"": ""缠绵悱恻""}"
idiom,L3,,「缠绵悱恻」的意思是？,小学教辅常见成语,成语;综合;小升初高频,小学成语培优全书·教辅常见,idiom-l3-1583:meaning_choice,idiom:缠绵悱恻,meaning_choice,idiom:缠绵悱恻,缠绵悱恻,meaning_choice,upper,"{""choices"": [""找出事物的根由"", ""小学教辅常见成语"", ""跃跃欲试、准备动手"", ""气势像高山大河一样雄伟""]}"
idiom,L3,,小学教辅常见成语（四字）,缩手缩脚,成语;综合;小升初高频,小学成语培优全书·教辅常见,idiom-l3-1584,idiom:缩手缩脚,recite,idiom:缩手缩脚,缩手缩脚,recite,all,
idiom,L3,,下面的写法对不对？,对,成语;综合;小升初高频,小学成语培优全书·教辅常见,idiom-l3-1584:char_judge,idiom:缩手缩脚,char_judge,idiom:缩手缩脚,缩手缩脚,char_judge,lower,"{""display"": ""缩手缩脚""}"
idiom,L3,,「缩手缩脚」的意思是？,小学教辅常见成语,成语;综合;小升初高频,小学成语培优全书·教辅常见,idiom-l3-1584:meaning_choice,idiom:缩手缩脚,meaning_choice,idiom:缩手缩脚,缩手缩脚,meaning_choice,upper,"{""choices"": [""身材魁梧"", ""舍不得离开"", ""山塌地裂，声势极大"", ""小学教辅常见成语""]}"
idiom,L3,,小学教辅常见成语（四字）,罪魁祸首,成语;综合;小升初高频,小学成语培优全书·教辅常见,idiom-l3-1585,idiom:罪魁祸首,recite,idiom:罪魁祸首,罪魁祸首,recite,all,
idiom,L3,,下面的写法对不对？,对,成语;综合;小升初高频,小学成语培优全书·教辅常见,idiom-l3-1585:char_judge,idiom:罪魁祸首,char_judge,idiom:罪魁祸首,罪魁祸首,char_judge,lower,"{""display"": ""罪魁祸首""}"
idiom,L3,,「罪魁祸首」的意思是？,小学教辅常见成语,成语;综合;小升初高频,小学成语培优全书·教辅常见,idiom-l3-1585:meaning_choice,idiom:罪魁祸首,meaning_choice,idiom:罪魁祸首,罪魁祸首,meaning_choice,upper,"{""choices"": [""说话直截了当，一下子说到要害"", ""到了山和水的尽头，没有出路"", ""国家太平，人民安乐"", ""小学教辅常见成语""]}"
idiom,L3,,小学教辅常见成语（四字）,置之不理,成语;综合;小升初高频,小学成语培优全书·教辅常见,idiom-l3-1586,idiom:置之不理,recite,idiom:置之不理,置之不理,recite,all,
idiom,L3,,下面的写法对不对？,错,成语;综合;小升初高频,小学成语培优全书·教辅常见,idiom-l3-1586:char_judge,idiom:置之不理,char_judge,idiom:置之不理,置之不理,char_judge,lower,"{""display"": ""甲之不理""}"
idiom,L3,,「置之不理」的意思是？,小学教辅常见成语,成语;综合;小升初高频,小学成语培优全书·教辅常见,idiom-l3-1586:meaning_choice,idiom:置之不理,meaning_choice,idiom:置之不理,置之不理,meaning_choice,upper,"{""choices"": [""小学教辅常见成语"", ""主动认错、请求责罚"", ""颜色很多"", ""年老体衰、行动不灵便""]}"
idiom,L3,,小学教辅常见成语（四字）,置之度外,成语;综合;小升初高频,小学成语培优全书·教辅常见,idiom-l3-1587,idiom:置之度外,recite,idiom:置之度外,置之度外,recite,all,
idiom,L3,,下面的写法对不对？,对,成语;综合;小升初高频,小学成语培优全书·教辅常见,idiom-l3-1587:char_judge,idiom:置之度外,char_judge,idiom:置之度外,置之度外,char_judge,lower,"{""display"": ""置之度外""}"
idiom,L3,,「置之度外」的意思是？,小学教辅常见成语,成语;综合;小升初高频,小学成语培优全书·教辅常见,idiom-l3-1587:meaning_choice,idiom:置之度外,meaning_choice,idiom:置之度外,置之度外,meaning_choice,upper,"{""choices"": [""小学教辅常见成语"", ""描写景物的成语"", ""描写景物的成语"", ""描写景物的成语""]}"
idiom,L3,,小学教辅常见成语（四字）,羊肠小道,成语;综合;小升初高频,小学成语培优全书·教辅常见,idiom-l3-1588,idiom:羊肠小道,recite,idiom:羊肠小道,羊肠小道,recite,all,
idiom,L3,,下面的写法对不对？,错,成语;综合;小升初高频,小学成语培优全书·教辅常见,idiom-l3-1588:char_judge,idiom:羊肠小道,char_judge,idiom:羊肠小道,羊肠小道,char_judge,lower,"{""display"": ""羊肠小到""}"
idiom,L3,,「羊肠小道」的意思是？,小学教辅常见成语,成语;综合;小升初高频,小学成语培优全书·教辅常见,idiom-l3-1588:meaning_choice,idiom:羊肠小道,meaning_choice,idiom:羊肠小道,羊肠小道,meaning_choice,upper,"{""choices"": [""很多人或动物聚在一起"", ""小学教辅常见成语"", ""不加咀嚼地整吞，比喻不求甚解"", ""关键处一点就使整体生动""]}"
idiom,L3,,小学教辅常见成语（四字）,美不胜收,成语;综合;小升初高频,小学成语培优全书·教辅常见,idiom-l3-1589,idiom:美不胜收,recite,idiom:美不胜收,美不胜收,recite,all,
idiom,L3,,下面的写法对不对？,对,成语;综合;小升初高频,小学成语培优全书·教辅常见,idiom-l3-1589:char_judge,idiom:美不胜收,char_judge,idiom:美不胜收,美不胜收,char_judge,lower,"{""display"": ""美不胜收""}"
idiom,L3,,「美不胜收」的意思是？,小学教辅常见成语,成语;综合;小升初高频,小学成语培优全书·教辅常见,idiom-l3-1589:meaning_choice,idiom:美不胜收,meaning_choice,idiom:美不胜收,美不胜收,meaning_choice,upper,"{""choices"": [""生活安定，工作愉快"", ""小学教辅常见成语"", ""人民没法生活下去"", ""一直坚持，不放弃""]}"
idiom,L3,,小学教辅常见成语（四字）,美轮美奂,成语;综合;小升初高频,小学成语培优全书·教辅常见,idiom-l3-1590,idiom:美轮美奂,recite,idiom:美轮美奂,美轮美奂,recite,all,
idiom,L3,,下面的写法对不对？,错,成语;综合;小升初高频,小学成语培优全书·教辅常见,idiom-l3-1590:char_judge,idiom:美轮美奂,char_judge,idiom:美轮美奂,美轮美奂,char_judge,lower,"{""display"": ""美甲美奂""}"
idiom,L3,,「美轮美奂」的意思是？,小学教辅常见成语,成语;综合;小升初高频,小学成语培优全书·教辅常见,idiom-l3-1590:meaning_choice,idiom:美轮美奂,meaning_choice,idiom:美轮美奂,美轮美奂,meaning_choice,upper,"{""choices"": [""小学教辅常见成语"", ""AABC 结构的成语"", ""AABC 结构的成语"", ""AABC 结构的成语""]}"
idiom,L3,,小学教辅常见成语（四字）,群策群力,成语;综合;小升初高频,小学成语培优全书·教辅常见,idiom-l3-1591,idiom:群策群力,recite,idiom:群策群力,群策群力,recite,all,
idiom,L3,,下面的写法对不对？,对,成语;综合;小升初高频,小学成语培优全书·教辅常见,idiom-l3-1591:char_judge,idiom:群策群力,char_judge,idiom:群策群力,群策群力,char_judge,lower,"{""display"": ""群策群力""}"
idiom,L3,,「群策群力」的意思是？,小学教辅常见成语,成语;综合;小升初高频,小学成语培优全书·教辅常见,idiom-l3-1591:meaning_choice,idiom:群策群力,meaning_choice,idiom:群策群力,群策群力,meaning_choice,upper,"{""choices"": [""形象生动得像活的一样"", ""小学教辅常见成语"", ""事情还没发生就知道"", ""心里着急、烦躁""]}"
idiom,L3,,小学教辅常见成语（四字）,翻天覆地,成语;综合;小升初高频,小学成语培优全书·教辅常见,idiom-l3-1592,idiom:翻天覆地,recite,idiom:翻天覆地,翻天覆地,recite,all,
idiom,L3,,下面的写法对不对？,错,成语;综合;小升初高频,小学成语培优全书·教辅常见,idiom-l3-1592:char_judge,idiom:翻天覆地,char_judge,idiom:翻天覆地,翻天覆地,char_judge,lower,"{""display"": ""翻天覆第""}"
idiom,L3,,「翻天覆地」的意思是？,小学教辅常见成语,成语;综合;小升初高频,小学成语培优全书·教辅常见,idiom-l3-1592:meaning_choice,idiom:翻天覆地,meaning_choice,idiom:翻天覆地,翻天覆地,meaning_choice,upper,"{""choices"": [""十分担心害怕"", ""大声地笑"", ""小学教辅常见成语"", ""气势很大、规模很大""]}"
idiom,L3,,小学教辅常见成语（四字）,翻来覆去,成语;综合;小升初高频,小学成语培优全书·教辅常见,idiom-l3-1593,idiom:翻来覆去,recite,idiom:翻来覆去,翻来覆去,recite,all,
idiom,L3,,下面的写法对不对？,对,成语;综合;小升初高频,小学成语培优全书·教辅常见,idiom-l3-1593:char_judge,idiom:翻来覆去,char_judge,idiom:翻来覆去,翻来覆去,char_judge,lower,"{""display"": ""翻来覆去""}"
idiom,L3,,「翻来覆去」的意思是？,小学教辅常见成语,成语;综合;小升初高频,小学成语培优全书·教辅常见,idiom-l3-1593:meaning_choice,idiom:翻来覆去,meaning_choice,idiom:翻来覆去,翻来覆去,meaning_choice,upper,"{""choices"": [""小学教辅常见成语"", ""出自历史故事的成语"", ""出自历史故事的成语"", ""出自历史故事的成语""]}"
idiom,L3,,小学教辅常见成语（四字）,翻然悔悟,成语;综合;小升初高频,小学成语培优全书·教辅常见,idiom-l3-1594,idiom:翻然悔悟,recite,idiom:翻然悔悟,翻然悔悟,recite,all,
idiom,L3,,下面的写法对不对？,对,成语;综合;小升初高频,小学成语培优全书·教辅常见,idiom-l3-1594:char_judge,idiom:翻然悔悟,char_judge,idiom:翻然悔悟,翻然悔悟,char_judge,lower,"{""display"": ""翻然悔悟""}"
idiom,L3,,「翻然悔悟」的意思是？,小学教辅常见成语,成语;综合;小升初高频,小学成语培优全书·教辅常见,idiom-l3-1594:meaning_choice,idiom:翻然悔悟,meaning_choice,idiom:翻然悔悟,翻然悔悟,meaning_choice,upper,"{""choices"": [""小学教辅常见成语"", ""描写春天的成语"", ""描写春天的成语"", ""描写春天的成语""]}"
idiom,L3,,小学教辅常见成语（四字）,耀武扬威,成语;综合;小升初高频,小学成语培优全书·教辅常见,idiom-l3-1595,idiom:耀武扬威,recite,idiom:耀武扬威,耀武扬威,recite,all,
idiom,L3,,下面的写法对不对？,对,成语;综合;小升初高频,小学成语培优全书·教辅常见,idiom-l3-1595:char_judge,idiom:耀武扬威,char_judge,idiom:耀武扬威,耀武扬威,char_judge,lower,"{""display"": ""耀武扬威""}"
idiom,L3,,「耀武扬威」的意思是？,小学教辅常见成语,成语;综合;小升初高频,小学成语培优全书·教辅常见,idiom-l3-1595:meaning_choice,idiom:耀武扬威,meaning_choice,idiom:耀武扬威,耀武扬威,meaning_choice,upper,"{""choices"": [""大体很好，还有一点缺憾"", ""小学教辅常见成语"", ""只要肯下功夫就能成功"", ""很多鸟一起叫""]}"
idiom,L3,,小学教辅常见成语（四字）,老当益壮,成语;综合;小升初高频,小学成语培优全书·教辅常见,idiom-l3-1596,idiom:老当益壮,recite,idiom:老当益壮,老当益壮,recite,all,
idiom,L3,,下面的写法对不对？,错,成语;综合;小升初高频,小学成语培优全书·教辅常见,idiom-l3-1596:char_judge,idiom:老当益壮,char_judge,idiom:老当益壮,老当益壮,char_judge,lower,"{""display"": ""甲当益壮""}"
idiom,L3,,「老当益壮」的意思是？,小学教辅常见成语,成语;综合;小升初高频,小学成语培优全书·教辅常见,idiom-l3-1596:meaning_choice,idiom:老当益壮,meaning_choice,idiom:老当益壮,老当益壮,meaning_choice,upper,"{""choices"": [""坏主意很多"", ""样子慈善和气"", ""齐心合力"", ""小学教辅常见成语""]}"
idiom,L3,,小学教辅常见成语（四字）,老牛破车,成语;综合;小升初高频,小学成语培优全书·教辅常见,idiom-l3-1597,idiom:老牛破车,recite,idiom:老牛破车,老牛破车,recite,all,
idiom,L3,,下面的写法对不对？,错,成语;综合;小升初高频,小学成语培优全书·教辅常见,idiom-l3-1597:char_judge,idiom:老牛破车,char_judge,idiom:老牛破车,老牛破车,char_judge,lower,"{""display"": ""老牛破甲""}"
idiom,L3,,「老牛破车」的意思是？,小学教辅常见成语,成语;综合;小升初高频,小学成语培优全书·教辅常见,idiom-l3-1597:meaning_choice,idiom:老牛破车,meaning_choice,idiom:老牛破车,老牛破车,meaning_choice,upper,"{""choices"": [""小学教辅常见成语"", ""正宗高雅的音乐"", ""能听见邻家鸡狗的叫声，形容住得近"", ""力量非常强大""]}"
idiom,L3,,小学教辅常见成语（四字）,老生常谈,成语;综合;小升初高频,小学成语培优全书·教辅常见,idiom-l3-1598,idiom:老生常谈,recite,idiom:老生常谈,老生常谈,recite,all,
idiom,L3,,下面的写法对不对？,对,成语;综合;小升初高频,小学成语培优全书·教辅常见,idiom-l3-1598:char_judge,idiom:老生常谈,char_judge,idiom:老生常谈,老生常谈,char_judge,lower,"{""display"": ""老生常谈""}"
idiom,L3,,「老生常谈」的意思是？,小学教辅常见成语,成语;综合;小升初高频,小学成语培优全书·教辅常见,idiom-l3-1598:meaning_choice,idiom:老生常谈,meaning_choice,idiom:老生常谈,老生常谈,meaning_choice,upper,"{""choices"": [""小学教辅常见成语"", ""做多余的事反而坏事"", ""知音难遇或乐曲高妙"", ""天空蓝得像洗过一样""]}"
idiom,L3,,小学教辅常见成语（四字）,耳濡目染,成语;综合;小升初高频,小学成语培优全书·教辅常见,idiom-l3-1599,idiom:耳濡目染,recite,idiom:耳濡目染,耳濡目染,recite,all,
idiom,L3,,下面的写法对不对？,对,成语;综合;小升初高频,小学成语培优全书·教辅常见,idiom-l3-1599:char_judge,idiom:耳濡目染,char_judge,idiom:耳濡目染,耳濡目染,char_judge,lower,"{""display"": ""耳濡目染""}"
idiom,L3,,「耳濡目染」的意思是？,小学教辅常见成语,成语;综合;小升初高频,小学成语培优全书·教辅常见,idiom-l3-1599:meaning_choice,idiom:耳濡目染,meaning_choice,idiom:耳濡目染,耳濡目染,meaning_choice,upper,"{""choices"": [""生活在优裕的环境里"", ""不想努力，只等现成的"", ""小学教辅常见成语"", ""无法想象，很难理解""]}"
idiom,L3,,小学教辅常见成语（四字）,耳熟能详,成语;综合;小升初高频,小学成语培优全书·教辅常见,idiom-l3-1600,idiom:耳熟能详,recite,idiom:耳熟能详,耳熟能详,recite,all,
idiom,L3,,下面的写法对不对？,错,成语;综合;小升初高频,小学成语培优全书·教辅常见,idiom-l3-1600:char_judge,idiom:耳熟能详,char_judge,idiom:耳熟能详,耳熟能详,char_judge,lower,"{""display"": ""耳熟能甲""}"
idiom,L3,,「耳熟能详」的意思是？,小学教辅常见成语,成语;综合;小升初高频,小学成语培优全书·教辅常见,idiom-l3-1600:meaning_choice,idiom:耳熟能详,meaning_choice,idiom:耳熟能详,耳熟能详,meaning_choice,upper,"{""choices"": [""描写秋天的成语"", ""描写秋天的成语"", ""很少说话"", ""小学教辅常见成语""]}"
idiom,L3,,小学教辅常见成语（四字）,耸人听闻,成语;综合;小升初高频,小学成语培优全书·教辅常见,idiom-l3-1601,idiom:耸人听闻,recite,idiom:耸人听闻,耸人听闻,recite,all,
idiom,L3,,下面的写法对不对？,错,成语;综合;小升初高频,小学成语培优全书·教辅常见,idiom-l3-1601:char_judge,idiom:耸人听闻,char_judge,idiom:耸人听闻,耸人听闻,char_judge,lower,"{""display"": ""耸入听闻""}"
idiom,L3,,「耸人听闻」的意思是？,小学教辅常见成语,成语;综合;小升初高频,小学成语培优全书·教辅常见,idiom-l3-1601:meaning_choice,idiom:耸人听闻,meaning_choice,idiom:耸人听闻,耸人听闻,meaning_choice,upper,"{""choices"": [""不加咀嚼地整吞，比喻不求甚解"", ""小学教辅常见成语"", ""天空高远，云很淡"", ""找出事物的根由""]}"
idiom,L3,,小学教辅常见成语（四字）,聚精会神,成语;综合;小升初高频,小学成语培优全书·教辅常见,idiom-l3-1602,idiom:聚精会神,recite,idiom:聚精会神,聚精会神,recite,all,
idiom,L3,,下面的写法对不对？,对,成语;综合;小升初高频,小学成语培优全书·教辅常见,idiom-l3-1602:char_judge,idiom:聚精会神,char_judge,idiom:聚精会神,聚精会神,char_judge,lower,"{""display"": ""聚精会神""}"
idiom,L3,,「聚精会神」的意思是？,小学教辅常见成语,成语;综合;小升初高频,小学成语培优全书·教辅常见,idiom-l3-1602:meaning_choice,idiom:聚精会神,meaning_choice,idiom:聚精会神,聚精会神,meaning_choice,upper,"{""choices"": [""情况变了还用老办法"", ""小学教辅常见成语"", ""凶狠或得意地挥舞"", ""风景优美""]}"
idiom,L3,,小学教辅常见成语（四字）,聪明伶俐,成语;综合;小升初高频,小学成语培优全书·教辅常见,idiom-l3-1603,idiom:聪明伶俐,recite,idiom:聪明伶俐,聪明伶俐,recite,all,
idiom,L3,,下面的写法对不对？,对,成语;综合;小升初高频,小学成语培优全书·教辅常见,idiom-l3-1603:char_judge,idiom:聪明伶俐,char_judge,idiom:聪明伶俐,聪明伶俐,char_judge,lower,"{""display"": ""聪明伶俐""}"
idiom,L3,,「聪明伶俐」的意思是？,小学教辅常见成语,成语;综合;小升初高频,小学成语培优全书·教辅常见,idiom-l3-1603:meaning_choice,idiom:聪明伶俐,meaning_choice,idiom:聪明伶俐,聪明伶俐,meaning_choice,upper,"{""choices"": [""小学教辅常见成语"", ""自己的说法或做法互相冲突"", ""很多人或动物聚在一起"", ""秋风轻轻吹""]}"
idiom,L3,,小学教辅常见成语（四字）,肆无忌惮,成语;综合;小升初高频,小学成语培优全书·教辅常见,idiom-l3-1604,idiom:肆无忌惮,recite,idiom:肆无忌惮,肆无忌惮,recite,all,
idiom,L3,,下面的写法对不对？,错,成语;综合;小升初高频,小学成语培优全书·教辅常见,idiom-l3-1604:char_judge,idiom:肆无忌惮,char_judge,idiom:肆无忌惮,肆无忌惮,char_judge,lower,"{""display"": ""肆天忌惮""}"
idiom,L3,,「肆无忌惮」的意思是？,小学教辅常见成语,成语;综合;小升初高频,小学成语培优全书·教辅常见,idiom-l3-1604:meaning_choice,idiom:肆无忌惮,meaning_choice,idiom:肆无忌惮,肆无忌惮,meaning_choice,upper,"{""choices"": [""人工比自然还精巧"", ""只要肯下功夫就能成功"", ""描写场面的成语"", ""小学教辅常见成语""]}"
idiom,L3,,小学教辅常见成语（四字）,肝胆相照,成语;综合;小升初高频,小学成语培优全书·教辅常见,idiom-l3-1605,idiom:肝胆相照,recite,idiom:肝胆相照,肝胆相照,recite,all,
idiom,L3,,下面的写法对不对？,错,成语;综合;小升初高频,小学成语培优全书·教辅常见,idiom-l3-1605:char_judge,idiom:肝胆相照,char_judge,idiom:肝胆相照,肝胆相照,char_judge,lower,"{""display"": ""肝甲相照""}"
idiom,L3,,「肝胆相照」的意思是？,小学教辅常见成语,成语;综合;小升初高频,小学成语培优全书·教辅常见,idiom-l3-1605:meaning_choice,idiom:肝胆相照,meaning_choice,idiom:肝胆相照,肝胆相照,meaning_choice,upper,"{""choices"": [""生活安定，工作愉快"", ""很多鸟一起叫"", ""政事顺利，百姓和睦"", ""小学教辅常见成语""]}"
idiom,L3,,小学教辅常见成语（四字）,肺腑之言,成语;综合;小升初高频,小学成语培优全书·教辅常见,idiom-l3-1606,idiom:肺腑之言,recite,idiom:肺腑之言,肺腑之言,recite,all,
idiom,L3,,下面的写法对不对？,错,成语;综合;小升初高频,小学成语培优全书·教辅常见,idiom-l3-1606:char_judge,idiom:肺腑之言,char_judge,idiom:肺腑之言,肺腑之言,char_judge,lower,"{""display"": ""肺甲之言""}"
idiom,L3,,「肺腑之言」的意思是？,小学教辅常见成语,成语;综合;小升初高频,小学成语培优全书·教辅常见,idiom-l3-1606:meaning_choice,idiom:肺腑之言,meaning_choice,idiom:肺腑之言,肺腑之言,meaning_choice,upper,"{""choices"": [""冰和雪化了"", ""小学教辅常见成语"", ""心里着急、烦躁"", ""占据高处，向下俯视""]}"
idiom,L3,,小学教辅常见成语（四字）,胆大包天,成语;综合;小升初高频,小学成语培优全书·教辅常见,idiom-l3-1607,idiom:胆大包天,recite,idiom:胆大包天,胆大包天,recite,all,
idiom,L3,,下面的写法对不对？,对,成语;综合;小升初高频,小学成语培优全书·教辅常见,idiom-l3-1607:char_judge,idiom:胆大包天,char_judge,idiom:胆大包天,胆大包天,char_judge,lower,"{""display"": ""胆大包天""}"
idiom,L3,,「胆大包天」的意思是？,小学教辅常见成语,成语;综合;小升初高频,小学成语培优全书·教辅常见,idiom-l3-1607:meaning_choice,idiom:胆大包天,meaning_choice,idiom:胆大包天,胆大包天,meaning_choice,upper,"{""choices"": [""到了山和水的尽头，没有出路"", ""事情还没发生就知道"", ""乱七八糟地摆着"", ""小学教辅常见成语""]}"
idiom,L3,,小学教辅常见成语（四字）,胆战心惊,成语;综合;小升初高频,小学成语培优全书·教辅常见,idiom-l3-1608,idiom:胆战心惊,recite,idiom:胆战心惊,胆战心惊,recite,all,
idiom,L3,,下面的写法对不对？,错,成语;综合;小升初高频,小学成语培优全书·教辅常见,idiom-l3-1608:char_judge,idiom:胆战心惊,char_judge,idiom:胆战心惊,胆战心惊,char_judge,lower,"{""display"": ""胆战必惊""}"
idiom,L3,,「胆战心惊」的意思是？,小学教辅常见成语,成语;综合;小升初高频,小学成语培优全书·教辅常见,idiom-l3-1608:meaning_choice,idiom:胆战心惊,meaning_choice,idiom:胆战心惊,胆战心惊,meaning_choice,upper,"{""choices"": [""完全看不见了"", ""个子小但精明强干"", ""小学教辅常见成语"", ""描写景物的成语""]}"
idiom,L3,,小学教辅常见成语（四字）,背道而驰,成语;综合;小升初高频,小学成语培优全书·教辅常见,idiom-l3-1609,idiom:背道而驰,recite,idiom:背道而驰,背道而驰,recite,all,
idiom,L3,,下面的写法对不对？,对,成语;综合;小升初高频,小学成语培优全书·教辅常见,idiom-l3-1609:char_judge,idiom:背道而驰,char_judge,idiom:背道而驰,背道而驰,char_judge,lower,"{""display"": ""背道而驰""}"
idiom,L3,,「背道而驰」的意思是？,小学教辅常见成语,成语;综合;小升初高频,小学成语培优全书·教辅常见,idiom-l3-1609:meaning_choice,idiom:背道而驰,meaning_choice,idiom:背道而驰,背道而驰,meaning_choice,upper,"{""choices"": [""死得有意义、有价值"", ""齐心合力"", ""小学教辅常见成语"", ""周围各个方向""]}"
idiom,L3,,小学教辅常见成语（四字）,胡言乱语,成语;综合;小升初高频,小学成语培优全书·教辅常见,idiom-l3-1610,idiom:胡言乱语,recite,idiom:胡言乱语,胡言乱语,recite,all,
idiom,L3,,下面的写法对不对？,错,成语;综合;小升初高频,小学成语培优全书·教辅常见,idiom-l3-1610:char_judge,idiom:胡言乱语,char_judge,idiom:胡言乱语,胡言乱语,char_judge,lower,"{""display"": ""胡言甲语""}"
idiom,L3,,「胡言乱语」的意思是？,小学教辅常见成语,成语;综合;小升初高频,小学成语培优全书·教辅常见,idiom-l3-1610:meaning_choice,idiom:胡言乱语,meaning_choice,idiom:胡言乱语,胡言乱语,meaning_choice,upper,"{""choices"": [""名声和实际相符"", ""有些信、有些不信"", ""没有精神"", ""小学教辅常见成语""]}"
idiom,L3,,小学教辅常见成语（四字）,胸怀大志,成语;综合;小升初高频,小学成语培优全书·教辅常见,idiom-l3-1611,idiom:胸怀大志,recite,idiom:胸怀大志,胸怀大志,recite,all,
idiom,L3,,下面的写法对不对？,错,成语;综合;小升初高频,小学成语培优全书·教辅常见,idiom-l3-1611:char_judge,idiom:胸怀大志,char_judge,idiom:胸怀大志,胸怀大志,char_judge,lower,"{""display"": ""胸怀大甲""}"
idiom,L3,,「胸怀大志」的意思是？,小学教辅常见成语,成语;综合;小升初高频,小学成语培优全书·教辅常见,idiom-l3-1611:meaning_choice,idiom:胸怀大志,meaning_choice,idiom:胸怀大志,胸怀大志,meaning_choice,upper,"{""choices"": [""高兴得快要发狂"", ""小学教辅常见成语"", ""兴趣很浓"", ""十分担心害怕""]}"
idiom,L3,,小学教辅常见成语（四字）,脍炙人口,成语;综合;小升初高频,小学成语培优全书·教辅常见,idiom-l3-1613,idiom:脍炙人口,recite,idiom:脍炙人口,脍炙人口,recite,all,
idiom,L3,,下面的写法对不对？,错,成语;综合;小升初高频,小学成语培优全书·教辅常见,idiom-l3-1613:char_judge,idiom:脍炙人口,char_judge,idiom:脍炙人口,脍炙人口,char_judge,lower,"{""display"": ""脍炙人甲""}"
idiom,L3,,「脍炙人口」的意思是？,小学教辅常见成语,成语;综合;小升初高频,小学成语培优全书·教辅常见,idiom-l3-1613:meaning_choice,idiom:脍炙人口,meaning_choice,idiom:脍炙人口,脍炙人口,meaning_choice,upper,"{""choices"": [""小学教辅常见成语"", ""跃跃欲试、准备动手"", ""个子小但精明强干"", ""有些信、有些不信""]}"
idiom,L3,,小学教辅常见成语（四字）,脚踏实地,成语;综合;小升初高频,小学成语培优全书·教辅常见,idiom-l3-1614,idiom:脚踏实地,recite,idiom:脚踏实地,脚踏实地,recite,all,
idiom,L3,,下面的写法对不对？,错,成语;综合;小升初高频,小学成语培优全书·教辅常见,idiom-l3-1614:char_judge,idiom:脚踏实地,char_judge,idiom:脚踏实地,脚踏实地,char_judge,lower,"{""display"": ""脚踏实第""}"
idiom,L3,,「脚踏实地」的意思是？,小学教辅常见成语,成语;综合;小升初高频,小学成语培优全书·教辅常见,idiom-l3-1614:meaning_choice,idiom:脚踏实地,meaning_choice,idiom:脚踏实地,脚踏实地,meaning_choice,upper,"{""choices"": [""办法很多，本领很大"", ""颜色又多又好看"", ""主动认错、请求责罚"", ""小学教辅常见成语""]}"
idiom,L3,,小学教辅常见成语（四字）,脱口而出,成语;综合;小升初高频,小学成语培优全书·教辅常见,idiom-l3-1615,idiom:脱口而出,recite,idiom:脱口而出,脱口而出,recite,all,
idiom,L3,,下面的写法对不对？,错,成语;综合;小升初高频,小学成语培优全书·教辅常见,idiom-l3-1615:char_judge,idiom:脱口而出,char_judge,idiom:脱口而出,脱口而出,char_judge,lower,"{""display"": ""脱口而甲""}"
idiom,L3,,「脱口而出」的意思是？,小学教辅常见成语,成语;综合;小升初高频,小学成语培优全书·教辅常见,idiom-l3-1615:meaning_choice,idiom:脱口而出,meaning_choice,idiom:脱口而出,脱口而出,meaning_choice,upper,"{""choices"": [""刻苦学习，不敢打瞌睡"", ""小学教辅常见成语"", ""样子各不相同"", ""心里早有了主意""]}"
idiom,L3,,小学教辅常见成语（四字）,脱颖而出,成语;综合;小升初高频,小学成语培优全书·教辅常见,idiom-l3-1616,idiom:脱颖而出,recite,idiom:脱颖而出,脱颖而出,recite,all,
idiom,L3,,下面的写法对不对？,错,成语;综合;小升初高频,小学成语培优全书·教辅常见,idiom-l3-1616:char_judge,idiom:脱颖而出,char_judge,idiom:脱颖而出,脱颖而出,char_judge,lower,"{""display"": ""甲颖而出""}"
idiom,L3,,「脱颖而出」的意思是？,小学教辅常见成语,成语;综合;小升初高频,小学成语培优全书·教辅常见,idiom-l3-1616:meaning_choice,idiom:脱颖而出,meaning_choice,idiom:脱颖而出,脱颖而出,meaning_choice,upper,"{""choices"": [""不想努力，只等现成的"", ""没有尽头"", ""从一片落叶知道秋天到了"", ""小学教辅常见成语""]}"
idiom,L3,,小学教辅常见成语（四字）,自作聪明,成语;综合;小升初高频,小学成语培优全书·教辅常见,idiom-l3-1617,idiom:自作聪明,recite,idiom:自作聪明,自作聪明,recite,all,
idiom,L3,,下面的写法对不对？,错,成语;综合;小升初高频,小学成语培优全书·教辅常见,idiom-l3-1617:char_judge,idiom:自作聪明,char_judge,idiom:自作聪明,自作聪明,char_judge,lower,"{""display"": ""自作聪甲""}"
idiom,L3,,「自作聪明」的意思是？,小学教辅常见成语,成语;综合;小升初高频,小学成语培优全书·教辅常见,idiom-l3-1617:meaning_choice,idiom:自作聪明,meaning_choice,idiom:自作聪明,自作聪明,meaning_choice,upper,"{""choices"": [""小学教辅常见成语"", ""舍不得离开"", ""大得看不到边"", ""书一直拿在手里，非常爱读""]}"
idiom,L3,,小学教辅常见成语（四字）,自作自受,成语;综合;小升初高频,小学成语培优全书·教辅常见,idiom-l3-1618,idiom:自作自受,recite,idiom:自作自受,自作自受,recite,all,
idiom,L3,,下面的写法对不对？,对,成语;综合;小升初高频,小学成语培优全书·教辅常见,idiom-l3-1618:char_judge,idiom:自作自受,char_judge,idiom:自作自受,自作自受,char_judge,lower,"{""display"": ""自作自受""}"
idiom,L3,,「自作自受」的意思是？,小学教辅常见成语,成语;综合;小升初高频,小学成语培优全书·教辅常见,idiom-l3-1618:meaning_choice,idiom:自作自受,meaning_choice,idiom:自作自受,自作自受,meaning_choice,upper,"{""choices"": [""小学教辅常见成语"", ""不知该哭还是该笑"", ""做多余的事反而坏事"", ""描写冬天的成语""]}"
idiom,L3,,小学教辅常见成语（四字）,自力更生,成语;综合;小升初高频,小学成语培优全书·教辅常见,idiom-l3-1619,idiom:自力更生,recite,idiom:自力更生,自力更生,recite,all,
idiom,L3,,下面的写法对不对？,错,成语;综合;小升初高频,小学成语培优全书·教辅常见,idiom-l3-1619:char_judge,idiom:自力更生,char_judge,idiom:自力更生,自力更生,char_judge,lower,"{""display"": ""自力甲生""}"
idiom,L3,,「自力更生」的意思是？,小学教辅常见成语,成语;综合;小升初高频,小学成语培优全书·教辅常见,idiom-l3-1619:meaning_choice,idiom:自力更生,meaning_choice,idiom:自力更生,自力更生,meaning_choice,upper,"{""choices"": [""很得意、很有精神的样子"", ""吃或听得非常有兴趣"", ""到哪儿都能安下心来"", ""小学教辅常见成语""]}"
idiom,L3,,小学教辅常见成语（四字）,自吹自擂,成语;综合;小升初高频,小学成语培优全书·教辅常见,idiom-l3-1620,idiom:自吹自擂,recite,idiom:自吹自擂,自吹自擂,recite,all,
idiom,L3,,下面的写法对不对？,对,成语;综合;小升初高频,小学成语培优全书·教辅常见,idiom-l3-1620:char_judge,idiom:自吹自擂,char_judge,idiom:自吹自擂,自吹自擂,char_judge,lower,"{""display"": ""自吹自擂""}"
idiom,L3,,「自吹自擂」的意思是？,小学教辅常见成语,成语;综合;小升初高频,小学成语培优全书·教辅常见,idiom-l3-1620:meaning_choice,idiom:自吹自擂,meaning_choice,idiom:自吹自擂,自吹自擂,meaning_choice,upper,"{""choices"": [""小学教辅常见成语"", ""精神完全集中"", ""样子慈善和气"", ""色彩又多又好看""]}"
idiom,L3,,小学教辅常见成语（四字）,自命不凡,成语;综合;小升初高频,小学成语培优全书·教辅常见,idiom-l3-1621,idiom:自命不凡,recite,idiom:自命不凡,自命不凡,recite,all,
idiom,L3,,下面的写法对不对？,对,成语;综合;小升初高频,小学成语培优全书·教辅常见,idiom-l3-1621:char_judge,idiom:自命不凡,char_judge,idiom:自命不凡,自命不凡,char_judge,lower,"{""display"": ""自命不凡""}"
idiom,L3,,「自命不凡」的意思是？,小学教辅常见成语,成语;综合;小升初高频,小学成语培优全书·教辅常见,idiom-l3-1621:meaning_choice,idiom:自命不凡,meaning_choice,idiom:自命不凡,自命不凡,meaning_choice,upper,"{""choices"": [""小学教辅常见成语"", ""不加咀嚼地整吞，比喻不求甚解"", ""著名的高山和大河"", ""本领比别人高一截""]}"
idiom,L3,,小学教辅常见成语（四字）,自圆其说,成语;综合;小升初高频,小学成语培优全书·教辅常见,idiom-l3-1622,idiom:自圆其说,recite,idiom:自圆其说,自圆其说,recite,all,
idiom,L3,,下面的写法对不对？,对,成语;综合;小升初高频,小学成语培优全书·教辅常见,idiom-l3-1622:char_judge,idiom:自圆其说,char_judge,idiom:自圆其说,自圆其说,char_judge,lower,"{""display"": ""自圆其说""}"
idiom,L3,,「自圆其说」的意思是？,小学教辅常见成语,成语;综合;小升初高频,小学成语培优全书·教辅常见,idiom-l3-1622:meaning_choice,idiom:自圆其说,meaning_choice,idiom:自圆其说,自圆其说,meaning_choice,upper,"{""choices"": [""高兴得自己都受不住"", ""气势很大、规模很大"", ""嘴里很干"", ""小学教辅常见成语""]}"
idiom,L3,,小学教辅常见成语（四字）,自强不息,成语;综合;小升初高频,小学成语培优全书·教辅常见,idiom-l3-1623,idiom:自强不息,recite,idiom:自强不息,自强不息,recite,all,
idiom,L3,,下面的写法对不对？,错,成语;综合;小升初高频,小学成语培优全书·教辅常见,idiom-l3-1623:char_judge,idiom:自强不息,char_judge,idiom:自强不息,自强不息,char_judge,lower,"{""display"": ""字强不息""}"
idiom,L3,,「自强不息」的意思是？,小学教辅常见成语,成语;综合;小升初高频,小学成语培优全书·教辅常见,idiom-l3-1623:meaning_choice,idiom:自强不息,meaning_choice,idiom:自强不息,自强不息,meaning_choice,upper,"{""choices"": [""本领极大，哪儿都能去"", ""小学教辅常见成语"", ""很想马上试一试"", ""笑得直不起腰""]}"
idiom,L3,,小学教辅常见成语（四字）,自得其乐,成语;综合;小升初高频,小学成语培优全书·教辅常见,idiom-l3-1624,idiom:自得其乐,recite,idiom:自得其乐,自得其乐,recite,all,
idiom,L3,,下面的写法对不对？,错,成语;综合;小升初高频,小学成语培优全书·教辅常见,idiom-l3-1624:char_judge,idiom:自得其乐,char_judge,idiom:自得其乐,自得其乐,char_judge,lower,"{""display"": ""自得其甲""}"
idiom,L3,,「自得其乐」的意思是？,小学教辅常见成语,成语;综合;小升初高频,小学成语培优全书·教辅常见,idiom-l3-1624:meaning_choice,idiom:自得其乐,meaning_choice,idiom:自得其乐,自得其乐,meaning_choice,upper,"{""choices"": [""小学教辅常见成语"", ""身材修长美丽"", ""情况变了还用老办法"", ""风很轻、雨很细""]}"
idiom,L3,,小学教辅常见成语（四字）,自惭形秽,成语;综合;小升初高频,小学成语培优全书·教辅常见,idiom-l3-1625,idiom:自惭形秽,recite,idiom:自惭形秽,自惭形秽,recite,all,
idiom,L3,,下面的写法对不对？,错,成语;综合;小升初高频,小学成语培优全书·教辅常见,idiom-l3-1625:char_judge,idiom:自惭形秽,char_judge,idiom:自惭形秽,自惭形秽,char_judge,lower,"{""display"": ""自惭形甲""}"
idiom,L3,,「自惭形秽」的意思是？,小学教辅常见成语,成语;综合;小升初高频,小学成语培优全书·教辅常见,idiom-l3-1625:meaning_choice,idiom:自惭形秽,meaning_choice,idiom:自惭形秽,自惭形秽,meaning_choice,upper,"{""choices"": [""出自历史故事的成语"", ""出自历史故事的成语"", ""出自历史故事的成语"", ""小学教辅常见成语""]}"
idiom,L3,,小学教辅常见成语（四字）,自掘坟墓,成语;综合;小升初高频,小学成语培优全书·教辅常见,idiom-l3-1626,idiom:自掘坟墓,recite,idiom:自掘坟墓,自掘坟墓,recite,all,
idiom,L3,,下面的写法对不对？,对,成语;综合;小升初高频,小学成语培优全书·教辅常见,idiom-l3-1626:char_judge,idiom:自掘坟墓,char_judge,idiom:自掘坟墓,自掘坟墓,char_judge,lower,"{""display"": ""自掘坟墓""}"
idiom,L3,,「自掘坟墓」的意思是？,小学教辅常见成语,成语;综合;小升初高频,小学成语培优全书·教辅常见,idiom-l3-1626:meaning_choice,idiom:自掘坟墓,meaning_choice,idiom:自掘坟墓,自掘坟墓,meaning_choice,upper,"{""choices"": [""样子各不相同"", ""含有动物的成语"", ""小学教辅常见成语"", ""到处是流离失所的灾民""]}"
idiom,L3,,小学教辅常见成语（四字）,自暴自弃,成语;综合;小升初高频,小学成语培优全书·教辅常见,idiom-l3-1627,idiom:自暴自弃,recite,idiom:自暴自弃,自暴自弃,recite,all,
idiom,L3,,下面的写法对不对？,对,成语;综合;小升初高频,小学成语培优全书·教辅常见,idiom-l3-1627:char_judge,idiom:自暴自弃,char_judge,idiom:自暴自弃,自暴自弃,char_judge,lower,"{""display"": ""自暴自弃""}"
idiom,L3,,「自暴自弃」的意思是？,小学教辅常见成语,成语;综合;小升初高频,小学成语培优全书·教辅常见,idiom-l3-1627:meaning_choice,idiom:自暴自弃,meaning_choice,idiom:自暴自弃,自暴自弃,meaning_choice,upper,"{""choices"": [""柳树绿、花儿红"", ""乱七八糟地摆着"", ""小学教辅常见成语"", ""没有风浪，也指局势安定""]}"
idiom,L3,,小学教辅常见成语（四字）,自欺欺人,成语;综合;小升初高频,小学成语培优全书·教辅常见,idiom-l3-1628,idiom:自欺欺人,recite,idiom:自欺欺人,自欺欺人,recite,all,
idiom,L3,,下面的写法对不对？,对,成语;综合;小升初高频,小学成语培优全书·教辅常见,idiom-l3-1628:char_judge,idiom:自欺欺人,char_judge,idiom:自欺欺人,自欺欺人,char_judge,lower,"{""display"": ""自欺欺人""}"
idiom,L3,,「自欺欺人」的意思是？,小学教辅常见成语,成语;综合;小升初高频,小学成语培优全书·教辅常见,idiom-l3-1628:meaning_choice,idiom:自欺欺人,meaning_choice,idiom:自欺欺人,自欺欺人,meaning_choice,upper,"{""choices"": [""小学教辅常见成语"", ""跃跃欲试、准备动手"", ""文雅有礼貌"", ""从细小处看出大趋势""]}"
idiom,L3,,小学教辅常见成语（四字）,自生自灭,成语;综合;小升初高频,小学成语培优全书·教辅常见,idiom-l3-1629,idiom:自生自灭,recite,idiom:自生自灭,自生自灭,recite,all,
idiom,L3,,下面的写法对不对？,错,成语;综合;小升初高频,小学成语培优全书·教辅常见,idiom-l3-1629:char_judge,idiom:自生自灭,char_judge,idiom:自生自灭,自生自灭,char_judge,lower,"{""display"": ""字生自灭""}"
idiom,L3,,「自生自灭」的意思是？,小学教辅常见成语,成语;综合;小升初高频,小学成语培优全书·教辅常见,idiom-l3-1629:meaning_choice,idiom:自生自灭,meaning_choice,idiom:自生自灭,自生自灭,meaning_choice,upper,"{""choices"": [""小学教辅常见成语"", ""身材修长美丽"", ""抬起头、挺起胸，很有精神"", ""占据高处，向下俯视""]}"
idiom,L3,,小学教辅常见成语（四字）,自由自在,成语;综合;小升初高频,小学成语培优全书·教辅常见,idiom-l3-1630,idiom:自由自在,recite,idiom:自由自在,自由自在,recite,all,
idiom,L3,,下面的写法对不对？,错,成语;综合;小升初高频,小学成语培优全书·教辅常见,idiom-l3-1630:char_judge,idiom:自由自在,char_judge,idiom:自由自在,自由自在,char_judge,lower,"{""display"": ""字由自在""}"
idiom,L3,,「自由自在」的意思是？,小学教辅常见成语,成语;综合;小升初高频,小学成语培优全书·教辅常见,idiom-l3-1630:meaning_choice,idiom:自由自在,meaning_choice,idiom:自由自在,自由自在,meaning_choice,upper,"{""choices"": [""冰和雪化了"", ""万物重新生长"", ""很得意、很有精神的样子"", ""小学教辅常见成语""]}"
idiom,L3,,小学教辅常见成语（四字）,自知之明,成语;综合;小升初高频,小学成语培优全书·教辅常见,idiom-l3-1631,idiom:自知之明,recite,idiom:自知之明,自知之明,recite,all,
idiom,L3,,下面的写法对不对？,错,成语;综合;小升初高频,小学成语培优全书·教辅常见,idiom-l3-1631:char_judge,idiom:自知之明,char_judge,idiom:自知之明,自知之明,char_judge,lower,"{""display"": ""自甲之明""}"
idiom,L3,,「自知之明」的意思是？,小学教辅常见成语,成语;综合;小升初高频,小学成语培优全书·教辅常见,idiom-l3-1631:meaning_choice,idiom:自知之明,meaning_choice,idiom:自知之明,自知之明,meaning_choice,upper,"{""choices"": [""小学教辅常见成语"", ""大体很好，还有一点缺憾"", ""名声和实际相符"", ""很想马上试一试""]}"
idiom,L3,,小学教辅常见成语（四字）,自给自足,成语;综合;小升初高频,小学成语培优全书·教辅常见,idiom-l3-1632,idiom:自给自足,recite,idiom:自给自足,自给自足,recite,all,
idiom,L3,,下面的写法对不对？,错,成语;综合;小升初高频,小学成语培优全书·教辅常见,idiom-l3-1632:char_judge,idiom:自给自足,char_judge,idiom:自给自足,自给自足,char_judge,lower,"{""display"": ""自给字足""}"
idiom,L3,,「自给自足」的意思是？,小学教辅常见成语,成语;综合;小升初高频,小学成语培优全书·教辅常见,idiom-l3-1632:meaning_choice,idiom:自给自足,meaning_choice,idiom:自给自足,自给自足,meaning_choice,upper,"{""choices"": [""本领很大，像能驾着云雾飞"", ""无法想象，很难理解"", ""小学教辅常见成语"", ""气势使人敬畏""]}"
idiom,L3,,小学教辅常见成语（四字）,自食其力,成语;综合;小升初高频,小学成语培优全书·教辅常见,idiom-l3-1634,idiom:自食其力,recite,idiom:自食其力,自食其力,recite,all,
idiom,L3,,下面的写法对不对？,错,成语;综合;小升初高频,小学成语培优全书·教辅常见,idiom-l3-1634:char_judge,idiom:自食其力,char_judge,idiom:自食其力,自食其力,char_judge,lower,"{""display"": ""字食其力""}"
idiom,L3,,「自食其力」的意思是？,小学教辅常见成语,成语;综合;小升初高频,小学成语培优全书·教辅常见,idiom-l3-1634:meaning_choice,idiom:自食其力,meaning_choice,idiom:自食其力,自食其力,meaning_choice,upper,"{""choices"": [""不由得产生敬意"", ""名声传到国内外"", ""小学教辅常见成语"", ""到处都可以当作家""]}"
idiom,L3,,小学教辅常见成语（四字）,自高自大,成语;综合;小升初高频,小学成语培优全书·教辅常见,idiom-l3-1635,idiom:自高自大,recite,idiom:自高自大,自高自大,recite,all,
idiom,L3,,下面的写法对不对？,对,成语;综合;小升初高频,小学成语培优全书·教辅常见,idiom-l3-1635:char_judge,idiom:自高自大,char_judge,idiom:自高自大,自高自大,char_judge,lower,"{""display"": ""自高自大""}"
idiom,L3,,「自高自大」的意思是？,小学教辅常见成语,成语;综合;小升初高频,小学成语培优全书·教辅常见,idiom-l3-1635:meaning_choice,idiom:自高自大,meaning_choice,idiom:自高自大,自高自大,meaning_choice,upper,"{""choices"": [""与时间有关的成语"", ""与时间有关的成语"", ""与时间有关的成语"", ""小学教辅常见成语""]}"
idiom,L3,,小学教辅常见成语（四字）,自鸣得意,成语;综合;小升初高频,小学成语培优全书·教辅常见,idiom-l3-1636,idiom:自鸣得意,recite,idiom:自鸣得意,自鸣得意,recite,all,
idiom,L3,,下面的写法对不对？,对,成语;综合;小升初高频,小学成语培优全书·教辅常见,idiom-l3-1636:char_judge,idiom:自鸣得意,char_judge,idiom:自鸣得意,自鸣得意,char_judge,lower,"{""display"": ""自鸣得意""}"
idiom,L3,,「自鸣得意」的意思是？,小学教辅常见成语,成语;综合;小升初高频,小学成语培优全书·教辅常见,idiom-l3-1636:meaning_choice,idiom:自鸣得意,meaning_choice,idiom:自鸣得意,自鸣得意,meaning_choice,upper,"{""choices"": [""柳树绿、花儿红"", ""蔺相如在渑池会上维护赵国尊严"", ""小学教辅常见成语"", ""微风轻轻吹""]}"
idiom,L3,,小学教辅常见成语（四字）,至关重要,成语;综合;小升初高频,小学成语培优全书·教辅常见,idiom-l3-1637,idiom:至关重要,recite,idiom:至关重要,至关重要,recite,all,
idiom,L3,,下面的写法对不对？,错,成语;综合;小升初高频,小学成语培优全书·教辅常见,idiom-l3-1637:char_judge,idiom:至关重要,char_judge,idiom:至关重要,至关重要,char_judge,lower,"{""display"": ""至关重甲""}"
idiom,L3,,「至关重要」的意思是？,小学教辅常见成语,成语;综合;小升初高频,小学成语培优全书·教辅常见,idiom-l3-1637:meaning_choice,idiom:至关重要,meaning_choice,idiom:至关重要,至关重要,meaning_choice,upper,"{""choices"": [""描写夏天的成语"", ""描写夏天的成语"", ""费尽心思谋划（多含贬义）"", ""小学教辅常见成语""]}"
idiom,L3,,小学教辅常见成语（四字）,至理名言,成语;综合;小升初高频,小学成语培优全书·教辅常见,idiom-l3-1638,idiom:至理名言,recite,idiom:至理名言,至理名言,recite,all,
idiom,L3,,下面的写法对不对？,对,成语;综合;小升初高频,小学成语培优全书·教辅常见,idiom-l3-1638:char_judge,idiom:至理名言,char_judge,idiom:至理名言,至理名言,char_judge,lower,"{""display"": ""至理名言""}"
idiom,L3,,「至理名言」的意思是？,小学教辅常见成语,成语;综合;小升初高频,小学成语培优全书·教辅常见,idiom-l3-1638:meaning_choice,idiom:至理名言,meaning_choice,idiom:至理名言,至理名言,meaning_choice,upper,"{""choices"": [""不知该哭还是该笑"", ""说得很动听讨人喜欢"", ""小学教辅常见成语"", ""描写夏天的成语""]}"
idiom,L3,,小学教辅常见成语（四字）,至高无上,成语;综合;小升初高频,小学成语培优全书·教辅常见,idiom-l3-1639,idiom:至高无上,recite,idiom:至高无上,至高无上,recite,all,
idiom,L3,,下面的写法对不对？,错,成语;综合;小升初高频,小学成语培优全书·教辅常见,idiom-l3-1639:char_judge,idiom:至高无上,char_judge,idiom:至高无上,至高无上,char_judge,lower,"{""display"": ""至甲无上""}"
idiom,L3,,「至高无上」的意思是？,小学教辅常见成语,成语;综合;小升初高频,小学成语培优全书·教辅常见,idiom-l3-1639:meaning_choice,idiom:至高无上,meaning_choice,idiom:至高无上,至高无上,meaning_choice,upper,"{""choices"": [""吓得不知道该怎么办"", ""无家可归，四处流浪"", ""力量非常强大"", ""小学教辅常见成语""]}"
idiom,L3,,小学教辅常见成语（四字）,舍己为人,成语;综合;小升初高频,小学成语培优全书·教辅常见,idiom-l3-1640,idiom:舍己为人,recite,idiom:舍己为人,舍己为人,recite,all,
idiom,L3,,下面的写法对不对？,错,成语;综合;小升初高频,小学成语培优全书·教辅常见,idiom-l3-1640:char_judge,idiom:舍己为人,char_judge,idiom:舍己为人,舍己为人,char_judge,lower,"{""display"": ""甲己为人""}"
idiom,L3,,「舍己为人」的意思是？,小学教辅常见成语,成语;综合;小升初高频,小学成语培优全书·教辅常见,idiom-l3-1640:meaning_choice,idiom:舍己为人,meaning_choice,idiom:舍己为人,舍己为人,meaning_choice,upper,"{""choices"": [""书法笔势奔放"", ""很多人或动物聚在一起"", ""生活在优裕的环境里"", ""小学教辅常见成语""]}"
idiom,L3,,小学教辅常见成语（四字）,舍本逐末,成语;综合;小升初高频,小学成语培优全书·教辅常见,idiom-l3-1641,idiom:舍本逐末,recite,idiom:舍本逐末,舍本逐末,recite,all,
idiom,L3,,下面的写法对不对？,对,成语;综合;小升初高频,小学成语培优全书·教辅常见,idiom-l3-1641:char_judge,idiom:舍本逐末,char_judge,idiom:舍本逐末,舍本逐末,char_judge,lower,"{""display"": ""舍本逐末""}"
idiom,L3,,「舍本逐末」的意思是？,小学教辅常见成语,成语;综合;小升初高频,小学成语培优全书·教辅常见,idiom-l3-1641:meaning_choice,idiom:舍本逐末,meaning_choice,idiom:舍本逐末,舍本逐末,meaning_choice,upper,"{""choices"": [""含有动物的成语"", ""含有动物的成语"", ""含有动物的成语"", ""小学教辅常见成语""]}"
idiom,L3,,小学教辅常见成语（四字）,舍生取义,成语;综合;小升初高频,小学成语培优全书·教辅常见,idiom-l3-1642,idiom:舍生取义,recite,idiom:舍生取义,舍生取义,recite,all,
idiom,L3,,下面的写法对不对？,对,成语;综合;小升初高频,小学成语培优全书·教辅常见,idiom-l3-1642:char_judge,idiom:舍生取义,char_judge,idiom:舍生取义,舍生取义,char_judge,lower,"{""display"": ""舍生取义""}"
idiom,L3,,「舍生取义」的意思是？,小学教辅常见成语,成语;综合;小升初高频,小学成语培优全书·教辅常见,idiom-l3-1642:meaning_choice,idiom:舍生取义,meaning_choice,idiom:舍生取义,舍生取义,meaning_choice,upper,"{""choices"": [""小学教辅常见成语"", ""书一直拿在手里，非常爱读"", ""情绪非常激动"", ""铺天盖地而来""]}"
idiom,L3,,小学教辅常见成语（四字）,良师益友,成语;综合;小升初高频,小学成语培优全书·教辅常见,idiom-l3-1643,idiom:良师益友,recite,idiom:良师益友,良师益友,recite,all,
idiom,L3,,下面的写法对不对？,错,成语;综合;小升初高频,小学成语培优全书·教辅常见,idiom-l3-1643:char_judge,idiom:良师益友,char_judge,idiom:良师益友,良师益友,char_judge,lower,"{""display"": ""良师益甲""}"
idiom,L3,,「良师益友」的意思是？,小学教辅常见成语,成语;综合;小升初高频,小学成语培优全书·教辅常见,idiom-l3-1643:meaning_choice,idiom:良师益友,meaning_choice,idiom:良师益友,良师益友,meaning_choice,upper,"{""choices"": [""又刮风又下雨"", ""把东西完好无损地归还原主"", ""不慌不忙"", ""小学教辅常见成语""]}"
idiom,L3,,小学教辅常见成语（四字）,艰苦奋斗,成语;综合;小升初高频,小学成语培优全书·教辅常见,idiom-l3-1644,idiom:艰苦奋斗,recite,idiom:艰苦奋斗,艰苦奋斗,recite,all,
idiom,L3,,下面的写法对不对？,错,成语;综合;小升初高频,小学成语培优全书·教辅常见,idiom-l3-1644:char_judge,idiom:艰苦奋斗,char_judge,idiom:艰苦奋斗,艰苦奋斗,char_judge,lower,"{""display"": ""甲苦奋斗""}"
idiom,L3,,「艰苦奋斗」的意思是？,小学教辅常见成语,成语;综合;小升初高频,小学成语培优全书·教辅常见,idiom-l3-1644:meaning_choice,idiom:艰苦奋斗,meaning_choice,idiom:艰苦奋斗,艰苦奋斗,meaning_choice,upper,"{""choices"": [""这边看看那边看看"", ""做事非常顺手"", ""什么植物都长不出来"", ""小学教辅常见成语""]}"
idiom,L3,,小学教辅常见成语（四字）,艰苦朴素,成语;综合;小升初高频,小学成语培优全书·教辅常见,idiom-l3-1645,idiom:艰苦朴素,recite,idiom:艰苦朴素,艰苦朴素,recite,all,
idiom,L3,,下面的写法对不对？,错,成语;综合;小升初高频,小学成语培优全书·教辅常见,idiom-l3-1645:char_judge,idiom:艰苦朴素,char_judge,idiom:艰苦朴素,艰苦朴素,char_judge,lower,"{""display"": ""甲苦朴素""}"
idiom,L3,,「艰苦朴素」的意思是？,小学教辅常见成语,成语;综合;小升初高频,小学成语培优全书·教辅常见,idiom-l3-1645:meaning_choice,idiom:艰苦朴素,meaning_choice,idiom:艰苦朴素,艰苦朴素,meaning_choice,upper,"{""choices"": [""家庭毁了，人也没了"", ""用萤火虫的光夜里读书"", ""举止文雅"", ""小学教辅常见成语""]}"
idiom,L3,,小学教辅常见成语（四字）,艰难困苦,成语;综合;小升初高频,小学成语培优全书·教辅常见,idiom-l3-1646,idiom:艰难困苦,recite,idiom:艰难困苦,艰难困苦,recite,all,
idiom,L3,,下面的写法对不对？,错,成语;综合;小升初高频,小学成语培优全书·教辅常见,idiom-l3-1646:char_judge,idiom:艰难困苦,char_judge,idiom:艰难困苦,艰难困苦,char_judge,lower,"{""display"": ""甲难困苦""}"
idiom,L3,,「艰难困苦」的意思是？,小学教辅常见成语,成语;综合;小升初高频,小学成语培优全书·教辅常见,idiom-l3-1646:meaning_choice,idiom:艰难困苦,meaning_choice,idiom:艰难困苦,艰难困苦,meaning_choice,upper,"{""choices"": [""出了问题赶紧补救还来得及"", ""小学教辅常见成语"", ""关键处一点就使整体生动"", ""气势像高山大河一样雄伟""]}"
idiom,L3,,小学教辅常见成语（四字）,艰难险阻,成语;综合;小升初高频,小学成语培优全书·教辅常见,idiom-l3-1647,idiom:艰难险阻,recite,idiom:艰难险阻,艰难险阻,recite,all,
idiom,L3,,下面的写法对不对？,对,成语;综合;小升初高频,小学成语培优全书·教辅常见,idiom-l3-1647:char_judge,idiom:艰难险阻,char_judge,idiom:艰难险阻,艰难险阻,char_judge,lower,"{""display"": ""艰难险阻""}"
idiom,L3,,「艰难险阻」的意思是？,小学教辅常见成语,成语;综合;小升初高频,小学成语培优全书·教辅常见,idiom-l3-1647:meaning_choice,idiom:艰难险阻,meaning_choice,idiom:艰难险阻,艰难险阻,meaning_choice,upper,"{""choices"": [""本领很大，像能驾着云雾飞"", ""比谁更美丽出众"", ""样子各不相同"", ""小学教辅常见成语""]}"
idiom,L3,,小学教辅常见成语（四字）,色厉内荏,成语;综合;小升初高频,小学成语培优全书·教辅常见,idiom-l3-1648,idiom:色厉内荏,recite,idiom:色厉内荏,色厉内荏,recite,all,
idiom,L3,,下面的写法对不对？,错,成语;综合;小升初高频,小学成语培优全书·教辅常见,idiom-l3-1648:char_judge,idiom:色厉内荏,char_judge,idiom:色厉内荏,色厉内荏,char_judge,lower,"{""display"": ""色厉内甲""}"
idiom,L3,,「色厉内荏」的意思是？,小学教辅常见成语,成语;综合;小升初高频,小学成语培优全书·教辅常见,idiom-l3-1648:meaning_choice,idiom:色厉内荏,meaning_choice,idiom:色厉内荏,色厉内荏,meaning_choice,upper,"{""choices"": [""小学教辅常见成语"", ""知音难遇或乐曲高妙"", ""一切都换成了新气象"", ""眼睛明亮、牙齿洁白""]}"
idiom,L3,,小学教辅常见成语（四字）,色彩斑斓,成语;综合;小升初高频,小学成语培优全书·教辅常见,idiom-l3-1649,idiom:色彩斑斓,recite,idiom:色彩斑斓,色彩斑斓,recite,all,
idiom,L3,,下面的写法对不对？,错,成语;综合;小升初高频,小学成语培优全书·教辅常见,idiom-l3-1649:char_judge,idiom:色彩斑斓,char_judge,idiom:色彩斑斓,色彩斑斓,char_judge,lower,"{""display"": ""甲彩斑斓""}"
idiom,L3,,「色彩斑斓」的意思是？,小学教辅常见成语,成语;综合;小升初高频,小学成语培优全书·教辅常见,idiom-l3-1649:meaning_choice,idiom:色彩斑斓,meaning_choice,idiom:色彩斑斓,色彩斑斓,meaning_choice,upper,"{""choices"": [""从一片落叶知道秋天到了"", ""失去信心，情绪低落"", ""又刮风又下雨"", ""小学教辅常见成语""]}"
idiom,L3,,小学教辅常见成语（四字）,节外生枝,成语;综合;小升初高频,小学成语培优全书·教辅常见,idiom-l3-1650,idiom:节外生枝,recite,idiom:节外生枝,节外生枝,recite,all,
idiom,L3,,下面的写法对不对？,对,成语;综合;小升初高频,小学成语培优全书·教辅常见,idiom-l3-1650:char_judge,idiom:节外生枝,char_judge,idiom:节外生枝,节外生枝,char_judge,lower,"{""display"": ""节外生枝""}"
idiom,L3,,「节外生枝」的意思是？,小学教辅常见成语,成语;综合;小升初高频,小学成语培优全书·教辅常见,idiom-l3-1650:meaning_choice,idiom:节外生枝,meaning_choice,idiom:节外生枝,节外生枝,meaning_choice,upper,"{""choices"": [""天空一片晴朗"", ""到处都可以当作家"", ""小学教辅常见成语"", ""称心如意、神气十足""]}"
idiom,L3,,小学教辅常见成语（四字）,芬芳扑鼻,成语;综合;小升初高频,小学成语培优全书·教辅常见,idiom-l3-1651,idiom:芬芳扑鼻,recite,idiom:芬芳扑鼻,芬芳扑鼻,recite,all,
idiom,L3,,下面的写法对不对？,对,成语;综合;小升初高频,小学成语培优全书·教辅常见,idiom-l3-1651:char_judge,idiom:芬芳扑鼻,char_judge,idiom:芬芳扑鼻,芬芳扑鼻,char_judge,lower,"{""display"": ""芬芳扑鼻""}"
idiom,L3,,「芬芳扑鼻」的意思是？,小学教辅常见成语,成语;综合;小升初高频,小学成语培优全书·教辅常见,idiom-l3-1651:meaning_choice,idiom:芬芳扑鼻,meaning_choice,idiom:芬芳扑鼻,芬芳扑鼻,meaning_choice,upper,"{""choices"": [""到处是冰和雪"", ""计谋非常高明"", ""借别人的威势吓唬人"", ""小学教辅常见成语""]}"
idiom,L3,,小学教辅常见成语（四字）,苍翠欲滴,成语;综合;小升初高频,小学成语培优全书·教辅常见,idiom-l3-1652,idiom:苍翠欲滴,recite,idiom:苍翠欲滴,苍翠欲滴,recite,all,
idiom,L3,,下面的写法对不对？,错,成语;综合;小升初高频,小学成语培优全书·教辅常见,idiom-l3-1652:char_judge,idiom:苍翠欲滴,char_judge,idiom:苍翠欲滴,苍翠欲滴,char_judge,lower,"{""display"": ""苍甲欲滴""}"
idiom,L3,,「苍翠欲滴」的意思是？,小学教辅常见成语,成语;综合;小升初高频,小学成语培优全书·教辅常见,idiom-l3-1652:meaning_choice,idiom:苍翠欲滴,meaning_choice,idiom:苍翠欲滴,苍翠欲滴,meaning_choice,upper,"{""choices"": [""说得很动听讨人喜欢"", ""小学教辅常见成语"", ""著名的高山和大河"", ""到了山和水的尽头，没有出路""]}"
idiom,L3,,小学教辅常见成语（四字）,苛捐杂税,成语;综合;小升初高频,小学成语培优全书·教辅常见,idiom-l3-1653,idiom:苛捐杂税,recite,idiom:苛捐杂税,苛捐杂税,recite,all,
idiom,L3,,下面的写法对不对？,对,成语;综合;小升初高频,小学成语培优全书·教辅常见,idiom-l3-1653:char_judge,idiom:苛捐杂税,char_judge,idiom:苛捐杂税,苛捐杂税,char_judge,lower,"{""display"": ""苛捐杂税""}"
idiom,L3,,「苛捐杂税」的意思是？,小学教辅常见成语,成语;综合;小升初高频,小学成语培优全书·教辅常见,idiom-l3-1653:meaning_choice,idiom:苛捐杂税,meaning_choice,idiom:苛捐杂税,苛捐杂税,meaning_choice,upper,"{""choices"": [""个子小但精明强干"", ""样子慈善和气"", ""吃东西又猛又急"", ""小学教辅常见成语""]}"
idiom,L3,,小学教辅常见成语（四字）,苟且偷安,成语;综合;小升初高频,小学成语培优全书·教辅常见,idiom-l3-1654,idiom:苟且偷安,recite,idiom:苟且偷安,苟且偷安,recite,all,
idiom,L3,,下面的写法对不对？,对,成语;综合;小升初高频,小学成语培优全书·教辅常见,idiom-l3-1654:char_judge,idiom:苟且偷安,char_judge,idiom:苟且偷安,苟且偷安,char_judge,lower,"{""display"": ""苟且偷安""}"
idiom,L3,,「苟且偷安」的意思是？,小学教辅常见成语,成语;综合;小升初高频,小学成语培优全书·教辅常见,idiom-l3-1654:meaning_choice,idiom:苟且偷安,meaning_choice,idiom:苟且偷安,苟且偷安,meaning_choice,upper,"{""choices"": [""精神力气都用尽了"", ""说话办事坚决果断"", ""小学教辅常见成语"", ""鸟儿叫、花儿香""]}"
idiom,L3,,小学教辅常见成语（四字）,若无其事,成语;综合;小升初高频,小学成语培优全书·教辅常见,idiom-l3-1655,idiom:若无其事,recite,idiom:若无其事,若无其事,recite,all,
idiom,L3,,下面的写法对不对？,错,成语;综合;小升初高频,小学成语培优全书·教辅常见,idiom-l3-1655:char_judge,idiom:若无其事,char_judge,idiom:若无其事,若无其事,char_judge,lower,"{""display"": ""甲无其事""}"
idiom,L3,,「若无其事」的意思是？,小学教辅常见成语,成语;综合;小升初高频,小学成语培优全书·教辅常见,idiom-l3-1655:meaning_choice,idiom:若无其事,meaning_choice,idiom:若无其事,若无其事,meaning_choice,upper,"{""choices"": [""AABB 结构的成语"", ""这边看看那边看看"", ""这边看看那边看看"", ""小学教辅常见成语""]}"
idiom,L3,,小学教辅常见成语（四字）,苦口婆心,成语;综合;小升初高频,小学成语培优全书·教辅常见,idiom-l3-1657,idiom:苦口婆心,recite,idiom:苦口婆心,苦口婆心,recite,all,
idiom,L3,,下面的写法对不对？,错,成语;综合;小升初高频,小学成语培优全书·教辅常见,idiom-l3-1657:char_judge,idiom:苦口婆心,char_judge,idiom:苦口婆心,苦口婆心,char_judge,lower,"{""display"": ""苦口婆必""}"
idiom,L3,,「苦口婆心」的意思是？,小学教辅常见成语,成语;综合;小升初高频,小学成语培优全书·教辅常见,idiom-l3-1657:meaning_choice,idiom:苦口婆心,meaning_choice,idiom:苦口婆心,苦口婆心,meaning_choice,upper,"{""choices"": [""关键处一点就使整体生动"", ""小学教辅常见成语"", ""出主意、想办法"", ""实在没有别的办法""]}"
idiom,L3,,小学教辅常见成语（四字）,苦尽甘来,成语;综合;小升初高频,小学成语培优全书·教辅常见,idiom-l3-1658,idiom:苦尽甘来,recite,idiom:苦尽甘来,苦尽甘来,recite,all,
idiom,L3,,下面的写法对不对？,对,成语;综合;小升初高频,小学成语培优全书·教辅常见,idiom-l3-1658:char_judge,idiom:苦尽甘来,char_judge,idiom:苦尽甘来,苦尽甘来,char_judge,lower,"{""display"": ""苦尽甘来""}"
idiom,L3,,「苦尽甘来」的意思是？,小学教辅常见成语,成语;综合;小升初高频,小学成语培优全书·教辅常见,idiom-l3-1658:meaning_choice,idiom:苦尽甘来,meaning_choice,idiom:苦尽甘来,苦尽甘来,meaning_choice,upper,"{""choices"": [""小学教辅常见成语"", ""本领特别大"", ""不加咀嚼地整吞，比喻不求甚解"", ""身体粉碎，也指不惜牺牲""]}"
idiom,L3,,小学教辅常见成语（四字）,英姿飒爽,成语;综合;小升初高频,小学成语培优全书·教辅常见,idiom-l3-1659,idiom:英姿飒爽,recite,idiom:英姿飒爽,英姿飒爽,recite,all,
idiom,L3,,下面的写法对不对？,对,成语;综合;小升初高频,小学成语培优全书·教辅常见,idiom-l3-1659:char_judge,idiom:英姿飒爽,char_judge,idiom:英姿飒爽,英姿飒爽,char_judge,lower,"{""display"": ""英姿飒爽""}"
idiom,L3,,「英姿飒爽」的意思是？,小学教辅常见成语,成语;综合;小升初高频,小学成语培优全书·教辅常见,idiom-l3-1659:meaning_choice,idiom:英姿飒爽,meaning_choice,idiom:英姿飒爽,英姿飒爽,meaning_choice,upper,"{""choices"": [""山塌地裂，声势极大"", ""急于求成反而把事情弄坏"", ""小学教辅常见成语"", ""高兴得眉眼都舒展开""]}"
idiom,L3,,小学教辅常见成语（四字）,茅塞顿开,成语;综合;小升初高频,小学成语培优全书·教辅常见,idiom-l3-1660,idiom:茅塞顿开,recite,idiom:茅塞顿开,茅塞顿开,recite,all,
idiom,L3,,下面的写法对不对？,错,成语;综合;小升初高频,小学成语培优全书·教辅常见,idiom-l3-1660:char_judge,idiom:茅塞顿开,char_judge,idiom:茅塞顿开,茅塞顿开,char_judge,lower,"{""display"": ""茅甲顿开""}"
idiom,L3,,「茅塞顿开」的意思是？,小学教辅常见成语,成语;综合;小升初高频,小学成语培优全书·教辅常见,idiom-l3-1660:meaning_choice,idiom:茅塞顿开,meaning_choice,idiom:茅塞顿开,茅塞顿开,meaning_choice,upper,"{""choices"": [""人非常多"", ""文雅有礼貌"", ""小学教辅常见成语"", ""完全看不见了""]}"
idiom,L3,,小学教辅常见成语（四字）,荆棘丛生,成语;综合;小升初高频,小学成语培优全书·教辅常见,idiom-l3-1661,idiom:荆棘丛生,recite,idiom:荆棘丛生,荆棘丛生,recite,all,
idiom,L3,,下面的写法对不对？,错,成语;综合;小升初高频,小学成语培优全书·教辅常见,idiom-l3-1661:char_judge,idiom:荆棘丛生,char_judge,idiom:荆棘丛生,荆棘丛生,char_judge,lower,"{""display"": ""荆棘甲生""}"
idiom,L3,,「荆棘丛生」的意思是？,小学教辅常见成语,成语;综合;小升初高频,小学成语培优全书·教辅常见,idiom-l3-1661:meaning_choice,idiom:荆棘丛生,meaning_choice,idiom:荆棘丛生,荆棘丛生,meaning_choice,upper,"{""choices"": [""凶狠或得意地挥舞"", ""小学教辅常见成语"", ""坏主意很多"", ""情况变了还用老办法""]}"
idiom,L3,,小学教辅常见成语（四字）,草木皆兵,成语;综合;小升初高频,小学成语培优全书·教辅常见,idiom-l3-1662,idiom:草木皆兵,recite,idiom:草木皆兵,草木皆兵,recite,all,
idiom,L3,,下面的写法对不对？,对,成语;综合;小升初高频,小学成语培优全书·教辅常见,idiom-l3-1662:char_judge,idiom:草木皆兵,char_judge,idiom:草木皆兵,草木皆兵,char_judge,lower,"{""display"": ""草木皆兵""}"
idiom,L3,,「草木皆兵」的意思是？,小学教辅常见成语,成语;综合;小升初高频,小学成语培优全书·教辅常见,idiom-l3-1662:meaning_choice,idiom:草木皆兵,meaning_choice,idiom:草木皆兵,草木皆兵,meaning_choice,upper,"{""choices"": [""说话办事坚决果断"", ""好上加好"", ""没想到的好事让人高兴"", ""小学教辅常见成语""]}"
idiom,L3,,小学教辅常见成语（四字）,草船借箭,成语;综合;小升初高频,小学成语培优全书·教辅常见,idiom-l3-1663,idiom:草船借箭,recite,idiom:草船借箭,草船借箭,recite,all,
idiom,L3,,下面的写法对不对？,对,成语;综合;小升初高频,小学成语培优全书·教辅常见,idiom-l3-1663:char_judge,idiom:草船借箭,char_judge,idiom:草船借箭,草船借箭,char_judge,lower,"{""display"": ""草船借箭""}"
idiom,L3,,「草船借箭」的意思是？,小学教辅常见成语,成语;综合;小升初高频,小学成语培优全书·教辅常见,idiom-l3-1663:meaning_choice,idiom:草船借箭,meaning_choice,idiom:草船借箭,草船借箭,meaning_choice,upper,"{""choices"": [""从细小处看出大趋势"", ""字写得有气势"", ""非常吃惊"", ""小学教辅常见成语""]}"
idiom,L3,,小学教辅常见成语（四字）,荡然无存,成语;综合;小升初高频,小学成语培优全书·教辅常见,idiom-l3-1664,idiom:荡然无存,recite,idiom:荡然无存,荡然无存,recite,all,
idiom,L3,,下面的写法对不对？,对,成语;综合;小升初高频,小学成语培优全书·教辅常见,idiom-l3-1664:char_judge,idiom:荡然无存,char_judge,idiom:荡然无存,荡然无存,char_judge,lower,"{""display"": ""荡然无存""}"
idiom,L3,,「荡然无存」的意思是？,小学教辅常见成语,成语;综合;小升初高频,小学成语培优全书·教辅常见,idiom-l3-1664:meaning_choice,idiom:荡然无存,meaning_choice,idiom:荡然无存,荡然无存,meaning_choice,upper,"{""choices"": [""人民没法生活下去"", ""小学教辅常见成语"", ""嘴里很干"", ""脸色温和愉快""]}"
idiom,L3,,小学教辅常见成语（四字）,荣华富贵,成语;综合;小升初高频,小学成语培优全书·教辅常见,idiom-l3-1665,idiom:荣华富贵,recite,idiom:荣华富贵,荣华富贵,recite,all,
idiom,L3,,下面的写法对不对？,对,成语;综合;小升初高频,小学成语培优全书·教辅常见,idiom-l3-1665:char_judge,idiom:荣华富贵,char_judge,idiom:荣华富贵,荣华富贵,char_judge,lower,"{""display"": ""荣华富贵""}"
idiom,L3,,「荣华富贵」的意思是？,小学教辅常见成语,成语;综合;小升初高频,小学成语培优全书·教辅常见,idiom-l3-1665:meaning_choice,idiom:荣华富贵,meaning_choice,idiom:荣华富贵,荣华富贵,meaning_choice,upper,"{""choices"": [""小学教辅常见成语"", ""鸡叫狗叫形容喧闹"", ""力量非常强大"", ""把东西完好无损地归还原主""]}"
idiom,L3,,小学教辅常见成语（四字）,莫名其妙,成语;综合;小升初高频,小学成语培优全书·教辅常见,idiom-l3-1666,idiom:莫名其妙,recite,idiom:莫名其妙,莫名其妙,recite,all,
idiom,L3,,下面的写法对不对？,对,成语;综合;小升初高频,小学成语培优全书·教辅常见,idiom-l3-1666:char_judge,idiom:莫名其妙,char_judge,idiom:莫名其妙,莫名其妙,char_judge,lower,"{""display"": ""莫名其妙""}"
idiom,L3,,「莫名其妙」的意思是？,小学教辅常见成语,成语;综合;小升初高频,小学成语培优全书·教辅常见,idiom-l3-1666:meaning_choice,idiom:莫名其妙,meaning_choice,idiom:莫名其妙,莫名其妙,meaning_choice,upper,"{""choices"": [""声音大得耳朵都要聋了"", ""微风轻轻吹"", ""吃东西又猛又急"", ""小学教辅常见成语""]}"
idiom,L3,,小学教辅常见成语（四字）,落井下石,成语;综合;小升初高频,小学成语培优全书·教辅常见,idiom-l3-1667,idiom:落井下石,recite,idiom:落井下石,落井下石,recite,all,
idiom,L3,,下面的写法对不对？,对,成语;综合;小升初高频,小学成语培优全书·教辅常见,idiom-l3-1667:char_judge,idiom:落井下石,char_judge,idiom:落井下石,落井下石,char_judge,lower,"{""display"": ""落井下石""}"
idiom,L3,,「落井下石」的意思是？,小学教辅常见成语,成语;综合;小升初高频,小学成语培优全书·教辅常见,idiom-l3-1667:meaning_choice,idiom:落井下石,meaning_choice,idiom:落井下石,落井下石,meaning_choice,upper,"{""choices"": [""不说话"", ""把东西完好无损地归还原主"", ""情绪非常激动"", ""小学教辅常见成语""]}"
idiom,L3,,小学教辅常见成语（四字）,落英缤纷,成语;综合;小升初高频,小学成语培优全书·教辅常见,idiom-l3-1668,idiom:落英缤纷,recite,idiom:落英缤纷,落英缤纷,recite,all,
idiom,L3,,下面的写法对不对？,对,成语;综合;小升初高频,小学成语培优全书·教辅常见,idiom-l3-1668:char_judge,idiom:落英缤纷,char_judge,idiom:落英缤纷,落英缤纷,char_judge,lower,"{""display"": ""落英缤纷""}"
idiom,L3,,「落英缤纷」的意思是？,小学教辅常见成语,成语;综合;小升初高频,小学成语培优全书·教辅常见,idiom-l3-1668:meaning_choice,idiom:落英缤纷,meaning_choice,idiom:落英缤纷,落英缤纷,meaning_choice,upper,"{""choices"": [""没有风浪，也指局势安定"", ""见识很短浅"", ""小学教辅常见成语"", ""出主意、想办法""]}"
idiom,L3,,小学教辅常见成语（四字）,蓬头垢面,成语;综合;小升初高频,小学成语培优全书·教辅常见,idiom-l3-1669,idiom:蓬头垢面,recite,idiom:蓬头垢面,蓬头垢面,recite,all,
idiom,L3,,下面的写法对不对？,对,成语;综合;小升初高频,小学成语培优全书·教辅常见,idiom-l3-1669:char_judge,idiom:蓬头垢面,char_judge,idiom:蓬头垢面,蓬头垢面,char_judge,lower,"{""display"": ""蓬头垢面""}"
idiom,L3,,「蓬头垢面」的意思是？,小学教辅常见成语,成语;综合;小升初高频,小学成语培优全书·教辅常见,idiom-l3-1669:meaning_choice,idiom:蓬头垢面,meaning_choice,idiom:蓬头垢面,蓬头垢面,meaning_choice,upper,"{""choices"": [""小学教辅常见成语"", ""云雾散开，眼前明亮"", ""五官清秀好看"", ""秋天天气清爽""]}"
idiom,L3,,小学教辅常见成语（四字）,虚张声势,成语;综合;小升初高频,小学成语培优全书·教辅常见,idiom-l3-1670,idiom:虚张声势,recite,idiom:虚张声势,虚张声势,recite,all,
idiom,L3,,下面的写法对不对？,对,成语;综合;小升初高频,小学成语培优全书·教辅常见,idiom-l3-1670:char_judge,idiom:虚张声势,char_judge,idiom:虚张声势,虚张声势,char_judge,lower,"{""display"": ""虚张声势""}"
idiom,L3,,「虚张声势」的意思是？,小学教辅常见成语,成语;综合;小升初高频,小学成语培优全书·教辅常见,idiom-l3-1670:meaning_choice,idiom:虚张声势,meaning_choice,idiom:虚张声势,虚张声势,meaning_choice,upper,"{""choices"": [""声音大得耳朵都要聋了"", ""心里早有了主意"", ""很少说话"", ""小学教辅常见成语""]}"
idiom,L3,,小学教辅常见成语（四字）,虚怀若谷,成语;综合;小升初高频,小学成语培优全书·教辅常见,idiom-l3-1671,idiom:虚怀若谷,recite,idiom:虚怀若谷,虚怀若谷,recite,all,
idiom,L3,,下面的写法对不对？,错,成语;综合;小升初高频,小学成语培优全书·教辅常见,idiom-l3-1671:char_judge,idiom:虚怀若谷,char_judge,idiom:虚怀若谷,虚怀若谷,char_judge,lower,"{""display"": ""甲怀若谷""}"
idiom,L3,,「虚怀若谷」的意思是？,小学教辅常见成语,成语;综合;小升初高频,小学成语培优全书·教辅常见,idiom-l3-1671:meaning_choice,idiom:虚怀若谷,meaning_choice,idiom:虚怀若谷,虚怀若谷,meaning_choice,upper,"{""choices"": [""称心如意、神气十足"", ""吓得不知道该怎么办"", ""拘束、心里不踏实"", ""小学教辅常见成语""]}"
idiom,L3,,小学教辅常见成语（四字）,虚情假意,成语;综合;小升初高频,小学成语培优全书·教辅常见,idiom-l3-1672,idiom:虚情假意,recite,idiom:虚情假意,虚情假意,recite,all,
idiom,L3,,下面的写法对不对？,对,成语;综合;小升初高频,小学成语培优全书·教辅常见,idiom-l3-1672:char_judge,idiom:虚情假意,char_judge,idiom:虚情假意,虚情假意,char_judge,lower,"{""display"": ""虚情假意""}"
idiom,L3,,「虚情假意」的意思是？,小学教辅常见成语,成语;综合;小升初高频,小学成语培优全书·教辅常见,idiom-l3-1672:meaning_choice,idiom:虚情假意,meaning_choice,idiom:虚情假意,虚情假意,meaning_choice,upper,"{""choices"": [""走路很神气、满不在乎"", ""事故很多的时期"", ""小学教辅常见成语"", ""一下子明白过来""]}"
idiom,L3,,小学教辅常见成语（四字）,蛊惑人心,成语;综合;小升初高频,小学成语培优全书·教辅常见,idiom-l3-1673,idiom:蛊惑人心,recite,idiom:蛊惑人心,蛊惑人心,recite,all,
idiom,L3,,下面的写法对不对？,对,成语;综合;小升初高频,小学成语培优全书·教辅常见,idiom-l3-1673:char_judge,idiom:蛊惑人心,char_judge,idiom:蛊惑人心,蛊惑人心,char_judge,lower,"{""display"": ""蛊惑人心""}"
idiom,L3,,「蛊惑人心」的意思是？,小学教辅常见成语,成语;综合;小升初高频,小学成语培优全书·教辅常见,idiom-l3-1673:meaning_choice,idiom:蛊惑人心,meaning_choice,idiom:蛊惑人心,蛊惑人心,meaning_choice,upper,"{""choices"": [""好上加好"", ""小学教辅常见成语"", ""累得一点力气也没有"", ""做事非常顺手""]}"
idiom,L3,,小学教辅常见成语（四字）,蜗行牛步,成语;综合;小升初高频,小学成语培优全书·教辅常见,idiom-l3-1674,idiom:蜗行牛步,recite,idiom:蜗行牛步,蜗行牛步,recite,all,
idiom,L3,,下面的写法对不对？,对,成语;综合;小升初高频,小学成语培优全书·教辅常见,idiom-l3-1674:char_judge,idiom:蜗行牛步,char_judge,idiom:蜗行牛步,蜗行牛步,char_judge,lower,"{""display"": ""蜗行牛步""}"
idiom,L3,,「蜗行牛步」的意思是？,小学教辅常见成语,成语;综合;小升初高频,小学成语培优全书·教辅常见,idiom-l3-1674:meaning_choice,idiom:蜗行牛步,meaning_choice,idiom:蜗行牛步,蜗行牛步,meaning_choice,upper,"{""choices"": [""没有精神"", ""实在没有别的办法"", ""小学教辅常见成语"", ""做事非常顺手""]}"
idiom,L3,,小学教辅常见成语（四字）,融会贯通,成语;综合;小升初高频,小学成语培优全书·教辅常见,idiom-l3-1675,idiom:融会贯通,recite,idiom:融会贯通,融会贯通,recite,all,
idiom,L3,,下面的写法对不对？,错,成语;综合;小升初高频,小学成语培优全书·教辅常见,idiom-l3-1675:char_judge,idiom:融会贯通,char_judge,idiom:融会贯通,融会贯通,char_judge,lower,"{""display"": ""融甲贯通""}"
idiom,L3,,「融会贯通」的意思是？,小学教辅常见成语,成语;综合;小升初高频,小学成语培优全书·教辅常见,idiom-l3-1675:meaning_choice,idiom:融会贯通,meaning_choice,idiom:融会贯通,融会贯通,meaning_choice,upper,"{""choices"": [""描写场面的成语"", ""描写场面的成语"", ""描写场面的成语"", ""小学教辅常见成语""]}"
idiom,L3,,小学教辅常见成语（四字）,螳臂当车,成语;综合;小升初高频,小学成语培优全书·教辅常见,idiom-l3-1676,idiom:螳臂当车,recite,idiom:螳臂当车,螳臂当车,recite,all,
idiom,L3,,下面的写法对不对？,错,成语;综合;小升初高频,小学成语培优全书·教辅常见,idiom-l3-1676:char_judge,idiom:螳臂当车,char_judge,idiom:螳臂当车,螳臂当车,char_judge,lower,"{""display"": ""甲臂当车""}"
idiom,L3,,「螳臂当车」的意思是？,小学教辅常见成语,成语;综合;小升初高频,小学成语培优全书·教辅常见,idiom-l3-1676:meaning_choice,idiom:螳臂当车,meaning_choice,idiom:螳臂当车,螳臂当车,meaning_choice,upper,"{""choices"": [""果实结得很多"", ""非常安静"", ""小学教辅常见成语"", ""费尽心思""]}"
idiom,L3,,小学教辅常见成语（四字）,血口喷人,成语;综合;小升初高频,小学成语培优全书·教辅常见,idiom-l3-1677,idiom:血口喷人,recite,idiom:血口喷人,血口喷人,recite,all,
idiom,L3,,下面的写法对不对？,对,成语;综合;小升初高频,小学成语培优全书·教辅常见,idiom-l3-1677:char_judge,idiom:血口喷人,char_judge,idiom:血口喷人,血口喷人,char_judge,lower,"{""display"": ""血口喷人""}"
idiom,L3,,「血口喷人」的意思是？,小学教辅常见成语,成语;综合;小升初高频,小学成语培优全书·教辅常见,idiom-l3-1677:meaning_choice,idiom:血口喷人,meaning_choice,idiom:血口喷人,血口喷人,meaning_choice,upper,"{""choices"": [""危害集体的人"", ""出自历史故事的成语"", ""出自历史故事的成语"", ""小学教辅常见成语""]}"
idiom,L3,,小学教辅常见成语（四字）,行尸走肉,成语;综合;小升初高频,小学成语培优全书·教辅常见,idiom-l3-1678,idiom:行尸走肉,recite,idiom:行尸走肉,行尸走肉,recite,all,
idiom,L3,,下面的写法对不对？,错,成语;综合;小升初高频,小学成语培优全书·教辅常见,idiom-l3-1678:char_judge,idiom:行尸走肉,char_judge,idiom:行尸走肉,行尸走肉,char_judge,lower,"{""display"": ""行尸走甲""}"
idiom,L3,,「行尸走肉」的意思是？,小学教辅常见成语,成语;综合;小升初高频,小学成语培优全书·教辅常见,idiom-l3-1678:meaning_choice,idiom:行尸走肉,meaning_choice,idiom:行尸走肉,行尸走肉,meaning_choice,upper,"{""choices"": [""兴趣很浓"", ""人民没法生活下去"", ""小学教辅常见成语"", ""不加咀嚼地整吞，比喻不求甚解""]}"
idiom,L3,,小学教辅常见成语（四字）,衣衫褴褛,成语;综合;小升初高频,小学成语培优全书·教辅常见,idiom-l3-1679,idiom:衣衫褴褛,recite,idiom:衣衫褴褛,衣衫褴褛,recite,all,
idiom,L3,,下面的写法对不对？,对,成语;综合;小升初高频,小学成语培优全书·教辅常见,idiom-l3-1679:char_judge,idiom:衣衫褴褛,char_judge,idiom:衣衫褴褛,衣衫褴褛,char_judge,lower,"{""display"": ""衣衫褴褛""}"
idiom,L3,,「衣衫褴褛」的意思是？,小学教辅常见成语,成语;综合;小升初高频,小学成语培优全书·教辅常见,idiom-l3-1679:meaning_choice,idiom:衣衫褴褛,meaning_choice,idiom:衣衫褴褛,衣衫褴褛,meaning_choice,upper,"{""choices"": [""头摇来摇去，得意或入神"", ""小学教辅常见成语"", ""含有动物的成语"", ""含有动物的成语""]}"
idiom,L3,,小学教辅常见成语（四字）,衣食住行,成语;综合;小升初高频,小学成语培优全书·教辅常见,idiom-l3-1680,idiom:衣食住行,recite,idiom:衣食住行,衣食住行,recite,all,
idiom,L3,,下面的写法对不对？,错,成语;综合;小升初高频,小学成语培优全书·教辅常见,idiom-l3-1680:char_judge,idiom:衣食住行,char_judge,idiom:衣食住行,衣食住行,char_judge,lower,"{""display"": ""衣甲住行""}"
idiom,L3,,「衣食住行」的意思是？,小学教辅常见成语,成语;综合;小升初高频,小学成语培优全书·教辅常见,idiom-l3-1680:meaning_choice,idiom:衣食住行,meaning_choice,idiom:衣食住行,衣食住行,meaning_choice,upper,"{""choices"": [""侥幸逃脱的人"", ""形容艺术水平的成语"", ""形容艺术水平的成语"", ""小学教辅常见成语""]}"
idiom,L3,,小学教辅常见成语（四字）,袖手旁观,成语;综合;小升初高频,小学成语培优全书·教辅常见,idiom-l3-1681,idiom:袖手旁观,recite,idiom:袖手旁观,袖手旁观,recite,all,
idiom,L3,,下面的写法对不对？,对,成语;综合;小升初高频,小学成语培优全书·教辅常见,idiom-l3-1681:char_judge,idiom:袖手旁观,char_judge,idiom:袖手旁观,袖手旁观,char_judge,lower,"{""display"": ""袖手旁观""}"
idiom,L3,,「袖手旁观」的意思是？,小学教辅常见成语,成语;综合;小升初高频,小学成语培优全书·教辅常见,idiom-l3-1681:meaning_choice,idiom:袖手旁观,meaning_choice,idiom:袖手旁观,袖手旁观,meaning_choice,upper,"{""choices"": [""自以为了不起的样子"", ""小学教辅常见成语"", ""把东西完好无损地归还原主"", ""眼睛明亮、牙齿洁白""]}"
idiom,L3,,小学教辅常见成语（四字）,装模作样,成语;综合;小升初高频,小学成语培优全书·教辅常见,idiom-l3-1682,idiom:装模作样,recite,idiom:装模作样,装模作样,recite,all,
idiom,L3,,下面的写法对不对？,对,成语;综合;小升初高频,小学成语培优全书·教辅常见,idiom-l3-1682:char_judge,idiom:装模作样,char_judge,idiom:装模作样,装模作样,char_judge,lower,"{""display"": ""装模作样""}"
idiom,L3,,「装模作样」的意思是？,小学教辅常见成语,成语;综合;小升初高频,小学成语培优全书·教辅常见,idiom-l3-1682:meaning_choice,idiom:装模作样,meaning_choice,idiom:装模作样,装模作样,meaning_choice,upper,"{""choices"": [""知音难遇或乐曲高妙"", ""小学教辅常见成语"", ""走路不稳，跌跌撞撞"", ""费尽心思谋划（多含贬义）""]}"
idiom,L3,,小学教辅常见成语（四字）,装腔作势,成语;综合;小升初高频,小学成语培优全书·教辅常见,idiom-l3-1683,idiom:装腔作势,recite,idiom:装腔作势,装腔作势,recite,all,
idiom,L3,,下面的写法对不对？,对,成语;综合;小升初高频,小学成语培优全书·教辅常见,idiom-l3-1683:char_judge,idiom:装腔作势,char_judge,idiom:装腔作势,装腔作势,char_judge,lower,"{""display"": ""装腔作势""}"
idiom,L3,,「装腔作势」的意思是？,小学教辅常见成语,成语;综合;小升初高频,小学成语培优全书·教辅常见,idiom-l3-1683:meaning_choice,idiom:装腔作势,meaning_choice,idiom:装腔作势,装腔作势,meaning_choice,upper,"{""choices"": [""头发白了，脸色却像小孩一样红润"", ""走路很神气、满不在乎"", ""很多花一起开"", ""小学教辅常见成语""]}"
idiom,L3,,小学教辅常见成语（四字）,襟怀坦白,成语;综合;小升初高频,小学成语培优全书·教辅常见,idiom-l3-1684,idiom:襟怀坦白,recite,idiom:襟怀坦白,襟怀坦白,recite,all,
idiom,L3,,下面的写法对不对？,对,成语;综合;小升初高频,小学成语培优全书·教辅常见,idiom-l3-1684:char_judge,idiom:襟怀坦白,char_judge,idiom:襟怀坦白,襟怀坦白,char_judge,lower,"{""display"": ""襟怀坦白""}"
idiom,L3,,「襟怀坦白」的意思是？,小学教辅常见成语,成语;综合;小升初高频,小学成语培优全书·教辅常见,idiom-l3-1684:meaning_choice,idiom:襟怀坦白,meaning_choice,idiom:襟怀坦白,襟怀坦白,meaning_choice,upper,"{""choices"": [""小学教辅常见成语"", ""不止一个，还有配对的"", ""到处是冰和雪"", ""眼界很小""]}"
idiom,L3,,小学教辅常见成语（四字）,见多识广,成语;综合;小升初高频,小学成语培优全书·教辅常见,idiom-l3-1685,idiom:见多识广,recite,idiom:见多识广,见多识广,recite,all,
idiom,L3,,下面的写法对不对？,对,成语;综合;小升初高频,小学成语培优全书·教辅常见,idiom-l3-1685:char_judge,idiom:见多识广,char_judge,idiom:见多识广,见多识广,char_judge,lower,"{""display"": ""见多识广""}"
idiom,L3,,「见多识广」的意思是？,小学教辅常见成语,成语;综合;小升初高频,小学成语培优全书·教辅常见,idiom-l3-1685:meaning_choice,idiom:见多识广,meaning_choice,idiom:见多识广,见多识广,meaning_choice,upper,"{""choices"": [""小学教辅常见成语"", ""名声传到国内外"", ""笑得直不起腰"", ""什么植物都长不出来""]}"
idiom,L3,,小学教辅常见成语（四字）,规矩准绳,成语;综合;小升初高频,小学成语培优全书·教辅常见,idiom-l3-1686,idiom:规矩准绳,recite,idiom:规矩准绳,规矩准绳,recite,all,
idiom,L3,,下面的写法对不对？,错,成语;综合;小升初高频,小学成语培优全书·教辅常见,idiom-l3-1686:char_judge,idiom:规矩准绳,char_judge,idiom:规矩准绳,规矩准绳,char_judge,lower,"{""display"": ""规甲准绳""}"
idiom,L3,,「规矩准绳」的意思是？,小学教辅常见成语,成语;综合;小升初高频,小学成语培优全书·教辅常见,idiom-l3-1686:meaning_choice,idiom:规矩准绳,meaning_choice,idiom:规矩准绳,规矩准绳,meaning_choice,upper,"{""choices"": [""小学教辅常见成语"", ""年老体衰、行动不灵便"", ""描写夏天的成语"", ""描写夏天的成语""]}"
idiom,L3,,小学教辅常见成语（四字）,视死如归,成语;综合;小升初高频,小学成语培优全书·教辅常见,idiom-l3-1687,idiom:视死如归,recite,idiom:视死如归,视死如归,recite,all,
idiom,L3,,下面的写法对不对？,对,成语;综合;小升初高频,小学成语培优全书·教辅常见,idiom-l3-1687:char_judge,idiom:视死如归,char_judge,idiom:视死如归,视死如归,char_judge,lower,"{""display"": ""视死如归""}"
idiom,L3,,「视死如归」的意思是？,小学教辅常见成语,成语;综合;小升初高频,小学成语培优全书·教辅常见,idiom-l3-1687:meaning_choice,idiom:视死如归,meaning_choice,idiom:视死如归,视死如归,meaning_choice,upper,"{""choices"": [""身材修长美丽"", ""小学教辅常见成语"", ""没有真本事却混在里面"", ""自己跟自己说话""]}"
idiom,L3,,小学教辅常见成语（四字）,解甲归田,成语;综合;小升初高频,小学成语培优全书·教辅常见,idiom-l3-1688,idiom:解甲归田,recite,idiom:解甲归田,解甲归田,recite,all,
idiom,L3,,下面的写法对不对？,错,成语;综合;小升初高频,小学成语培优全书·教辅常见,idiom-l3-1688:char_judge,idiom:解甲归田,char_judge,idiom:解甲归田,解甲归田,char_judge,lower,"{""display"": ""解甲乙田""}"
idiom,L3,,「解甲归田」的意思是？,小学教辅常见成语,成语;综合;小升初高频,小学成语培优全书·教辅常见,idiom-l3-1688:meaning_choice,idiom:解甲归田,meaning_choice,idiom:解甲归田,解甲归田,meaning_choice,upper,"{""choices"": [""到处是冰和雪"", ""只要肯下功夫就能成功"", ""文章或动作很流畅"", ""小学教辅常见成语""]}"
idiom,L3,,小学教辅常见成语（四字）,解除武装,成语;综合;小升初高频,小学成语培优全书·教辅常见,idiom-l3-1689,idiom:解除武装,recite,idiom:解除武装,解除武装,recite,all,
idiom,L3,,下面的写法对不对？,错,成语;综合;小升初高频,小学成语培优全书·教辅常见,idiom-l3-1689:char_judge,idiom:解除武装,char_judge,idiom:解除武装,解除武装,char_judge,lower,"{""display"": ""解除武甲""}"
idiom,L3,,「解除武装」的意思是？,小学教辅常见成语,成语;综合;小升初高频,小学成语培优全书·教辅常见,idiom-l3-1689:meaning_choice,idiom:解除武装,meaning_choice,idiom:解除武装,解除武装,meaning_choice,upper,"{""choices"": [""小学教辅常见成语"", ""没有烦恼"", ""家庭毁了，人也没了"", ""字写得有气势""]}"
idiom,L3,,小学教辅常见成语（四字）,触景生情,成语;综合;小升初高频,小学成语培优全书·教辅常见,idiom-l3-1690,idiom:触景生情,recite,idiom:触景生情,触景生情,recite,all,
idiom,L3,,下面的写法对不对？,错,成语;综合;小升初高频,小学成语培优全书·教辅常见,idiom-l3-1690:char_judge,idiom:触景生情,char_judge,idiom:触景生情,触景生情,char_judge,lower,"{""display"": ""触景生甲""}"
idiom,L3,,「触景生情」的意思是？,小学教辅常见成语,成语;综合;小升初高频,小学成语培优全书·教辅常见,idiom-l3-1690:meaning_choice,idiom:触景生情,meaning_choice,idiom:触景生情,触景生情,meaning_choice,upper,"{""choices"": [""桂花香气飘散"", ""遇到危险也不害怕"", ""小学教辅常见成语"", ""脸上很有光彩、很有精神""]}"
idiom,L3,,小学教辅常见成语（四字）,触类旁通,成语;综合;小升初高频,小学成语培优全书·教辅常见,idiom-l3-1691,idiom:触类旁通,recite,idiom:触类旁通,触类旁通,recite,all,
idiom,L3,,下面的写法对不对？,对,成语;综合;小升初高频,小学成语培优全书·教辅常见,idiom-l3-1691:char_judge,idiom:触类旁通,char_judge,idiom:触类旁通,触类旁通,char_judge,lower,"{""display"": ""触类旁通""}"
idiom,L3,,「触类旁通」的意思是？,小学教辅常见成语,成语;综合;小升初高频,小学成语培优全书·教辅常见,idiom-l3-1691:meaning_choice,idiom:触类旁通,meaning_choice,idiom:触类旁通,触类旁通,meaning_choice,upper,"{""choices"": [""小学教辅常见成语"", ""智谋很多"", ""到了山和水的尽头，没有出路"", ""很多人或动物聚在一起""]}"
idiom,L3,,小学教辅常见成语（四字）,言不由衷,成语;综合;小升初高频,小学成语培优全书·教辅常见,idiom-l3-1692,idiom:言不由衷,recite,idiom:言不由衷,言不由衷,recite,all,
idiom,L3,,下面的写法对不对？,对,成语;综合;小升初高频,小学成语培优全书·教辅常见,idiom-l3-1692:char_judge,idiom:言不由衷,char_judge,idiom:言不由衷,言不由衷,char_judge,lower,"{""display"": ""言不由衷""}"
idiom,L3,,「言不由衷」的意思是？,小学教辅常见成语,成语;综合;小升初高频,小学成语培优全书·教辅常见,idiom-l3-1692:meaning_choice,idiom:言不由衷,meaning_choice,idiom:言不由衷,言不由衷,meaning_choice,upper,"{""choices"": [""一直坚持，不放弃"", ""拘束、心里不踏实"", ""本领很大，像能驾着云雾飞"", ""小学教辅常见成语""]}"
idiom,L3,,小学教辅常见成语（四字）,言听计从,成语;综合;小升初高频,小学成语培优全书·教辅常见,idiom-l3-1693,idiom:言听计从,recite,idiom:言听计从,言听计从,recite,all,
idiom,L3,,下面的写法对不对？,错,成语;综合;小升初高频,小学成语培优全书·教辅常见,idiom-l3-1693:char_judge,idiom:言听计从,char_judge,idiom:言听计从,言听计从,char_judge,lower,"{""display"": ""言听甲从""}"
idiom,L3,,「言听计从」的意思是？,小学教辅常见成语,成语;综合;小升初高频,小学成语培优全书·教辅常见,idiom-l3-1693:meaning_choice,idiom:言听计从,meaning_choice,idiom:言听计从,言听计从,meaning_choice,upper,"{""choices"": [""大声地笑"", ""文笔非常出色"", ""一直坚持，不放弃"", ""小学教辅常见成语""]}"
idiom,L3,,小学教辅常见成语（四字）,言简意赅,成语;综合;小升初高频,小学成语培优全书·教辅常见,idiom-l3-1694,idiom:言简意赅,recite,idiom:言简意赅,言简意赅,recite,all,
idiom,L3,,下面的写法对不对？,对,成语;综合;小升初高频,小学成语培优全书·教辅常见,idiom-l3-1694:char_judge,idiom:言简意赅,char_judge,idiom:言简意赅,言简意赅,char_judge,lower,"{""display"": ""言简意赅""}"
idiom,L3,,「言简意赅」的意思是？,小学教辅常见成语,成语;综合;小升初高频,小学成语培优全书·教辅常见,idiom-l3-1694:meaning_choice,idiom:言简意赅,meaning_choice,idiom:言简意赅,言简意赅,meaning_choice,upper,"{""choices"": [""只要肯下功夫就能成功"", ""描写夏天的成语"", ""小学教辅常见成语"", ""十分担心害怕""]}"
idiom,L3,,小学教辅常见成语（四字）,讨价还价,成语;综合;小升初高频,小学成语培优全书·教辅常见,idiom-l3-1695,idiom:讨价还价,recite,idiom:讨价还价,讨价还价,recite,all,
idiom,L3,,下面的写法对不对？,对,成语;综合;小升初高频,小学成语培优全书·教辅常见,idiom-l3-1695:char_judge,idiom:讨价还价,char_judge,idiom:讨价还价,讨价还价,char_judge,lower,"{""display"": ""讨价还价""}"
idiom,L3,,「讨价还价」的意思是？,小学教辅常见成语,成语;综合;小升初高频,小学成语培优全书·教辅常见,idiom-l3-1695:meaning_choice,idiom:讨价还价,meaning_choice,idiom:讨价还价,讨价还价,meaning_choice,upper,"{""choices"": [""出了问题赶紧补救还来得及"", ""没有风浪，也指局势安定"", ""小学教辅常见成语"", ""夜里不用关门，社会安定""]}"
idiom,L3,,小学教辅常见成语（四字）,记忆犹新,成语;综合;小升初高频,小学成语培优全书·教辅常见,idiom-l3-1696,idiom:记忆犹新,recite,idiom:记忆犹新,记忆犹新,recite,all,
idiom,L3,,下面的写法对不对？,对,成语;综合;小升初高频,小学成语培优全书·教辅常见,idiom-l3-1696:char_judge,idiom:记忆犹新,char_judge,idiom:记忆犹新,记忆犹新,char_judge,lower,"{""display"": ""记忆犹新""}"
idiom,L3,,「记忆犹新」的意思是？,小学教辅常见成语,成语;综合;小升初高频,小学成语培优全书·教辅常见,idiom-l3-1696:meaning_choice,idiom:记忆犹新,meaning_choice,idiom:记忆犹新,记忆犹新,meaning_choice,upper,"{""choices"": [""一眼望不到边"", ""小学教辅常见成语"", ""有很多话要说"", ""人声嘈杂得像开了锅""]}"
idiom,L3,,小学教辅常见成语（四字）,设身处地,成语;综合;小升初高频,小学成语培优全书·教辅常见,idiom-l3-1697,idiom:设身处地,recite,idiom:设身处地,设身处地,recite,all,
idiom,L3,,下面的写法对不对？,对,成语;综合;小升初高频,小学成语培优全书·教辅常见,idiom-l3-1697:char_judge,idiom:设身处地,char_judge,idiom:设身处地,设身处地,char_judge,lower,"{""display"": ""设身处地""}"
idiom,L3,,「设身处地」的意思是？,小学教辅常见成语,成语;综合;小升初高频,小学成语培优全书·教辅常见,idiom-l3-1697:meaning_choice,idiom:设身处地,meaning_choice,idiom:设身处地,设身处地,meaning_choice,upper,"{""choices"": [""微风轻轻吹"", ""出自历史故事的成语"", ""小学教辅常见成语"", ""天空蓝得像洗过一样""]}"
idiom,L3,,小学教辅常见成语（四字）,详略得当,成语;综合;小升初高频,小学成语培优全书·教辅常见,idiom-l3-1698,idiom:详略得当,recite,idiom:详略得当,详略得当,recite,all,
idiom,L3,,下面的写法对不对？,对,成语;综合;小升初高频,小学成语培优全书·教辅常见,idiom-l3-1698:char_judge,idiom:详略得当,char_judge,idiom:详略得当,详略得当,char_judge,lower,"{""display"": ""详略得当""}"
idiom,L3,,「详略得当」的意思是？,小学教辅常见成语,成语;综合;小升初高频,小学成语培优全书·教辅常见,idiom-l3-1698:meaning_choice,idiom:详略得当,meaning_choice,idiom:详略得当,详略得当,meaning_choice,upper,"{""choices"": [""小学教辅常见成语"", ""描写秋天的成语"", ""描写秋天的成语"", ""描写秋天的成语""]}"
idiom,L3,,小学教辅常见成语（四字）,语重心长,成语;综合;小升初高频,小学成语培优全书·教辅常见,idiom-l3-1699,idiom:语重心长,recite,idiom:语重心长,语重心长,recite,all,
idiom,L3,,下面的写法对不对？,对,成语;综合;小升初高频,小学成语培优全书·教辅常见,idiom-l3-1699:char_judge,idiom:语重心长,char_judge,idiom:语重心长,语重心长,char_judge,lower,"{""display"": ""语重心长""}"
idiom,L3,,「语重心长」的意思是？,小学教辅常见成语,成语;综合;小升初高频,小学成语培优全书·教辅常见,idiom-l3-1699:meaning_choice,idiom:语重心长,meaning_choice,idiom:语重心长,语重心长,meaning_choice,upper,"{""choices"": [""不说话"", ""小学教辅常见成语"", ""头摇来摇去，得意或入神"", ""书法笔势奔放""]}"
idiom,L3,,小学教辅常见成语（四字）,诱敌深入,成语;综合;小升初高频,小学成语培优全书·教辅常见,idiom-l3-1700,idiom:诱敌深入,recite,idiom:诱敌深入,诱敌深入,recite,all,
idiom,L3,,下面的写法对不对？,对,成语;综合;小升初高频,小学成语培优全书·教辅常见,idiom-l3-1700:char_judge,idiom:诱敌深入,char_judge,idiom:诱敌深入,诱敌深入,char_judge,lower,"{""display"": ""诱敌深入""}"
idiom,L3,,「诱敌深入」的意思是？,小学教辅常见成语,成语;综合;小升初高频,小学成语培优全书·教辅常见,idiom-l3-1700:meaning_choice,idiom:诱敌深入,meaning_choice,idiom:诱敌深入,诱敌深入,meaning_choice,upper,"{""choices"": [""急得不能再等"", ""小学教辅常见成语"", ""一下子明白过来"", ""描写冬天的成语""]}"
idiom,L3,,小学教辅常见成语（四字）,诲人不倦,成语;综合;小升初高频,小学成语培优全书·教辅常见,idiom-l3-1701,idiom:诲人不倦,recite,idiom:诲人不倦,诲人不倦,recite,all,
idiom,L3,,下面的写法对不对？,对,成语;综合;小升初高频,小学成语培优全书·教辅常见,idiom-l3-1701:char_judge,idiom:诲人不倦,char_judge,idiom:诲人不倦,诲人不倦,char_judge,lower,"{""display"": ""诲人不倦""}"
idiom,L3,,「诲人不倦」的意思是？,小学教辅常见成语,成语;综合;小升初高频,小学成语培优全书·教辅常见,idiom-l3-1701:meaning_choice,idiom:诲人不倦,meaning_choice,idiom:诲人不倦,诲人不倦,meaning_choice,upper,"{""choices"": [""什么都伤害不了"", ""描写外貌的成语"", ""描写外貌的成语"", ""小学教辅常见成语""]}"
idiom,L3,,小学教辅常见成语（四字）,说到做到,成语;综合;小升初高频,小学成语培优全书·教辅常见,idiom-l3-1702,idiom:说到做到,recite,idiom:说到做到,说到做到,recite,all,
idiom,L3,,下面的写法对不对？,错,成语;综合;小升初高频,小学成语培优全书·教辅常见,idiom-l3-1702:char_judge,idiom:说到做到,char_judge,idiom:说到做到,说到做到,char_judge,lower,"{""display"": ""甲到做到""}"
idiom,L3,,「说到做到」的意思是？,小学教辅常见成语,成语;综合;小升初高频,小学成语培优全书·教辅常见,idiom-l3-1702:meaning_choice,idiom:说到做到,meaning_choice,idiom:说到做到,说到做到,meaning_choice,upper,"{""choices"": [""坏主意很多"", ""很多鸟一起叫"", ""小学教辅常见成语"", ""身材魁梧""]}"
idiom,L3,,小学教辅常见成语（四字）,说长道短,成语;综合;小升初高频,小学成语培优全书·教辅常见,idiom-l3-1703,idiom:说长道短,recite,idiom:说长道短,说长道短,recite,all,
idiom,L3,,下面的写法对不对？,错,成语;综合;小升初高频,小学成语培优全书·教辅常见,idiom-l3-1703:char_judge,idiom:说长道短,char_judge,idiom:说长道短,说长道短,char_judge,lower,"{""display"": ""说长到短""}"
idiom,L3,,「说长道短」的意思是？,小学教辅常见成语,成语;综合;小升初高频,小学成语培优全书·教辅常见,idiom-l3-1703:meaning_choice,idiom:说长道短,meaning_choice,idiom:说长道短,说长道短,meaning_choice,upper,"{""choices"": [""小学教辅常见成语"", ""在风里飘动"", ""人民没法生活下去"", ""比谁更美丽出众""]}"
idiom,L3,,小学教辅常见成语（四字）,调兵遣将,成语;综合;小升初高频,小学成语培优全书·教辅常见,idiom-l3-1704,idiom:调兵遣将,recite,idiom:调兵遣将,调兵遣将,recite,all,
idiom,L3,,下面的写法对不对？,对,成语;综合;小升初高频,小学成语培优全书·教辅常见,idiom-l3-1704:char_judge,idiom:调兵遣将,char_judge,idiom:调兵遣将,调兵遣将,char_judge,lower,"{""display"": ""调兵遣将""}"
idiom,L3,,「调兵遣将」的意思是？,小学教辅常见成语,成语;综合;小升初高频,小学成语培优全书·教辅常见,idiom-l3-1704:meaning_choice,idiom:调兵遣将,meaning_choice,idiom:调兵遣将,调兵遣将,meaning_choice,upper,"{""choices"": [""这边看看那边看看"", ""没有烦恼"", ""有些信、有些不信"", ""小学教辅常见成语""]}"
idiom,L3,,小学教辅常见成语（四字）,谈笑自若,成语;综合;小升初高频,小学成语培优全书·教辅常见,idiom-l3-1705,idiom:谈笑自若,recite,idiom:谈笑自若,谈笑自若,recite,all,
idiom,L3,,下面的写法对不对？,对,成语;综合;小升初高频,小学成语培优全书·教辅常见,idiom-l3-1705:char_judge,idiom:谈笑自若,char_judge,idiom:谈笑自若,谈笑自若,char_judge,lower,"{""display"": ""谈笑自若""}"
idiom,L3,,「谈笑自若」的意思是？,小学教辅常见成语,成语;综合;小升初高频,小学成语培优全书·教辅常见,idiom-l3-1705:meaning_choice,idiom:谈笑自若,meaning_choice,idiom:谈笑自若,谈笑自若,meaning_choice,upper,"{""choices"": [""只要肯下功夫就能成功"", ""个子小但精明强干"", ""小学教辅常见成语"", ""山塌地裂，声势极大""]}"
idiom,L3,,小学教辅常见成语（四字）,谋事在人,成语;综合;小升初高频,小学成语培优全书·教辅常见,idiom-l3-1706,idiom:谋事在人,recite,idiom:谋事在人,谋事在人,recite,all,
idiom,L3,,下面的写法对不对？,对,成语;综合;小升初高频,小学成语培优全书·教辅常见,idiom-l3-1706:char_judge,idiom:谋事在人,char_judge,idiom:谋事在人,谋事在人,char_judge,lower,"{""display"": ""谋事在人""}"
idiom,L3,,「谋事在人」的意思是？,小学教辅常见成语,成语;综合;小升初高频,小学成语培优全书·教辅常见,idiom-l3-1706:meaning_choice,idiom:谋事在人,meaning_choice,idiom:谋事在人,谋事在人,meaning_choice,upper,"{""choices"": [""气魄很大的话"", ""到了山和水的尽头，没有出路"", ""从一片落叶知道秋天到了"", ""小学教辅常见成语""]}"
idiom,L3,,小学教辅常见成语（四字）,谬种流传,成语;综合;小升初高频,小学成语培优全书·教辅常见,idiom-l3-1707,idiom:谬种流传,recite,idiom:谬种流传,谬种流传,recite,all,
idiom,L3,,下面的写法对不对？,错,成语;综合;小升初高频,小学成语培优全书·教辅常见,idiom-l3-1707:char_judge,idiom:谬种流传,char_judge,idiom:谬种流传,谬种流传,char_judge,lower,"{""display"": ""谬种甲传""}"
idiom,L3,,「谬种流传」的意思是？,小学教辅常见成语,成语;综合;小升初高频,小学成语培优全书·教辅常见,idiom-l3-1707:meaning_choice,idiom:谬种流传,meaning_choice,idiom:谬种流传,谬种流传,meaning_choice,upper,"{""choices"": [""特别容易被人看见"", ""没有办法可想"", ""找出事物的根由"", ""小学教辅常见成语""]}"
idiom,L3,,小学教辅常见成语（四字）,豁然开朗,成语;综合;小升初高频,小学成语培优全书·教辅常见,idiom-l3-1708,idiom:豁然开朗,recite,idiom:豁然开朗,豁然开朗,recite,all,
idiom,L3,,下面的写法对不对？,对,成语;综合;小升初高频,小学成语培优全书·教辅常见,idiom-l3-1708:char_judge,idiom:豁然开朗,char_judge,idiom:豁然开朗,豁然开朗,char_judge,lower,"{""display"": ""豁然开朗""}"
idiom,L3,,「豁然开朗」的意思是？,小学教辅常见成语,成语;综合;小升初高频,小学成语培优全书·教辅常见,idiom-l3-1708:meaning_choice,idiom:豁然开朗,meaning_choice,idiom:豁然开朗,豁然开朗,meaning_choice,upper,"{""choices"": [""正宗高雅的音乐"", ""什么植物都长不出来"", ""小学教辅常见成语"", ""刚哭完又笑了""]}"
idiom,L3,,小学教辅常见成语（四字）,豆蔻年华,成语;综合;小升初高频,小学成语培优全书·教辅常见,idiom-l1-0066,idiom:豆蔻年华,recite,idiom:豆蔻年华,豆蔻年华,recite,all,
idiom,L3,,下面的写法对不对？,对,成语;综合;小升初高频,小学成语培优全书·教辅常见,idiom-l1-0066:char_judge,idiom:豆蔻年华,char_judge,idiom:豆蔻年华,豆蔻年华,char_judge,lower,"{""display"": ""豆蔻年华""}"
idiom,L3,,「豆蔻年华」的意思是？,小学教辅常见成语,成语;综合;小升初高频,小学成语培优全书·教辅常见,idiom-l1-0066:meaning_choice,idiom:豆蔻年华,meaning_choice,idiom:豆蔻年华,豆蔻年华,meaning_choice,upper,"{""choices"": [""小学教辅常见成语"", ""小声地私下说话"", ""天空一片晴朗"", ""颜色很多""]}"
idiom,L3,,小学教辅常见成语（四字）,豪情壮志,成语;综合;小升初高频,小学成语培优全书·教辅常见,idiom-l3-1709,idiom:豪情壮志,recite,idiom:豪情壮志,豪情壮志,recite,all,
idiom,L3,,下面的写法对不对？,错,成语;综合;小升初高频,小学成语培优全书·教辅常见,idiom-l3-1709:char_judge,idiom:豪情壮志,char_judge,idiom:豪情壮志,豪情壮志,char_judge,lower,"{""display"": ""豪情甲志""}"
idiom,L3,,「豪情壮志」的意思是？,小学教辅常见成语,成语;综合;小升初高频,小学成语培优全书·教辅常见,idiom-l3-1709:meaning_choice,idiom:豪情壮志,meaning_choice,idiom:豪情壮志,豪情壮志,meaning_choice,upper,"{""choices"": [""内部困难又加上外来威胁"", ""举止文雅"", ""失去信心，情绪低落"", ""小学教辅常见成语""]}"
idiom,L3,,小学教辅常见成语（四字）,责无旁贷,成语;综合;小升初高频,小学成语培优全书·教辅常见,idiom-l3-1710,idiom:责无旁贷,recite,idiom:责无旁贷,责无旁贷,recite,all,
idiom,L3,,下面的写法对不对？,错,成语;综合;小升初高频,小学成语培优全书·教辅常见,idiom-l3-1710:char_judge,idiom:责无旁贷,char_judge,idiom:责无旁贷,责无旁贷,char_judge,lower,"{""display"": ""甲无旁贷""}"
idiom,L3,,「责无旁贷」的意思是？,小学教辅常见成语,成语;综合;小升初高频,小学成语培优全书·教辅常见,idiom-l3-1710:meaning_choice,idiom:责无旁贷,meaning_choice,idiom:责无旁贷,责无旁贷,meaning_choice,upper,"{""choices"": [""含有动物的成语"", ""闪电打雷"", ""心里早有了主意"", ""小学教辅常见成语""]}"
idiom,L3,,小学教辅常见成语（四字）,货真价实,成语;综合;小升初高频,小学成语培优全书·教辅常见,idiom-l3-1711,idiom:货真价实,recite,idiom:货真价实,货真价实,recite,all,
idiom,L3,,下面的写法对不对？,错,成语;综合;小升初高频,小学成语培优全书·教辅常见,idiom-l3-1711:char_judge,idiom:货真价实,char_judge,idiom:货真价实,货真价实,char_judge,lower,"{""display"": ""货真甲实""}"
idiom,L3,,「货真价实」的意思是？,小学教辅常见成语,成语;综合;小升初高频,小学成语培优全书·教辅常见,idiom-l3-1711:meaning_choice,idiom:货真价实,meaning_choice,idiom:货真价实,货真价实,meaning_choice,upper,"{""choices"": [""急于求成反而把事情弄坏"", ""小学教辅常见成语"", ""夜里不用关门，社会安定"", ""百姓生活在极端困苦中""]}"
idiom,L3,,小学教辅常见成语（四字）,贪得无厌,成语;综合;小升初高频,小学成语培优全书·教辅常见,idiom-l3-1712,idiom:贪得无厌,recite,idiom:贪得无厌,贪得无厌,recite,all,
idiom,L3,,下面的写法对不对？,错,成语;综合;小升初高频,小学成语培优全书·教辅常见,idiom-l3-1712:char_judge,idiom:贪得无厌,char_judge,idiom:贪得无厌,贪得无厌,char_judge,lower,"{""display"": ""贪得天厌""}"
idiom,L3,,「贪得无厌」的意思是？,小学教辅常见成语,成语;综合;小升初高频,小学成语培优全书·教辅常见,idiom-l3-1712:meaning_choice,idiom:贪得无厌,meaning_choice,idiom:贪得无厌,贪得无厌,meaning_choice,upper,"{""choices"": [""风很轻、雨很细"", ""小学教辅常见成语"", ""轻快地唱、柔美地舞"", ""一点儿也不马虎""]}"
idiom,L3,,小学教辅常见成语（四字）,贼喊捉贼,成语;综合;小升初高频,小学成语培优全书·教辅常见,idiom-l3-1713,idiom:贼喊捉贼,recite,idiom:贼喊捉贼,贼喊捉贼,recite,all,
idiom,L3,,下面的写法对不对？,错,成语;综合;小升初高频,小学成语培优全书·教辅常见,idiom-l3-1713:char_judge,idiom:贼喊捉贼,char_judge,idiom:贼喊捉贼,贼喊捉贼,char_judge,lower,"{""display"": ""贼甲捉贼""}"
idiom,L3,,「贼喊捉贼」的意思是？,小学教辅常见成语,成语;综合;小升初高频,小学成语培优全书·教辅常见,idiom-l3-1713:meaning_choice,idiom:贼喊捉贼,meaning_choice,idiom:贼喊捉贼,贼喊捉贼,meaning_choice,upper,"{""choices"": [""小学教辅常见成语"", ""含有数字的成语"", ""含有数字的成语"", ""含有数字的成语""]}"
idiom,L3,,小学教辅常见成语（四字）,赃款赃物,成语;综合;小升初高频,小学成语培优全书·教辅常见,idiom-l3-1714,idiom:赃款赃物,recite,idiom:赃款赃物,赃款赃物,recite,all,
idiom,L3,,下面的写法对不对？,错,成语;综合;小升初高频,小学成语培优全书·教辅常见,idiom-l3-1714:char_judge,idiom:赃款赃物,char_judge,idiom:赃款赃物,赃款赃物,char_judge,lower,"{""display"": ""甲款赃物""}"
idiom,L3,,「赃款赃物」的意思是？,小学教辅常见成语,成语;综合;小升初高频,小学成语培优全书·教辅常见,idiom-l3-1714:meaning_choice,idiom:赃款赃物,meaning_choice,idiom:赃款赃物,赃款赃物,meaning_choice,upper,"{""choices"": [""找出事物的根由"", ""描写春天的成语"", ""小学教辅常见成语"", ""出主意、想办法""]}"
idiom,L3,,小学教辅常见成语（四字）,赏心悦目,成语;综合;小升初高频,小学成语培优全书·教辅常见,idiom-l3-1715,idiom:赏心悦目,recite,idiom:赏心悦目,赏心悦目,recite,all,
idiom,L3,,下面的写法对不对？,错,成语;综合;小升初高频,小学成语培优全书·教辅常见,idiom-l3-1715:char_judge,idiom:赏心悦目,char_judge,idiom:赏心悦目,赏心悦目,char_judge,lower,"{""display"": ""赏心悦甲""}"
idiom,L3,,「赏心悦目」的意思是？,小学教辅常见成语,成语;综合;小升初高频,小学成语培优全书·教辅常见,idiom-l3-1715:meaning_choice,idiom:赏心悦目,meaning_choice,idiom:赏心悦目,赏心悦目,meaning_choice,upper,"{""choices"": [""乐音很久还在回响"", ""知音难遇或乐曲高妙"", ""舍不得离开"", ""小学教辅常见成语""]}"
idiom,L3,,小学教辅常见成语（四字）,赔了夫人,成语;综合;小升初高频,小学成语培优全书·教辅常见,idiom-l3-1716,idiom:赔了夫人,recite,idiom:赔了夫人,赔了夫人,recite,all,
idiom,L3,,下面的写法对不对？,对,成语;综合;小升初高频,小学成语培优全书·教辅常见,idiom-l3-1716:char_judge,idiom:赔了夫人,char_judge,idiom:赔了夫人,赔了夫人,char_judge,lower,"{""display"": ""赔了夫人""}"
idiom,L3,,「赔了夫人」的意思是？,小学教辅常见成语,成语;综合;小升初高频,小学成语培优全书·教辅常见,idiom-l3-1716:meaning_choice,idiom:赔了夫人,meaning_choice,idiom:赔了夫人,赔了夫人,meaning_choice,upper,"{""choices"": [""名声和实际相符"", ""人声嘈杂得像开了锅"", ""自己跟自己说话"", ""小学教辅常见成语""]}"
idiom,L3,,小学教辅常见成语（四字）,赞不绝口,成语;综合;小升初高频,小学成语培优全书·教辅常见,idiom-l3-1717,idiom:赞不绝口,recite,idiom:赞不绝口,赞不绝口,recite,all,
idiom,L3,,下面的写法对不对？,对,成语;综合;小升初高频,小学成语培优全书·教辅常见,idiom-l3-1717:char_judge,idiom:赞不绝口,char_judge,idiom:赞不绝口,赞不绝口,char_judge,lower,"{""display"": ""赞不绝口""}"
idiom,L3,,「赞不绝口」的意思是？,小学教辅常见成语,成语;综合;小升初高频,小学成语培优全书·教辅常见,idiom-l3-1717:meaning_choice,idiom:赞不绝口,meaning_choice,idiom:赞不绝口,赞不绝口,meaning_choice,upper,"{""choices"": [""自以为了不起的样子"", ""本领比别人高一截"", ""人长寿，收成好"", ""小学教辅常见成语""]}"
idiom,L3,,小学教辅常见成语（四字）,赤手空拳,成语;综合;小升初高频,小学成语培优全书·教辅常见,idiom-l3-1718,idiom:赤手空拳,recite,idiom:赤手空拳,赤手空拳,recite,all,
idiom,L3,,下面的写法对不对？,对,成语;综合;小升初高频,小学成语培优全书·教辅常见,idiom-l3-1718:char_judge,idiom:赤手空拳,char_judge,idiom:赤手空拳,赤手空拳,char_judge,lower,"{""display"": ""赤手空拳""}"
idiom,L3,,「赤手空拳」的意思是？,小学教辅常见成语,成语;综合;小升初高频,小学成语培优全书·教辅常见,idiom-l3-1718:meaning_choice,idiom:赤手空拳,meaning_choice,idiom:赤手空拳,赤手空拳,meaning_choice,upper,"{""choices"": [""小学教辅常见成语"", ""一点儿也不马虎"", ""死得有意义、有价值"", ""遇到危险也不害怕""]}"
idiom,L3,,小学教辅常见成语（四字）,走投无路,成语;综合;小升初高频,小学成语培优全书·教辅常见,idiom-l3-1719,idiom:走投无路,recite,idiom:走投无路,走投无路,recite,all,
idiom,L3,,下面的写法对不对？,对,成语;综合;小升初高频,小学成语培优全书·教辅常见,idiom-l3-1719:char_judge,idiom:走投无路,char_judge,idiom:走投无路,走投无路,char_judge,lower,"{""display"": ""走投无路""}"
idiom,L3,,「走投无路」的意思是？,小学教辅常见成语,成语;综合;小升初高频,小学成语培优全书·教辅常见,idiom-l3-1719:meaning_choice,idiom:走投无路,meaning_choice,idiom:走投无路,走投无路,meaning_choice,upper,"{""choices"": [""夜里不用关门，社会安定"", ""想尽办法读书"", ""小学教辅常见成语"", ""脸上很有光彩、很有精神""]}"
idiom,L3,,小学教辅常见成语（四字）,赴汤蹈火,成语;综合;小升初高频,小学成语培优全书·教辅常见,idiom-l3-1720,idiom:赴汤蹈火,recite,idiom:赴汤蹈火,赴汤蹈火,recite,all,
idiom,L3,,下面的写法对不对？,错,成语;综合;小升初高频,小学成语培优全书·教辅常见,idiom-l3-1720:char_judge,idiom:赴汤蹈火,char_judge,idiom:赴汤蹈火,赴汤蹈火,char_judge,lower,"{""display"": ""赴汤甲火""}"
idiom,L3,,「赴汤蹈火」的意思是？,小学教辅常见成语,成语;综合;小升初高频,小学成语培优全书·教辅常见,idiom-l3-1720:meaning_choice,idiom:赴汤蹈火,meaning_choice,idiom:赴汤蹈火,赴汤蹈火,meaning_choice,upper,"{""choices"": [""风景优美"", ""小学教辅常见成语"", ""鸡叫狗叫形容喧闹"", ""跃跃欲试、准备动手""]}"
idiom,L3,,小学教辅常见成语（四字）,起死回生,成语;综合;小升初高频,小学成语培优全书·教辅常见,idiom-l3-1721,idiom:起死回生,recite,idiom:起死回生,起死回生,recite,all,
idiom,L3,,下面的写法对不对？,错,成语;综合;小升初高频,小学成语培优全书·教辅常见,idiom-l3-1721:char_judge,idiom:起死回生,char_judge,idiom:起死回生,起死回生,char_judge,lower,"{""display"": ""起死徊生""}"
idiom,L3,,「起死回生」的意思是？,小学教辅常见成语,成语;综合;小升初高频,小学成语培优全书·教辅常见,idiom-l3-1721:meaning_choice,idiom:起死回生,meaning_choice,idiom:起死回生,起死回生,meaning_choice,upper,"{""choices"": [""什么都伤害不了"", ""小学教辅常见成语"", ""不说话"", ""办法很多，本领很大""]}"
idiom,L3,,小学教辅常见成语（四字）,趁火打劫,成语;综合;小升初高频,小学成语培优全书·教辅常见,idiom-l3-1722,idiom:趁火打劫,recite,idiom:趁火打劫,趁火打劫,recite,all,
idiom,L3,,下面的写法对不对？,对,成语;综合;小升初高频,小学成语培优全书·教辅常见,idiom-l3-1722:char_judge,idiom:趁火打劫,char_judge,idiom:趁火打劫,趁火打劫,char_judge,lower,"{""display"": ""趁火打劫""}"
idiom,L3,,「趁火打劫」的意思是？,小学教辅常见成语,成语;综合;小升初高频,小学成语培优全书·教辅常见,idiom-l3-1722:meaning_choice,idiom:趁火打劫,meaning_choice,idiom:趁火打劫,趁火打劫,meaning_choice,upper,"{""choices"": [""小学教辅常见成语"", ""微风轻轻吹"", ""眼睛明亮、牙齿洁白"", ""不清楚、弄不明白""]}"
idiom,L3,,小学教辅常见成语（四字）,超群绝伦,成语;综合;小升初高频,小学成语培优全书·教辅常见,idiom-l3-1723,idiom:超群绝伦,recite,idiom:超群绝伦,超群绝伦,recite,all,
idiom,L3,,下面的写法对不对？,对,成语;综合;小升初高频,小学成语培优全书·教辅常见,idiom-l3-1723:char_judge,idiom:超群绝伦,char_judge,idiom:超群绝伦,超群绝伦,char_judge,lower,"{""display"": ""超群绝伦""}"
idiom,L3,,「超群绝伦」的意思是？,小学教辅常见成语,成语;综合;小升初高频,小学成语培优全书·教辅常见,idiom-l3-1723:meaning_choice,idiom:超群绝伦,meaning_choice,idiom:超群绝伦,超群绝伦,meaning_choice,upper,"{""choices"": [""不慌不忙"", ""没有真本事却混在里面"", ""脸色温和愉快"", ""小学教辅常见成语""]}"
idiom,L3,,小学教辅常见成语（四字）,越俎代庖,成语;综合;小升初高频,小学成语培优全书·教辅常见,idiom-l3-1724,idiom:越俎代庖,recite,idiom:越俎代庖,越俎代庖,recite,all,
idiom,L3,,下面的写法对不对？,对,成语;综合;小升初高频,小学成语培优全书·教辅常见,idiom-l3-1724:char_judge,idiom:越俎代庖,char_judge,idiom:越俎代庖,越俎代庖,char_judge,lower,"{""display"": ""越俎代庖""}"
idiom,L3,,「越俎代庖」的意思是？,小学教辅常见成语,成语;综合;小升初高频,小学成语培优全书·教辅常见,idiom-l3-1724:meaning_choice,idiom:越俎代庖,meaning_choice,idiom:越俎代庖,越俎代庖,meaning_choice,upper,"{""choices"": [""小学教辅常见成语"", ""国家太平，人民安乐"", ""得意得忘了自己是谁"", ""身材修长美丽""]}"
idiom,L3,,小学教辅常见成语（四字）,踌躇满志,成语;综合;小升初高频,小学成语培优全书·教辅常见,idiom-l3-1726,idiom:踌躇满志,recite,idiom:踌躇满志,踌躇满志,recite,all,
idiom,L3,,下面的写法对不对？,对,成语;综合;小升初高频,小学成语培优全书·教辅常见,idiom-l3-1726:char_judge,idiom:踌躇满志,char_judge,idiom:踌躇满志,踌躇满志,char_judge,lower,"{""display"": ""踌躇满志""}"
idiom,L3,,「踌躇满志」的意思是？,小学教辅常见成语,成语;综合;小升初高频,小学成语培优全书·教辅常见,idiom-l3-1726:meaning_choice,idiom:踌躇满志,meaning_choice,idiom:踌躇满志,踌躇满志,meaning_choice,upper,"{""choices"": [""危害集体的人"", ""天地非常广阔"", ""小学教辅常见成语"", ""没想到的好事让人高兴""]}"
idiom,L3,,小学教辅常见成语（四字）,蹑手蹑脚,成语;综合;小升初高频,小学成语培优全书·教辅常见,idiom-l3-1727,idiom:蹑手蹑脚,recite,idiom:蹑手蹑脚,蹑手蹑脚,recite,all,
idiom,L3,,下面的写法对不对？,错,成语;综合;小升初高频,小学成语培优全书·教辅常见,idiom-l3-1727:char_judge,idiom:蹑手蹑脚,char_judge,idiom:蹑手蹑脚,蹑手蹑脚,char_judge,lower,"{""display"": ""蹑手蹑甲""}"
idiom,L3,,「蹑手蹑脚」的意思是？,小学教辅常见成语,成语;综合;小升初高频,小学成语培优全书·教辅常见,idiom-l3-1727:meaning_choice,idiom:蹑手蹑脚,meaning_choice,idiom:蹑手蹑脚,蹑手蹑脚,meaning_choice,upper,"{""choices"": [""小学教辅常见成语"", ""遇到危险也不害怕"", ""本领比别人高一截"", ""有些信、有些不信""]}"
idiom,L3,,小学教辅常见成语（四字）,身不由己,成语;综合;小升初高频,小学成语培优全书·教辅常见,idiom-l3-1728,idiom:身不由己,recite,idiom:身不由己,身不由己,recite,all,
idiom,L3,,下面的写法对不对？,错,成语;综合;小升初高频,小学成语培优全书·教辅常见,idiom-l3-1728:char_judge,idiom:身不由己,char_judge,idiom:身不由己,身不由己,char_judge,lower,"{""display"": ""甲不由己""}"
idiom,L3,,「身不由己」的意思是？,小学教辅常见成语,成语;综合;小升初高频,小学成语培优全书·教辅常见,idiom-l3-1728:meaning_choice,idiom:身不由己,meaning_choice,idiom:身不由己,身不由己,meaning_choice,upper,"{""choices"": [""情况变了还用老办法"", ""颜色又多又好看"", ""小学教辅常见成语"", ""情绪非常激动""]}"
idiom,L3,,小学教辅常见成语（四字）,身临其境,成语;综合;小升初高频,小学成语培优全书·教辅常见,idiom-l3-1729,idiom:身临其境,recite,idiom:身临其境,身临其境,recite,all,
idiom,L3,,下面的写法对不对？,对,成语;综合;小升初高频,小学成语培优全书·教辅常见,idiom-l3-1729:char_judge,idiom:身临其境,char_judge,idiom:身临其境,身临其境,char_judge,lower,"{""display"": ""身临其境""}"
idiom,L3,,「身临其境」的意思是？,小学教辅常见成语,成语;综合;小升初高频,小学成语培优全书·教辅常见,idiom-l3-1729:meaning_choice,idiom:身临其境,meaning_choice,idiom:身临其境,身临其境,meaning_choice,upper,"{""choices"": [""经历过很多艰苦"", ""与时间有关的成语"", ""著名的高山和大河"", ""小学教辅常见成语""]}"
idiom,L3,,小学教辅常见成语（四字）,身败名裂,成语;综合;小升初高频,小学成语培优全书·教辅常见,idiom-l3-1730,idiom:身败名裂,recite,idiom:身败名裂,身败名裂,recite,all,
idiom,L3,,下面的写法对不对？,对,成语;综合;小升初高频,小学成语培优全书·教辅常见,idiom-l3-1730:char_judge,idiom:身败名裂,char_judge,idiom:身败名裂,身败名裂,char_judge,lower,"{""display"": ""身败名裂""}"
idiom,L3,,「身败名裂」的意思是？,小学教辅常见成语,成语;综合;小升初高频,小学成语培优全书·教辅常见,idiom-l3-1730:meaning_choice,idiom:身败名裂,meaning_choice,idiom:身败名裂,身败名裂,meaning_choice,upper,"{""choices"": [""全国各地，四面八方"", ""小学教辅常见成语"", ""声势或影响极大"", ""鸡叫狗叫形容喧闹""]}"
idiom,L3,,小学教辅常见成语（四字）,转危为安,成语;综合;小升初高频,小学成语培优全书·教辅常见,idiom-l3-1731,idiom:转危为安,recite,idiom:转危为安,转危为安,recite,all,
idiom,L3,,下面的写法对不对？,错,成语;综合;小升初高频,小学成语培优全书·教辅常见,idiom-l3-1731:char_judge,idiom:转危为安,char_judge,idiom:转危为安,转危为安,char_judge,lower,"{""display"": ""甲危为安""}"
idiom,L3,,「转危为安」的意思是？,小学教辅常见成语,成语;综合;小升初高频,小学成语培优全书·教辅常见,idiom-l3-1731:meaning_choice,idiom:转危为安,meaning_choice,idiom:转危为安,转危为安,meaning_choice,upper,"{""choices"": [""小学教辅常见成语"", ""蔺相如在渑池会上维护赵国尊严"", ""按道理就该这样"", ""很想马上试一试""]}"
idiom,L3,,小学教辅常见成语（四字）,转弯抹角,成语;综合;小升初高频,小学成语培优全书·教辅常见,idiom-l3-1732,idiom:转弯抹角,recite,idiom:转弯抹角,转弯抹角,recite,all,
idiom,L3,,下面的写法对不对？,错,成语;综合;小升初高频,小学成语培优全书·教辅常见,idiom-l3-1732:char_judge,idiom:转弯抹角,char_judge,idiom:转弯抹角,转弯抹角,char_judge,lower,"{""display"": ""转弯甲角""}"
idiom,L3,,「转弯抹角」的意思是？,小学教辅常见成语,成语;综合;小升初高频,小学成语培优全书·教辅常见,idiom-l3-1732:meaning_choice,idiom:转弯抹角,meaning_choice,idiom:转弯抹角,转弯抹角,meaning_choice,upper,"{""choices"": [""又刮风又下雨"", ""在困难时给人帮助"", ""小学教辅常见成语"", ""智谋很多""]}"
idiom,L3,,小学教辅常见成语（四字）,转眼之间,成语;综合;小升初高频,小学成语培优全书·教辅常见,idiom-l3-1733,idiom:转眼之间,recite,idiom:转眼之间,转眼之间,recite,all,
idiom,L3,,下面的写法对不对？,对,成语;综合;小升初高频,小学成语培优全书·教辅常见,idiom-l3-1733:char_judge,idiom:转眼之间,char_judge,idiom:转眼之间,转眼之间,char_judge,lower,"{""display"": ""转眼之间""}"
idiom,L3,,「转眼之间」的意思是？,小学教辅常见成语,成语;综合;小升初高频,小学成语培优全书·教辅常见,idiom-l3-1733:meaning_choice,idiom:转眼之间,meaning_choice,idiom:转眼之间,转眼之间,meaning_choice,upper,"{""choices"": [""吓得不知道该怎么办"", ""小学教辅常见成语"", ""颜色很多"", ""没有精神""]}"
idiom,L3,,小学教辅常见成语（四字）,转瞬即逝,成语;综合;小升初高频,小学成语培优全书·教辅常见,idiom-l3-1734,idiom:转瞬即逝,recite,idiom:转瞬即逝,转瞬即逝,recite,all,
idiom,L3,,下面的写法对不对？,错,成语;综合;小升初高频,小学成语培优全书·教辅常见,idiom-l3-1734:char_judge,idiom:转瞬即逝,char_judge,idiom:转瞬即逝,转瞬即逝,char_judge,lower,"{""display"": ""转甲即逝""}"
idiom,L3,,「转瞬即逝」的意思是？,小学教辅常见成语,成语;综合;小升初高频,小学成语培优全书·教辅常见,idiom-l3-1734:meaning_choice,idiom:转瞬即逝,meaning_choice,idiom:转瞬即逝,转瞬即逝,meaning_choice,upper,"{""choices"": [""吃或听得非常有兴趣"", ""占据高处，向下俯视"", ""本领很大，像能驾着云雾飞"", ""小学教辅常见成语""]}"
idiom,L3,,小学教辅常见成语（四字）,转败为胜,成语;综合;小升初高频,小学成语培优全书·教辅常见,idiom-l3-1735,idiom:转败为胜,recite,idiom:转败为胜,转败为胜,recite,all,
idiom,L3,,下面的写法对不对？,错,成语;综合;小升初高频,小学成语培优全书·教辅常见,idiom-l3-1735:char_judge,idiom:转败为胜,char_judge,idiom:转败为胜,转败为胜,char_judge,lower,"{""display"": ""甲败为胜""}"
idiom,L3,,「转败为胜」的意思是？,小学教辅常见成语,成语;综合;小升初高频,小学成语培优全书·教辅常见,idiom-l3-1735:meaning_choice,idiom:转败为胜,meaning_choice,idiom:转败为胜,转败为胜,meaning_choice,upper,"{""choices"": [""急于求成反而把事情弄坏"", ""与时间有关的成语"", ""与时间有关的成语"", ""小学教辅常见成语""]}"
idiom,L3,,小学教辅常见成语（四字）,软弱无能,成语;综合;小升初高频,小学成语培优全书·教辅常见,idiom-l3-1736,idiom:软弱无能,recite,idiom:软弱无能,软弱无能,recite,all,
idiom,L3,,下面的写法对不对？,错,成语;综合;小升初高频,小学成语培优全书·教辅常见,idiom-l3-1736:char_judge,idiom:软弱无能,char_judge,idiom:软弱无能,软弱无能,char_judge,lower,"{""display"": ""软弱天能""}"
idiom,L3,,「软弱无能」的意思是？,小学教辅常见成语,成语;综合;小升初高频,小学成语培优全书·教辅常见,idiom-l3-1736:meaning_choice,idiom:软弱无能,meaning_choice,idiom:软弱无能,软弱无能,meaning_choice,upper,"{""choices"": [""色彩繁多"", ""眼睛手都很快"", ""什么植物都长不出来"", ""小学教辅常见成语""]}"
idiom,L3,,小学教辅常见成语（四字）,轻而易举,成语;综合;小升初高频,小学成语培优全书·教辅常见,idiom-l3-1737,idiom:轻而易举,recite,idiom:轻而易举,轻而易举,recite,all,
idiom,L3,,下面的写法对不对？,对,成语;综合;小升初高频,小学成语培优全书·教辅常见,idiom-l3-1737:char_judge,idiom:轻而易举,char_judge,idiom:轻而易举,轻而易举,char_judge,lower,"{""display"": ""轻而易举""}"
idiom,L3,,「轻而易举」的意思是？,小学教辅常见成语,成语;综合;小升初高频,小学成语培优全书·教辅常见,idiom-l3-1737:meaning_choice,idiom:轻而易举,meaning_choice,idiom:轻而易举,轻而易举,meaning_choice,upper,"{""choices"": [""小学教辅常见成语"", ""年老体衰、行动不灵便"", ""万物重新生长"", ""情绪非常激动""]}"
idiom,L3,,小学教辅常见成语（四字）,轻重缓急,成语;综合;小升初高频,小学成语培优全书·教辅常见,idiom-l3-1738,idiom:轻重缓急,recite,idiom:轻重缓急,轻重缓急,recite,all,
idiom,L3,,下面的写法对不对？,错,成语;综合;小升初高频,小学成语培优全书·教辅常见,idiom-l3-1738:char_judge,idiom:轻重缓急,char_judge,idiom:轻重缓急,轻重缓急,char_judge,lower,"{""display"": ""甲重缓急""}"
idiom,L3,,「轻重缓急」的意思是？,小学教辅常见成语,成语;综合;小升初高频,小学成语培优全书·教辅常见,idiom-l3-1738:meaning_choice,idiom:轻重缓急,meaning_choice,idiom:轻重缓急,轻重缓急,meaning_choice,upper,"{""choices"": [""主动认错、请求责罚"", ""智谋很多"", ""到处是冰和雪"", ""小学教辅常见成语""]}"
idiom,L3,,小学教辅常见成语（四字）,载歌载舞,成语;综合;小升初高频,小学成语培优全书·教辅常见,idiom-l3-1739,idiom:载歌载舞,recite,idiom:载歌载舞,载歌载舞,recite,all,
idiom,L3,,下面的写法对不对？,对,成语;综合;小升初高频,小学成语培优全书·教辅常见,idiom-l3-1739:char_judge,idiom:载歌载舞,char_judge,idiom:载歌载舞,载歌载舞,char_judge,lower,"{""display"": ""载歌载舞""}"
idiom,L3,,「载歌载舞」的意思是？,小学教辅常见成语,成语;综合;小升初高频,小学成语培优全书·教辅常见,idiom-l3-1739:meaning_choice,idiom:载歌载舞,meaning_choice,idiom:载歌载舞,载歌载舞,meaning_choice,upper,"{""choices"": [""身材修长美丽"", ""小学教辅常见成语"", ""比谁更美丽出众"", ""到哪儿都能安下心来""]}"
idiom,L3,,小学教辅常见成语（四字）,过河拆桥,成语;综合;小升初高频,小学成语培优全书·教辅常见,idiom-l3-1740,idiom:过河拆桥,recite,idiom:过河拆桥,过河拆桥,recite,all,
idiom,L3,,下面的写法对不对？,对,成语;综合;小升初高频,小学成语培优全书·教辅常见,idiom-l3-1740:char_judge,idiom:过河拆桥,char_judge,idiom:过河拆桥,过河拆桥,char_judge,lower,"{""display"": ""过河拆桥""}"
idiom,L3,,「过河拆桥」的意思是？,小学教辅常见成语,成语;综合;小升初高频,小学成语培优全书·教辅常见,idiom-l3-1740:meaning_choice,idiom:过河拆桥,meaning_choice,idiom:过河拆桥,过河拆桥,meaning_choice,upper,"{""choices"": [""小学教辅常见成语"", ""人非常多"", ""丢在路上的东西也没人捡走"", ""到哪儿都能安下心来""]}"
idiom,L3,,小学教辅常见成语（四字）,迎刃而解,成语;综合;小升初高频,小学成语培优全书·教辅常见,idiom-l3-1741,idiom:迎刃而解,recite,idiom:迎刃而解,迎刃而解,recite,all,
idiom,L3,,下面的写法对不对？,对,成语;综合;小升初高频,小学成语培优全书·教辅常见,idiom-l3-1741:char_judge,idiom:迎刃而解,char_judge,idiom:迎刃而解,迎刃而解,char_judge,lower,"{""display"": ""迎刃而解""}"
idiom,L3,,「迎刃而解」的意思是？,小学教辅常见成语,成语;综合;小升初高频,小学成语培优全书·教辅常见,idiom-l3-1741:meaning_choice,idiom:迎刃而解,meaning_choice,idiom:迎刃而解,迎刃而解,meaning_choice,upper,"{""choices"": [""乱七八糟地摆着"", ""几句话就说完"", ""事故很多的时期"", ""小学教辅常见成语""]}"
idiom,L3,,小学教辅常见成语（四字）,迎难而上,成语;综合;小升初高频,小学成语培优全书·教辅常见,idiom-l3-1742,idiom:迎难而上,recite,idiom:迎难而上,迎难而上,recite,all,
idiom,L3,,下面的写法对不对？,错,成语;综合;小升初高频,小学成语培优全书·教辅常见,idiom-l3-1742:char_judge,idiom:迎难而上,char_judge,idiom:迎难而上,迎难而上,char_judge,lower,"{""display"": ""迎甲而上""}"
idiom,L3,,「迎难而上」的意思是？,小学教辅常见成语,成语;综合;小升初高频,小学成语培优全书·教辅常见,idiom-l3-1742:meaning_choice,idiom:迎难而上,meaning_choice,idiom:迎难而上,迎难而上,meaning_choice,upper,"{""choices"": [""像是天地特意安排的，非常合适"", ""知音难遇或乐曲高妙"", ""气势很大、规模很大"", ""小学教辅常见成语""]}"
idiom,L3,,小学教辅常见成语（四字）,运筹帷幄,成语;综合;小升初高频,小学成语培优全书·教辅常见,idiom-l3-1743,idiom:运筹帷幄,recite,idiom:运筹帷幄,运筹帷幄,recite,all,
idiom,L3,,下面的写法对不对？,错,成语;综合;小升初高频,小学成语培优全书·教辅常见,idiom-l3-1743:char_judge,idiom:运筹帷幄,char_judge,idiom:运筹帷幄,运筹帷幄,char_judge,lower,"{""display"": ""运筹帷甲""}"
idiom,L3,,「运筹帷幄」的意思是？,小学教辅常见成语,成语;综合;小升初高频,小学成语培优全书·教辅常见,idiom-l3-1743:meaning_choice,idiom:运筹帷幄,meaning_choice,idiom:运筹帷幄,运筹帷幄,meaning_choice,upper,"{""choices"": [""很得意、很有精神的样子"", ""色彩又多又好看"", ""小学教辅常见成语"", ""文雅有礼貌""]}"
idiom,L3,,小学教辅常见成语（四字）,返老还童,成语;综合;小升初高频,小学成语培优全书·教辅常见,idiom-l3-1744,idiom:返老还童,recite,idiom:返老还童,返老还童,recite,all,
idiom,L3,,下面的写法对不对？,对,成语;综合;小升初高频,小学成语培优全书·教辅常见,idiom-l3-1744:char_judge,idiom:返老还童,char_judge,idiom:返老还童,返老还童,char_judge,lower,"{""display"": ""返老还童""}"
idiom,L3,,「返老还童」的意思是？,小学教辅常见成语,成语;综合;小升初高频,小学成语培优全书·教辅常见,idiom-l3-1744:meaning_choice,idiom:返老还童,meaning_choice,idiom:返老还童,返老还童,meaning_choice,upper,"{""choices"": [""百姓生活在极端困苦中"", ""轻快地唱、柔美地舞"", ""小学教辅常见成语"", ""有很多话要说""]}"
idiom,L3,,小学教辅常见成语（四字）,进退两难,成语;综合;小升初高频,小学成语培优全书·教辅常见,idiom-l3-1745,idiom:进退两难,recite,idiom:进退两难,进退两难,recite,all,
idiom,L3,,下面的写法对不对？,错,成语;综合;小升初高频,小学成语培优全书·教辅常见,idiom-l3-1745:char_judge,idiom:进退两难,char_judge,idiom:进退两难,进退两难,char_judge,lower,"{""display"": ""进甲两难""}"
idiom,L3,,「进退两难」的意思是？,小学教辅常见成语,成语;综合;小升初高频,小学成语培优全书·教辅常见,idiom-l3-1745:meaning_choice,idiom:进退两难,meaning_choice,idiom:进退两难,进退两难,meaning_choice,upper,"{""choices"": [""小学教辅常见成语"", ""靠近山、靠近水"", ""乱七八糟地摆着"", ""样子各不相同""]}"
idiom,L3,,小学教辅常见成语（四字）,进退维谷,成语;综合;小升初高频,小学成语培优全书·教辅常见,idiom-l3-1746,idiom:进退维谷,recite,idiom:进退维谷,进退维谷,recite,all,
idiom,L3,,下面的写法对不对？,错,成语;综合;小升初高频,小学成语培优全书·教辅常见,idiom-l3-1746:char_judge,idiom:进退维谷,char_judge,idiom:进退维谷,进退维谷,char_judge,lower,"{""display"": ""进退维甲""}"
idiom,L3,,「进退维谷」的意思是？,小学教辅常见成语,成语;综合;小升初高频,小学成语培优全书·教辅常见,idiom-l3-1746:meaning_choice,idiom:进退维谷,meaning_choice,idiom:进退维谷,进退维谷,meaning_choice,upper,"{""choices"": [""高兴得快要发狂"", ""ABCC 结构的成语"", ""ABCC 结构的成语"", ""小学教辅常见成语""]}"
idiom,L3,,小学教辅常见成语（四字）,远见卓识,成语;综合;小升初高频,小学成语培优全书·教辅常见,idiom-l3-1747,idiom:远见卓识,recite,idiom:远见卓识,远见卓识,recite,all,
idiom,L3,,下面的写法对不对？,对,成语;综合;小升初高频,小学成语培优全书·教辅常见,idiom-l3-1747:char_judge,idiom:远见卓识,char_judge,idiom:远见卓识,远见卓识,char_judge,lower,"{""display"": ""远见卓识""}"
idiom,L3,,「远见卓识」的意思是？,小学教辅常见成语,成语;综合;小升初高频,小学成语培优全书·教辅常见,idiom-l3-1747:meaning_choice,idiom:远见卓识,meaning_choice,idiom:远见卓识,远见卓识,meaning_choice,upper,"{""choices"": [""到处是冰和雪"", ""小学教辅常见成语"", ""吃东西又猛又急"", ""充满活力""]}"
idiom,L3,,小学教辅常见成语（四字）,远走高飞,成语;综合;小升初高频,小学成语培优全书·教辅常见,idiom-l3-1748,idiom:远走高飞,recite,idiom:远走高飞,远走高飞,recite,all,
idiom,L3,,下面的写法对不对？,对,成语;综合;小升初高频,小学成语培优全书·教辅常见,idiom-l3-1748:char_judge,idiom:远走高飞,char_judge,idiom:远走高飞,远走高飞,char_judge,lower,"{""display"": ""远走高飞""}"
idiom,L3,,「远走高飞」的意思是？,小学教辅常见成语,成语;综合;小升初高频,小学成语培优全书·教辅常见,idiom-l3-1748:meaning_choice,idiom:远走高飞,meaning_choice,idiom:远走高飞,远走高飞,meaning_choice,upper,"{""choices"": [""小学教辅常见成语"", ""乱七八糟地摆着"", ""出自历史故事的成语"", ""出自历史故事的成语""]}"
idiom,L3,,小学教辅常见成语（四字）,远近皆知,成语;综合;小升初高频,小学成语培优全书·教辅常见,idiom-l3-1749,idiom:远近皆知,recite,idiom:远近皆知,远近皆知,recite,all,
idiom,L3,,下面的写法对不对？,错,成语;综合;小升初高频,小学成语培优全书·教辅常见,idiom-l3-1749:char_judge,idiom:远近皆知,char_judge,idiom:远近皆知,远近皆知,char_judge,lower,"{""display"": ""远近皆甲""}"
idiom,L3,,「远近皆知」的意思是？,小学教辅常见成语,成语;综合;小升初高频,小学成语培优全书·教辅常见,idiom-l3-1749:meaning_choice,idiom:远近皆知,meaning_choice,idiom:远近皆知,远近皆知,meaning_choice,upper,"{""choices"": [""计谋非常高明"", ""风很轻、雨很细"", ""出了问题赶紧补救还来得及"", ""小学教辅常见成语""]}"
idiom,L3,,小学教辅常见成语（四字）,远近闻名,成语;综合;小升初高频,小学成语培优全书·教辅常见,idiom-l3-1750,idiom:远近闻名,recite,idiom:远近闻名,远近闻名,recite,all,
idiom,L3,,下面的写法对不对？,错,成语;综合;小升初高频,小学成语培优全书·教辅常见,idiom-l3-1750:char_judge,idiom:远近闻名,char_judge,idiom:远近闻名,远近闻名,char_judge,lower,"{""display"": ""远近甲名""}"
idiom,L3,,「远近闻名」的意思是？,小学教辅常见成语,成语;综合;小升初高频,小学成语培优全书·教辅常见,idiom-l3-1750:meaning_choice,idiom:远近闻名,meaning_choice,idiom:远近闻名,远近闻名,meaning_choice,upper,"{""choices"": [""刻苦学习，不敢打瞌睡"", ""累得一点力气也没有"", ""吓得不知道该怎么办"", ""小学教辅常见成语""]}"
idiom,L3,,小学教辅常见成语（四字）,违法乱纪,成语;综合;小升初高频,小学成语培优全书·教辅常见,idiom-l3-1751,idiom:违法乱纪,recite,idiom:违法乱纪,违法乱纪,recite,all,
idiom,L3,,下面的写法对不对？,对,成语;综合;小升初高频,小学成语培优全书·教辅常见,idiom-l3-1751:char_judge,idiom:违法乱纪,char_judge,idiom:违法乱纪,违法乱纪,char_judge,lower,"{""display"": ""违法乱纪""}"
idiom,L3,,「违法乱纪」的意思是？,小学教辅常见成语,成语;综合;小升初高频,小学成语培优全书·教辅常见,idiom-l3-1751:meaning_choice,idiom:违法乱纪,meaning_choice,idiom:违法乱纪,违法乱纪,meaning_choice,upper,"{""choices"": [""精简机构、减少人员"", ""经历过很多艰苦"", ""小学教辅常见成语"", ""抬起头、挺起胸，很有精神""]}"
idiom,L3,,小学教辅常见成语（四字）,连绵不断,成语;综合;小升初高频,小学成语培优全书·教辅常见,idiom-l3-1752,idiom:连绵不断,recite,idiom:连绵不断,连绵不断,recite,all,
idiom,L3,,下面的写法对不对？,对,成语;综合;小升初高频,小学成语培优全书·教辅常见,idiom-l3-1752:char_judge,idiom:连绵不断,char_judge,idiom:连绵不断,连绵不断,char_judge,lower,"{""display"": ""连绵不断""}"
idiom,L3,,「连绵不断」的意思是？,小学教辅常见成语,成语;综合;小升初高频,小学成语培优全书·教辅常见,idiom-l3-1752:meaning_choice,idiom:连绵不断,meaning_choice,idiom:连绵不断,连绵不断,meaning_choice,upper,"{""choices"": [""脸色温和愉快"", ""有很多话要说"", ""用萤火虫的光夜里读书"", ""小学教辅常见成语""]}"
idiom,L3,,小学教辅常见成语（四字）,连绵起伏,成语;综合;小升初高频,小学成语培优全书·教辅常见,idiom-l3-1753,idiom:连绵起伏,recite,idiom:连绵起伏,连绵起伏,recite,all,
idiom,L3,,下面的写法对不对？,对,成语;综合;小升初高频,小学成语培优全书·教辅常见,idiom-l3-1753:char_judge,idiom:连绵起伏,char_judge,idiom:连绵起伏,连绵起伏,char_judge,lower,"{""display"": ""连绵起伏""}"
idiom,L3,,「连绵起伏」的意思是？,小学教辅常见成语,成语;综合;小升初高频,小学成语培优全书·教辅常见,idiom-l3-1753:meaning_choice,idiom:连绵起伏,meaning_choice,idiom:连绵起伏,连绵起伏,meaning_choice,upper,"{""choices"": [""非常吃惊"", ""小学教辅常见成语"", ""知音难遇或乐曲高妙"", ""说得很动听讨人喜欢""]}"
idiom,L3,,小学教辅常见成语（四字）,迷途知返,成语;综合;小升初高频,小学成语培优全书·教辅常见,idiom-l3-1755,idiom:迷途知返,recite,idiom:迷途知返,迷途知返,recite,all,
idiom,L3,,下面的写法对不对？,错,成语;综合;小升初高频,小学成语培优全书·教辅常见,idiom-l3-1755:char_judge,idiom:迷途知返,char_judge,idiom:迷途知返,迷途知返,char_judge,lower,"{""display"": ""迷甲知返""}"
idiom,L3,,「迷途知返」的意思是？,小学教辅常见成语,成语;综合;小升初高频,小学成语培优全书·教辅常见,idiom-l3-1755:meaning_choice,idiom:迷途知返,meaning_choice,idiom:迷途知返,迷途知返,meaning_choice,upper,"{""choices"": [""不清楚、弄不明白"", ""抬起头、挺起胸，很有精神"", ""小学教辅常见成语"", ""心里早有了主意""]}"
idiom,L3,,小学教辅常见成语（四字）,追根究底,成语;综合;小升初高频,小学成语培优全书·教辅常见,idiom-l3-1756,idiom:追根究底,recite,idiom:追根究底,追根究底,recite,all,
idiom,L3,,下面的写法对不对？,错,成语;综合;小升初高频,小学成语培优全书·教辅常见,idiom-l3-1756:char_judge,idiom:追根究底,char_judge,idiom:追根究底,追根究底,char_judge,lower,"{""display"": ""追根甲底""}"
idiom,L3,,「追根究底」的意思是？,小学教辅常见成语,成语;综合;小升初高频,小学成语培优全书·教辅常见,idiom-l3-1756:meaning_choice,idiom:追根究底,meaning_choice,idiom:追根究底,追根究底,meaning_choice,upper,"{""choices"": [""小学教辅常见成语"", ""自以为了不起的样子"", ""描写品质的成语"", ""描写品质的成语""]}"
idiom,L3,,小学教辅常见成语（四字）,适得其反,成语;综合;小升初高频,小学成语培优全书·教辅常见,idiom-l3-1757,idiom:适得其反,recite,idiom:适得其反,适得其反,recite,all,
idiom,L3,,下面的写法对不对？,对,成语;综合;小升初高频,小学成语培优全书·教辅常见,idiom-l3-1757:char_judge,idiom:适得其反,char_judge,idiom:适得其反,适得其反,char_judge,lower,"{""display"": ""适得其反""}"
idiom,L3,,「适得其反」的意思是？,小学教辅常见成语,成语;综合;小升初高频,小学成语培优全书·教辅常见,idiom-l3-1757:meaning_choice,idiom:适得其反,meaning_choice,idiom:适得其反,适得其反,meaning_choice,upper,"{""choices"": [""小学教辅常见成语"", ""描写心情的成语"", ""描写心情的成语"", ""描写心情的成语""]}"
idiom,L3,,小学教辅常见成语（四字）,逆来顺受,成语;综合;小升初高频,小学成语培优全书·教辅常见,idiom-l3-1758,idiom:逆来顺受,recite,idiom:逆来顺受,逆来顺受,recite,all,
idiom,L3,,下面的写法对不对？,对,成语;综合;小升初高频,小学成语培优全书·教辅常见,idiom-l3-1758:char_judge,idiom:逆来顺受,char_judge,idiom:逆来顺受,逆来顺受,char_judge,lower,"{""display"": ""逆来顺受""}"
idiom,L3,,「逆来顺受」的意思是？,小学教辅常见成语,成语;综合;小升初高频,小学成语培优全书·教辅常见,idiom-l3-1758:meaning_choice,idiom:逆来顺受,meaning_choice,idiom:逆来顺受,逆来顺受,meaning_choice,upper,"{""choices"": [""嘴里很干"", ""疑神疑鬼，自己吓自己"", ""得到帮助后更强"", ""小学教辅常见成语""]}"
idiom,L3,,小学教辅常见成语（四字）,逍遥法外,成语;综合;小升初高频,小学成语培优全书·教辅常见,idiom-l3-1759,idiom:逍遥法外,recite,idiom:逍遥法外,逍遥法外,recite,all,
idiom,L3,,下面的写法对不对？,对,成语;综合;小升初高频,小学成语培优全书·教辅常见,idiom-l3-1759:char_judge,idiom:逍遥法外,char_judge,idiom:逍遥法外,逍遥法外,char_judge,lower,"{""display"": ""逍遥法外""}"
idiom,L3,,「逍遥法外」的意思是？,小学教辅常见成语,成语;综合;小升初高频,小学成语培优全书·教辅常见,idiom-l3-1759:meaning_choice,idiom:逍遥法外,meaning_choice,idiom:逍遥法外,逍遥法外,meaning_choice,upper,"{""choices"": [""死得有意义、有价值"", ""小学教辅常见成语"", ""颜色又多又好看"", ""无家可归，四处流浪""]}"
idiom,L3,,小学教辅常见成语（四字）,速战速决,成语;综合;小升初高频,小学成语培优全书·教辅常见,idiom-l3-1760,idiom:速战速决,recite,idiom:速战速决,速战速决,recite,all,
idiom,L3,,下面的写法对不对？,错,成语;综合;小升初高频,小学成语培优全书·教辅常见,idiom-l3-1760:char_judge,idiom:速战速决,char_judge,idiom:速战速决,速战速决,char_judge,lower,"{""display"": ""速战速甲""}"
idiom,L3,,「速战速决」的意思是？,小学教辅常见成语,成语;综合;小升初高频,小学成语培优全书·教辅常见,idiom-l3-1760:meaning_choice,idiom:速战速决,meaning_choice,idiom:速战速决,速战速决,meaning_choice,upper,"{""choices"": [""正宗高雅的音乐"", ""小学教辅常见成语"", ""费尽心思谋划（多含贬义）"", ""身体粉碎，也指不惜牺牲""]}"
idiom,L3,,小学教辅常见成语（四字）,造谣生事,成语;综合;小升初高频,小学成语培优全书·教辅常见,idiom-l3-1761,idiom:造谣生事,recite,idiom:造谣生事,造谣生事,recite,all,
idiom,L3,,下面的写法对不对？,错,成语;综合;小升初高频,小学成语培优全书·教辅常见,idiom-l3-1761:char_judge,idiom:造谣生事,char_judge,idiom:造谣生事,造谣生事,char_judge,lower,"{""display"": ""造甲生事""}"
idiom,L3,,「造谣生事」的意思是？,小学教辅常见成语,成语;综合;小升初高频,小学成语培优全书·教辅常见,idiom-l3-1761:meaning_choice,idiom:造谣生事,meaning_choice,idiom:造谣生事,造谣生事,meaning_choice,upper,"{""choices"": [""小学教辅常见成语"", ""自己跟自己说话"", ""战争造成的混乱"", ""全国各地，四面八方""]}"
idiom,L3,,小学教辅常见成语（四字）,逢场作戏,成语;综合;小升初高频,小学成语培优全书·教辅常见,idiom-l3-1762,idiom:逢场作戏,recite,idiom:逢场作戏,逢场作戏,recite,all,
idiom,L3,,下面的写法对不对？,错,成语;综合;小升初高频,小学成语培优全书·教辅常见,idiom-l3-1762:char_judge,idiom:逢场作戏,char_judge,idiom:逢场作戏,逢场作戏,char_judge,lower,"{""display"": ""逢场作甲""}"
idiom,L3,,「逢场作戏」的意思是？,小学教辅常见成语,成语;综合;小升初高频,小学成语培优全书·教辅常见,idiom-l3-1762:meaning_choice,idiom:逢场作戏,meaning_choice,idiom:逢场作戏,逢场作戏,meaning_choice,upper,"{""choices"": [""小学教辅常见成语"", ""AABB 结构的成语"", ""AABB 结构的成语"", ""AABB 结构的成语""]}"
idiom,L3,,小学教辅常见成语（四字）,遮天蔽日,成语;综合;小升初高频,小学成语培优全书·教辅常见,idiom-l3-1763,idiom:遮天蔽日,recite,idiom:遮天蔽日,遮天蔽日,recite,all,
idiom,L3,,下面的写法对不对？,对,成语;综合;小升初高频,小学成语培优全书·教辅常见,idiom-l3-1763:char_judge,idiom:遮天蔽日,char_judge,idiom:遮天蔽日,遮天蔽日,char_judge,lower,"{""display"": ""遮天蔽日""}"
idiom,L3,,「遮天蔽日」的意思是？,小学教辅常见成语,成语;综合;小升初高频,小学成语培优全书·教辅常见,idiom-l3-1763:meaning_choice,idiom:遮天蔽日,meaning_choice,idiom:遮天蔽日,遮天蔽日,meaning_choice,upper,"{""choices"": [""五官清秀好看"", ""形象生动得像活的一样"", ""没有尽头"", ""小学教辅常见成语""]}"
idiom,L3,,小学教辅常见成语（四字）,遵纪守法,成语;综合;小升初高频,小学成语培优全书·教辅常见,idiom-l3-1764,idiom:遵纪守法,recite,idiom:遵纪守法,遵纪守法,recite,all,
idiom,L3,,下面的写法对不对？,对,成语;综合;小升初高频,小学成语培优全书·教辅常见,idiom-l3-1764:char_judge,idiom:遵纪守法,char_judge,idiom:遵纪守法,遵纪守法,char_judge,lower,"{""display"": ""遵纪守法""}"
idiom,L3,,「遵纪守法」的意思是？,小学教辅常见成语,成语;综合;小升初高频,小学成语培优全书·教辅常见,idiom-l3-1764:meaning_choice,idiom:遵纪守法,meaning_choice,idiom:遵纪守法,遵纪守法,meaning_choice,upper,"{""choices"": [""天空高远，云很淡"", ""小学教辅常见成语"", ""急得不能再等"", ""自然界最美的声音""]}"
idiom,L3,,小学教辅常见成语（四字）,郑人买履,成语;综合;小升初高频,小学成语培优全书·教辅常见,idiom-l3-1765,idiom:郑人买履,recite,idiom:郑人买履,郑人买履,recite,all,
idiom,L3,,下面的写法对不对？,对,成语;综合;小升初高频,小学成语培优全书·教辅常见,idiom-l3-1765:char_judge,idiom:郑人买履,char_judge,idiom:郑人买履,郑人买履,char_judge,lower,"{""display"": ""郑人买履""}"
idiom,L3,,「郑人买履」的意思是？,小学教辅常见成语,成语;综合;小升初高频,小学成语培优全书·教辅常见,idiom-l3-1765:meaning_choice,idiom:郑人买履,meaning_choice,idiom:郑人买履,郑人买履,meaning_choice,upper,"{""choices"": [""文雅有礼貌"", ""非常安静"", ""小学教辅常见成语"", ""风景优美""]}"
idiom,L3,,小学教辅常见成语（四字）,郑重其事,成语;综合;小升初高频,小学成语培优全书·教辅常见,idiom-l3-1766,idiom:郑重其事,recite,idiom:郑重其事,郑重其事,recite,all,
idiom,L3,,下面的写法对不对？,错,成语;综合;小升初高频,小学成语培优全书·教辅常见,idiom-l3-1766:char_judge,idiom:郑重其事,char_judge,idiom:郑重其事,郑重其事,char_judge,lower,"{""display"": ""郑重其甲""}"
idiom,L3,,「郑重其事」的意思是？,小学教辅常见成语,成语;综合;小升初高频,小学成语培优全书·教辅常见,idiom-l3-1766:meaning_choice,idiom:郑重其事,meaning_choice,idiom:郑重其事,郑重其事,meaning_choice,upper,"{""choices"": [""举止文雅"", ""山塌地裂，声势极大"", ""气势很大、规模很大"", ""小学教辅常见成语""]}"
idiom,L3,,小学教辅常见成语（四字）,酒囊饭袋,成语;综合;小升初高频,小学成语培优全书·教辅常见,idiom-l3-1767,idiom:酒囊饭袋,recite,idiom:酒囊饭袋,酒囊饭袋,recite,all,
idiom,L3,,下面的写法对不对？,错,成语;综合;小升初高频,小学成语培优全书·教辅常见,idiom-l3-1767:char_judge,idiom:酒囊饭袋,char_judge,idiom:酒囊饭袋,酒囊饭袋,char_judge,lower,"{""display"": ""酒囊饭甲""}"
idiom,L3,,「酒囊饭袋」的意思是？,小学教辅常见成语,成语;综合;小升初高频,小学成语培优全书·教辅常见,idiom-l3-1767:meaning_choice,idiom:酒囊饭袋,meaning_choice,idiom:酒囊饭袋,酒囊饭袋,meaning_choice,upper,"{""choices"": [""丢在路上的东西也没人捡走"", ""事情还没发生就知道"", ""本领很大，像能驾着云雾飞"", ""小学教辅常见成语""]}"
idiom,L3,,小学教辅常见成语（四字）,酸甜苦辣,成语;综合;小升初高频,小学成语培优全书·教辅常见,idiom-l3-1768,idiom:酸甜苦辣,recite,idiom:酸甜苦辣,酸甜苦辣,recite,all,
idiom,L3,,下面的写法对不对？,错,成语;综合;小升初高频,小学成语培优全书·教辅常见,idiom-l3-1768:char_judge,idiom:酸甜苦辣,char_judge,idiom:酸甜苦辣,酸甜苦辣,char_judge,lower,"{""display"": ""酸甜甲辣""}"
idiom,L3,,「酸甜苦辣」的意思是？,小学教辅常见成语,成语;综合;小升初高频,小学成语培优全书·教辅常见,idiom-l3-1768:meaning_choice,idiom:酸甜苦辣,meaning_choice,idiom:酸甜苦辣,酸甜苦辣,meaning_choice,upper,"{""choices"": [""小学教辅常见成语"", ""没有真本事却混在里面"", ""轻快地唱、柔美地舞"", ""没想到的好事让人高兴""]}"
idiom,L3,,小学教辅常见成语（四字）,醉生梦死,成语;综合;小升初高频,小学成语培优全书·教辅常见,idiom-l3-1769,idiom:醉生梦死,recite,idiom:醉生梦死,醉生梦死,recite,all,
idiom,L3,,下面的写法对不对？,对,成语;综合;小升初高频,小学成语培优全书·教辅常见,idiom-l3-1769:char_judge,idiom:醉生梦死,char_judge,idiom:醉生梦死,醉生梦死,char_judge,lower,"{""display"": ""醉生梦死""}"
idiom,L3,,「醉生梦死」的意思是？,小学教辅常见成语,成语;综合;小升初高频,小学成语培优全书·教辅常见,idiom-l3-1769:meaning_choice,idiom:醉生梦死,meaning_choice,idiom:醉生梦死,醉生梦死,meaning_choice,upper,"{""choices"": [""天空一片晴朗"", ""舍不得离开"", ""描摹得十分逼真"", ""小学教辅常见成语""]}"
idiom,L3,,小学教辅常见成语（四字）,重整旗鼓,成语;综合;小升初高频,小学成语培优全书·教辅常见,idiom-l3-1770,idiom:重整旗鼓,recite,idiom:重整旗鼓,重整旗鼓,recite,all,
idiom,L3,,下面的写法对不对？,对,成语;综合;小升初高频,小学成语培优全书·教辅常见,idiom-l3-1770:char_judge,idiom:重整旗鼓,char_judge,idiom:重整旗鼓,重整旗鼓,char_judge,lower,"{""display"": ""重整旗鼓""}"
idiom,L3,,「重整旗鼓」的意思是？,小学教辅常见成语,成语;综合;小升初高频,小学成语培优全书·教辅常见,idiom-l3-1770:meaning_choice,idiom:重整旗鼓,meaning_choice,idiom:重整旗鼓,重整旗鼓,meaning_choice,upper,"{""choices"": [""想出和别人不一样的办法"", ""出自寓言故事的成语"", ""天地非常广阔"", ""小学教辅常见成语""]}"
idiom,L3,,小学教辅常见成语（四字）,重点突出,成语;综合;小升初高频,小学成语培优全书·教辅常见,idiom-l3-1771,idiom:重点突出,recite,idiom:重点突出,重点突出,recite,all,
idiom,L3,,下面的写法对不对？,对,成语;综合;小升初高频,小学成语培优全书·教辅常见,idiom-l3-1771:char_judge,idiom:重点突出,char_judge,idiom:重点突出,重点突出,char_judge,lower,"{""display"": ""重点突出""}"
idiom,L3,,「重点突出」的意思是？,小学教辅常见成语,成语;综合;小升初高频,小学成语培优全书·教辅常见,idiom-l3-1771:meaning_choice,idiom:重点突出,meaning_choice,idiom:重点突出,重点突出,meaning_choice,upper,"{""choices"": [""小学教辅常见成语"", ""描写外貌的成语"", ""高兴得快要发狂"", ""失去信心，情绪低落""]}"
idiom,L3,,小学教辅常见成语（四字）,重见天日,成语;综合;小升初高频,小学成语培优全书·教辅常见,idiom-l3-1772,idiom:重见天日,recite,idiom:重见天日,重见天日,recite,all,
idiom,L3,,下面的写法对不对？,对,成语;综合;小升初高频,小学成语培优全书·教辅常见,idiom-l3-1772:char_judge,idiom:重见天日,char_judge,idiom:重见天日,重见天日,char_judge,lower,"{""display"": ""重见天日""}"
idiom,L3,,「重见天日」的意思是？,小学教辅常见成语,成语;综合;小升初高频,小学成语培优全书·教辅常见,idiom-l3-1772:meaning_choice,idiom:重见天日,meaning_choice,idiom:重见天日,重见天日,meaning_choice,upper,"{""choices"": [""小学教辅常见成语"", ""云雾散开，眼前明亮"", ""急于求成反而把事情弄坏"", ""字写得有气势""]}"
idiom,L3,,小学教辅常见成语（四字）,重蹈覆辙,成语;综合;小升初高频,小学成语培优全书·教辅常见,idiom-l3-1773,idiom:重蹈覆辙,recite,idiom:重蹈覆辙,重蹈覆辙,recite,all,
idiom,L3,,下面的写法对不对？,错,成语;综合;小升初高频,小学成语培优全书·教辅常见,idiom-l3-1773:char_judge,idiom:重蹈覆辙,char_judge,idiom:重蹈覆辙,重蹈覆辙,char_judge,lower,"{""display"": ""重蹈覆甲""}"
idiom,L3,,「重蹈覆辙」的意思是？,小学教辅常见成语,成语;综合;小升初高频,小学成语培优全书·教辅常见,idiom-l3-1773:meaning_choice,idiom:重蹈覆辙,meaning_choice,idiom:重蹈覆辙,重蹈覆辙,meaning_choice,upper,"{""choices"": [""又刮风又下雨"", ""模仿别人反而把自己的本事忘了"", ""笑得直不起腰"", ""小学教辅常见成语""]}"
idiom,L3,,小学教辅常见成语（四字）,量力而行,成语;综合;小升初高频,小学成语培优全书·教辅常见,idiom-l3-1774,idiom:量力而行,recite,idiom:量力而行,量力而行,recite,all,
idiom,L3,,下面的写法对不对？,错,成语;综合;小升初高频,小学成语培优全书·教辅常见,idiom-l3-1774:char_judge,idiom:量力而行,char_judge,idiom:量力而行,量力而行,char_judge,lower,"{""display"": ""甲力而行""}"
idiom,L3,,「量力而行」的意思是？,小学教辅常见成语,成语;综合;小升初高频,小学成语培优全书·教辅常见,idiom-l3-1774:meaning_choice,idiom:量力而行,meaning_choice,idiom:量力而行,量力而行,meaning_choice,upper,"{""choices"": [""形容艺术水平的成语"", ""形容艺术水平的成语"", ""小学教辅常见成语"", ""声音大得耳朵都要聋了""]}"
idiom,L3,,小学教辅常见成语（四字）,金榜题名,成语;综合;小升初高频,小学成语培优全书·教辅常见,idiom-l3-1775,idiom:金榜题名,recite,idiom:金榜题名,金榜题名,recite,all,
idiom,L3,,下面的写法对不对？,错,成语;综合;小升初高频,小学成语培优全书·教辅常见,idiom-l3-1775:char_judge,idiom:金榜题名,char_judge,idiom:金榜题名,金榜题名,char_judge,lower,"{""display"": ""甲榜题名""}"
idiom,L3,,「金榜题名」的意思是？,小学教辅常见成语,成语;综合;小升初高频,小学成语培优全书·教辅常见,idiom-l3-1775:meaning_choice,idiom:金榜题名,meaning_choice,idiom:金榜题名,金榜题名,meaning_choice,upper,"{""choices"": [""很少的几句话"", ""高兴得快要发狂"", ""气魄很大的话"", ""小学教辅常见成语""]}"
idiom,L3,,小学教辅常见成语（四字）,金石为开,成语;综合;小升初高频,小学成语培优全书·教辅常见,idiom-l3-1776,idiom:金石为开,recite,idiom:金石为开,金石为开,recite,all,
idiom,L3,,下面的写法对不对？,错,成语;综合;小升初高频,小学成语培优全书·教辅常见,idiom-l3-1776:char_judge,idiom:金石为开,char_judge,idiom:金石为开,金石为开,char_judge,lower,"{""display"": ""金甲为开""}"
idiom,L3,,「金石为开」的意思是？,小学教辅常见成语,成语;综合;小升初高频,小学成语培优全书·教辅常见,idiom-l3-1776:meaning_choice,idiom:金石为开,meaning_choice,idiom:金石为开,金石为开,meaning_choice,upper,"{""choices"": [""小学教辅常见成语"", ""大得看不到边"", ""眼界很小"", ""经历过很多艰苦""]}"
idiom,L3,,小学教辅常见成语（四字）,金碧辉煌,成语;综合;小升初高频,小学成语培优全书·教辅常见,idiom-l3-1777,idiom:金碧辉煌,recite,idiom:金碧辉煌,金碧辉煌,recite,all,
idiom,L3,,下面的写法对不对？,对,成语;综合;小升初高频,小学成语培优全书·教辅常见,idiom-l3-1777:char_judge,idiom:金碧辉煌,char_judge,idiom:金碧辉煌,金碧辉煌,char_judge,lower,"{""display"": ""金碧辉煌""}"
idiom,L3,,「金碧辉煌」的意思是？,小学教辅常见成语,成语;综合;小升初高频,小学成语培优全书·教辅常见,idiom-l3-1777:meaning_choice,idiom:金碧辉煌,meaning_choice,idiom:金碧辉煌,金碧辉煌,meaning_choice,upper,"{""choices"": [""微风轻轻吹"", ""生活在优裕的环境里"", ""小学教辅常见成语"", ""颜色很多""]}"
idiom,L3,,小学教辅常见成语（四字）,针锋相对,成语;综合;小升初高频,小学成语培优全书·教辅常见,idiom-l3-1778,idiom:针锋相对,recite,idiom:针锋相对,针锋相对,recite,all,
idiom,L3,,下面的写法对不对？,错,成语;综合;小升初高频,小学成语培优全书·教辅常见,idiom-l3-1778:char_judge,idiom:针锋相对,char_judge,idiom:针锋相对,针锋相对,char_judge,lower,"{""display"": ""甲锋相对""}"
idiom,L3,,「针锋相对」的意思是？,小学教辅常见成语,成语;综合;小升初高频,小学成语培优全书·教辅常见,idiom-l3-1778:meaning_choice,idiom:针锋相对,meaning_choice,idiom:针锋相对,针锋相对,meaning_choice,upper,"{""choices"": [""没想到的好事让人高兴"", ""做事非常顺手"", ""小学教辅常见成语"", ""拘束、心里不踏实""]}"
idiom,L3,,小学教辅常见成语（四字）,钦差大臣,成语;综合;小升初高频,小学成语培优全书·教辅常见,idiom-l3-1779,idiom:钦差大臣,recite,idiom:钦差大臣,钦差大臣,recite,all,
idiom,L3,,下面的写法对不对？,错,成语;综合;小升初高频,小学成语培优全书·教辅常见,idiom-l3-1779:char_judge,idiom:钦差大臣,char_judge,idiom:钦差大臣,钦差大臣,char_judge,lower,"{""display"": ""钦差大甲""}"
idiom,L3,,「钦差大臣」的意思是？,小学教辅常见成语,成语;综合;小升初高频,小学成语培优全书·教辅常见,idiom-l3-1779:meaning_choice,idiom:钦差大臣,meaning_choice,idiom:钦差大臣,钦差大臣,meaning_choice,upper,"{""choices"": [""小学教辅常见成语"", ""天地非常广阔"", ""大体很好，还有一点缺憾"", ""描摹得十分逼真""]}"
idiom,L3,,小学教辅常见成语（四字）,银装素裹,成语;综合;小升初高频,小学成语培优全书·教辅常见,idiom-l3-1781,idiom:银装素裹,recite,idiom:银装素裹,银装素裹,recite,all,
idiom,L3,,下面的写法对不对？,对,成语;综合;小升初高频,小学成语培优全书·教辅常见,idiom-l3-1781:char_judge,idiom:银装素裹,char_judge,idiom:银装素裹,银装素裹,char_judge,lower,"{""display"": ""银装素裹""}"
idiom,L3,,「银装素裹」的意思是？,小学教辅常见成语,成语;综合;小升初高频,小学成语培优全书·教辅常见,idiom-l3-1781:meaning_choice,idiom:银装素裹,meaning_choice,idiom:银装素裹,银装素裹,meaning_choice,upper,"{""choices"": [""举止文雅"", ""小学教辅常见成语"", ""急得不能再等"", ""颜色又多又好看""]}"
idiom,L3,,小学教辅常见成语（四字）,铺天盖地,成语;综合;小升初高频,小学成语培优全书·教辅常见,idiom-l3-1782,idiom:铺天盖地,recite,idiom:铺天盖地,铺天盖地,recite,all,
idiom,L3,,下面的写法对不对？,错,成语;综合;小升初高频,小学成语培优全书·教辅常见,idiom-l3-1782:char_judge,idiom:铺天盖地,char_judge,idiom:铺天盖地,铺天盖地,char_judge,lower,"{""display"": ""铺天盖第""}"
idiom,L3,,「铺天盖地」的意思是？,小学教辅常见成语,成语;综合;小升初高频,小学成语培优全书·教辅常见,idiom-l3-1782:meaning_choice,idiom:铺天盖地,meaning_choice,idiom:铺天盖地,铺天盖地,meaning_choice,upper,"{""choices"": [""恭敬地向老师求教"", ""桂花香气飘散"", ""没有烦恼"", ""小学教辅常见成语""]}"
idiom,L3,,小学教辅常见成语（四字）,铺张浪费,成语;综合;小升初高频,小学成语培优全书·教辅常见,idiom-l3-1783,idiom:铺张浪费,recite,idiom:铺张浪费,铺张浪费,recite,all,
idiom,L3,,下面的写法对不对？,对,成语;综合;小升初高频,小学成语培优全书·教辅常见,idiom-l3-1783:char_judge,idiom:铺张浪费,char_judge,idiom:铺张浪费,铺张浪费,char_judge,lower,"{""display"": ""铺张浪费""}"
idiom,L3,,「铺张浪费」的意思是？,小学教辅常见成语,成语;综合;小升初高频,小学成语培优全书·教辅常见,idiom-l3-1783:meaning_choice,idiom:铺张浪费,meaning_choice,idiom:铺张浪费,铺张浪费,meaning_choice,upper,"{""choices"": [""小学教辅常见成语"", ""到处都可以当作家"", ""没有真本事却混在里面"", ""笑得直不起腰""]}"
idiom,L3,,小学教辅常见成语（四字）,销声匿迹,成语;综合;小升初高频,小学成语培优全书·教辅常见,idiom-l3-1784,idiom:销声匿迹,recite,idiom:销声匿迹,销声匿迹,recite,all,
idiom,L3,,下面的写法对不对？,错,成语;综合;小升初高频,小学成语培优全书·教辅常见,idiom-l3-1784:char_judge,idiom:销声匿迹,char_judge,idiom:销声匿迹,销声匿迹,char_judge,lower,"{""display"": ""销声匿甲""}"
idiom,L3,,「销声匿迹」的意思是？,小学教辅常见成语,成语;综合;小升初高频,小学成语培优全书·教辅常见,idiom-l3-1784:meaning_choice,idiom:销声匿迹,meaning_choice,idiom:销声匿迹,销声匿迹,meaning_choice,upper,"{""choices"": [""又刮风又下雨"", ""小学教辅常见成语"", ""特别容易被人看见"", ""轻快地唱、柔美地舞""]}"
idiom,L3,,小学教辅常见成语（四字）,锋芒毕露,成语;综合;小升初高频,小学成语培优全书·教辅常见,idiom-l3-1785,idiom:锋芒毕露,recite,idiom:锋芒毕露,锋芒毕露,recite,all,
idiom,L3,,下面的写法对不对？,对,成语;综合;小升初高频,小学成语培优全书·教辅常见,idiom-l3-1785:char_judge,idiom:锋芒毕露,char_judge,idiom:锋芒毕露,锋芒毕露,char_judge,lower,"{""display"": ""锋芒毕露""}"
idiom,L3,,「锋芒毕露」的意思是？,小学教辅常见成语,成语;综合;小升初高频,小学成语培优全书·教辅常见,idiom-l3-1785:meaning_choice,idiom:锋芒毕露,meaning_choice,idiom:锋芒毕露,锋芒毕露,meaning_choice,upper,"{""choices"": [""又刮风又下雨"", ""特别容易被人看见"", ""精神完全集中"", ""小学教辅常见成语""]}"
idiom,L3,,小学教辅常见成语（四字）,错综复杂,成语;综合;小升初高频,小学成语培优全书·教辅常见,idiom-l3-1786,idiom:错综复杂,recite,idiom:错综复杂,错综复杂,recite,all,
idiom,L3,,下面的写法对不对？,对,成语;综合;小升初高频,小学成语培优全书·教辅常见,idiom-l3-1786:char_judge,idiom:错综复杂,char_judge,idiom:错综复杂,错综复杂,char_judge,lower,"{""display"": ""错综复杂""}"
idiom,L3,,「错综复杂」的意思是？,小学教辅常见成语,成语;综合;小升初高频,小学成语培优全书·教辅常见,idiom-l3-1786:meaning_choice,idiom:错综复杂,meaning_choice,idiom:错综复杂,错综复杂,meaning_choice,upper,"{""choices"": [""天空高远，云很淡"", ""从细小处看出大趋势"", ""小学教辅常见成语"", ""非常安静""]}"
idiom,L3,,小学教辅常见成语（四字）,锣鼓喧天,成语;综合;小升初高频,小学成语培优全书·教辅常见,idiom-l3-1787,idiom:锣鼓喧天,recite,idiom:锣鼓喧天,锣鼓喧天,recite,all,
idiom,L3,,下面的写法对不对？,错,成语;综合;小升初高频,小学成语培优全书·教辅常见,idiom-l3-1787:char_judge,idiom:锣鼓喧天,char_judge,idiom:锣鼓喧天,锣鼓喧天,char_judge,lower,"{""display"": ""锣鼓喧夭""}"
idiom,L3,,「锣鼓喧天」的意思是？,小学教辅常见成语,成语;综合;小升初高频,小学成语培优全书·教辅常见,idiom-l3-1787:meaning_choice,idiom:锣鼓喧天,meaning_choice,idiom:锣鼓喧天,锣鼓喧天,meaning_choice,upper,"{""choices"": [""像是天地特意安排的，非常合适"", ""人非常多"", ""小学教辅常见成语"", ""累得一点力气也没有""]}"
idiom,L3,,小学教辅常见成语（四字）,镇定自若,成语;综合;小升初高频,小学成语培优全书·教辅常见,idiom-l3-1789,idiom:镇定自若,recite,idiom:镇定自若,镇定自若,recite,all,
idiom,L3,,下面的写法对不对？,错,成语;综合;小升初高频,小学成语培优全书·教辅常见,idiom-l3-1789:char_judge,idiom:镇定自若,char_judge,idiom:镇定自若,镇定自若,char_judge,lower,"{""display"": ""镇甲自若""}"
idiom,L3,,「镇定自若」的意思是？,小学教辅常见成语,成语;综合;小升初高频,小学成语培优全书·教辅常见,idiom-l3-1789:meaning_choice,idiom:镇定自若,meaning_choice,idiom:镇定自若,镇定自若,meaning_choice,upper,"{""choices"": [""冰和雪化了"", ""齐心合力"", ""小学教辅常见成语"", ""心里急得像火烧""]}"
idiom,L3,,小学教辅常见成语（四字）,长江后浪,成语;综合;小升初高频,小学成语培优全书·教辅常见,idiom-l3-1790,idiom:长江后浪,recite,idiom:长江后浪,长江后浪,recite,all,
idiom,L3,,下面的写法对不对？,对,成语;综合;小升初高频,小学成语培优全书·教辅常见,idiom-l3-1790:char_judge,idiom:长江后浪,char_judge,idiom:长江后浪,长江后浪,char_judge,lower,"{""display"": ""长江后浪""}"
idiom,L3,,「长江后浪」的意思是？,小学教辅常见成语,成语;综合;小升初高频,小学成语培优全书·教辅常见,idiom-l3-1790:meaning_choice,idiom:长江后浪,meaning_choice,idiom:长江后浪,长江后浪,meaning_choice,upper,"{""choices"": [""气魄很大的话"", ""很多人或动物聚在一起"", ""不止一个，还有配对的"", ""小学教辅常见成语""]}"
idiom,L3,,小学教辅常见成语（四字）,长篇大论,成语;综合;小升初高频,小学成语培优全书·教辅常见,idiom-l3-1791,idiom:长篇大论,recite,idiom:长篇大论,长篇大论,recite,all,
idiom,L3,,下面的写法对不对？,对,成语;综合;小升初高频,小学成语培优全书·教辅常见,idiom-l3-1791:char_judge,idiom:长篇大论,char_judge,idiom:长篇大论,长篇大论,char_judge,lower,"{""display"": ""长篇大论""}"
idiom,L3,,「长篇大论」的意思是？,小学教辅常见成语,成语;综合;小升初高频,小学成语培优全书·教辅常见,idiom-l3-1791:meaning_choice,idiom:长篇大论,meaning_choice,idiom:长篇大论,长篇大论,meaning_choice,upper,"{""choices"": [""家庭毁了，人也没了"", ""微风轻轻吹"", ""小学教辅常见成语"", ""智谋很多""]}"
idiom,L3,,小学教辅常见成语（四字）,长途跋涉,成语;综合;小升初高频,小学成语培优全书·教辅常见,idiom-l3-1792,idiom:长途跋涉,recite,idiom:长途跋涉,长途跋涉,recite,all,
idiom,L3,,下面的写法对不对？,错,成语;综合;小升初高频,小学成语培优全书·教辅常见,idiom-l3-1792:char_judge,idiom:长途跋涉,char_judge,idiom:长途跋涉,长途跋涉,char_judge,lower,"{""display"": ""长途跋甲""}"
idiom,L3,,「长途跋涉」的意思是？,小学教辅常见成语,成语;综合;小升初高频,小学成语培优全书·教辅常见,idiom-l3-1792:meaning_choice,idiom:长途跋涉,meaning_choice,idiom:长途跋涉,长途跋涉,meaning_choice,upper,"{""choices"": [""无法想象，很难理解"", ""颜色很多"", ""形象生动得像活的一样"", ""小学教辅常见成语""]}"
idiom,L3,,小学教辅常见成语（四字）,长驱直入,成语;综合;小升初高频,小学成语培优全书·教辅常见,idiom-l3-1793,idiom:长驱直入,recite,idiom:长驱直入,长驱直入,recite,all,
idiom,L3,,下面的写法对不对？,错,成语;综合;小升初高频,小学成语培优全书·教辅常见,idiom-l3-1793:char_judge,idiom:长驱直入,char_judge,idiom:长驱直入,长驱直入,char_judge,lower,"{""display"": ""长甲直入""}"
idiom,L3,,「长驱直入」的意思是？,小学教辅常见成语,成语;综合;小升初高频,小学成语培优全书·教辅常见,idiom-l3-1793:meaning_choice,idiom:长驱直入,meaning_choice,idiom:长驱直入,长驱直入,meaning_choice,upper,"{""choices"": [""描写心情的成语"", ""蔺相如在渑池会上维护赵国尊严"", ""小学教辅常见成语"", ""色彩又多又好看""]}"
idiom,L3,,小学教辅常见成语（四字）,门可罗雀,成语;综合;小升初高频,小学成语培优全书·教辅常见,idiom-l3-1794,idiom:门可罗雀,recite,idiom:门可罗雀,门可罗雀,recite,all,
idiom,L3,,下面的写法对不对？,对,成语;综合;小升初高频,小学成语培优全书·教辅常见,idiom-l3-1794:char_judge,idiom:门可罗雀,char_judge,idiom:门可罗雀,门可罗雀,char_judge,lower,"{""display"": ""门可罗雀""}"
idiom,L3,,「门可罗雀」的意思是？,小学教辅常见成语,成语;综合;小升初高频,小学成语培优全书·教辅常见,idiom-l3-1794:meaning_choice,idiom:门可罗雀,meaning_choice,idiom:门可罗雀,门可罗雀,meaning_choice,upper,"{""choices"": [""内部困难又加上外来威胁"", ""小学教辅常见成语"", ""见识很短浅"", ""身体粉碎，也指不惜牺牲""]}"
idiom,L3,,小学教辅常见成语（四字）,闭门造车,成语;综合;小升初高频,小学成语培优全书·教辅常见,idiom-l3-1795,idiom:闭门造车,recite,idiom:闭门造车,闭门造车,recite,all,
idiom,L3,,下面的写法对不对？,对,成语;综合;小升初高频,小学成语培优全书·教辅常见,idiom-l3-1795:char_judge,idiom:闭门造车,char_judge,idiom:闭门造车,闭门造车,char_judge,lower,"{""display"": ""闭门造车""}"
idiom,L3,,「闭门造车」的意思是？,小学教辅常见成语,成语;综合;小升初高频,小学成语培优全书·教辅常见,idiom-l3-1795:meaning_choice,idiom:闭门造车,meaning_choice,idiom:闭门造车,闭门造车,meaning_choice,upper,"{""choices"": [""闪电打雷"", ""著名的高山和大河"", ""小学教辅常见成语"", ""人民没法生活下去""]}"
idiom,L3,,小学教辅常见成语（四字）,闻所未闻,成语;综合;小升初高频,小学成语培优全书·教辅常见,idiom-l3-1796,idiom:闻所未闻,recite,idiom:闻所未闻,闻所未闻,recite,all,
idiom,L3,,下面的写法对不对？,错,成语;综合;小升初高频,小学成语培优全书·教辅常见,idiom-l3-1796:char_judge,idiom:闻所未闻,char_judge,idiom:闻所未闻,闻所未闻,char_judge,lower,"{""display"": ""闻甲未闻""}"
idiom,L3,,「闻所未闻」的意思是？,小学教辅常见成语,成语;综合;小升初高频,小学成语培优全书·教辅常见,idiom-l3-1796:meaning_choice,idiom:闻所未闻,meaning_choice,idiom:闻所未闻,闻所未闻,meaning_choice,upper,"{""choices"": [""小学教辅常见成语"", ""齐心合力"", ""急得不能再等"", ""变化很多""]}"
idiom,L3,,小学教辅常见成语（四字）,防患未然,成语;综合;小升初高频,小学成语培优全书·教辅常见,idiom-l3-1797,idiom:防患未然,recite,idiom:防患未然,防患未然,recite,all,
idiom,L3,,下面的写法对不对？,对,成语;综合;小升初高频,小学成语培优全书·教辅常见,idiom-l3-1797:char_judge,idiom:防患未然,char_judge,idiom:防患未然,防患未然,char_judge,lower,"{""display"": ""防患未然""}"
idiom,L3,,「防患未然」的意思是？,小学教辅常见成语,成语;综合;小升初高频,小学成语培优全书·教辅常见,idiom-l3-1797:meaning_choice,idiom:防患未然,meaning_choice,idiom:防患未然,防患未然,meaning_choice,upper,"{""choices"": [""小学教辅常见成语"", ""费尽心思"", ""像老虎一样盯着，想扑上去"", ""什么植物都长不出来""]}"
idiom,L3,,小学教辅常见成语（四字）,阳光明媚,成语;综合;小升初高频,小学成语培优全书·教辅常见,idiom-l3-1798,idiom:阳光明媚,recite,idiom:阳光明媚,阳光明媚,recite,all,
idiom,L3,,下面的写法对不对？,对,成语;综合;小升初高频,小学成语培优全书·教辅常见,idiom-l3-1798:char_judge,idiom:阳光明媚,char_judge,idiom:阳光明媚,阳光明媚,char_judge,lower,"{""display"": ""阳光明媚""}"
idiom,L3,,「阳光明媚」的意思是？,小学教辅常见成语,成语;综合;小升初高频,小学成语培优全书·教辅常见,idiom-l3-1798:meaning_choice,idiom:阳光明媚,meaning_choice,idiom:阳光明媚,阳光明媚,meaning_choice,upper,"{""choices"": [""全部显露出来，什么也藏不住"", ""小学教辅常见成语"", ""到处是冰和雪"", ""大声地笑""]}"
idiom,L3,,小学教辅常见成语（四字）,阳光普照,成语;综合;小升初高频,小学成语培优全书·教辅常见,idiom-l3-1799,idiom:阳光普照,recite,idiom:阳光普照,阳光普照,recite,all,
idiom,L3,,下面的写法对不对？,错,成语;综合;小升初高频,小学成语培优全书·教辅常见,idiom-l3-1799:char_judge,idiom:阳光普照,char_judge,idiom:阳光普照,阳光普照,char_judge,lower,"{""display"": ""阳光普甲""}"
idiom,L3,,「阳光普照」的意思是？,小学教辅常见成语,成语;综合;小升初高频,小学成语培优全书·教辅常见,idiom-l3-1799:meaning_choice,idiom:阳光普照,meaning_choice,idiom:阳光普照,阳光普照,meaning_choice,upper,"{""choices"": [""云雾散开，眼前明亮"", ""形象生动得像活的一样"", ""一点儿也不马虎"", ""小学教辅常见成语""]}"
idiom,L3,,小学教辅常见成语（四字）,阳光灿烂,成语;综合;小升初高频,小学成语培优全书·教辅常见,idiom-l3-1800,idiom:阳光灿烂,recite,idiom:阳光灿烂,阳光灿烂,recite,all,
idiom,L3,,下面的写法对不对？,错,成语;综合;小升初高频,小学成语培优全书·教辅常见,idiom-l3-1800:char_judge,idiom:阳光灿烂,char_judge,idiom:阳光灿烂,阳光灿烂,char_judge,lower,"{""display"": ""甲光灿烂""}"
idiom,L3,,「阳光灿烂」的意思是？,小学教辅常见成语,成语;综合;小升初高频,小学成语培优全书·教辅常见,idiom-l3-1800:meaning_choice,idiom:阳光灿烂,meaning_choice,idiom:阳光灿烂,阳光灿烂,meaning_choice,upper,"{""choices"": [""小学教辅常见成语"", ""描写神态的成语"", ""描写神态的成语"", ""描写神态的成语""]}"
idiom,L3,,小学教辅常见成语（四字）,阳奉阴违,成语;综合;小升初高频,小学成语培优全书·教辅常见,idiom-l3-1801,idiom:阳奉阴违,recite,idiom:阳奉阴违,阳奉阴违,recite,all,
idiom,L3,,下面的写法对不对？,对,成语;综合;小升初高频,小学成语培优全书·教辅常见,idiom-l3-1801:char_judge,idiom:阳奉阴违,char_judge,idiom:阳奉阴违,阳奉阴违,char_judge,lower,"{""display"": ""阳奉阴违""}"
idiom,L3,,「阳奉阴违」的意思是？,小学教辅常见成语,成语;综合;小升初高频,小学成语培优全书·教辅常见,idiom-l3-1801:meaning_choice,idiom:阳奉阴违,meaning_choice,idiom:阳奉阴违,阳奉阴违,meaning_choice,upper,"{""choices"": [""雪片又大又密"", ""小学教辅常见成语"", ""这边看看那边看看"", ""这边看看那边看看""]}"
idiom,L3,,小学教辅常见成语（四字）,阴差阳错,成语;综合;小升初高频,小学成语培优全书·教辅常见,idiom-l3-1802,idiom:阴差阳错,recite,idiom:阴差阳错,阴差阳错,recite,all,
idiom,L3,,下面的写法对不对？,对,成语;综合;小升初高频,小学成语培优全书·教辅常见,idiom-l3-1802:char_judge,idiom:阴差阳错,char_judge,idiom:阴差阳错,阴差阳错,char_judge,lower,"{""display"": ""阴差阳错""}"
idiom,L3,,「阴差阳错」的意思是？,小学教辅常见成语,成语;综合;小升初高频,小学成语培优全书·教辅常见,idiom-l3-1802:meaning_choice,idiom:阴差阳错,meaning_choice,idiom:阴差阳错,阴差阳错,meaning_choice,upper,"{""choices"": [""占据高处，向下俯视"", ""小学教辅常见成语"", ""疑神疑鬼，自己吓自己"", ""色彩又多又好看""]}"
idiom,L3,,小学教辅常见成语（四字）,阿谀奉承,成语;综合;小升初高频,小学成语培优全书·教辅常见,idiom-l3-1803,idiom:阿谀奉承,recite,idiom:阿谀奉承,阿谀奉承,recite,all,
idiom,L3,,下面的写法对不对？,错,成语;综合;小升初高频,小学成语培优全书·教辅常见,idiom-l3-1803:char_judge,idiom:阿谀奉承,char_judge,idiom:阿谀奉承,阿谀奉承,char_judge,lower,"{""display"": ""阿谀甲承""}"
idiom,L3,,「阿谀奉承」的意思是？,小学教辅常见成语,成语;综合;小升初高频,小学成语培优全书·教辅常见,idiom-l3-1803:meaning_choice,idiom:阿谀奉承,meaning_choice,idiom:阿谀奉承,阿谀奉承,meaning_choice,upper,"{""choices"": [""从细小处看出大趋势"", ""弄错了对象或事实"", ""小学教辅常见成语"", ""智谋很多""]}"
idiom,L3,,小学教辅常见成语（四字）,随心所欲,成语;综合;小升初高频,小学成语培优全书·教辅常见,idiom-l3-1804,idiom:随心所欲,recite,idiom:随心所欲,随心所欲,recite,all,
idiom,L3,,下面的写法对不对？,错,成语;综合;小升初高频,小学成语培优全书·教辅常见,idiom-l3-1804:char_judge,idiom:随心所欲,char_judge,idiom:随心所欲,随心所欲,char_judge,lower,"{""display"": ""随心所甲""}"
idiom,L3,,「随心所欲」的意思是？,小学教辅常见成语,成语;综合;小升初高频,小学成语培优全书·教辅常见,idiom-l3-1804:meaning_choice,idiom:随心所欲,meaning_choice,idiom:随心所欲,随心所欲,meaning_choice,upper,"{""choices"": [""名声传到国内外"", ""一切都换成了新气象"", ""小学教辅常见成语"", ""眼界很小""]}"
idiom,L3,,小学教辅常见成语（四字）,隐姓埋名,成语;综合;小升初高频,小学成语培优全书·教辅常见,idiom-l3-1805,idiom:隐姓埋名,recite,idiom:隐姓埋名,隐姓埋名,recite,all,
idiom,L3,,下面的写法对不对？,错,成语;综合;小升初高频,小学成语培优全书·教辅常见,idiom-l3-1805:char_judge,idiom:隐姓埋名,char_judge,idiom:隐姓埋名,隐姓埋名,char_judge,lower,"{""display"": ""甲姓埋名""}"
idiom,L3,,「隐姓埋名」的意思是？,小学教辅常见成语,成语;综合;小升初高频,小学成语培优全书·教辅常见,idiom-l3-1805:meaning_choice,idiom:隐姓埋名,meaning_choice,idiom:隐姓埋名,隐姓埋名,meaning_choice,upper,"{""choices"": [""不想努力，只等现成的"", ""各自拿出本事"", ""小学教辅常见成语"", ""乱七八糟地摆着""]}"
idiom,L3,,小学教辅常见成语（四字）,难分难解,成语;综合;小升初高频,小学成语培优全书·教辅常见,idiom-l3-1806,idiom:难分难解,recite,idiom:难分难解,难分难解,recite,all,
idiom,L3,,下面的写法对不对？,错,成语;综合;小升初高频,小学成语培优全书·教辅常见,idiom-l3-1806:char_judge,idiom:难分难解,char_judge,idiom:难分难解,难分难解,char_judge,lower,"{""display"": ""难分难甲""}"
idiom,L3,,「难分难解」的意思是？,小学教辅常见成语,成语;综合;小升初高频,小学成语培优全书·教辅常见,idiom-l3-1806:meaning_choice,idiom:难分难解,meaning_choice,idiom:难分难解,难分难解,meaning_choice,upper,"{""choices"": [""小学教辅常见成语"", ""不止一个，还有配对的"", ""自己骗自己"", ""国家太平，人民安乐""]}"
idiom,L3,,小学教辅常见成语（四字）,难分高低,成语;综合;小升初高频,小学成语培优全书·教辅常见,idiom-l3-1807,idiom:难分高低,recite,idiom:难分高低,难分高低,recite,all,
idiom,L3,,下面的写法对不对？,错,成语;综合;小升初高频,小学成语培优全书·教辅常见,idiom-l3-1807:char_judge,idiom:难分高低,char_judge,idiom:难分高低,难分高低,char_judge,lower,"{""display"": ""甲分高低""}"
idiom,L3,,「难分高低」的意思是？,小学教辅常见成语,成语;综合;小升初高频,小学成语培优全书·教辅常见,idiom-l3-1807:meaning_choice,idiom:难分高低,meaning_choice,idiom:难分高低,难分高低,meaning_choice,upper,"{""choices"": [""到处是冰和雪"", ""事故很多的时期"", ""有些信、有些不信"", ""小学教辅常见成语""]}"
idiom,L3,,小学教辅常见成语（四字）,难如登天,成语;综合;小升初高频,小学成语培优全书·教辅常见,idiom-l3-1808,idiom:难如登天,recite,idiom:难如登天,难如登天,recite,all,
idiom,L3,,下面的写法对不对？,错,成语;综合;小升初高频,小学成语培优全书·教辅常见,idiom-l3-1808:char_judge,idiom:难如登天,char_judge,idiom:难如登天,难如登天,char_judge,lower,"{""display"": ""难如登夭""}"
idiom,L3,,「难如登天」的意思是？,小学教辅常见成语,成语;综合;小升初高频,小学成语培优全书·教辅常见,idiom-l3-1808:meaning_choice,idiom:难如登天,meaning_choice,idiom:难如登天,难如登天,meaning_choice,upper,"{""choices"": [""到处是流离失所的灾民"", ""小学教辅常见成语"", ""人民没法生活下去"", ""实在没有别的办法""]}"
idiom,L3,,小学教辅常见成语（四字）,难能可贵,成语;综合;小升初高频,小学成语培优全书·教辅常见,idiom-l3-1809,idiom:难能可贵,recite,idiom:难能可贵,难能可贵,recite,all,
idiom,L3,,下面的写法对不对？,对,成语;综合;小升初高频,小学成语培优全书·教辅常见,idiom-l3-1809:char_judge,idiom:难能可贵,char_judge,idiom:难能可贵,难能可贵,char_judge,lower,"{""display"": ""难能可贵""}"
idiom,L3,,「难能可贵」的意思是？,小学教辅常见成语,成语;综合;小升初高频,小学成语培优全书·教辅常见,idiom-l3-1809:meaning_choice,idiom:难能可贵,meaning_choice,idiom:难能可贵,难能可贵,meaning_choice,upper,"{""choices"": [""万物重新生长"", ""到处都可以当作家"", ""一会儿看得见一会儿看不见"", ""小学教辅常见成语""]}"
idiom,L3,,小学教辅常见成语（四字）,难解难分,成语;综合;小升初高频,小学成语培优全书·教辅常见,idiom-l3-1810,idiom:难解难分,recite,idiom:难解难分,难解难分,recite,all,
idiom,L3,,下面的写法对不对？,对,成语;综合;小升初高频,小学成语培优全书·教辅常见,idiom-l3-1810:char_judge,idiom:难解难分,char_judge,idiom:难解难分,难解难分,char_judge,lower,"{""display"": ""难解难分""}"
idiom,L3,,「难解难分」的意思是？,小学教辅常见成语,成语;综合;小升初高频,小学成语培优全书·教辅常见,idiom-l3-1810:meaning_choice,idiom:难解难分,meaning_choice,idiom:难解难分,难解难分,meaning_choice,upper,"{""choices"": [""到处是冰和雪"", ""嘴里很干"", ""小学教辅常见成语"", ""一直不停地流""]}"
idiom,L3,,小学教辅常见成语（四字）,雄心壮志,成语;综合;小升初高频,小学成语培优全书·教辅常见,idiom-l3-1811,idiom:雄心壮志,recite,idiom:雄心壮志,雄心壮志,recite,all,
idiom,L3,,下面的写法对不对？,错,成语;综合;小升初高频,小学成语培优全书·教辅常见,idiom-l3-1811:char_judge,idiom:雄心壮志,char_judge,idiom:雄心壮志,雄心壮志,char_judge,lower,"{""display"": ""雄必壮志""}"
idiom,L3,,「雄心壮志」的意思是？,小学教辅常见成语,成语;综合;小升初高频,小学成语培优全书·教辅常见,idiom-l3-1811:meaning_choice,idiom:雄心壮志,meaning_choice,idiom:雄心壮志,雄心壮志,meaning_choice,upper,"{""choices"": [""小学教辅常见成语"", ""没有烦恼"", ""不慌不忙"", ""精神力气都用尽了""]}"
idiom,L3,,小学教辅常见成语（四字）,雕虫小技,成语;综合;小升初高频,小学成语培优全书·教辅常见,idiom-l3-1812,idiom:雕虫小技,recite,idiom:雕虫小技,雕虫小技,recite,all,
idiom,L3,,下面的写法对不对？,对,成语;综合;小升初高频,小学成语培优全书·教辅常见,idiom-l3-1812:char_judge,idiom:雕虫小技,char_judge,idiom:雕虫小技,雕虫小技,char_judge,lower,"{""display"": ""雕虫小技""}"
idiom,L3,,「雕虫小技」的意思是？,小学教辅常见成语,成语;综合;小升初高频,小学成语培优全书·教辅常见,idiom-l3-1812:meaning_choice,idiom:雕虫小技,meaning_choice,idiom:雕虫小技,雕虫小技,meaning_choice,upper,"{""choices"": [""小学教辅常见成语"", ""政事顺利，百姓和睦"", ""形象生动得像活的一样"", ""文笔非常出色""]}"
idiom,L3,,小学教辅常见成语（四字）,青出于蓝,成语;综合;小升初高频,小学成语培优全书·教辅常见,idiom-l3-1814,idiom:青出于蓝,recite,idiom:青出于蓝,青出于蓝,recite,all,
idiom,L3,,下面的写法对不对？,错,成语;综合;小升初高频,小学成语培优全书·教辅常见,idiom-l3-1814:char_judge,idiom:青出于蓝,char_judge,idiom:青出于蓝,青出于蓝,char_judge,lower,"{""display"": ""清出于蓝""}"
idiom,L3,,「青出于蓝」的意思是？,小学教辅常见成语,成语;综合;小升初高频,小学成语培优全书·教辅常见,idiom-l3-1814:meaning_choice,idiom:青出于蓝,meaning_choice,idiom:青出于蓝,青出于蓝,meaning_choice,upper,"{""choices"": [""小学教辅常见成语"", ""天地非常广阔"", ""树林层层翠绿"", ""非常吃惊""]}"
idiom,L3,,小学教辅常见成语（四字）,青黄不接,成语;综合;小升初高频,小学成语培优全书·教辅常见,idiom-l3-1815,idiom:青黄不接,recite,idiom:青黄不接,青黄不接,recite,all,
idiom,L3,,下面的写法对不对？,对,成语;综合;小升初高频,小学成语培优全书·教辅常见,idiom-l3-1815:char_judge,idiom:青黄不接,char_judge,idiom:青黄不接,青黄不接,char_judge,lower,"{""display"": ""青黄不接""}"
idiom,L3,,「青黄不接」的意思是？,小学教辅常见成语,成语;综合;小升初高频,小学成语培优全书·教辅常见,idiom-l3-1815:meaning_choice,idiom:青黄不接,meaning_choice,idiom:青黄不接,青黄不接,meaning_choice,upper,"{""choices"": [""雪片又大又密"", ""年老体衰、行动不灵便"", ""不止一个，还有配对的"", ""小学教辅常见成语""]}"
idiom,L3,,小学教辅常见成语（四字）,非同小可,成语;综合;小升初高频,小学成语培优全书·教辅常见,idiom-l3-1816,idiom:非同小可,recite,idiom:非同小可,非同小可,recite,all,
idiom,L3,,下面的写法对不对？,错,成语;综合;小升初高频,小学成语培优全书·教辅常见,idiom-l3-1816:char_judge,idiom:非同小可,char_judge,idiom:非同小可,非同小可,char_judge,lower,"{""display"": ""非同甲可""}"
idiom,L3,,「非同小可」的意思是？,小学教辅常见成语,成语;综合;小升初高频,小学成语培优全书·教辅常见,idiom-l3-1816:meaning_choice,idiom:非同小可,meaning_choice,idiom:非同小可,非同小可,meaning_choice,upper,"{""choices"": [""无家可归，四处流浪"", ""小学教辅常见成语"", ""到哪儿都能安下心来"", ""本领特别大""]}"
idiom,L3,,小学教辅常见成语（四字）,面不改色,成语;综合;小升初高频,小学成语培优全书·教辅常见,idiom-l3-1817,idiom:面不改色,recite,idiom:面不改色,面不改色,recite,all,
idiom,L3,,下面的写法对不对？,对,成语;综合;小升初高频,小学成语培优全书·教辅常见,idiom-l3-1817:char_judge,idiom:面不改色,char_judge,idiom:面不改色,面不改色,char_judge,lower,"{""display"": ""面不改色""}"
idiom,L3,,「面不改色」的意思是？,小学教辅常见成语,成语;综合;小升初高频,小学成语培优全书·教辅常见,idiom-l3-1817:meaning_choice,idiom:面不改色,meaning_choice,idiom:面不改色,面不改色,meaning_choice,upper,"{""choices"": [""内部困难又加上外来威胁"", ""头摇来摇去，得意或入神"", ""跃跃欲试、准备动手"", ""小学教辅常见成语""]}"
idiom,L3,,小学教辅常见成语（四字）,面如土色,成语;综合;小升初高频,小学成语培优全书·教辅常见,idiom-l3-1818,idiom:面如土色,recite,idiom:面如土色,面如土色,recite,all,
idiom,L3,,下面的写法对不对？,对,成语;综合;小升初高频,小学成语培优全书·教辅常见,idiom-l3-1818:char_judge,idiom:面如土色,char_judge,idiom:面如土色,面如土色,char_judge,lower,"{""display"": ""面如土色""}"
idiom,L3,,「面如土色」的意思是？,小学教辅常见成语,成语;综合;小升初高频,小学成语培优全书·教辅常见,idiom-l3-1818:meaning_choice,idiom:面如土色,meaning_choice,idiom:面如土色,面如土色,meaning_choice,upper,"{""choices"": [""描写心情的成语"", ""描写心情的成语"", ""描写心情的成语"", ""小学教辅常见成语""]}"
idiom,L3,,小学教辅常见成语（四字）,面黄肌瘦,成语;综合;小升初高频,小学成语培优全书·教辅常见,idiom-l3-1820,idiom:面黄肌瘦,recite,idiom:面黄肌瘦,面黄肌瘦,recite,all,
idiom,L3,,下面的写法对不对？,错,成语;综合;小升初高频,小学成语培优全书·教辅常见,idiom-l3-1820:char_judge,idiom:面黄肌瘦,char_judge,idiom:面黄肌瘦,面黄肌瘦,char_judge,lower,"{""display"": ""面黄甲瘦""}"
idiom,L3,,「面黄肌瘦」的意思是？,小学教辅常见成语,成语;综合;小升初高频,小学成语培优全书·教辅常见,idiom-l3-1820:meaning_choice,idiom:面黄肌瘦,meaning_choice,idiom:面黄肌瘦,面黄肌瘦,meaning_choice,upper,"{""choices"": [""自己控制不住感情"", ""小学教辅常见成语"", ""描写场面的成语"", ""很得意、很有精神的样子""]}"
idiom,L3,,小学教辅常见成语（四字）,革故鼎新,成语;综合;小升初高频,小学成语培优全书·教辅常见,idiom-l3-1821,idiom:革故鼎新,recite,idiom:革故鼎新,革故鼎新,recite,all,
idiom,L3,,下面的写法对不对？,对,成语;综合;小升初高频,小学成语培优全书·教辅常见,idiom-l3-1821:char_judge,idiom:革故鼎新,char_judge,idiom:革故鼎新,革故鼎新,char_judge,lower,"{""display"": ""革故鼎新""}"
idiom,L3,,「革故鼎新」的意思是？,小学教辅常见成语,成语;综合;小升初高频,小学成语培优全书·教辅常见,idiom-l3-1821:meaning_choice,idiom:革故鼎新,meaning_choice,idiom:革故鼎新,革故鼎新,meaning_choice,upper,"{""choices"": [""生活在优裕的环境里"", ""用萤火虫的光夜里读书"", ""名声传到国内外"", ""小学教辅常见成语""]}"
idiom,L3,,小学教辅常见成语（四字）,鞠躬尽瘁,成语;综合;小升初高频,小学成语培优全书·教辅常见,idiom-l3-1822,idiom:鞠躬尽瘁,recite,idiom:鞠躬尽瘁,鞠躬尽瘁,recite,all,
idiom,L3,,下面的写法对不对？,对,成语;综合;小升初高频,小学成语培优全书·教辅常见,idiom-l3-1822:char_judge,idiom:鞠躬尽瘁,char_judge,idiom:鞠躬尽瘁,鞠躬尽瘁,char_judge,lower,"{""display"": ""鞠躬尽瘁""}"
idiom,L3,,「鞠躬尽瘁」的意思是？,小学教辅常见成语,成语;综合;小升初高频,小学成语培优全书·教辅常见,idiom-l3-1822:meaning_choice,idiom:鞠躬尽瘁,meaning_choice,idiom:鞠躬尽瘁,鞠躬尽瘁,meaning_choice,upper,"{""choices"": [""黄莺唱歌、燕子飞舞"", ""小学教辅常见成语"", ""很得意、很有精神的样子"", ""样子很庄重认真""]}"
idiom,L3,,小学教辅常见成语（四字）,鞭炮齐鸣,成语;综合;小升初高频,小学成语培优全书·教辅常见,idiom-l3-1823,idiom:鞭炮齐鸣,recite,idiom:鞭炮齐鸣,鞭炮齐鸣,recite,all,
idiom,L3,,下面的写法对不对？,错,成语;综合;小升初高频,小学成语培优全书·教辅常见,idiom-l3-1823:char_judge,idiom:鞭炮齐鸣,char_judge,idiom:鞭炮齐鸣,鞭炮齐鸣,char_judge,lower,"{""display"": ""甲炮齐鸣""}"
idiom,L3,,「鞭炮齐鸣」的意思是？,小学教辅常见成语,成语;综合;小升初高频,小学成语培优全书·教辅常见,idiom-l3-1823:meaning_choice,idiom:鞭炮齐鸣,meaning_choice,idiom:鞭炮齐鸣,鞭炮齐鸣,meaning_choice,upper,"{""choices"": [""乱七八糟地摆着"", ""精神力气都用尽了"", ""小学教辅常见成语"", ""风景优美""]}"
idiom,L3,,小学教辅常见成语（四字）,顶天立地,成语;综合;小升初高频,小学成语培优全书·教辅常见,idiom-l3-1824,idiom:顶天立地,recite,idiom:顶天立地,顶天立地,recite,all,
idiom,L3,,下面的写法对不对？,对,成语;综合;小升初高频,小学成语培优全书·教辅常见,idiom-l3-1824:char_judge,idiom:顶天立地,char_judge,idiom:顶天立地,顶天立地,char_judge,lower,"{""display"": ""顶天立地""}"
idiom,L3,,「顶天立地」的意思是？,小学教辅常见成语,成语;综合;小升初高频,小学成语培优全书·教辅常见,idiom-l3-1824:meaning_choice,idiom:顶天立地,meaning_choice,idiom:顶天立地,顶天立地,meaning_choice,upper,"{""choices"": [""吓得或急得没了主意"", ""小学教辅常见成语"", ""鸟儿叫、花儿香"", ""轻快地唱、柔美地舞""]}"
idiom,L3,,小学教辅常见成语（四字）,顺手牵羊,成语;综合;小升初高频,小学成语培优全书·教辅常见,idiom-l3-1825,idiom:顺手牵羊,recite,idiom:顺手牵羊,顺手牵羊,recite,all,
idiom,L3,,下面的写法对不对？,错,成语;综合;小升初高频,小学成语培优全书·教辅常见,idiom-l3-1825:char_judge,idiom:顺手牵羊,char_judge,idiom:顺手牵羊,顺手牵羊,char_judge,lower,"{""display"": ""甲手牵羊""}"
idiom,L3,,「顺手牵羊」的意思是？,小学教辅常见成语,成语;综合;小升初高频,小学成语培优全书·教辅常见,idiom-l3-1825:meaning_choice,idiom:顺手牵羊,meaning_choice,idiom:顺手牵羊,顺手牵羊,meaning_choice,upper,"{""choices"": [""脸色温和愉快"", ""高兴得快要发狂"", ""气魄很大的话"", ""小学教辅常见成语""]}"
idiom,L3,,小学教辅常见成语（四字）,顾此失彼,成语;综合;小升初高频,小学成语培优全书·教辅常见,idiom-l3-1826,idiom:顾此失彼,recite,idiom:顾此失彼,顾此失彼,recite,all,
idiom,L3,,下面的写法对不对？,错,成语;综合;小升初高频,小学成语培优全书·教辅常见,idiom-l3-1826:char_judge,idiom:顾此失彼,char_judge,idiom:顾此失彼,顾此失彼,char_judge,lower,"{""display"": ""顾甲失彼""}"
idiom,L3,,「顾此失彼」的意思是？,小学教辅常见成语,成语;综合;小升初高频,小学成语培优全书·教辅常见,idiom-l3-1826:meaning_choice,idiom:顾此失彼,meaning_choice,idiom:顾此失彼,顾此失彼,meaning_choice,upper,"{""choices"": [""到了山和水的尽头，没有出路"", ""小学教辅常见成语"", ""描写品质的成语"", ""描写品质的成语""]}"
idiom,L3,,小学教辅常见成语（四字）,顿开茅塞,成语;综合;小升初高频,小学成语培优全书·教辅常见,idiom-l3-1827,idiom:顿开茅塞,recite,idiom:顿开茅塞,顿开茅塞,recite,all,
idiom,L3,,下面的写法对不对？,对,成语;综合;小升初高频,小学成语培优全书·教辅常见,idiom-l3-1827:char_judge,idiom:顿开茅塞,char_judge,idiom:顿开茅塞,顿开茅塞,char_judge,lower,"{""display"": ""顿开茅塞""}"
idiom,L3,,「顿开茅塞」的意思是？,小学教辅常见成语,成语;综合;小升初高频,小学成语培优全书·教辅常见,idiom-l3-1827:meaning_choice,idiom:顿开茅塞,meaning_choice,idiom:顿开茅塞,顿开茅塞,meaning_choice,upper,"{""choices"": [""书一直拿在手里，非常爱读"", ""做多余的事反而坏事"", ""小学教辅常见成语"", ""自以为了不起的样子""]}"
idiom,L3,,小学教辅常见成语（四字）,颠倒黑白,成语;综合;小升初高频,小学成语培优全书·教辅常见,idiom-l3-1828,idiom:颠倒黑白,recite,idiom:颠倒黑白,颠倒黑白,recite,all,
idiom,L3,,下面的写法对不对？,错,成语;综合;小升初高频,小学成语培优全书·教辅常见,idiom-l3-1828:char_judge,idiom:颠倒黑白,char_judge,idiom:颠倒黑白,颠倒黑白,char_judge,lower,"{""display"": ""颠倒甲白""}"
idiom,L3,,「颠倒黑白」的意思是？,小学教辅常见成语,成语;综合;小升初高频,小学成语培优全书·教辅常见,idiom-l3-1828:meaning_choice,idiom:颠倒黑白,meaning_choice,idiom:颠倒黑白,颠倒黑白,meaning_choice,upper,"{""choices"": [""小学教辅常见成语"", ""正宗高雅的音乐"", ""笑得直不起腰"", ""眼睛手都很快""]}"
idiom,L3,,小学教辅常见成语（四字）,颠扑不破,成语;综合;小升初高频,小学成语培优全书·教辅常见,idiom-l3-1829,idiom:颠扑不破,recite,idiom:颠扑不破,颠扑不破,recite,all,
idiom,L3,,下面的写法对不对？,对,成语;综合;小升初高频,小学成语培优全书·教辅常见,idiom-l3-1829:char_judge,idiom:颠扑不破,char_judge,idiom:颠扑不破,颠扑不破,char_judge,lower,"{""display"": ""颠扑不破""}"
idiom,L3,,「颠扑不破」的意思是？,小学教辅常见成语,成语;综合;小升初高频,小学成语培优全书·教辅常见,idiom-l3-1829:meaning_choice,idiom:颠扑不破,meaning_choice,idiom:颠扑不破,颠扑不破,meaning_choice,upper,"{""choices"": [""一直不停地流"", ""人声嘈杂得像开了锅"", ""小学教辅常见成语"", ""主动认错、请求责罚""]}"
idiom,L3,,小学教辅常见成语（四字）,飞扬跋扈,成语;综合;小升初高频,小学成语培优全书·教辅常见,idiom-l3-1830,idiom:飞扬跋扈,recite,idiom:飞扬跋扈,飞扬跋扈,recite,all,
idiom,L3,,下面的写法对不对？,对,成语;综合;小升初高频,小学成语培优全书·教辅常见,idiom-l3-1830:char_judge,idiom:飞扬跋扈,char_judge,idiom:飞扬跋扈,飞扬跋扈,char_judge,lower,"{""display"": ""飞扬跋扈""}"
idiom,L3,,「飞扬跋扈」的意思是？,小学教辅常见成语,成语;综合;小升初高频,小学成语培优全书·教辅常见,idiom-l3-1830:meaning_choice,idiom:飞扬跋扈,meaning_choice,idiom:飞扬跋扈,飞扬跋扈,meaning_choice,upper,"{""choices"": [""为不必担心的事发愁"", ""急于求成反而把事情弄坏"", ""小学教辅常见成语"", ""很得意、很有精神的样子""]}"
idiom,L3,,小学教辅常见成语（四字）,飞沙走石,成语;综合;小升初高频,小学成语培优全书·教辅常见,idiom-l3-1831,idiom:飞沙走石,recite,idiom:飞沙走石,飞沙走石,recite,all,
idiom,L3,,下面的写法对不对？,错,成语;综合;小升初高频,小学成语培优全书·教辅常见,idiom-l3-1831:char_judge,idiom:飞沙走石,char_judge,idiom:飞沙走石,飞沙走石,char_judge,lower,"{""display"": ""飞沙走甲""}"
idiom,L3,,「飞沙走石」的意思是？,小学教辅常见成语,成语;综合;小升初高频,小学成语培优全书·教辅常见,idiom-l3-1831:meaning_choice,idiom:飞沙走石,meaning_choice,idiom:飞沙走石,飞沙走石,meaning_choice,upper,"{""choices"": [""轻快地唱、柔美地舞"", ""小学教辅常见成语"", ""头发散乱"", ""自己控制不住感情""]}"
idiom,L3,,小学教辅常见成语（四字）,飞蛾扑火,成语;综合;小升初高频,小学成语培优全书·教辅常见,idiom-l3-1832,idiom:飞蛾扑火,recite,idiom:飞蛾扑火,飞蛾扑火,recite,all,
idiom,L3,,下面的写法对不对？,错,成语;综合;小升初高频,小学成语培优全书·教辅常见,idiom-l3-1832:char_judge,idiom:飞蛾扑火,char_judge,idiom:飞蛾扑火,飞蛾扑火,char_judge,lower,"{""display"": ""甲蛾扑火""}"
idiom,L3,,「飞蛾扑火」的意思是？,小学教辅常见成语,成语;综合;小升初高频,小学成语培优全书·教辅常见,idiom-l3-1832:meaning_choice,idiom:飞蛾扑火,meaning_choice,idiom:飞蛾扑火,飞蛾扑火,meaning_choice,upper,"{""choices"": [""实在没有别的办法"", ""小学教辅常见成语"", ""头摇来摇去，得意或入神"", ""声势或影响极大""]}"
idiom,L3,,小学教辅常见成语（四字）,飞黄腾达,成语;综合;小升初高频,小学成语培优全书·教辅常见,idiom-l3-1833,idiom:飞黄腾达,recite,idiom:飞黄腾达,飞黄腾达,recite,all,
idiom,L3,,下面的写法对不对？,错,成语;综合;小升初高频,小学成语培优全书·教辅常见,idiom-l3-1833:char_judge,idiom:飞黄腾达,char_judge,idiom:飞黄腾达,飞黄腾达,char_judge,lower,"{""display"": ""飞黄甲达""}"
idiom,L3,,「飞黄腾达」的意思是？,小学教辅常见成语,成语;综合;小升初高频,小学成语培优全书·教辅常见,idiom-l3-1833:meaning_choice,idiom:飞黄腾达,meaning_choice,idiom:飞黄腾达,飞黄腾达,meaning_choice,upper,"{""choices"": [""智谋很多"", ""到处是流离失所的灾民"", ""小学教辅常见成语"", ""齐心合力""]}"
idiom,L3,,小学教辅常见成语（四字）,饮鸩止渴,成语;综合;小升初高频,小学成语培优全书·教辅常见,idiom-l3-1834,idiom:饮鸩止渴,recite,idiom:饮鸩止渴,饮鸩止渴,recite,all,
idiom,L3,,下面的写法对不对？,对,成语;综合;小升初高频,小学成语培优全书·教辅常见,idiom-l3-1834:char_judge,idiom:饮鸩止渴,char_judge,idiom:饮鸩止渴,饮鸩止渴,char_judge,lower,"{""display"": ""饮鸩止渴""}"
idiom,L3,,「饮鸩止渴」的意思是？,小学教辅常见成语,成语;综合;小升初高频,小学成语培优全书·教辅常见,idiom-l3-1834:meaning_choice,idiom:饮鸩止渴,meaning_choice,idiom:饮鸩止渴,饮鸩止渴,meaning_choice,upper,"{""choices"": [""没有真本事却混在里面"", ""小学教辅常见成语"", ""智谋很多"", ""非常安静""]}"
idiom,L3,,小学教辅常见成语（四字）,香气扑鼻,成语;综合;小升初高频,小学成语培优全书·教辅常见,idiom-l3-1835,idiom:香气扑鼻,recite,idiom:香气扑鼻,香气扑鼻,recite,all,
idiom,L3,,下面的写法对不对？,错,成语;综合;小升初高频,小学成语培优全书·教辅常见,idiom-l3-1835:char_judge,idiom:香气扑鼻,char_judge,idiom:香气扑鼻,香气扑鼻,char_judge,lower,"{""display"": ""香气扑甲""}"
idiom,L3,,「香气扑鼻」的意思是？,小学教辅常见成语,成语;综合;小升初高频,小学成语培优全书·教辅常见,idiom-l3-1835:meaning_choice,idiom:香气扑鼻,meaning_choice,idiom:香气扑鼻,香气扑鼻,meaning_choice,upper,"{""choices"": [""从一片落叶知道秋天到了"", ""小学教辅常见成语"", ""个子小但精明强干"", ""不想努力，只等现成的""]}"
idiom,L3,,小学教辅常见成语（四字）,骄傲自满,成语;综合;小升初高频,小学成语培优全书·教辅常见,idiom-l3-1836,idiom:骄傲自满,recite,idiom:骄傲自满,骄傲自满,recite,all,
idiom,L3,,下面的写法对不对？,错,成语;综合;小升初高频,小学成语培优全书·教辅常见,idiom-l3-1836:char_judge,idiom:骄傲自满,char_judge,idiom:骄傲自满,骄傲自满,char_judge,lower,"{""display"": ""骄傲自甲""}"
idiom,L3,,「骄傲自满」的意思是？,小学教辅常见成语,成语;综合;小升初高频,小学成语培优全书·教辅常见,idiom-l3-1836:meaning_choice,idiom:骄傲自满,meaning_choice,idiom:骄傲自满,骄傲自满,meaning_choice,upper,"{""choices"": [""吓得不知道该怎么办"", ""小学教辅常见成语"", ""把东西完好无损地归还原主"", ""描写夏天的成语""]}"
idiom,L3,,小学教辅常见成语（四字）,骄兵必败,成语;综合;小升初高频,小学成语培优全书·教辅常见,idiom-l3-1837,idiom:骄兵必败,recite,idiom:骄兵必败,骄兵必败,recite,all,
idiom,L3,,下面的写法对不对？,错,成语;综合;小升初高频,小学成语培优全书·教辅常见,idiom-l3-1837:char_judge,idiom:骄兵必败,char_judge,idiom:骄兵必败,骄兵必败,char_judge,lower,"{""display"": ""骄兵心败""}"
idiom,L3,,「骄兵必败」的意思是？,小学教辅常见成语,成语;综合;小升初高频,小学成语培优全书·教辅常见,idiom-l3-1837:meaning_choice,idiom:骄兵必败,meaning_choice,idiom:骄兵必败,骄兵必败,meaning_choice,upper,"{""choices"": [""小学教辅常见成语"", ""颜色很多"", ""办法很多，本领很大"", ""按道理就该这样""]}"
idiom,L3,,小学教辅常见成语（四字）,骨瘦如柴,成语;综合;小升初高频,小学成语培优全书·教辅常见,idiom-l3-1838,idiom:骨瘦如柴,recite,idiom:骨瘦如柴,骨瘦如柴,recite,all,
idiom,L3,,下面的写法对不对？,对,成语;综合;小升初高频,小学成语培优全书·教辅常见,idiom-l3-1838:char_judge,idiom:骨瘦如柴,char_judge,idiom:骨瘦如柴,骨瘦如柴,char_judge,lower,"{""display"": ""骨瘦如柴""}"
idiom,L3,,「骨瘦如柴」的意思是？,小学教辅常见成语,成语;综合;小升初高频,小学成语培优全书·教辅常见,idiom-l3-1838:meaning_choice,idiom:骨瘦如柴,meaning_choice,idiom:骨瘦如柴,骨瘦如柴,meaning_choice,upper,"{""choices"": [""云雾散开，眼前明亮"", ""小学教辅常见成语"", ""说话办事坚决果断"", ""百姓生活在极端困苦中""]}"
idiom,L3,,小学教辅常见成语（四字）,骨肉相连,成语;综合;小升初高频,小学成语培优全书·教辅常见,idiom-l3-1839,idiom:骨肉相连,recite,idiom:骨肉相连,骨肉相连,recite,all,
idiom,L3,,下面的写法对不对？,错,成语;综合;小升初高频,小学成语培优全书·教辅常见,idiom-l3-1839:char_judge,idiom:骨肉相连,char_judge,idiom:骨肉相连,骨肉相连,char_judge,lower,"{""display"": ""甲肉相连""}"
idiom,L3,,「骨肉相连」的意思是？,小学教辅常见成语,成语;综合;小升初高频,小学成语培优全书·教辅常见,idiom-l3-1839:meaning_choice,idiom:骨肉相连,meaning_choice,idiom:骨肉相连,骨肉相连,meaning_choice,upper,"{""choices"": [""气势像高山大河一样雄伟"", ""小学教辅常见成语"", ""急于求成反而把事情弄坏"", ""拘束、心里不踏实""]}"
idiom,L3,,小学教辅常见成语（四字）,高不可攀,成语;综合;小升初高频,小学成语培优全书·教辅常见,idiom-l3-1840,idiom:高不可攀,recite,idiom:高不可攀,高不可攀,recite,all,
idiom,L3,,下面的写法对不对？,对,成语;综合;小升初高频,小学成语培优全书·教辅常见,idiom-l3-1840:char_judge,idiom:高不可攀,char_judge,idiom:高不可攀,高不可攀,char_judge,lower,"{""display"": ""高不可攀""}"
idiom,L3,,「高不可攀」的意思是？,小学教辅常见成语,成语;综合;小升初高频,小学成语培优全书·教辅常见,idiom-l3-1840:meaning_choice,idiom:高不可攀,meaning_choice,idiom:高不可攀,高不可攀,meaning_choice,upper,"{""choices"": [""小学教辅常见成语"", ""走路很神气、满不在乎"", ""脸和耳朵都红了"", ""费尽心思谋划（多含贬义）""]}"
idiom,L3,,小学教辅常见成语（四字）,高朋满座,成语;综合;小升初高频,小学成语培优全书·教辅常见,idiom-l3-1841,idiom:高朋满座,recite,idiom:高朋满座,高朋满座,recite,all,
idiom,L3,,下面的写法对不对？,对,成语;综合;小升初高频,小学成语培优全书·教辅常见,idiom-l3-1841:char_judge,idiom:高朋满座,char_judge,idiom:高朋满座,高朋满座,char_judge,lower,"{""display"": ""高朋满座""}"
idiom,L3,,「高朋满座」的意思是？,小学教辅常见成语,成语;综合;小升初高频,小学成语培优全书·教辅常见,idiom-l3-1841:meaning_choice,idiom:高朋满座,meaning_choice,idiom:高朋满座,高朋满座,meaning_choice,upper,"{""choices"": [""战争造成的混乱"", ""小学教辅常见成语"", ""万物重新生长"", ""蔺相如在渑池会上维护赵国尊严""]}"
idiom,L3,,小学教辅常见成语（四字）,高枕无忧,成语;综合;小升初高频,小学成语培优全书·教辅常见,idiom-l3-1842,idiom:高枕无忧,recite,idiom:高枕无忧,高枕无忧,recite,all,
idiom,L3,,下面的写法对不对？,错,成语;综合;小升初高频,小学成语培优全书·教辅常见,idiom-l3-1842:char_judge,idiom:高枕无忧,char_judge,idiom:高枕无忧,高枕无忧,char_judge,lower,"{""display"": ""高枕无甲""}"
idiom,L3,,「高枕无忧」的意思是？,小学教辅常见成语,成语;综合;小升初高频,小学成语培优全书·教辅常见,idiom-l3-1842:meaning_choice,idiom:高枕无忧,meaning_choice,idiom:高枕无忧,高枕无忧,meaning_choice,upper,"{""choices"": [""美丽得没有谁能比"", ""经历过很多艰苦"", ""天空蓝得像洗过一样"", ""小学教辅常见成语""]}"
idiom,L3,,小学教辅常见成语（四字）,高瞻远瞩,成语;综合;小升初高频,小学成语培优全书·教辅常见,idiom-l3-1843,idiom:高瞻远瞩,recite,idiom:高瞻远瞩,高瞻远瞩,recite,all,
idiom,L3,,下面的写法对不对？,错,成语;综合;小升初高频,小学成语培优全书·教辅常见,idiom-l3-1843:char_judge,idiom:高瞻远瞩,char_judge,idiom:高瞻远瞩,高瞻远瞩,char_judge,lower,"{""display"": ""高甲远瞩""}"
idiom,L3,,「高瞻远瞩」的意思是？,小学教辅常见成语,成语;综合;小升初高频,小学成语培优全书·教辅常见,idiom-l3-1843:meaning_choice,idiom:高瞻远瞩,meaning_choice,idiom:高瞻远瞩,高瞻远瞩,meaning_choice,upper,"{""choices"": [""小学教辅常见成语"", ""描写场面的成语"", ""描写场面的成语"", ""描写场面的成语""]}"
idiom,L3,,小学教辅常见成语（四字）,高谈阔论,成语;综合;小升初高频,小学成语培优全书·教辅常见,idiom-l3-1844,idiom:高谈阔论,recite,idiom:高谈阔论,高谈阔论,recite,all,
idiom,L3,,下面的写法对不对？,错,成语;综合;小升初高频,小学成语培优全书·教辅常见,idiom-l3-1844:char_judge,idiom:高谈阔论,char_judge,idiom:高谈阔论,高谈阔论,char_judge,lower,"{""display"": ""甲谈阔论""}"
idiom,L3,,「高谈阔论」的意思是？,小学教辅常见成语,成语;综合;小升初高频,小学成语培优全书·教辅常见,idiom-l3-1844:meaning_choice,idiom:高谈阔论,meaning_choice,idiom:高谈阔论,高谈阔论,meaning_choice,upper,"{""choices"": [""胆子很小"", ""着急或高兴得又抓耳朵又挠腮"", ""小学教辅常见成语"", ""身体粉碎，也指不惜牺牲""]}"
idiom,L3,,小学教辅常见成语（四字）,鬼斧神工,成语;综合;小升初高频,小学成语培优全书·教辅常见,idiom-l3-1845,idiom:鬼斧神工,recite,idiom:鬼斧神工,鬼斧神工,recite,all,
idiom,L3,,下面的写法对不对？,对,成语;综合;小升初高频,小学成语培优全书·教辅常见,idiom-l3-1845:char_judge,idiom:鬼斧神工,char_judge,idiom:鬼斧神工,鬼斧神工,char_judge,lower,"{""display"": ""鬼斧神工""}"
idiom,L3,,「鬼斧神工」的意思是？,小学教辅常见成语,成语;综合;小升初高频,小学成语培优全书·教辅常见,idiom-l3-1845:meaning_choice,idiom:鬼斧神工,meaning_choice,idiom:鬼斧神工,鬼斧神工,meaning_choice,upper,"{""choices"": [""变化很多"", ""像老虎一样盯着，想扑上去"", ""山塌地裂，声势极大"", ""小学教辅常见成语""]}"
idiom,L3,,小学教辅常见成语（四字）,鸣锣开道,成语;综合;小升初高频,小学成语培优全书·教辅常见,idiom-l3-1846,idiom:鸣锣开道,recite,idiom:鸣锣开道,鸣锣开道,recite,all,
idiom,L3,,下面的写法对不对？,对,成语;综合;小升初高频,小学成语培优全书·教辅常见,idiom-l3-1846:char_judge,idiom:鸣锣开道,char_judge,idiom:鸣锣开道,鸣锣开道,char_judge,lower,"{""display"": ""鸣锣开道""}"
idiom,L3,,「鸣锣开道」的意思是？,小学教辅常见成语,成语;综合;小升初高频,小学成语培优全书·教辅常见,idiom-l3-1846:meaning_choice,idiom:鸣锣开道,meaning_choice,idiom:鸣锣开道,鸣锣开道,meaning_choice,upper,"{""choices"": [""为不必担心的事发愁"", ""小学教辅常见成语"", ""样子各不相同"", ""吃或听得非常有兴趣""]}"
idiom,L3,,小学教辅常见成语（四字）,鹬蚌相争,成语;综合;小升初高频,小学成语培优全书·教辅常见,idiom-l3-1848,idiom:鹬蚌相争,recite,idiom:鹬蚌相争,鹬蚌相争,recite,all,
idiom,L3,,下面的写法对不对？,对,成语;综合;小升初高频,小学成语培优全书·教辅常见,idiom-l3-1848:char_judge,idiom:鹬蚌相争,char_judge,idiom:鹬蚌相争,鹬蚌相争,char_judge,lower,"{""display"": ""鹬蚌相争""}"
idiom,L3,,「鹬蚌相争」的意思是？,小学教辅常见成语,成语;综合;小升初高频,小学成语培优全书·教辅常见,idiom-l3-1848:meaning_choice,idiom:鹬蚌相争,meaning_choice,idiom:鹬蚌相争,鹬蚌相争,meaning_choice,upper,"{""choices"": [""小学教辅常见成语"", ""自己骗自己"", ""精神力气都用尽了"", ""百姓生活在极端困苦中""]}"
idiom,L3,,小学教辅常见成语（四字）,麻木不仁,成语;综合;小升初高频,小学成语培优全书·教辅常见,idiom-l3-1849,idiom:麻木不仁,recite,idiom:麻木不仁,麻木不仁,recite,all,
idiom,L3,,下面的写法对不对？,错,成语;综合;小升初高频,小学成语培优全书·教辅常见,idiom-l3-1849:char_judge,idiom:麻木不仁,char_judge,idiom:麻木不仁,麻木不仁,char_judge,lower,"{""display"": ""甲木不仁""}"
idiom,L3,,「麻木不仁」的意思是？,小学教辅常见成语,成语;综合;小升初高频,小学成语培优全书·教辅常见,idiom-l3-1849:meaning_choice,idiom:麻木不仁,meaning_choice,idiom:麻木不仁,麻木不仁,meaning_choice,upper,"{""choices"": [""小学教辅常见成语"", ""眼睛手都很快"", ""疑神疑鬼，自己吓自己"", ""没有办法可想""]}"
idiom,L3,,小学教辅常见成语（四字）,黑白分明,成语;综合;小升初高频,小学成语培优全书·教辅常见,idiom-l3-1850,idiom:黑白分明,recite,idiom:黑白分明,黑白分明,recite,all,
idiom,L3,,下面的写法对不对？,错,成语;综合;小升初高频,小学成语培优全书·教辅常见,idiom-l3-1850:char_judge,idiom:黑白分明,char_judge,idiom:黑白分明,黑白分明,char_judge,lower,"{""display"": ""甲白分明""}"
idiom,L3,,「黑白分明」的意思是？,小学教辅常见成语,成语;综合;小升初高频,小学成语培优全书·教辅常见,idiom-l3-1850:meaning_choice,idiom:黑白分明,meaning_choice,idiom:黑白分明,黑白分明,meaning_choice,upper,"{""choices"": [""小学教辅常见成语"", ""抬起头、挺起胸，很有精神"", ""不清楚、弄不明白"", ""色彩繁多""]}"
idiom,L3,,小学教辅常见成语（四字）,鼓乐喧天,成语;综合;小升初高频,小学成语培优全书·教辅常见,idiom-l3-1851,idiom:鼓乐喧天,recite,idiom:鼓乐喧天,鼓乐喧天,recite,all,
idiom,L3,,下面的写法对不对？,对,成语;综合;小升初高频,小学成语培优全书·教辅常见,idiom-l3-1851:char_judge,idiom:鼓乐喧天,char_judge,idiom:鼓乐喧天,鼓乐喧天,char_judge,lower,"{""display"": ""鼓乐喧天""}"
idiom,L3,,「鼓乐喧天」的意思是？,小学教辅常见成语,成语;综合;小升初高频,小学成语培优全书·教辅常见,idiom-l3-1851:meaning_choice,idiom:鼓乐喧天,meaning_choice,idiom:鼓乐喧天,鼓乐喧天,meaning_choice,upper,"{""choices"": [""小学教辅常见成语"", ""急得不能再等"", ""脸上很有光彩、很有精神"", ""一点儿也不马虎""]}"
idiom,L3,,小学教辅常见成语（四字）,鼓乐齐鸣,成语;综合;小升初高频,小学成语培优全书·教辅常见,idiom-l3-1852,idiom:鼓乐齐鸣,recite,idiom:鼓乐齐鸣,鼓乐齐鸣,recite,all,
idiom,L3,,下面的写法对不对？,对,成语;综合;小升初高频,小学成语培优全书·教辅常见,idiom-l3-1852:char_judge,idiom:鼓乐齐鸣,char_judge,idiom:鼓乐齐鸣,鼓乐齐鸣,char_judge,lower,"{""display"": ""鼓乐齐鸣""}"
idiom,L3,,「鼓乐齐鸣」的意思是？,小学教辅常见成语,成语;综合;小升初高频,小学成语培优全书·教辅常见,idiom-l3-1852:meaning_choice,idiom:鼓乐齐鸣,meaning_choice,idiom:鼓乐齐鸣,鼓乐齐鸣,meaning_choice,upper,"{""choices"": [""小学教辅常见成语"", ""乱七八糟地摆着"", ""微风轻轻吹"", ""受过惊吓后非常害怕""]}"
idiom,L3,,小学教辅常见成语（四字）,齐心协力,成语;综合;小升初高频,小学成语培优全书·教辅常见,idiom-l3-1853,idiom:齐心协力,recite,idiom:齐心协力,齐心协力,recite,all,
idiom,L3,,下面的写法对不对？,错,成语;综合;小升初高频,小学成语培优全书·教辅常见,idiom-l3-1853:char_judge,idiom:齐心协力,char_judge,idiom:齐心协力,齐心协力,char_judge,lower,"{""display"": ""齐心协甲""}"
idiom,L3,,「齐心协力」的意思是？,小学教辅常见成语,成语;综合;小升初高频,小学成语培优全书·教辅常见,idiom-l3-1853:meaning_choice,idiom:齐心协力,meaning_choice,idiom:齐心协力,齐心协力,meaning_choice,upper,"{""choices"": [""出主意、想办法"", ""小学教辅常见成语"", ""泉水发出叮咚声"", ""自己控制不住感情""]}"
idiom,L3,,小学教辅常见成语（四字）,齿白唇红,成语;综合;小升初高频,小学成语培优全书·教辅常见,idiom-l3-1854,idiom:齿白唇红,recite,idiom:齿白唇红,齿白唇红,recite,all,
idiom,L3,,下面的写法对不对？,错,成语;综合;小升初高频,小学成语培优全书·教辅常见,idiom-l3-1854:char_judge,idiom:齿白唇红,char_judge,idiom:齿白唇红,齿白唇红,char_judge,lower,"{""display"": ""甲白唇红""}"
idiom,L3,,「齿白唇红」的意思是？,小学教辅常见成语,成语;综合;小升初高频,小学成语培优全书·教辅常见,idiom-l3-1854:meaning_choice,idiom:齿白唇红,meaning_choice,idiom:齿白唇红,齿白唇红,meaning_choice,upper,"{""choices"": [""什么都伤害不了"", ""抬起头、挺起胸，很有精神"", ""形象生动得像活的一样"", ""小学教辅常见成语""]}"
idiom,L3,,ABCC 结构的成语（四字）,不过尔尔,成语;ABCC;小升初高频,小学成语培优全书·教辅常见,idiom-l3-1855,idiom:不过尔尔,recite,idiom:不过尔尔,不过尔尔,recite,all,
idiom,L3,,下面的写法对不对？,对,成语;ABCC;小升初高频,小学成语培优全书·教辅常见,idiom-l3-1855:char_judge,idiom:不过尔尔,char_judge,idiom:不过尔尔,不过尔尔,char_judge,lower,"{""display"": ""不过尔尔""}"
idiom,L3,,「不过尔尔」的意思是？,ABCC 结构的成语,成语;ABCC;小升初高频,小学成语培优全书·教辅常见,idiom-l3-1855:meaning_choice,idiom:不过尔尔,meaning_choice,idiom:不过尔尔,不过尔尔,meaning_choice,upper,"{""choices"": [""抬起头、挺起胸，很有精神"", ""ABCC 结构的成语"", ""含有动物的成语"", ""含有动物的成语""]}"
idiom,L3,,AABC 结构的成语（四字）,井井有条,成语;AABC;小升初高频,小学成语培优全书·教辅常见,idiom-l3-1856,idiom:井井有条,recite,idiom:井井有条,井井有条,recite,all,
idiom,L3,,下面的写法对不对？,错,成语;AABC;小升初高频,小学成语培优全书·教辅常见,idiom-l3-1856:char_judge,idiom:井井有条,char_judge,idiom:井井有条,井井有条,char_judge,lower,"{""display"": ""井井有甲""}"
idiom,L3,,「井井有条」的意思是？,AABC 结构的成语,成语;AABC;小升初高频,小学成语培优全书·教辅常见,idiom-l3-1856:meaning_choice,idiom:井井有条,meaning_choice,idiom:井井有条,井井有条,meaning_choice,upper,"{""choices"": [""AABC 结构的成语"", ""高兴得眉眼都舒展开"", ""山塌地裂，声势极大"", ""个子小但精明强干""]}"
idiom,L3,,ABCC 结构的成语（四字）,人才济济,成语;ABCC;小升初高频,小学成语培优全书·教辅常见,idiom-l3-1857,idiom:人才济济,recite,idiom:人才济济,人才济济,recite,all,
idiom,L3,,下面的写法对不对？,错,成语;ABCC;小升初高频,小学成语培优全书·教辅常见,idiom-l3-1857:char_judge,idiom:人才济济,char_judge,idiom:人才济济,人才济济,char_judge,lower,"{""display"": ""人甲济济""}"
idiom,L3,,「人才济济」的意思是？,ABCC 结构的成语,成语;ABCC;小升初高频,小学成语培优全书·教辅常见,idiom-l3-1857:meaning_choice,idiom:人才济济,meaning_choice,idiom:人才济济,人才济济,meaning_choice,upper,"{""choices"": [""费尽心思谋划（多含贬义）"", ""跃跃欲试、准备动手"", ""ABCC 结构的成语"", ""人工比自然还精巧""]}"
idiom,L3,,ABCC 结构的成语（四字）,仪表堂堂,成语;ABCC;小升初高频,小学成语培优全书·教辅常见,idiom-l3-1858,idiom:仪表堂堂,recite,idiom:仪表堂堂,仪表堂堂,recite,all,
idiom,L3,,下面的写法对不对？,对,成语;ABCC;小升初高频,小学成语培优全书·教辅常见,idiom-l3-1858:char_judge,idiom:仪表堂堂,char_judge,idiom:仪表堂堂,仪表堂堂,char_judge,lower,"{""display"": ""仪表堂堂""}"
idiom,L3,,「仪表堂堂」的意思是？,ABCC 结构的成语,成语;ABCC;小升初高频,小学成语培优全书·教辅常见,idiom-l3-1858:meaning_choice,idiom:仪表堂堂,meaning_choice,idiom:仪表堂堂,仪表堂堂,meaning_choice,upper,"{""choices"": [""ABCC 结构的成语"", ""嘴里很干"", ""高兴得眉眼都舒展开"", ""吃东西又猛又急""]}"
idiom,L3,,AABC 结构的成语（四字）,侃侃而谈,成语;AABC;小升初高频,小学成语培优全书·教辅常见,idiom-l3-1859,idiom:侃侃而谈,recite,idiom:侃侃而谈,侃侃而谈,recite,all,
idiom,L3,,下面的写法对不对？,错,成语;AABC;小升初高频,小学成语培优全书·教辅常见,idiom-l3-1859:char_judge,idiom:侃侃而谈,char_judge,idiom:侃侃而谈,侃侃而谈,char_judge,lower,"{""display"": ""甲侃而谈""}"
idiom,L3,,「侃侃而谈」的意思是？,AABC 结构的成语,成语;AABC;小升初高频,小学成语培优全书·教辅常见,idiom-l3-1859:meaning_choice,idiom:侃侃而谈,meaning_choice,idiom:侃侃而谈,侃侃而谈,meaning_choice,upper,"{""choices"": [""AABC 结构的成语"", ""个子小但精明强干"", ""侥幸逃脱的人"", ""走路很神气、满不在乎""]}"
idiom,L3,,ABCC 结构的成语（四字）,冬雪皑皑,成语;ABCC;小升初高频,小学成语培优全书·教辅常见,idiom-l3-1861,idiom:冬雪皑皑,recite,idiom:冬雪皑皑,冬雪皑皑,recite,all,
idiom,L3,,下面的写法对不对？,错,成语;ABCC;小升初高频,小学成语培优全书·教辅常见,idiom-l3-1861:char_judge,idiom:冬雪皑皑,char_judge,idiom:冬雪皑皑,冬雪皑皑,char_judge,lower,"{""display"": ""冬雪甲皑""}"
idiom,L3,,「冬雪皑皑」的意思是？,ABCC 结构的成语,成语;ABCC;小升初高频,小学成语培优全书·教辅常见,idiom-l3-1861:meaning_choice,idiom:冬雪皑皑,meaning_choice,idiom:冬雪皑皑,冬雪皑皑,meaning_choice,upper,"{""choices"": [""ABCC 结构的成语"", ""字写得有气势"", ""几句话就说完"", ""一会儿看得见一会儿看不见""]}"
idiom,L3,,ABCC 结构的成语（四字）,冷气森森,成语;ABCC;小升初高频,小学成语培优全书·教辅常见,idiom-l3-1862,idiom:冷气森森,recite,idiom:冷气森森,冷气森森,recite,all,
idiom,L3,,下面的写法对不对？,对,成语;ABCC;小升初高频,小学成语培优全书·教辅常见,idiom-l3-1862:char_judge,idiom:冷气森森,char_judge,idiom:冷气森森,冷气森森,char_judge,lower,"{""display"": ""冷气森森""}"
idiom,L3,,「冷气森森」的意思是？,ABCC 结构的成语,成语;ABCC;小升初高频,小学成语培优全书·教辅常见,idiom-l3-1862:meaning_choice,idiom:冷气森森,meaning_choice,idiom:冷气森森,冷气森森,meaning_choice,upper,"{""choices"": [""ABCC 结构的成语"", ""描写冬天的成语"", ""描写冬天的成语"", ""描写冬天的成语""]}"
idiom,L3,,ABCC 结构的成语（四字）,凉风习习,成语;ABCC;小升初高频,小学成语培优全书·教辅常见,idiom-l3-1863,idiom:凉风习习,recite,idiom:凉风习习,凉风习习,recite,all,
idiom,L3,,下面的写法对不对？,对,成语;ABCC;小升初高频,小学成语培优全书·教辅常见,idiom-l3-1863:char_judge,idiom:凉风习习,char_judge,idiom:凉风习习,凉风习习,char_judge,lower,"{""display"": ""凉风习习""}"
idiom,L3,,「凉风习习」的意思是？,ABCC 结构的成语,成语;ABCC;小升初高频,小学成语培优全书·教辅常见,idiom-l3-1863:meaning_choice,idiom:凉风习习,meaning_choice,idiom:凉风习习,凉风习习,meaning_choice,upper,"{""choices"": [""得到帮助后更强"", ""周围各个方向"", ""ABCC 结构的成语"", ""书一直拿在手里，非常爱读""]}"
idiom,L3,,ABCC 结构的成语（四字）,千里迢迢,成语;ABCC;小升初高频,小学成语培优全书·教辅常见,idiom-l3-1864,idiom:千里迢迢,recite,idiom:千里迢迢,千里迢迢,recite,all,
idiom,L3,,下面的写法对不对？,错,成语;ABCC;小升初高频,小学成语培优全书·教辅常见,idiom-l3-1864:char_judge,idiom:千里迢迢,char_judge,idiom:千里迢迢,千里迢迢,char_judge,lower,"{""display"": ""千里甲迢""}"
idiom,L3,,「千里迢迢」的意思是？,ABCC 结构的成语,成语;ABCC;小升初高频,小学成语培优全书·教辅常见,idiom-l3-1864:meaning_choice,idiom:千里迢迢,meaning_choice,idiom:千里迢迢,千里迢迢,meaning_choice,upper,"{""choices"": [""描写夏天的成语"", ""描写夏天的成语"", ""ABCC 结构的成语"", ""急于求成反而把事情弄坏""]}"
idiom,L3,,AABC 结构的成语（四字）,历历在目,成语;AABC;小升初高频,小学成语培优全书·教辅常见,idiom-l3-1865,idiom:历历在目,recite,idiom:历历在目,历历在目,recite,all,
idiom,L3,,下面的写法对不对？,对,成语;AABC;小升初高频,小学成语培优全书·教辅常见,idiom-l3-1865:char_judge,idiom:历历在目,char_judge,idiom:历历在目,历历在目,char_judge,lower,"{""display"": ""历历在目""}"
idiom,L3,,「历历在目」的意思是？,AABC 结构的成语,成语;AABC;小升初高频,小学成语培优全书·教辅常见,idiom-l3-1865:meaning_choice,idiom:历历在目,meaning_choice,idiom:历历在目,历历在目,meaning_choice,upper,"{""choices"": [""一直不停地流"", ""身材魁梧"", ""完全看不见了"", ""AABC 结构的成语""]}"
idiom,L3,,AABC 结构的成语（四字）,咄咄逼人,成语;AABC;小升初高频,小学成语培优全书·教辅常见,idiom-l3-1866,idiom:咄咄逼人,recite,idiom:咄咄逼人,咄咄逼人,recite,all,
idiom,L3,,下面的写法对不对？,错,成语;AABC;小升初高频,小学成语培优全书·教辅常见,idiom-l3-1866:char_judge,idiom:咄咄逼人,char_judge,idiom:咄咄逼人,咄咄逼人,char_judge,lower,"{""display"": ""咄咄甲人""}"
idiom,L3,,「咄咄逼人」的意思是？,AABC 结构的成语,成语;AABC;小升初高频,小学成语培优全书·教辅常见,idiom-l3-1866:meaning_choice,idiom:咄咄逼人,meaning_choice,idiom:咄咄逼人,咄咄逼人,meaning_choice,upper,"{""choices"": [""战争造成的混乱"", ""遇到危险也不害怕"", ""AABC 结构的成语"", ""刻苦学习，不敢打瞌睡""]}"
idiom,L3,,AABC 结构的成语（四字）,喋喋不休,成语;AABC;小升初高频,小学成语培优全书·教辅常见,idiom-l3-1867,idiom:喋喋不休,recite,idiom:喋喋不休,喋喋不休,recite,all,
idiom,L3,,下面的写法对不对？,对,成语;AABC;小升初高频,小学成语培优全书·教辅常见,idiom-l3-1867:char_judge,idiom:喋喋不休,char_judge,idiom:喋喋不休,喋喋不休,char_judge,lower,"{""display"": ""喋喋不休""}"
idiom,L3,,「喋喋不休」的意思是？,AABC 结构的成语,成语;AABC;小升初高频,小学成语培优全书·教辅常见,idiom-l3-1867:meaning_choice,idiom:喋喋不休,meaning_choice,idiom:喋喋不休,喋喋不休,meaning_choice,upper,"{""choices"": [""头发散乱"", ""像老虎一样盯着，想扑上去"", ""拘束、心里不踏实"", ""AABC 结构的成语""]}"
idiom,L3,,ABCC 结构的成语（四字）,喜气洋洋,成语;ABCC;小升初高频,小学成语培优全书·教辅常见,idiom-l3-1868,idiom:喜气洋洋,recite,idiom:喜气洋洋,喜气洋洋,recite,all,
idiom,L3,,下面的写法对不对？,对,成语;ABCC;小升初高频,小学成语培优全书·教辅常见,idiom-l3-1868:char_judge,idiom:喜气洋洋,char_judge,idiom:喜气洋洋,喜气洋洋,char_judge,lower,"{""display"": ""喜气洋洋""}"
idiom,L3,,「喜气洋洋」的意思是？,ABCC 结构的成语,成语;ABCC;小升初高频,小学成语培优全书·教辅常见,idiom-l3-1868:meaning_choice,idiom:喜气洋洋,meaning_choice,idiom:喜气洋洋,喜气洋洋,meaning_choice,upper,"{""choices"": [""ABCC 结构的成语"", ""像老虎一样盯着，想扑上去"", ""嘴里很干"", ""吃东西又猛又急""]}"
idiom,L3,,ABCC 结构的成语（四字）,夏日炎炎,成语;ABCC;小升初高频,小学成语培优全书·教辅常见,idiom-l3-1869,idiom:夏日炎炎,recite,idiom:夏日炎炎,夏日炎炎,recite,all,
idiom,L3,,下面的写法对不对？,错,成语;ABCC;小升初高频,小学成语培优全书·教辅常见,idiom-l3-1869:char_judge,idiom:夏日炎炎,char_judge,idiom:夏日炎炎,夏日炎炎,char_judge,lower,"{""display"": ""夏日甲炎""}"
idiom,L3,,「夏日炎炎」的意思是？,ABCC 结构的成语,成语;ABCC;小升初高频,小学成语培优全书·教辅常见,idiom-l3-1869:meaning_choice,idiom:夏日炎炎,meaning_choice,idiom:夏日炎炎,夏日炎炎,meaning_choice,upper,"{""choices"": [""从细小处看出大趋势"", ""ABCC 结构的成语"", ""事故很多的时期"", ""说话办事坚决果断""]}"
idiom,L3,,AABC 结构的成语（四字）,多多益善,成语;AABC;小升初高频,小学成语培优全书·教辅常见,idiom-l3-1870,idiom:多多益善,recite,idiom:多多益善,多多益善,recite,all,
idiom,L3,,下面的写法对不对？,错,成语;AABC;小升初高频,小学成语培优全书·教辅常见,idiom-l3-1870:char_judge,idiom:多多益善,char_judge,idiom:多多益善,多多益善,char_judge,lower,"{""display"": ""多甲益善""}"
idiom,L3,,「多多益善」的意思是？,AABC 结构的成语,成语;AABC;小升初高频,小学成语培优全书·教辅常见,idiom-l3-1870:meaning_choice,idiom:多多益善,meaning_choice,idiom:多多益善,多多益善,meaning_choice,upper,"{""choices"": [""AABC 结构的成语"", ""描写场面的成语"", ""描写场面的成语"", ""像老虎一样盯着，想扑上去""]}"
idiom,L3,,ABCC 结构的成语（四字）,大名鼎鼎,成语;ABCC;小升初高频,小学成语培优全书·教辅常见,idiom-l3-1871,idiom:大名鼎鼎,recite,idiom:大名鼎鼎,大名鼎鼎,recite,all,
idiom,L3,,下面的写法对不对？,错,成语;ABCC;小升初高频,小学成语培优全书·教辅常见,idiom-l3-1871:char_judge,idiom:大名鼎鼎,char_judge,idiom:大名鼎鼎,大名鼎鼎,char_judge,lower,"{""display"": ""大名鼎甲""}"
idiom,L3,,「大名鼎鼎」的意思是？,ABCC 结构的成语,成语;ABCC;小升初高频,小学成语培优全书·教辅常见,idiom-l3-1871:meaning_choice,idiom:大名鼎鼎,meaning_choice,idiom:大名鼎鼎,大名鼎鼎,meaning_choice,upper,"{""choices"": [""ABCC 结构的成语"", ""天空蓝得像洗过一样"", ""吃或听得非常有兴趣"", ""几句话就说完""]}"
idiom,L3,,ABCC 结构的成语（四字）,大腹便便,成语;ABCC;小升初高频,小学成语培优全书·教辅常见,idiom-l3-1872,idiom:大腹便便,recite,idiom:大腹便便,大腹便便,recite,all,
idiom,L3,,下面的写法对不对？,对,成语;ABCC;小升初高频,小学成语培优全书·教辅常见,idiom-l3-1872:char_judge,idiom:大腹便便,char_judge,idiom:大腹便便,大腹便便,char_judge,lower,"{""display"": ""大腹便便""}"
idiom,L3,,「大腹便便」的意思是？,ABCC 结构的成语,成语;ABCC;小升初高频,小学成语培优全书·教辅常见,idiom-l3-1872:meaning_choice,idiom:大腹便便,meaning_choice,idiom:大腹便便,大腹便便,meaning_choice,upper,"{""choices"": [""身材魁梧"", ""ABCC 结构的成语"", ""高兴得快要发狂"", ""一直坚持，不放弃""]}"
idiom,L3,,AABC 结构的成语（四字）,头头是道,成语;AABC;小升初高频,小学成语培优全书·教辅常见,idiom-l3-1873,idiom:头头是道,recite,idiom:头头是道,头头是道,recite,all,
idiom,L3,,下面的写法对不对？,对,成语;AABC;小升初高频,小学成语培优全书·教辅常见,idiom-l3-1873:char_judge,idiom:头头是道,char_judge,idiom:头头是道,头头是道,char_judge,lower,"{""display"": ""头头是道""}"
idiom,L3,,「头头是道」的意思是？,AABC 结构的成语,成语;AABC;小升初高频,小学成语培优全书·教辅常见,idiom-l3-1873:meaning_choice,idiom:头头是道,meaning_choice,idiom:头头是道,头头是道,meaning_choice,upper,"{""choices"": [""身体粉碎，也指不惜牺牲"", ""很想马上试一试"", ""与学习有关的成语"", ""AABC 结构的成语""]}"
idiom,L3,,AABC 结构的成语（四字）,夸夸其谈,成语;AABC;小升初高频,小学成语培优全书·教辅常见,idiom-l3-1874,idiom:夸夸其谈,recite,idiom:夸夸其谈,夸夸其谈,recite,all,
idiom,L3,,下面的写法对不对？,对,成语;AABC;小升初高频,小学成语培优全书·教辅常见,idiom-l3-1874:char_judge,idiom:夸夸其谈,char_judge,idiom:夸夸其谈,夸夸其谈,char_judge,lower,"{""display"": ""夸夸其谈""}"
idiom,L3,,「夸夸其谈」的意思是？,AABC 结构的成语,成语;AABC;小升初高频,小学成语培优全书·教辅常见,idiom-l3-1874:meaning_choice,idiom:夸夸其谈,meaning_choice,idiom:夸夸其谈,夸夸其谈,meaning_choice,upper,"{""choices"": [""知音难遇或乐曲高妙"", ""AABC 结构的成语"", ""文章或动作很流畅"", ""说话办事坚决果断""]}"
idiom,L3,,AABC 结构的成语（四字）,姗姗来迟,成语;AABC;小升初高频,小学成语培优全书·教辅常见,idiom-l3-1876,idiom:姗姗来迟,recite,idiom:姗姗来迟,姗姗来迟,recite,all,
idiom,L3,,下面的写法对不对？,对,成语;AABC;小升初高频,小学成语培优全书·教辅常见,idiom-l3-1876:char_judge,idiom:姗姗来迟,char_judge,idiom:姗姗来迟,姗姗来迟,char_judge,lower,"{""display"": ""姗姗来迟""}"
idiom,L3,,「姗姗来迟」的意思是？,AABC 结构的成语,成语;AABC;小升初高频,小学成语培优全书·教辅常见,idiom-l3-1876:meaning_choice,idiom:姗姗来迟,meaning_choice,idiom:姗姗来迟,姗姗来迟,meaning_choice,upper,"{""choices"": [""自己跟自己说话"", ""脸色温和愉快"", ""AABC 结构的成语"", ""五官清秀好看""]}"
idiom,L3,,AABC 结构的成语（四字）,娓娓动听,成语;AABC;小升初高频,小学成语培优全书·教辅常见,idiom-l3-1877,idiom:娓娓动听,recite,idiom:娓娓动听,娓娓动听,recite,all,
idiom,L3,,下面的写法对不对？,对,成语;AABC;小升初高频,小学成语培优全书·教辅常见,idiom-l3-1877:char_judge,idiom:娓娓动听,char_judge,idiom:娓娓动听,娓娓动听,char_judge,lower,"{""display"": ""娓娓动听""}"
idiom,L3,,「娓娓动听」的意思是？,AABC 结构的成语,成语;AABC;小升初高频,小学成语培优全书·教辅常见,idiom-l3-1877:meaning_choice,idiom:娓娓动听,meaning_choice,idiom:娓娓动听,娓娓动听,meaning_choice,upper,"{""choices"": [""AABC 结构的成语"", ""走路不稳，跌跌撞撞"", ""从细小处看出大趋势"", ""急于求成反而把事情弄坏""]}"
idiom,L3,,AABC 结构的成语（四字）,孜孜不倦,成语;AABC;小升初高频,小学成语培优全书·教辅常见,idiom-l3-1878,idiom:孜孜不倦,recite,idiom:孜孜不倦,孜孜不倦,recite,all,
idiom,L3,,下面的写法对不对？,错,成语;AABC;小升初高频,小学成语培优全书·教辅常见,idiom-l3-1878:char_judge,idiom:孜孜不倦,char_judge,idiom:孜孜不倦,孜孜不倦,char_judge,lower,"{""display"": ""孜孜不甲""}"
idiom,L3,,「孜孜不倦」的意思是？,AABC 结构的成语,成语;AABC;小升初高频,小学成语培优全书·教辅常见,idiom-l3-1878:meaning_choice,idiom:孜孜不倦,meaning_choice,idiom:孜孜不倦,孜孜不倦,meaning_choice,upper,"{""choices"": [""自然界最美的声音"", ""AABC 结构的成语"", ""年老体衰、行动不灵便"", ""胆子很小""]}"
idiom,L3,,AABC 结构的成语（四字）,孜孜以求,成语;AABC;小升初高频,小学成语培优全书·教辅常见,idiom-l3-1879,idiom:孜孜以求,recite,idiom:孜孜以求,孜孜以求,recite,all,
idiom,L3,,下面的写法对不对？,错,成语;AABC;小升初高频,小学成语培优全书·教辅常见,idiom-l3-1879:char_judge,idiom:孜孜以求,char_judge,idiom:孜孜以求,孜孜以求,char_judge,lower,"{""display"": ""孜孜甲求""}"
idiom,L3,,「孜孜以求」的意思是？,AABC 结构的成语,成语;AABC;小升初高频,小学成语培优全书·教辅常见,idiom-l3-1879:meaning_choice,idiom:孜孜以求,meaning_choice,idiom:孜孜以求,孜孜以求,meaning_choice,upper,"{""choices"": [""AABC 结构的成语"", ""着急或高兴得又抓耳朵又挠腮"", ""做多余的事反而坏事"", ""胆子很小""]}"
idiom,L3,,AABC 结构的成语（四字）,寥寥无几,成语;AABC;小升初高频,小学成语培优全书·教辅常见,idiom-l3-1880,idiom:寥寥无几,recite,idiom:寥寥无几,寥寥无几,recite,all,
idiom,L3,,下面的写法对不对？,对,成语;AABC;小升初高频,小学成语培优全书·教辅常见,idiom-l3-1880:char_judge,idiom:寥寥无几,char_judge,idiom:寥寥无几,寥寥无几,char_judge,lower,"{""display"": ""寥寥无几""}"
idiom,L3,,「寥寥无几」的意思是？,AABC 结构的成语,成语;AABC;小升初高频,小学成语培优全书·教辅常见,idiom-l3-1880:meaning_choice,idiom:寥寥无几,meaning_choice,idiom:寥寥无几,寥寥无几,meaning_choice,upper,"{""choices"": [""很少说话"", ""AABC 结构的成语"", ""不说话"", ""做事慌张没有条理""]}"
idiom,L3,,ABCC 结构的成语（四字）,小心翼翼,成语;ABCC;小升初高频,小学成语培优全书·教辅常见,idiom-l3-1881,idiom:小心翼翼,recite,idiom:小心翼翼,小心翼翼,recite,all,
idiom,L3,,下面的写法对不对？,对,成语;ABCC;小升初高频,小学成语培优全书·教辅常见,idiom-l3-1881:char_judge,idiom:小心翼翼,char_judge,idiom:小心翼翼,小心翼翼,char_judge,lower,"{""display"": ""小心翼翼""}"
idiom,L3,,「小心翼翼」的意思是？,ABCC 结构的成语,成语;ABCC;小升初高频,小学成语培优全书·教辅常见,idiom-l3-1881:meaning_choice,idiom:小心翼翼,meaning_choice,idiom:小心翼翼,小心翼翼,meaning_choice,upper,"{""choices"": [""笑得直不起腰"", ""失去信心，情绪低落"", ""ABCC 结构的成语"", ""描写心情的成语""]}"
idiom,L3,,ABCC 结构的成语（四字）,得意洋洋,成语;ABCC;小升初高频,小学成语培优全书·教辅常见,idiom-l3-1882,idiom:得意洋洋,recite,idiom:得意洋洋,得意洋洋,recite,all,
idiom,L3,,下面的写法对不对？,对,成语;ABCC;小升初高频,小学成语培优全书·教辅常见,idiom-l3-1882:char_judge,idiom:得意洋洋,char_judge,idiom:得意洋洋,得意洋洋,char_judge,lower,"{""display"": ""得意洋洋""}"
idiom,L3,,「得意洋洋」的意思是？,ABCC 结构的成语,成语;ABCC;小升初高频,小学成语培优全书·教辅常见,idiom-l3-1882:meaning_choice,idiom:得意洋洋,meaning_choice,idiom:得意洋洋,得意洋洋,meaning_choice,upper,"{""choices"": [""举止文雅"", ""ABCC 结构的成语"", ""AABC 结构的成语"", ""AABC 结构的成语""]}"
idiom,L3,,AABC 结构的成语（四字）,循循善诱,成语;AABC;小升初高频,小学成语培优全书·教辅常见,idiom-l3-1883,idiom:循循善诱,recite,idiom:循循善诱,循循善诱,recite,all,
idiom,L3,,下面的写法对不对？,错,成语;AABC;小升初高频,小学成语培优全书·教辅常见,idiom-l3-1883:char_judge,idiom:循循善诱,char_judge,idiom:循循善诱,循循善诱,char_judge,lower,"{""display"": ""循循善甲""}"
idiom,L3,,「循循善诱」的意思是？,AABC 结构的成语,成语;AABC;小升初高频,小学成语培优全书·教辅常见,idiom-l3-1883:meaning_choice,idiom:循循善诱,meaning_choice,idiom:循循善诱,循循善诱,meaning_choice,upper,"{""choices"": [""本领特别大"", ""刚哭完又笑了"", ""AABC 结构的成语"", ""走路很神气、满不在乎""]}"
idiom,L3,,AABC 结构的成语（四字）,心心相印,成语;AABC;小升初高频,小学成语培优全书·教辅常见,idiom-l3-1884,idiom:心心相印,recite,idiom:心心相印,心心相印,recite,all,
idiom,L3,,下面的写法对不对？,错,成语;AABC;小升初高频,小学成语培优全书·教辅常见,idiom-l3-1884:char_judge,idiom:心心相印,char_judge,idiom:心心相印,心心相印,char_judge,lower,"{""display"": ""心心甲印""}"
idiom,L3,,「心心相印」的意思是？,AABC 结构的成语,成语;AABC;小升初高频,小学成语培优全书·教辅常见,idiom-l3-1884:meaning_choice,idiom:心心相印,meaning_choice,idiom:心心相印,心心相印,meaning_choice,upper,"{""choices"": [""舍不得离开"", ""无法想象，很难理解"", ""AABC 结构的成语"", ""吃或听得非常有兴趣""]}"
idiom,L3,,ABCC 结构的成语（四字）,忠心耿耿,成语;ABCC;小升初高频,小学成语培优全书·教辅常见,idiom-l3-1885,idiom:忠心耿耿,recite,idiom:忠心耿耿,忠心耿耿,recite,all,
idiom,L3,,下面的写法对不对？,对,成语;ABCC;小升初高频,小学成语培优全书·教辅常见,idiom-l3-1885:char_judge,idiom:忠心耿耿,char_judge,idiom:忠心耿耿,忠心耿耿,char_judge,lower,"{""display"": ""忠心耿耿""}"
idiom,L3,,「忠心耿耿」的意思是？,ABCC 结构的成语,成语;ABCC;小升初高频,小学成语培优全书·教辅常见,idiom-l3-1885:meaning_choice,idiom:忠心耿耿,meaning_choice,idiom:忠心耿耿,忠心耿耿,meaning_choice,upper,"{""choices"": [""描写心情的成语"", ""描写心情的成语"", ""战争造成的混乱"", ""ABCC 结构的成语""]}"
idiom,L3,,ABCC 结构的成语（四字）,忧心忡忡,成语;ABCC;小升初高频,小学成语培优全书·教辅常见,idiom-l3-1886,idiom:忧心忡忡,recite,idiom:忧心忡忡,忧心忡忡,recite,all,
idiom,L3,,下面的写法对不对？,对,成语;ABCC;小升初高频,小学成语培优全书·教辅常见,idiom-l3-1886:char_judge,idiom:忧心忡忡,char_judge,idiom:忧心忡忡,忧心忡忡,char_judge,lower,"{""display"": ""忧心忡忡""}"
idiom,L3,,「忧心忡忡」的意思是？,ABCC 结构的成语,成语;ABCC;小升初高频,小学成语培优全书·教辅常见,idiom-l3-1886:meaning_choice,idiom:忧心忡忡,meaning_choice,idiom:忧心忡忡,忧心忡忡,meaning_choice,upper,"{""choices"": [""精神完全集中"", ""出主意、想办法"", ""在困难时给人帮助"", ""ABCC 结构的成语""]}"
idiom,L3,,AABC 结构的成语（四字）,念念不忘,成语;AABC;小升初高频,小学成语培优全书·教辅常见,idiom-l3-1887,idiom:念念不忘,recite,idiom:念念不忘,念念不忘,recite,all,
idiom,L3,,下面的写法对不对？,错,成语;AABC;小升初高频,小学成语培优全书·教辅常见,idiom-l3-1887:char_judge,idiom:念念不忘,char_judge,idiom:念念不忘,念念不忘,char_judge,lower,"{""display"": ""甲念不忘""}"
idiom,L3,,「念念不忘」的意思是？,AABC 结构的成语,成语;AABC;小升初高频,小学成语培优全书·教辅常见,idiom-l3-1887:meaning_choice,idiom:念念不忘,meaning_choice,idiom:念念不忘,念念不忘,meaning_choice,upper,"{""choices"": [""自然界最美的声音"", ""像老虎一样盯着，想扑上去"", ""AABC 结构的成语"", ""形象生动得像活的一样""]}"
idiom,L3,,ABCC 结构的成语（四字）,怒气冲冲,成语;ABCC;小升初高频,小学成语培优全书·教辅常见,idiom-l3-1888,idiom:怒气冲冲,recite,idiom:怒气冲冲,怒气冲冲,recite,all,
idiom,L3,,下面的写法对不对？,对,成语;ABCC;小升初高频,小学成语培优全书·教辅常见,idiom-l3-1888:char_judge,idiom:怒气冲冲,char_judge,idiom:怒气冲冲,怒气冲冲,char_judge,lower,"{""display"": ""怒气冲冲""}"
idiom,L3,,「怒气冲冲」的意思是？,ABCC 结构的成语,成语;ABCC;小升初高频,小学成语培优全书·教辅常见,idiom-l3-1888:meaning_choice,idiom:怒气冲冲,meaning_choice,idiom:怒气冲冲,怒气冲冲,meaning_choice,upper,"{""choices"": [""在困难时给人帮助"", ""全部显露出来，什么也藏不住"", ""很少的几句话"", ""ABCC 结构的成语""]}"
idiom,L3,,AABC 结构的成语（四字）,息息相关,成语;AABC;小升初高频,小学成语培优全书·教辅常见,idiom-l3-1890,idiom:息息相关,recite,idiom:息息相关,息息相关,recite,all,
idiom,L3,,下面的写法对不对？,对,成语;AABC;小升初高频,小学成语培优全书·教辅常见,idiom-l3-1890:char_judge,idiom:息息相关,char_judge,idiom:息息相关,息息相关,char_judge,lower,"{""display"": ""息息相关""}"
idiom,L3,,「息息相关」的意思是？,AABC 结构的成语,成语;AABC;小升初高频,小学成语培优全书·教辅常见,idiom-l3-1890:meaning_choice,idiom:息息相关,meaning_choice,idiom:息息相关,息息相关,meaning_choice,upper,"{""choices"": [""没有烦恼"", ""没有办法可想"", ""AABC 结构的成语"", ""不说话""]}"
idiom,L3,,ABCC 结构的成语（四字）,想入非非,成语;ABCC;小升初高频,小学成语培优全书·教辅常见,idiom-l3-1891,idiom:想入非非,recite,idiom:想入非非,想入非非,recite,all,
idiom,L3,,下面的写法对不对？,错,成语;ABCC;小升初高频,小学成语培优全书·教辅常见,idiom-l3-1891:char_judge,idiom:想入非非,char_judge,idiom:想入非非,想入非非,char_judge,lower,"{""display"": ""想入甲非""}"
idiom,L3,,「想入非非」的意思是？,ABCC 结构的成语,成语;ABCC;小升初高频,小学成语培优全书·教辅常见,idiom-l3-1891:meaning_choice,idiom:想入非非,meaning_choice,idiom:想入非非,想入非非,meaning_choice,upper,"{""choices"": [""描写秋天的成语"", ""描写秋天的成语"", ""描写秋天的成语"", ""ABCC 结构的成语""]}"
idiom,L3,,AABC 结构的成语（四字）,惴惴不安,成语;AABC;小升初高频,小学成语培优全书·教辅常见,idiom-l3-1892,idiom:惴惴不安,recite,idiom:惴惴不安,惴惴不安,recite,all,
idiom,L3,,下面的写法对不对？,错,成语;AABC;小升初高频,小学成语培优全书·教辅常见,idiom-l3-1892:char_judge,idiom:惴惴不安,char_judge,idiom:惴惴不安,惴惴不安,char_judge,lower,"{""display"": ""甲惴不安""}"
idiom,L3,,「惴惴不安」的意思是？,AABC 结构的成语,成语;AABC;小升初高频,小学成语培优全书·教辅常见,idiom-l3-1892:meaning_choice,idiom:惴惴不安,meaning_choice,idiom:惴惴不安,惴惴不安,meaning_choice,upper,"{""choices"": [""天地非常广阔"", ""AABC 结构的成语"", ""自以为了不起的样子"", ""文章或动作很流畅""]}"
idiom,L3,,AABC 结构的成语（四字）,愤愤不平,成语;AABC;小升初高频,小学成语培优全书·教辅常见,idiom-l3-1893,idiom:愤愤不平,recite,idiom:愤愤不平,愤愤不平,recite,all,
idiom,L3,,下面的写法对不对？,错,成语;AABC;小升初高频,小学成语培优全书·教辅常见,idiom-l3-1893:char_judge,idiom:愤愤不平,char_judge,idiom:愤愤不平,愤愤不平,char_judge,lower,"{""display"": ""愤愤步平""}"
idiom,L3,,「愤愤不平」的意思是？,AABC 结构的成语,成语;AABC;小升初高频,小学成语培优全书·教辅常见,idiom-l3-1893:meaning_choice,idiom:愤愤不平,meaning_choice,idiom:愤愤不平,愤愤不平,meaning_choice,upper,"{""choices"": [""急于求成反而把事情弄坏"", ""AABC 结构的成语"", ""像是天地特意安排的，非常合适"", ""关键处一点就使整体生动""]}"
idiom,L3,,AABC 结构的成语（四字）,振振有词,成语;AABC;小升初高频,小学成语培优全书·教辅常见,idiom-l3-1894,idiom:振振有词,recite,idiom:振振有词,振振有词,recite,all,
idiom,L3,,下面的写法对不对？,错,成语;AABC;小升初高频,小学成语培优全书·教辅常见,idiom-l3-1894:char_judge,idiom:振振有词,char_judge,idiom:振振有词,振振有词,char_judge,lower,"{""display"": ""甲振有词""}"
idiom,L3,,「振振有词」的意思是？,AABC 结构的成语,成语;AABC;小升初高频,小学成语培优全书·教辅常见,idiom-l3-1894:meaning_choice,idiom:振振有词,meaning_choice,idiom:振振有词,振振有词,meaning_choice,upper,"{""choices"": [""闪电打雷"", ""AABC 结构的成语"", ""坏主意很多"", ""到处是流离失所的灾民""]}"
idiom,L3,,AABC 结构的成语（四字）,摇摇欲坠,成语;AABC;小升初高频,小学成语培优全书·教辅常见,idiom-l3-1895,idiom:摇摇欲坠,recite,idiom:摇摇欲坠,摇摇欲坠,recite,all,
idiom,L3,,下面的写法对不对？,错,成语;AABC;小升初高频,小学成语培优全书·教辅常见,idiom-l3-1895:char_judge,idiom:摇摇欲坠,char_judge,idiom:摇摇欲坠,摇摇欲坠,char_judge,lower,"{""display"": ""摇甲欲坠""}"
idiom,L3,,「摇摇欲坠」的意思是？,AABC 结构的成语,成语;AABC;小升初高频,小学成语培优全书·教辅常见,idiom-l3-1895:meaning_choice,idiom:摇摇欲坠,meaning_choice,idiom:摇摇欲坠,摇摇欲坠,meaning_choice,upper,"{""choices"": [""蔺相如在渑池会上维护赵国尊严"", ""AABC 结构的成语"", ""乱七八糟地摆着"", ""完全看不见了""]}"
idiom,L3,,AABC 结构的成语（四字）,斤斤计较,成语;AABC;小升初高频,小学成语培优全书·教辅常见,idiom-l3-1896,idiom:斤斤计较,recite,idiom:斤斤计较,斤斤计较,recite,all,
idiom,L3,,下面的写法对不对？,对,成语;AABC;小升初高频,小学成语培优全书·教辅常见,idiom-l3-1896:char_judge,idiom:斤斤计较,char_judge,idiom:斤斤计较,斤斤计较,char_judge,lower,"{""display"": ""斤斤计较""}"
idiom,L3,,「斤斤计较」的意思是？,AABC 结构的成语,成语;AABC;小升初高频,小学成语培优全书·教辅常见,idiom-l3-1896:meaning_choice,idiom:斤斤计较,meaning_choice,idiom:斤斤计较,斤斤计较,meaning_choice,upper,"{""choices"": [""AABC 结构的成语"", ""称心如意、神气十足"", ""正宗高雅的音乐"", ""有很多话要说""]}"
idiom,L3,,ABCC 结构的成语（四字）,无所事事,成语;ABCC;小升初高频,小学成语培优全书·教辅常见,idiom-l3-1897,idiom:无所事事,recite,idiom:无所事事,无所事事,recite,all,
idiom,L3,,下面的写法对不对？,对,成语;ABCC;小升初高频,小学成语培优全书·教辅常见,idiom-l3-1897:char_judge,idiom:无所事事,char_judge,idiom:无所事事,无所事事,char_judge,lower,"{""display"": ""无所事事""}"
idiom,L3,,「无所事事」的意思是？,ABCC 结构的成语,成语;ABCC;小升初高频,小学成语培优全书·教辅常见,idiom-l3-1897:meaning_choice,idiom:无所事事,meaning_choice,idiom:无所事事,无所事事,meaning_choice,upper,"{""choices"": [""ABCC 结构的成语"", ""无家可归，四处流浪"", ""夜里不用关门，社会安定"", ""找出事物的根由""]}"
idiom,L3,,ABCC 结构的成语（四字）,春雨绵绵,成语;ABCC;小升初高频,小学成语培优全书·教辅常见,idiom-l3-1898,idiom:春雨绵绵,recite,idiom:春雨绵绵,春雨绵绵,recite,all,
idiom,L3,,下面的写法对不对？,错,成语;ABCC;小升初高频,小学成语培优全书·教辅常见,idiom-l3-1898:char_judge,idiom:春雨绵绵,char_judge,idiom:春雨绵绵,春雨绵绵,char_judge,lower,"{""display"": ""春雨绵甲""}"
idiom,L3,,「春雨绵绵」的意思是？,ABCC 结构的成语,成语;ABCC;小升初高频,小学成语培优全书·教辅常见,idiom-l3-1898:meaning_choice,idiom:春雨绵绵,meaning_choice,idiom:春雨绵绵,春雨绵绵,meaning_choice,upper,"{""choices"": [""ABCC 结构的成语"", ""只要肯下功夫就能成功"", ""拘束、心里不踏实"", ""名声和实际相符""]}"
idiom,L3,,ABCC 结构的成语（四字）,暖风习习,成语;ABCC;小升初高频,小学成语培优全书·教辅常见,idiom-l3-1899,idiom:暖风习习,recite,idiom:暖风习习,暖风习习,recite,all,
idiom,L3,,下面的写法对不对？,对,成语;ABCC;小升初高频,小学成语培优全书·教辅常见,idiom-l3-1899:char_judge,idiom:暖风习习,char_judge,idiom:暖风习习,暖风习习,char_judge,lower,"{""display"": ""暖风习习""}"
idiom,L3,,「暖风习习」的意思是？,ABCC 结构的成语,成语;ABCC;小升初高频,小学成语培优全书·教辅常见,idiom-l3-1899:meaning_choice,idiom:暖风习习,meaning_choice,idiom:暖风习习,暖风习习,meaning_choice,upper,"{""choices"": [""ABCC 结构的成语"", ""样子慈善和气"", ""描写外貌的成语"", ""做事非常顺手""]}"
idiom,L3,,AABC 结构的成语（四字）,欣欣向荣,成语;AABC;小升初高频,小学成语培优全书·教辅常见,idiom-l3-1900,idiom:欣欣向荣,recite,idiom:欣欣向荣,欣欣向荣,recite,all,
idiom,L3,,下面的写法对不对？,错,成语;AABC;小升初高频,小学成语培优全书·教辅常见,idiom-l3-1900:char_judge,idiom:欣欣向荣,char_judge,idiom:欣欣向荣,欣欣向荣,char_judge,lower,"{""display"": ""欣欣甲荣""}"
idiom,L3,,「欣欣向荣」的意思是？,AABC 结构的成语,成语;AABC;小升初高频,小学成语培优全书·教辅常见,idiom-l3-1900:meaning_choice,idiom:欣欣向荣,meaning_choice,idiom:欣欣向荣,欣欣向荣,meaning_choice,upper,"{""choices"": [""高兴得自己都受不住"", ""AABC 结构的成语"", ""不说话"", ""年老体衰、行动不灵便""]}"
idiom,L3,,AABC 结构的成语（四字）,步步为营,成语;AABC;小升初高频,小学成语培优全书·教辅常见,idiom-l3-1901,idiom:步步为营,recite,idiom:步步为营,步步为营,recite,all,
idiom,L3,,下面的写法对不对？,对,成语;AABC;小升初高频,小学成语培优全书·教辅常见,idiom-l3-1901:char_judge,idiom:步步为营,char_judge,idiom:步步为营,步步为营,char_judge,lower,"{""display"": ""步步为营""}"
idiom,L3,,「步步为营」的意思是？,AABC 结构的成语,成语;AABC;小升初高频,小学成语培优全书·教辅常见,idiom-l3-1901:meaning_choice,idiom:步步为营,meaning_choice,idiom:步步为营,步步为营,meaning_choice,upper,"{""choices"": [""春天开花秋天结果"", ""AABB 结构的成语"", ""AABB 结构的成语"", ""AABC 结构的成语""]}"
idiom,L3,,AABC 结构的成语（四字）,比比皆是,成语;AABC;小升初高频,小学成语培优全书·教辅常见,idiom-l3-1902,idiom:比比皆是,recite,idiom:比比皆是,比比皆是,recite,all,
idiom,L3,,下面的写法对不对？,错,成语;AABC;小升初高频,小学成语培优全书·教辅常见,idiom-l3-1902:char_judge,idiom:比比皆是,char_judge,idiom:比比皆是,比比皆是,char_judge,lower,"{""display"": ""甲比皆是""}"
idiom,L3,,「比比皆是」的意思是？,AABC 结构的成语,成语;AABC;小升初高频,小学成语培优全书·教辅常见,idiom-l3-1902:meaning_choice,idiom:比比皆是,meaning_choice,idiom:比比皆是,比比皆是,meaning_choice,upper,"{""choices"": [""泉水发出叮咚声"", ""无家可归，四处流浪"", ""AABC 结构的成语"", ""称心如意、神气十足""]}"
idiom,L3,,ABCC 结构的成语（四字）,气势汹汹,成语;ABCC;小升初高频,小学成语培优全书·教辅常见,idiom-l3-1903,idiom:气势汹汹,recite,idiom:气势汹汹,气势汹汹,recite,all,
idiom,L3,,下面的写法对不对？,错,成语;ABCC;小升初高频,小学成语培优全书·教辅常见,idiom-l3-1903:char_judge,idiom:气势汹汹,char_judge,idiom:气势汹汹,气势汹汹,char_judge,lower,"{""display"": ""气势汹甲""}"
idiom,L3,,「气势汹汹」的意思是？,ABCC 结构的成语,成语;ABCC;小升初高频,小学成语培优全书·教辅常见,idiom-l3-1903:meaning_choice,idiom:气势汹汹,meaning_choice,idiom:气势汹汹,气势汹汹,meaning_choice,upper,"{""choices"": [""冰和雪化了"", ""ABCC 结构的成语"", ""天地非常广阔"", ""吓得不知道该怎么办""]}"
idiom,L3,,ABCC 结构的成语（四字）,气喘吁吁,成语;ABCC;小升初高频,小学成语培优全书·教辅常见,idiom-l3-1904,idiom:气喘吁吁,recite,idiom:气喘吁吁,气喘吁吁,recite,all,
idiom,L3,,下面的写法对不对？,错,成语;ABCC;小升初高频,小学成语培优全书·教辅常见,idiom-l3-1904:char_judge,idiom:气喘吁吁,char_judge,idiom:气喘吁吁,气喘吁吁,char_judge,lower,"{""display"": ""气喘甲吁""}"
idiom,L3,,「气喘吁吁」的意思是？,ABCC 结构的成语,成语;ABCC;小升初高频,小学成语培优全书·教辅常见,idiom-l3-1904:meaning_choice,idiom:气喘吁吁,meaning_choice,idiom:气喘吁吁,气喘吁吁,meaning_choice,upper,"{""choices"": [""到处是流离失所的灾民"", ""ABCC 结构的成语"", ""描摹得十分逼真"", ""年老体衰、行动不灵便""]}"
idiom,L3,,AABC 结构的成语（四字）,沾沾自喜,成语;AABC;小升初高频,小学成语培优全书·教辅常见,idiom-l3-1905,idiom:沾沾自喜,recite,idiom:沾沾自喜,沾沾自喜,recite,all,
idiom,L3,,下面的写法对不对？,对,成语;AABC;小升初高频,小学成语培优全书·教辅常见,idiom-l3-1905:char_judge,idiom:沾沾自喜,char_judge,idiom:沾沾自喜,沾沾自喜,char_judge,lower,"{""display"": ""沾沾自喜""}"
idiom,L3,,「沾沾自喜」的意思是？,AABC 结构的成语,成语;AABC;小升初高频,小学成语培优全书·教辅常见,idiom-l3-1905:meaning_choice,idiom:沾沾自喜,meaning_choice,idiom:沾沾自喜,沾沾自喜,meaning_choice,upper,"{""choices"": [""举止文雅"", ""危害集体的人"", ""AABC 结构的成语"", ""很多花一起开""]}"
idiom,L3,,ABCC 结构的成语（四字）,波光粼粼,成语;ABCC;小升初高频,小学成语培优全书·教辅常见,idiom-l3-1906,idiom:波光粼粼,recite,idiom:波光粼粼,波光粼粼,recite,all,
idiom,L3,,下面的写法对不对？,对,成语;ABCC;小升初高频,小学成语培优全书·教辅常见,idiom-l3-1906:char_judge,idiom:波光粼粼,char_judge,idiom:波光粼粼,波光粼粼,char_judge,lower,"{""display"": ""波光粼粼""}"
idiom,L3,,「波光粼粼」的意思是？,ABCC 结构的成语,成语;ABCC;小升初高频,小学成语培优全书·教辅常见,idiom-l3-1906:meaning_choice,idiom:波光粼粼,meaning_choice,idiom:波光粼粼,波光粼粼,meaning_choice,upper,"{""choices"": [""刻苦学习，不敢打瞌睡"", ""ABCC 结构的成语"", ""不说话"", ""正宗高雅的音乐""]}"
idiom,L3,,AABC 结构的成语（四字）,洋洋得意,成语;AABC;小升初高频,小学成语培优全书·教辅常见,idiom-l3-1907,idiom:洋洋得意,recite,idiom:洋洋得意,洋洋得意,recite,all,
idiom,L3,,下面的写法对不对？,错,成语;AABC;小升初高频,小学成语培优全书·教辅常见,idiom-l3-1907:char_judge,idiom:洋洋得意,char_judge,idiom:洋洋得意,洋洋得意,char_judge,lower,"{""display"": ""洋甲得意""}"
idiom,L3,,「洋洋得意」的意思是？,AABC 结构的成语,成语;AABC;小升初高频,小学成语培优全书·教辅常见,idiom-l3-1907:meaning_choice,idiom:洋洋得意,meaning_choice,idiom:洋洋得意,洋洋得意,meaning_choice,upper,"{""choices"": [""知音难遇或乐曲高妙"", ""气势像高山大河一样雄伟"", ""AABC 结构的成语"", ""像老虎一样盯着，想扑上去""]}"
idiom,L3,,AABC 结构的成语（四字）,津津乐道,成语;AABC;小升初高频,小学成语培优全书·教辅常见,idiom-l3-1908,idiom:津津乐道,recite,idiom:津津乐道,津津乐道,recite,all,
idiom,L3,,下面的写法对不对？,错,成语;AABC;小升初高频,小学成语培优全书·教辅常见,idiom-l3-1908:char_judge,idiom:津津乐道,char_judge,idiom:津津乐道,津津乐道,char_judge,lower,"{""display"": ""津津乐到""}"
idiom,L3,,「津津乐道」的意思是？,AABC 结构的成语,成语;AABC;小升初高频,小学成语培优全书·教辅常见,idiom-l3-1908:meaning_choice,idiom:津津乐道,meaning_choice,idiom:津津乐道,津津乐道,meaning_choice,upper,"{""choices"": [""AABC 结构的成语"", ""在风里飘动"", ""本领比别人高一截"", ""找出事物的根由""]}"
idiom,L3,,AABC 结构的成语（四字）,济济一堂,成语;AABC;小升初高频,小学成语培优全书·教辅常见,idiom-l3-1910,idiom:济济一堂,recite,idiom:济济一堂,济济一堂,recite,all,
idiom,L3,,下面的写法对不对？,错,成语;AABC;小升初高频,小学成语培优全书·教辅常见,idiom-l3-1910:char_judge,idiom:济济一堂,char_judge,idiom:济济一堂,济济一堂,char_judge,lower,"{""display"": ""济济甲堂""}"
idiom,L3,,「济济一堂」的意思是？,AABC 结构的成语,成语;AABC;小升初高频,小学成语培优全书·教辅常见,idiom-l3-1910:meaning_choice,idiom:济济一堂,meaning_choice,idiom:济济一堂,济济一堂,meaning_choice,upper,"{""choices"": [""描写外貌的成语"", ""描写外貌的成语"", ""描写外貌的成语"", ""AABC 结构的成语""]}"
idiom,L3,,AABC 结构的成语（四字）,涓涓细流,成语;AABC;小升初高频,小学成语培优全书·教辅常见,idiom-l3-1911,idiom:涓涓细流,recite,idiom:涓涓细流,涓涓细流,recite,all,
idiom,L3,,下面的写法对不对？,错,成语;AABC;小升初高频,小学成语培优全书·教辅常见,idiom-l3-1911:char_judge,idiom:涓涓细流,char_judge,idiom:涓涓细流,涓涓细流,char_judge,lower,"{""display"": ""甲涓细流""}"
idiom,L3,,「涓涓细流」的意思是？,AABC 结构的成语,成语;AABC;小升初高频,小学成语培优全书·教辅常见,idiom-l3-1911:meaning_choice,idiom:涓涓细流,meaning_choice,idiom:涓涓细流,涓涓细流,meaning_choice,upper,"{""choices"": [""走路很神气、满不在乎"", ""像是天地特意安排的，非常合适"", ""AABC 结构的成语"", ""无法想象，很难理解""]}"
idiom,L3,,AABC 结构的成语（四字）,源源不断,成语;AABC;小升初高频,小学成语培优全书·教辅常见,idiom-l3-1912,idiom:源源不断,recite,idiom:源源不断,源源不断,recite,all,
idiom,L3,,下面的写法对不对？,错,成语;AABC;小升初高频,小学成语培优全书·教辅常见,idiom-l3-1912:char_judge,idiom:源源不断,char_judge,idiom:源源不断,源源不断,char_judge,lower,"{""display"": ""甲源不断""}"
idiom,L3,,「源源不断」的意思是？,AABC 结构的成语,成语;AABC;小升初高频,小学成语培优全书·教辅常见,idiom-l3-1912:meaning_choice,idiom:源源不断,meaning_choice,idiom:源源不断,源源不断,meaning_choice,upper,"{""choices"": [""很多人或动物聚在一起"", ""AABC 结构的成语"", ""抬起头、挺起胸，很有精神"", ""夜里不用关门，社会安定""]}"
idiom,L3,,AABC 结构的成语（四字）,滔滔不绝,成语;AABC;小升初高频,小学成语培优全书·教辅常见,idiom-l3-1913,idiom:滔滔不绝,recite,idiom:滔滔不绝,滔滔不绝,recite,all,
idiom,L3,,下面的写法对不对？,对,成语;AABC;小升初高频,小学成语培优全书·教辅常见,idiom-l3-1913:char_judge,idiom:滔滔不绝,char_judge,idiom:滔滔不绝,滔滔不绝,char_judge,lower,"{""display"": ""滔滔不绝""}"
idiom,L3,,「滔滔不绝」的意思是？,AABC 结构的成语,成语;AABC;小升初高频,小学成语培优全书·教辅常见,idiom-l3-1913:meaning_choice,idiom:滔滔不绝,meaning_choice,idiom:滔滔不绝,滔滔不绝,meaning_choice,upper,"{""choices"": [""一下子明白过来"", ""书法笔势奔放"", ""人工比自然还精巧"", ""AABC 结构的成语""]}"
idiom,L3,,AABC 结构的成语（四字）,炯炯有神,成语;AABC;小升初高频,小学成语培优全书·教辅常见,idiom-l3-1914,idiom:炯炯有神,recite,idiom:炯炯有神,炯炯有神,recite,all,
idiom,L3,,下面的写法对不对？,对,成语;AABC;小升初高频,小学成语培优全书·教辅常见,idiom-l3-1914:char_judge,idiom:炯炯有神,char_judge,idiom:炯炯有神,炯炯有神,char_judge,lower,"{""display"": ""炯炯有神""}"
idiom,L3,,「炯炯有神」的意思是？,AABC 结构的成语,成语;AABC;小升初高频,小学成语培优全书·教辅常见,idiom-l3-1914:meaning_choice,idiom:炯炯有神,meaning_choice,idiom:炯炯有神,炯炯有神,meaning_choice,upper,"{""choices"": [""AABC 结构的成语"", ""描写品质的成语"", ""描写品质的成语"", ""描写品质的成语""]}"
idiom,L3,,ABCC 结构的成语（四字）,烈日炎炎,成语;ABCC;小升初高频,小学成语培优全书·教辅常见,idiom-l3-1915,idiom:烈日炎炎,recite,idiom:烈日炎炎,烈日炎炎,recite,all,
idiom,L3,,下面的写法对不对？,对,成语;ABCC;小升初高频,小学成语培优全书·教辅常见,idiom-l3-1915:char_judge,idiom:烈日炎炎,char_judge,idiom:烈日炎炎,烈日炎炎,char_judge,lower,"{""display"": ""烈日炎炎""}"
idiom,L3,,「烈日炎炎」的意思是？,ABCC 结构的成语,成语;ABCC;小升初高频,小学成语培优全书·教辅常见,idiom-l3-1915:meaning_choice,idiom:烈日炎炎,meaning_choice,idiom:烈日炎炎,烈日炎炎,meaning_choice,upper,"{""choices"": [""名声传到国内外"", ""与学习有关的成语"", ""与学习有关的成语"", ""ABCC 结构的成语""]}"
idiom,L3,,ABCC 结构的成语（四字）,热气腾腾,成语;ABCC;小升初高频,小学成语培优全书·教辅常见,idiom-l3-1916,idiom:热气腾腾,recite,idiom:热气腾腾,热气腾腾,recite,all,
idiom,L3,,下面的写法对不对？,对,成语;ABCC;小升初高频,小学成语培优全书·教辅常见,idiom-l3-1916:char_judge,idiom:热气腾腾,char_judge,idiom:热气腾腾,热气腾腾,char_judge,lower,"{""display"": ""热气腾腾""}"
idiom,L3,,「热气腾腾」的意思是？,ABCC 结构的成语,成语;ABCC;小升初高频,小学成语培优全书·教辅常见,idiom-l3-1916:meaning_choice,idiom:热气腾腾,meaning_choice,idiom:热气腾腾,热气腾腾,meaning_choice,upper,"{""choices"": [""含有动物的成语"", ""含有动物的成语"", ""含有动物的成语"", ""ABCC 结构的成语""]}"
idiom,L3,,ABCC 结构的成语（四字）,白云悠悠,成语;ABCC;小升初高频,小学成语培优全书·教辅常见,idiom-l3-1918,idiom:白云悠悠,recite,idiom:白云悠悠,白云悠悠,recite,all,
idiom,L3,,下面的写法对不对？,对,成语;ABCC;小升初高频,小学成语培优全书·教辅常见,idiom-l3-1918:char_judge,idiom:白云悠悠,char_judge,idiom:白云悠悠,白云悠悠,char_judge,lower,"{""display"": ""白云悠悠""}"
idiom,L3,,「白云悠悠」的意思是？,ABCC 结构的成语,成语;ABCC;小升初高频,小学成语培优全书·教辅常见,idiom-l3-1918:meaning_choice,idiom:白云悠悠,meaning_choice,idiom:白云悠悠,白云悠悠,meaning_choice,upper,"{""choices"": [""ABCC 结构的成语"", ""气势很大、规模很大"", ""著名的高山和大河"", ""全部显露出来，什么也藏不住""]}"
idiom,L3,,ABCC 结构的成语（四字）,白云朵朵,成语;ABCC;小升初高频,小学成语培优全书·教辅常见,idiom-l3-1919,idiom:白云朵朵,recite,idiom:白云朵朵,白云朵朵,recite,all,
idiom,L3,,下面的写法对不对？,错,成语;ABCC;小升初高频,小学成语培优全书·教辅常见,idiom-l3-1919:char_judge,idiom:白云朵朵,char_judge,idiom:白云朵朵,白云朵朵,char_judge,lower,"{""display"": ""白甲朵朵""}"
idiom,L3,,「白云朵朵」的意思是？,ABCC 结构的成语,成语;ABCC;小升初高频,小学成语培优全书·教辅常见,idiom-l3-1919:meaning_choice,idiom:白云朵朵,meaning_choice,idiom:白云朵朵,白云朵朵,meaning_choice,upper,"{""choices"": [""政事顺利，百姓和睦"", ""声势或影响极大"", ""ABCC 结构的成语"", ""有些信、有些不信""]}"
idiom,L3,,ABCC 结构的成语（四字）,白发苍苍,成语;ABCC;小升初高频,小学成语培优全书·教辅常见,idiom-l1-0053,idiom:白发苍苍,recite,idiom:白发苍苍,白发苍苍,recite,all,
idiom,L3,,下面的写法对不对？,错,成语;ABCC;小升初高频,小学成语培优全书·教辅常见,idiom-l1-0053:char_judge,idiom:白发苍苍,char_judge,idiom:白发苍苍,白发苍苍,char_judge,lower,"{""display"": ""白甲苍苍""}"
idiom,L3,,「白发苍苍」的意思是？,ABCC 结构的成语,成语;ABCC;小升初高频,小学成语培优全书·教辅常见,idiom-l1-0053:meaning_choice,idiom:白发苍苍,meaning_choice,idiom:白发苍苍,白发苍苍,meaning_choice,upper,"{""choices"": [""ABCC 结构的成语"", ""年老体衰、行动不灵便"", ""费尽心思"", ""乱七八糟地摆着""]}"
idiom,L3,,ABCC 结构的成语（四字）,目光炯炯,成语;ABCC;小升初高频,小学成语培优全书·教辅常见,idiom-l3-1920,idiom:目光炯炯,recite,idiom:目光炯炯,目光炯炯,recite,all,
idiom,L3,,下面的写法对不对？,错,成语;ABCC;小升初高频,小学成语培优全书·教辅常见,idiom-l3-1920:char_judge,idiom:目光炯炯,char_judge,idiom:目光炯炯,目光炯炯,char_judge,lower,"{""display"": ""目甲炯炯""}"
idiom,L3,,「目光炯炯」的意思是？,ABCC 结构的成语,成语;ABCC;小升初高频,小学成语培优全书·教辅常见,idiom-l3-1920:meaning_choice,idiom:目光炯炯,meaning_choice,idiom:目光炯炯,目光炯炯,meaning_choice,upper,"{""choices"": [""不慌不忙"", ""受过惊吓后非常害怕"", ""著名的高山和大河"", ""ABCC 结构的成语""]}"
idiom,L3,,ABCC 结构的成语（四字）,硕果累累,成语;ABCC;小升初高频,小学成语培优全书·教辅常见,idiom-l3-1921,idiom:硕果累累,recite,idiom:硕果累累,硕果累累,recite,all,
idiom,L3,,下面的写法对不对？,对,成语;ABCC;小升初高频,小学成语培优全书·教辅常见,idiom-l3-1921:char_judge,idiom:硕果累累,char_judge,idiom:硕果累累,硕果累累,char_judge,lower,"{""display"": ""硕果累累""}"
idiom,L3,,「硕果累累」的意思是？,ABCC 结构的成语,成语;ABCC;小升初高频,小学成语培优全书·教辅常见,idiom-l3-1921:meaning_choice,idiom:硕果累累,meaning_choice,idiom:硕果累累,硕果累累,meaning_choice,upper,"{""choices"": [""ABCC 结构的成语"", ""形象生动得像活的一样"", ""战争造成的混乱"", ""很多人或动物聚在一起""]}"
idiom,L3,,ABCC 结构的成语（四字）,神采奕奕,成语;ABCC;小升初高频,小学成语培优全书·教辅常见,idiom-l3-1922,idiom:神采奕奕,recite,idiom:神采奕奕,神采奕奕,recite,all,
idiom,L3,,下面的写法对不对？,错,成语;ABCC;小升初高频,小学成语培优全书·教辅常见,idiom-l3-1922:char_judge,idiom:神采奕奕,char_judge,idiom:神采奕奕,神采奕奕,char_judge,lower,"{""display"": ""神采奕甲""}"
idiom,L3,,「神采奕奕」的意思是？,ABCC 结构的成语,成语;ABCC;小升初高频,小学成语培优全书·教辅常见,idiom-l3-1922:meaning_choice,idiom:神采奕奕,meaning_choice,idiom:神采奕奕,神采奕奕,meaning_choice,upper,"{""choices"": [""ABCC 结构的成语"", ""本领比别人高一截"", ""描摹得十分逼真"", ""模仿别人反而把自己的本事忘了""]}"
idiom,L3,,ABCC 结构的成语（四字）,秋雨绵绵,成语;ABCC;小升初高频,小学成语培优全书·教辅常见,idiom-l3-1923,idiom:秋雨绵绵,recite,idiom:秋雨绵绵,秋雨绵绵,recite,all,
idiom,L3,,下面的写法对不对？,错,成语;ABCC;小升初高频,小学成语培优全书·教辅常见,idiom-l3-1923:char_judge,idiom:秋雨绵绵,char_judge,idiom:秋雨绵绵,秋雨绵绵,char_judge,lower,"{""display"": ""秋雨绵甲""}"
idiom,L3,,「秋雨绵绵」的意思是？,ABCC 结构的成语,成语;ABCC;小升初高频,小学成语培优全书·教辅常见,idiom-l3-1923:meaning_choice,idiom:秋雨绵绵,meaning_choice,idiom:秋雨绵绵,秋雨绵绵,meaning_choice,upper,"{""choices"": [""脸和耳朵都红了"", ""ABCC 结构的成语"", ""描写秋天的成语"", ""不说话""]}"
idiom,L3,,ABCC 结构的成语（四字）,繁星点点,成语;ABCC;小升初高频,小学成语培优全书·教辅常见,idiom-l3-1925,idiom:繁星点点,recite,idiom:繁星点点,繁星点点,recite,all,
idiom,L3,,下面的写法对不对？,对,成语;ABCC;小升初高频,小学成语培优全书·教辅常见,idiom-l3-1925:char_judge,idiom:繁星点点,char_judge,idiom:繁星点点,繁星点点,char_judge,lower,"{""display"": ""繁星点点""}"
idiom,L3,,「繁星点点」的意思是？,ABCC 结构的成语,成语;ABCC;小升初高频,小学成语培优全书·教辅常见,idiom-l3-1925:meaning_choice,idiom:繁星点点,meaning_choice,idiom:繁星点点,繁星点点,meaning_choice,upper,"{""choices"": [""云雾散开，眼前明亮"", ""ABCC 结构的成语"", ""出自历史故事的成语"", ""很多人或动物聚在一起""]}"
idiom,L3,,ABCC 结构的成语（四字）,细雨蒙蒙,成语;ABCC;小升初高频,小学成语培优全书·教辅常见,idiom-l3-1926,idiom:细雨蒙蒙,recite,idiom:细雨蒙蒙,细雨蒙蒙,recite,all,
idiom,L3,,下面的写法对不对？,错,成语;ABCC;小升初高频,小学成语培优全书·教辅常见,idiom-l3-1926:char_judge,idiom:细雨蒙蒙,char_judge,idiom:细雨蒙蒙,细雨蒙蒙,char_judge,lower,"{""display"": ""细雨甲蒙""}"
idiom,L3,,「细雨蒙蒙」的意思是？,ABCC 结构的成语,成语;ABCC;小升初高频,小学成语培优全书·教辅常见,idiom-l3-1926:meaning_choice,idiom:细雨蒙蒙,meaning_choice,idiom:细雨蒙蒙,细雨蒙蒙,meaning_choice,upper,"{""choices"": [""心里急得像火烧"", ""危害集体的人"", ""生活在优裕的环境里"", ""ABCC 结构的成语""]}"
idiom,L3,,AABC 结构的成语（四字）,绰绰有余,成语;AABC;小升初高频,小学成语培优全书·教辅常见,idiom-l3-1927,idiom:绰绰有余,recite,idiom:绰绰有余,绰绰有余,recite,all,
idiom,L3,,下面的写法对不对？,错,成语;AABC;小升初高频,小学成语培优全书·教辅常见,idiom-l3-1927:char_judge,idiom:绰绰有余,char_judge,idiom:绰绰有余,绰绰有余,char_judge,lower,"{""display"": ""绰绰有甲""}"
idiom,L3,,「绰绰有余」的意思是？,AABC 结构的成语,成语;AABC;小升初高频,小学成语培优全书·教辅常见,idiom-l3-1927:meaning_choice,idiom:绰绰有余,meaning_choice,idiom:绰绰有余,绰绰有余,meaning_choice,upper,"{""choices"": [""AABC 结构的成语"", ""跃跃欲试、准备动手"", ""像是天地特意安排的，非常合适"", ""全部显露出来，什么也藏不住""]}"
idiom,L3,,ABCC 结构的成语（四字）,自信满满,成语;ABCC;小升初高频,小学成语培优全书·教辅常见,idiom-l3-1928,idiom:自信满满,recite,idiom:自信满满,自信满满,recite,all,
idiom,L3,,下面的写法对不对？,对,成语;ABCC;小升初高频,小学成语培优全书·教辅常见,idiom-l3-1928:char_judge,idiom:自信满满,char_judge,idiom:自信满满,自信满满,char_judge,lower,"{""display"": ""自信满满""}"
idiom,L3,,「自信满满」的意思是？,ABCC 结构的成语,成语;ABCC;小升初高频,小学成语培优全书·教辅常见,idiom-l3-1928:meaning_choice,idiom:自信满满,meaning_choice,idiom:自信满满,自信满满,meaning_choice,upper,"{""choices"": [""急得不能再等"", ""天地非常广阔"", ""ABCC 结构的成语"", ""主动认错、请求责罚""]}"
idiom,L3,,AABC 结构的成语（四字）,草草了事,成语;AABC;小升初高频,小学成语培优全书·教辅常见,idiom-l3-1929,idiom:草草了事,recite,idiom:草草了事,草草了事,recite,all,
idiom,L3,,下面的写法对不对？,对,成语;AABC;小升初高频,小学成语培优全书·教辅常见,idiom-l3-1929:char_judge,idiom:草草了事,char_judge,idiom:草草了事,草草了事,char_judge,lower,"{""display"": ""草草了事""}"
idiom,L3,,「草草了事」的意思是？,AABC 结构的成语,成语;AABC;小升初高频,小学成语培优全书·教辅常见,idiom-l3-1929:meaning_choice,idiom:草草了事,meaning_choice,idiom:草草了事,草草了事,meaning_choice,upper,"{""choices"": [""AABC 结构的成语"", ""很多花一起开"", ""脸色温和愉快"", ""非常安静""]}"
idiom,L3,,AABC 结构的成语（四字）,落落大方,成语;AABC;小升初高频,小学成语培优全书·教辅常见,idiom-l3-1930,idiom:落落大方,recite,idiom:落落大方,落落大方,recite,all,
idiom,L3,,下面的写法对不对？,对,成语;AABC;小升初高频,小学成语培优全书·教辅常见,idiom-l3-1930:char_judge,idiom:落落大方,char_judge,idiom:落落大方,落落大方,char_judge,lower,"{""display"": ""落落大方""}"
idiom,L3,,「落落大方」的意思是？,AABC 结构的成语,成语;AABC;小升初高频,小学成语培优全书·教辅常见,idiom-l3-1930:meaning_choice,idiom:落落大方,meaning_choice,idiom:落落大方,落落大方,meaning_choice,upper,"{""choices"": [""急于求成反而把事情弄坏"", ""天空一片晴朗"", ""AABC 结构的成语"", ""胆子很小""]}"
idiom,L3,,AABC 结构的成语（四字）,蒸蒸日上,成语;AABC;小升初高频,小学成语培优全书·教辅常见,idiom-l3-1931,idiom:蒸蒸日上,recite,idiom:蒸蒸日上,蒸蒸日上,recite,all,
idiom,L3,,下面的写法对不对？,对,成语;AABC;小升初高频,小学成语培优全书·教辅常见,idiom-l3-1931:char_judge,idiom:蒸蒸日上,char_judge,idiom:蒸蒸日上,蒸蒸日上,char_judge,lower,"{""display"": ""蒸蒸日上""}"
idiom,L3,,「蒸蒸日上」的意思是？,AABC 结构的成语,成语;AABC;小升初高频,小学成语培优全书·教辅常见,idiom-l3-1931:meaning_choice,idiom:蒸蒸日上,meaning_choice,idiom:蒸蒸日上,蒸蒸日上,meaning_choice,upper,"{""choices"": [""AABC 结构的成语"", ""自然界最美的声音"", ""含有数字的成语"", ""含有数字的成语""]}"
idiom,L3,,ABCC 结构的成语（四字）,衣冠楚楚,成语;ABCC;小升初高频,小学成语培优全书·教辅常见,idiom-l3-1932,idiom:衣冠楚楚,recite,idiom:衣冠楚楚,衣冠楚楚,recite,all,
idiom,L3,,下面的写法对不对？,错,成语;ABCC;小升初高频,小学成语培优全书·教辅常见,idiom-l3-1932:char_judge,idiom:衣冠楚楚,char_judge,idiom:衣冠楚楚,衣冠楚楚,char_judge,lower,"{""display"": ""甲冠楚楚""}"
idiom,L3,,「衣冠楚楚」的意思是？,ABCC 结构的成语,成语;ABCC;小升初高频,小学成语培优全书·教辅常见,idiom-l3-1932:meaning_choice,idiom:衣冠楚楚,meaning_choice,idiom:衣冠楚楚,衣冠楚楚,meaning_choice,upper,"{""choices"": [""微风轻轻吹"", ""ABCC 结构的成语"", ""气魄很大的话"", ""描写夏天的成语""]}"
idiom,L3,,AABC 结构的成语（四字）,谆谆教导,成语;AABC;小升初高频,小学成语培优全书·教辅常见,idiom-l3-1933,idiom:谆谆教导,recite,idiom:谆谆教导,谆谆教导,recite,all,
idiom,L3,,下面的写法对不对？,错,成语;AABC;小升初高频,小学成语培优全书·教辅常见,idiom-l3-1933:char_judge,idiom:谆谆教导,char_judge,idiom:谆谆教导,谆谆教导,char_judge,lower,"{""display"": ""甲谆教导""}"
idiom,L3,,「谆谆教导」的意思是？,AABC 结构的成语,成语;AABC;小升初高频,小学成语培优全书·教辅常见,idiom-l3-1933:meaning_choice,idiom:谆谆教导,meaning_choice,idiom:谆谆教导,谆谆教导,meaning_choice,upper,"{""choices"": [""AABC 结构的成语"", ""生活在优裕的环境里"", ""名声传到国内外"", ""周围各个方向""]}"
idiom,L3,,AABC 结构的成语（四字）,谢谢不敏,成语;AABC;小升初高频,小学成语培优全书·教辅常见,idiom-l3-1934,idiom:谢谢不敏,recite,idiom:谢谢不敏,谢谢不敏,recite,all,
idiom,L3,,下面的写法对不对？,对,成语;AABC;小升初高频,小学成语培优全书·教辅常见,idiom-l3-1934:char_judge,idiom:谢谢不敏,char_judge,idiom:谢谢不敏,谢谢不敏,char_judge,lower,"{""display"": ""谢谢不敏""}"
idiom,L3,,「谢谢不敏」的意思是？,AABC 结构的成语,成语;AABC;小升初高频,小学成语培优全书·教辅常见,idiom-l3-1934:meaning_choice,idiom:谢谢不敏,meaning_choice,idiom:谢谢不敏,谢谢不敏,meaning_choice,upper,"{""choices"": [""AABC 结构的成语"", ""描写春天的成语"", ""描写春天的成语"", ""描写春天的成语""]}"
idiom,L3,,AABC 结构的成语（四字）,赫赫有名,成语;AABC;小升初高频,小学成语培优全书·教辅常见,idiom-l3-1935,idiom:赫赫有名,recite,idiom:赫赫有名,赫赫有名,recite,all,
idiom,L3,,下面的写法对不对？,对,成语;AABC;小升初高频,小学成语培优全书·教辅常见,idiom-l3-1935:char_judge,idiom:赫赫有名,char_judge,idiom:赫赫有名,赫赫有名,char_judge,lower,"{""display"": ""赫赫有名""}"
idiom,L3,,「赫赫有名」的意思是？,AABC 结构的成语,成语;AABC;小升初高频,小学成语培优全书·教辅常见,idiom-l3-1935:meaning_choice,idiom:赫赫有名,meaning_choice,idiom:赫赫有名,赫赫有名,meaning_choice,upper,"{""choices"": [""把东西完好无损地归还原主"", ""AABC 结构的成语"", ""头摇来摇去，得意或入神"", ""黄莺唱歌、燕子飞舞""]}"
idiom,L3,,ABCC 结构的成语（四字）,逃之夭夭,成语;ABCC;小升初高频,小学成语培优全书·教辅常见,idiom-l3-1937,idiom:逃之夭夭,recite,idiom:逃之夭夭,逃之夭夭,recite,all,
idiom,L3,,下面的写法对不对？,错,成语;ABCC;小升初高频,小学成语培优全书·教辅常见,idiom-l3-1937:char_judge,idiom:逃之夭夭,char_judge,idiom:逃之夭夭,逃之夭夭,char_judge,lower,"{""display"": ""逃甲夭夭""}"
idiom,L3,,「逃之夭夭」的意思是？,ABCC 结构的成语,成语;ABCC;小升初高频,小学成语培优全书·教辅常见,idiom-l3-1937:meaning_choice,idiom:逃之夭夭,meaning_choice,idiom:逃之夭夭,逃之夭夭,meaning_choice,upper,"{""choices"": [""很多人或动物聚在一起"", ""ABCC 结构的成语"", ""事情还没发生就知道"", ""一切都换成了新气象""]}"
idiom,L3,,AABC 结构的成语（四字）,遥遥领先,成语;AABC;小升初高频,小学成语培优全书·教辅常见,idiom-l3-1938,idiom:遥遥领先,recite,idiom:遥遥领先,遥遥领先,recite,all,
idiom,L3,,下面的写法对不对？,错,成语;AABC;小升初高频,小学成语培优全书·教辅常见,idiom-l3-1938:char_judge,idiom:遥遥领先,char_judge,idiom:遥遥领先,遥遥领先,char_judge,lower,"{""display"": ""遥遥领甲""}"
idiom,L3,,「遥遥领先」的意思是？,AABC 结构的成语,成语;AABC;小升初高频,小学成语培优全书·教辅常见,idiom-l3-1938:meaning_choice,idiom:遥遥领先,meaning_choice,idiom:遥遥领先,遥遥领先,meaning_choice,upper,"{""choices"": [""战争造成的混乱"", ""费尽心思"", ""计谋非常高明"", ""AABC 结构的成语""]}"
idiom,L3,,AABC 结构的成语（四字）,郁郁寡欢,成语;AABC;小升初高频,小学成语培优全书·教辅常见,idiom-l3-1939,idiom:郁郁寡欢,recite,idiom:郁郁寡欢,郁郁寡欢,recite,all,
idiom,L3,,下面的写法对不对？,对,成语;AABC;小升初高频,小学成语培优全书·教辅常见,idiom-l3-1939:char_judge,idiom:郁郁寡欢,char_judge,idiom:郁郁寡欢,郁郁寡欢,char_judge,lower,"{""display"": ""郁郁寡欢""}"
idiom,L3,,「郁郁寡欢」的意思是？,AABC 结构的成语,成语;AABC;小升初高频,小学成语培优全书·教辅常见,idiom-l3-1939:meaning_choice,idiom:郁郁寡欢,meaning_choice,idiom:郁郁寡欢,郁郁寡欢,meaning_choice,upper,"{""choices"": [""AABC 结构的成语"", ""描写神态的成语"", ""描写神态的成语"", ""描写神态的成语""]}"
idiom,L3,,AABC 结构的成语（四字）,闷闷不乐,成语;AABC;小升初高频,小学成语培优全书·教辅常见,idiom-l3-1940,idiom:闷闷不乐,recite,idiom:闷闷不乐,闷闷不乐,recite,all,
idiom,L3,,下面的写法对不对？,对,成语;AABC;小升初高频,小学成语培优全书·教辅常见,idiom-l3-1940:char_judge,idiom:闷闷不乐,char_judge,idiom:闷闷不乐,闷闷不乐,char_judge,lower,"{""display"": ""闷闷不乐""}"
idiom,L3,,「闷闷不乐」的意思是？,AABC 结构的成语,成语;AABC;小升初高频,小学成语培优全书·教辅常见,idiom-l3-1940:meaning_choice,idiom:闷闷不乐,meaning_choice,idiom:闷闷不乐,闷闷不乐,meaning_choice,upper,"{""choices"": [""AABC 结构的成语"", ""只要肯下功夫就能成功"", ""春天回来了，大地苏醒"", ""费尽心思谋划（多含贬义）""]}"
idiom,L3,,ABCC 结构的成语（四字）,雾气腾腾,成语;ABCC;小升初高频,小学成语培优全书·教辅常见,idiom-l3-1941,idiom:雾气腾腾,recite,idiom:雾气腾腾,雾气腾腾,recite,all,
idiom,L3,,下面的写法对不对？,对,成语;ABCC;小升初高频,小学成语培优全书·教辅常见,idiom-l3-1941:char_judge,idiom:雾气腾腾,char_judge,idiom:雾气腾腾,雾气腾腾,char_judge,lower,"{""display"": ""雾气腾腾""}"
idiom,L3,,「雾气腾腾」的意思是？,ABCC 结构的成语,成语;ABCC;小升初高频,小学成语培优全书·教辅常见,idiom-l3-1941:meaning_choice,idiom:雾气腾腾,meaning_choice,idiom:雾气腾腾,雾气腾腾,meaning_choice,upper,"{""choices"": [""ABCC 结构的成语"", ""声势或影响极大"", ""弄错了对象或事实"", ""高兴得眉眼都舒展开""]}"
idiom,L3,,AABC 结构的成语（四字）,面面俱到,成语;AABC;小升初高频,小学成语培优全书·教辅常见,idiom-l3-1942,idiom:面面俱到,recite,idiom:面面俱到,面面俱到,recite,all,
idiom,L3,,下面的写法对不对？,错,成语;AABC;小升初高频,小学成语培优全书·教辅常见,idiom-l3-1942:char_judge,idiom:面面俱到,char_judge,idiom:面面俱到,面面俱到,char_judge,lower,"{""display"": ""面甲俱到""}"
idiom,L3,,「面面俱到」的意思是？,AABC 结构的成语,成语;AABC;小升初高频,小学成语培优全书·教辅常见,idiom-l3-1942:meaning_choice,idiom:面面俱到,meaning_choice,idiom:面面俱到,面面俱到,meaning_choice,upper,"{""choices"": [""全国各地，四面八方"", ""AABC 结构的成语"", ""模仿别人反而把自己的本事忘了"", ""出自寓言故事的成语""]}"
idiom,L3,,AABC 结构的成语（四字）,面面相觑,成语;AABC;小升初高频,小学成语培优全书·教辅常见,idiom-l3-1943,idiom:面面相觑,recite,idiom:面面相觑,面面相觑,recite,all,
idiom,L3,,下面的写法对不对？,错,成语;AABC;小升初高频,小学成语培优全书·教辅常见,idiom-l3-1943:char_judge,idiom:面面相觑,char_judge,idiom:面面相觑,面面相觑,char_judge,lower,"{""display"": ""面面甲觑""}"
idiom,L3,,「面面相觑」的意思是？,AABC 结构的成语,成语;AABC;小升初高频,小学成语培优全书·教辅常见,idiom-l3-1943:meaning_choice,idiom:面面相觑,meaning_choice,idiom:面面相觑,面面相觑,meaning_choice,upper,"{""choices"": [""疑神疑鬼，自己吓自己"", ""AABC 结构的成语"", ""到处是冰和雪"", ""战争造成的混乱""]}"
idiom,L3,,ABCC 结构的成语（四字）,风尘仆仆,成语;ABCC;小升初高频,小学成语培优全书·教辅常见,idiom-l3-1944,idiom:风尘仆仆,recite,idiom:风尘仆仆,风尘仆仆,recite,all,
idiom,L3,,下面的写法对不对？,对,成语;ABCC;小升初高频,小学成语培优全书·教辅常见,idiom-l3-1944:char_judge,idiom:风尘仆仆,char_judge,idiom:风尘仆仆,风尘仆仆,char_judge,lower,"{""display"": ""风尘仆仆""}"
idiom,L3,,「风尘仆仆」的意思是？,ABCC 结构的成语,成语;ABCC;小升初高频,小学成语培优全书·教辅常见,idiom-l3-1944:meaning_choice,idiom:风尘仆仆,meaning_choice,idiom:风尘仆仆,风尘仆仆,meaning_choice,upper,"{""choices"": [""ABCC 结构的成语"", ""精神力气都用尽了"", ""侥幸逃脱的人"", ""本领比别人高一截""]}"
idiom,L3,,AABC 结构的成语（四字）,高高在上,成语;AABC;小升初高频,小学成语培优全书·教辅常见,idiom-l3-1945,idiom:高高在上,recite,idiom:高高在上,高高在上,recite,all,
idiom,L3,,下面的写法对不对？,错,成语;AABC;小升初高频,小学成语培优全书·教辅常见,idiom-l3-1945:char_judge,idiom:高高在上,char_judge,idiom:高高在上,高高在上,char_judge,lower,"{""display"": ""高甲在上""}"
idiom,L3,,「高高在上」的意思是？,AABC 结构的成语,成语;AABC;小升初高频,小学成语培优全书·教辅常见,idiom-l3-1945:meaning_choice,idiom:高高在上,meaning_choice,idiom:高高在上,高高在上,meaning_choice,upper,"{""choices"": [""靠近山、靠近水"", ""AABC 结构的成语"", ""死得有意义、有价值"", ""自以为了不起的样子""]}"
idiom,L3,,AABC 结构的成语（四字）,默默无闻,成语;AABC;小升初高频,小学成语培优全书·教辅常见,idiom-l3-1946,idiom:默默无闻,recite,idiom:默默无闻,默默无闻,recite,all,
idiom,L3,,下面的写法对不对？,错,成语;AABC;小升初高频,小学成语培优全书·教辅常见,idiom-l3-1946:char_judge,idiom:默默无闻,char_judge,idiom:默默无闻,默默无闻,char_judge,lower,"{""display"": ""默默无甲""}"
idiom,L3,,「默默无闻」的意思是？,AABC 结构的成语,成语;AABC;小升初高频,小学成语培优全书·教辅常见,idiom-l3-1946:meaning_choice,idiom:默默无闻,meaning_choice,idiom:默默无闻,默默无闻,meaning_choice,upper,"{""choices"": [""跃跃欲试、准备动手"", ""AABC 结构的成语"", ""心里急得像火烧"", ""气势很大、规模很大""]}"
